snapshot_utc,term,locationId,city,state,zipCode,chain,storeNumber,productId,upc,gtin14,upc12,brand,description,size,regular_price,promo_price,effective_price
2026-02-17T11:20:42Z,paper towels,70100019,Auburn,WA,98002,FRED,00019,0003600049413,0003600049413,00003600049413,003600049413,Viva,Viva® Multi-Surface Cloth™ Paper Towels Single Rolls,6 rolls,12.49,10.99,10.99
2026-02-17T11:20:42Z,paper towels,70100019,Auburn,WA,98002,FRED,00019,0003077216009,0003077216009,00003077216009,003077216009,Bounty,Bounty Paper Towels Select-A-Size White 4 Triple Rolls,4 rolls,14.99,,14.99
2026-02-17T11:20:42Z,paper towels,70100019,Auburn,WA,98002,FRED,00019,0003077215712,0003077215712,00003077215712,003077215712,Bounty,Bounty Paper Towels Select-A-Size White 4 Double Rolls,4 rolls,11.29,,11.29
2026-02-17T11:20:42Z,paper towels,70100019,Auburn,WA,98002,FRED,00019,0003040022272,0003040022272,00003040022272,003040022272,Sparkle,Sparkle® Tear-A-Square® Customizable Sheet Size Paper Towels Double Rolls,2 rolls,3.79,,3.79
2026-02-17T11:20:42Z,paper towels,70100019,Auburn,WA,98002,FRED,00019,0005400075130,0005400075130,00005400075130,005400075130,Scott,Scott® Original Multipurpose Shop Towels - Blue,55ct,3.99,,3.99
2026-02-17T11:20:42Z,paper towels,70100019,Auburn,WA,98002,FRED,00019,0003077216021,0003077216021,00003077216021,003077216021,Bounty,Bounty Paper Towels Full Sheet White 6 Double Rolls,6 rolls,14.99,,14.99
2026-02-17T11:20:42Z,paper towels,70100019,Auburn,WA,98002,FRED,00019,0003077216020,0003077216020,00003077216020,003077216020,Bounty,Bounty Paper Towels Select-A-Size White 6 Triple Rolls,6 rolls,21.99,19.99,19.99
2026-02-17T11:20:42Z,paper towels,70100019,Auburn,WA,98002,FRED,00019,0003077216042,0003077216042,00003077216042,003077216042,Bounty,Bounty Paper Towels Select-A-Size White 2 Triple Rolls,2 rolls,7.99,,7.99
2026-02-17T11:20:42Z,paper towels,70100019,Auburn,WA,98002,FRED,00019,0003040022276,0003040022276,00003040022276,003040022276,Sparkle,Sparkle® Tear-A-Square® Paper Towel Double Rolls,6 rolls,9.29,7.49,7.49
2026-02-17T11:20:42Z,paper towels,70100019,Auburn,WA,98002,FRED,00019,0003077219274,0003077219274,00003077219274,003077219274,Bounty,Bounty Paper Towels Select-A-Size White 8 Double Plus Rolls,8 rolls,21.49,,21.49
2026-02-17T11:20:42Z,paper towels,70100019,Auburn,WA,98002,FRED,00019,0006366836203,0006366836203,00006366836203,006366836203,Green Forest,Green Forest 100% Recycled Size-Your-Own Paper Towels,3 pk,6.29,,6.29
2026-02-17T11:20:42Z,paper towels,70100019,Auburn,WA,98002,FRED,00019,0076427107702,0076427107702,00076427107702,076427107702,OGGI,OGGI Stainless Steel Paper Towel Holder,1 ct,17.99,,17.99
2026-02-17T11:20:42Z,paper towels,70100019,Auburn,WA,98002,FRED,00019,0076427177011,0076427177011,00076427177011,076427177011,Oggi,OGGI Wallmount Paper Towel Holder,1 ct,11.99,,11.99
2026-02-17T11:20:42Z,paper towels,70100019,Auburn,WA,98002,FRED,00019,0086001113900,0086001113900,00086001113900,086001113900,Reel,Reel® Premium Bamboo Paper Towel Triple Rolls,2 rolls,7.99,,7.99
2026-02-17T11:20:42Z,paper towels,70100019,Auburn,WA,98002,FRED,00019,0001111011984,0001111011984,00001111011984,001111011984,Kroger,Kroger® Rugged and Reliable Paper Towels Giant Rolls,10 rolls,13.49,,13.49
2026-02-17T11:20:42Z,paper towels,70100019,Auburn,WA,98002,FRED,00019,0073291313737,0073291313737,00073291313737,073291313737,Seventh Generation,Seventh Generation Unbleached Chlorine Free Paper Towel Rolls,6 rolls,21.99,,21.99
2026-02-17T11:20:42Z,paper towels,70100019,Auburn,WA,98002,FRED,00019,0019655708688,0019655708688,00019655708688,019655708688,Core,Core Kitchen Paper Towel Holder,1 ct,8.99,,8.99
2026-02-17T11:20:42Z,paper towels,70100019,Auburn,WA,98002,FRED,00019,0003600056532,0003600056532,00003600056532,003600056532,Viva,Viva® Signature Cloth™ Paper Towels Double Rolls,6 rolls,14.29,,14.29
2026-02-17T11:20:42Z,paper towels,70100019,Auburn,WA,98002,FRED,00019,0003600038587,0003600038587,00003600038587,003600038587,Kleenex,"Kleenex® Disposable Paper Hand Towels, 1 Box, 60 Towels per Box",60 count,4.29,,4.29
2026-02-17T11:20:42Z,paper towels,70100019,Auburn,WA,98002,FRED,00019,0004200044576,0004200044576,00004200044576,004200044576,Brawny,Brawny® Tear-A-Square® 3-Ply Paper Towel Triple Rolls,2 rolls,7.49,,7.49
2026-02-17T11:20:42Z,paper towels,70100019,Auburn,WA,98002,FRED,00019,0003600056535,0003600056535,00003600056535,003600056535,Viva,Viva Signature Cloth Paper Towels Double Rolls,12 rolls,23.49,,23.49
2026-02-17T11:20:42Z,paper towels,70100019,Auburn,WA,98002,FRED,00019,0003600052499,0003600052499,00003600052499,003600052499,Viva,Viva Multi-Surface Cloth Paper Towels Double Rolls,8 rolls,16.99,14.49,14.49
2026-02-17T11:20:42Z,paper towels,70100019,Auburn,WA,98002,FRED,00019,0004200044658,0004200044658,00004200044658,004200044658,Brawny,Brawny® Full Sheet 3-Ply Paper Towel Double Rolls,6 rolls,13.29,11.99,11.99
2026-02-17T11:20:42Z,paper towels,70100019,Auburn,WA,98002,FRED,00019,0004200044579,0004200044579,00004200044579,004200044579,Brawny,Brawny® Tear-A-Square® 3-Ply Paper Towel Double Rolls,4 rolls,10.29,7.49,7.49
2026-02-17T11:20:42Z,paper towels,70100019,Auburn,WA,98002,FRED,00019,0001111016086,0001111016086,00001111016086,001111016086,Kroger,Kroger® Rugged + Reliable Paper Towels Double Rolls,4 rolls,7.29,,7.29
2026-02-17T11:20:42Z,paper towels,70100019,Auburn,WA,98002,FRED,00019,0001111016087,0001111016087,00001111016087,001111016087,Kroger,Kroger® Rugged + Reliable Paper Towels Giant Rolls,10 rolls,13.79,,13.79
2026-02-17T11:20:42Z,paper towels,70100019,Auburn,WA,98002,FRED,00019,0001111014184,0001111014184,00001111014184,001111014184,Kroger,Kroger® Ultra Paper Towels With Absorbing Power Triple Rolls,2 rolls,6.29,,6.29
2026-02-17T11:20:42Z,paper towels,70100019,Auburn,WA,98002,FRED,00019,0001111016088,0001111016088,00001111016088,001111016088,Kroger,Kroger® Rugged + Reliable Paper Towels Double Plus Rolls BIG DEAL!,12 ct,19.99,,19.99
2026-02-17T11:20:42Z,paper towels,70100019,Auburn,WA,98002,FRED,00019,0001111014185,0001111014185,00001111014185,001111014185,Kroger,Kroger® Ultra Paper Towels With Absorbing Power Double Rolls,4 rolls,8.49,,8.49
2026-02-17T11:20:42Z,paper towels,70100019,Auburn,WA,98002,FRED,00019,0001111014186,0001111014186,00001111014186,001111014186,Kroger,Kroger® Ultra Paper Towels With Absorbing Power Double Rolls,6 rolls,11.29,,11.29
2026-02-17T11:20:42Z,paper towels,70100019,Auburn,WA,98002,FRED,00019,0003077216014,0003077216014,00003077216014,003077216014,Bounty,"Bounty Paper Towels Select-A-Size White, 8 Triple Rolls, 123 Sheets Per Roll",8 rolls,26.99,23.99,23.99
2026-02-17T11:20:42Z,paper towels,70100019,Auburn,WA,98002,FRED,00019,0001111014187,0001111014187,00001111014187,001111014187,Kroger,Kroger® Ultra Absorbing Power Paper Towels Triple Rolls,8 ct,19.29,,19.29
2026-02-17T11:20:42Z,paper towels,70100019,Auburn,WA,98002,FRED,00019,0003077215664,0003077215664,00003077215664,003077215664,Bounty,Bounty Paper Towels Select-A-Size White 12 Double Plus Rolls,12 rolls,30.99,29.99,29.99
2026-02-17T11:20:42Z,paper towels,70100019,Auburn,WA,98002,FRED,00019,0071981207833,0071981207833,00071981207833,071981207833,Softworks,Softworks Simply Tear Paper Towel Holder,1 ct,29.99,,29.99
2026-02-17T11:20:42Z,paper towels,70100019,Auburn,WA,98002,FRED,00019,0003040022241,0003040022241,00003040022241,003040022241,Sparkle,Sparkle® Pick-A-Size® Paper Towel Double Rolls,8 rolls,11.99,,11.99
2026-02-17T11:20:42Z,paper towels,70100019,Auburn,WA,98002,FRED,00019,0003077216071,0003077216071,00003077216071,003077216071,Bounty,Bounty Paper Towels Select-A-Size White 6 Mega Rolls,6 rolls,26.99,23.99,23.99
2026-02-17T11:20:42Z,paper towels,70100019,Auburn,WA,98002,FRED,00019,0001111010621,0001111010621,00001111010621,001111010621,Kroger,Kroger® Glimmer Select-A-Sheet Paper Towels Double Rolls,2 rolls,2.99,,2.99
2026-02-17T11:20:42Z,paper towels,70100019,Auburn,WA,98002,FRED,00019,0003600055195,0003600055195,00003600055195,003600055195,Scott,Scott® On-The-Go™ Pop-Up!® Cloths,70 ct,5.99,,5.99
2026-02-17T11:20:42Z,paper towels,70100019,Auburn,WA,98002,FRED,00019,0088877707647,0088877707647,00088877707647,088877707647,SDS for HD Designs,SDS for HD Designs Acacia & Brass Paper Towel Holder,14 in,16.99,11.89,11.89
2026-02-17T11:20:42Z,paper towels,70100019,Auburn,WA,98002,FRED,00019,0001111012026,0001111012026,00001111012026,001111012026,Kroger,Kroger® Rugged + Reliable Paper Towels Double Plus Rolls BIG DEAL!,12 rolls,19.99,,19.99
2026-02-17T11:20:42Z,paper towels,70100019,Auburn,WA,98002,FRED,00019,0073291313722,0073291313722,00073291313722,073291313722,Seventh Generation,Seventh Generation 100% Recycled Paper Jumbo Paper Towels,1 roll / 156 ct,4.79,,4.79
2026-02-17T11:20:42Z,paper towels,70100019,Auburn,WA,98002,FRED,00019,0004200044588,0004200044588,00004200044588,004200044588,Brawny,Brawny® Tear-A-Square® 3-Ply Paper Towel Double Rolls,6 rolls,13.29,11.99,11.99
2026-02-17T11:20:42Z,paper towels,70100019,Auburn,WA,98002,FRED,00019,0003077215703,0003077215703,00003077215703,003077215703,Bounty,Bounty Paper Towels Select-A-Size White 6 Double Rolls,6 rolls,14.99,,14.99
2026-02-17T11:20:42Z,paper towels,70100019,Auburn,WA,98002,FRED,00019,0071981261343,0071981261343,00071981261343,071981261343,Softworks,Softworks Steady Paper Towel Holder,1 ct,25.99,,25.99
2026-02-17T11:20:42Z,paper towels,70100019,Auburn,WA,98002,FRED,00019,0004200044600,0004200044600,00004200044600,004200044600,Brawny,Brawny® Tear-A-Square® 3-Ply Paper Towel Double Rolls,8 rolls,16.79,16.29,16.29
2026-02-17T11:20:42Z,paper towels,70100614,Battle Ground,WA,98604,FRED,00614,0003077216009,0003077216009,00003077216009,003077216009,Bounty,Bounty Paper Towels Select-A-Size White 4 Triple Rolls,4 rolls,14.99,,14.99
2026-02-17T11:20:42Z,paper towels,70100614,Battle Ground,WA,98604,FRED,00614,0003077215712,0003077215712,00003077215712,003077215712,Bounty,Bounty Paper Towels Select-A-Size White 4 Double Rolls,4 rolls,10.99,,10.99
2026-02-17T11:20:42Z,paper towels,70100614,Battle Ground,WA,98604,FRED,00614,0003600049413,0003600049413,00003600049413,003600049413,Viva,Viva® Multi-Surface Cloth™ Paper Towels Single Rolls,6 rolls,12.29,10.79,10.79
2026-02-17T11:20:42Z,paper towels,70100614,Battle Ground,WA,98604,FRED,00614,0003040022272,0003040022272,00003040022272,003040022272,Sparkle,Sparkle® Tear-A-Square® Customizable Sheet Size Paper Towels Double Rolls,2 rolls,3.69,,3.69
2026-02-17T11:20:42Z,paper towels,70100614,Battle Ground,WA,98604,FRED,00614,0005400075130,0005400075130,00005400075130,005400075130,Scott,Scott® Original Multipurpose Shop Towels - Blue,55ct,3.99,,3.99
2026-02-17T11:20:42Z,paper towels,70100614,Battle Ground,WA,98604,FRED,00614,0003077216021,0003077216021,00003077216021,003077216021,Bounty,Bounty Paper Towels Full Sheet White 6 Double Rolls,6 rolls,14.99,,14.99
2026-02-17T11:20:42Z,paper towels,70100614,Battle Ground,WA,98604,FRED,00614,0003077216042,0003077216042,00003077216042,003077216042,Bounty,Bounty Paper Towels Select-A-Size White 2 Triple Rolls,2 rolls,7.99,,7.99
2026-02-17T11:20:42Z,paper towels,70100614,Battle Ground,WA,98604,FRED,00614,0003077216020,0003077216020,00003077216020,003077216020,Bounty,Bounty Paper Towels Select-A-Size White 6 Triple Rolls,6 rolls,21.49,19.49,19.49
2026-02-17T11:20:42Z,paper towels,70100614,Battle Ground,WA,98604,FRED,00614,0003040022276,0003040022276,00003040022276,003040022276,Sparkle,Sparkle® Tear-A-Square® Paper Towel Double Rolls,6 rolls,8.99,7.49,7.49
2026-02-17T11:20:42Z,paper towels,70100614,Battle Ground,WA,98604,FRED,00614,0003077219274,0003077219274,00003077219274,003077219274,Bounty,Bounty Paper Towels Select-A-Size White 8 Double Plus Rolls,8 rolls,20.99,,20.99
2026-02-17T11:20:42Z,paper towels,70100614,Battle Ground,WA,98604,FRED,00614,0006366836203,0006366836203,00006366836203,006366836203,Green Forest,Green Forest 100% Recycled Size-Your-Own Paper Towels,3 pk,,,
2026-02-17T11:20:42Z,paper towels,70100614,Battle Ground,WA,98604,FRED,00614,0076427177011,0076427177011,00076427177011,076427177011,Oggi,OGGI Wallmount Paper Towel Holder,1 ct,11.99,,11.99
2026-02-17T11:20:42Z,paper towels,70100614,Battle Ground,WA,98604,FRED,00614,0076427107702,0076427107702,00076427107702,076427107702,OGGI,OGGI Stainless Steel Paper Towel Holder,1 ct,17.99,,17.99
2026-02-17T11:20:42Z,paper towels,70100614,Battle Ground,WA,98604,FRED,00614,0086001113901,0086001113901,00086001113901,086001113901,Reel,Reel® Premium Bamboo Paper Towels,6 ct,19.29,,19.29
2026-02-17T11:20:42Z,paper towels,70100614,Battle Ground,WA,98604,FRED,00614,0086001113900,0086001113900,00086001113900,086001113900,Reel,Reel® Premium Bamboo Paper Towel Triple Rolls,2 rolls,7.99,,7.99
2026-02-17T11:20:42Z,paper towels,70100614,Battle Ground,WA,98604,FRED,00614,0001111011984,0001111011984,00001111011984,001111011984,Kroger,Kroger® Rugged and Reliable Paper Towels Giant Rolls,10 rolls,13.49,,13.49
2026-02-17T11:20:42Z,paper towels,70100614,Battle Ground,WA,98604,FRED,00614,0073291313737,0073291313737,00073291313737,073291313737,Seventh Generation,Seventh Generation Unbleached Chlorine Free Paper Towel Rolls,6 rolls,21.99,,21.99
2026-02-17T11:20:42Z,paper towels,70100614,Battle Ground,WA,98604,FRED,00614,0019655708688,0019655708688,00019655708688,019655708688,Core,Core Kitchen Paper Towel Holder,1 ct,8.99,,8.99
2026-02-17T11:20:42Z,paper towels,70100614,Battle Ground,WA,98604,FRED,00614,0003600056532,0003600056532,00003600056532,003600056532,Viva,Viva® Signature Cloth™ Paper Towels Double Rolls,6 rolls,14.29,,14.29
2026-02-17T11:20:42Z,paper towels,70100614,Battle Ground,WA,98604,FRED,00614,0003600038587,0003600038587,00003600038587,003600038587,Kleenex,"Kleenex® Disposable Paper Hand Towels, 1 Box, 60 Towels per Box",60 count,4.19,,4.19
2026-02-17T11:20:42Z,paper towels,70100614,Battle Ground,WA,98604,FRED,00614,0004200044576,0004200044576,00004200044576,004200044576,Brawny,Brawny® Tear-A-Square® 3-Ply Paper Towel Triple Rolls,2 rolls,7.49,,7.49
2026-02-17T11:20:42Z,paper towels,70100614,Battle Ground,WA,98604,FRED,00614,0003600056535,0003600056535,00003600056535,003600056535,Viva,Viva Signature Cloth Paper Towels Double Rolls,12 rolls,23.49,,23.49
2026-02-17T11:20:42Z,paper towels,70100614,Battle Ground,WA,98604,FRED,00614,0003600052499,0003600052499,00003600052499,003600052499,Viva,Viva Multi-Surface Cloth Paper Towels Double Rolls,8 rolls,16.79,14.49,14.49
2026-02-17T11:20:42Z,paper towels,70100614,Battle Ground,WA,98604,FRED,00614,0004200044658,0004200044658,00004200044658,004200044658,Brawny,Brawny® Full Sheet 3-Ply Paper Towel Double Rolls,6 rolls,12.99,11.99,11.99
2026-02-17T11:20:42Z,paper towels,70100614,Battle Ground,WA,98604,FRED,00614,0004200044579,0004200044579,00004200044579,004200044579,Brawny,Brawny® Tear-A-Square® 3-Ply Paper Towel Double Rolls,4 rolls,9.99,7.49,7.49
2026-02-17T11:20:42Z,paper towels,70100614,Battle Ground,WA,98604,FRED,00614,0001111016086,0001111016086,00001111016086,001111016086,Kroger,Kroger® Rugged + Reliable Paper Towels Double Rolls,4 rolls,7.29,,7.29
2026-02-17T11:20:42Z,paper towels,70100614,Battle Ground,WA,98604,FRED,00614,0001111014184,0001111014184,00001111014184,001111014184,Kroger,Kroger® Ultra Paper Towels With Absorbing Power Triple Rolls,2 rolls,6.29,,6.29
2026-02-17T11:20:42Z,paper towels,70100614,Battle Ground,WA,98604,FRED,00614,0001111016087,0001111016087,00001111016087,001111016087,Kroger,Kroger® Rugged + Reliable Paper Towels Giant Rolls,10 rolls,13.49,,13.49
2026-02-17T11:20:42Z,paper towels,70100614,Battle Ground,WA,98604,FRED,00614,0001111014185,0001111014185,00001111014185,001111014185,Kroger,Kroger® Ultra Paper Towels With Absorbing Power Double Rolls,4 rolls,8.29,,8.29
2026-02-17T11:20:42Z,paper towels,70100614,Battle Ground,WA,98604,FRED,00614,0001111016088,0001111016088,00001111016088,001111016088,Kroger,Kroger® Rugged + Reliable Paper Towels Double Plus Rolls BIG DEAL!,12 ct,19.99,,19.99
2026-02-17T11:20:42Z,paper towels,70100614,Battle Ground,WA,98604,FRED,00614,0001111014186,0001111014186,00001111014186,001111014186,Kroger,Kroger® Ultra Paper Towels With Absorbing Power Double Rolls,6 rolls,10.99,,10.99
2026-02-17T11:20:42Z,paper towels,70100614,Battle Ground,WA,98604,FRED,00614,0003077216014,0003077216014,00003077216014,003077216014,Bounty,"Bounty Paper Towels Select-A-Size White, 8 Triple Rolls, 123 Sheets Per Roll",8 rolls,26.99,23.99,23.99
2026-02-17T11:20:42Z,paper towels,70100614,Battle Ground,WA,98604,FRED,00614,0001111014187,0001111014187,00001111014187,001111014187,Kroger,Kroger® Ultra Absorbing Power Paper Towels Triple Rolls,8 ct,18.99,,18.99
2026-02-17T11:20:42Z,paper towels,70100614,Battle Ground,WA,98604,FRED,00614,0003077215664,0003077215664,00003077215664,003077215664,Bounty,Bounty Paper Towels Select-A-Size White 12 Double Plus Rolls,12 rolls,29.99,,29.99
2026-02-17T11:20:42Z,paper towels,70100614,Battle Ground,WA,98604,FRED,00614,0071981207833,0071981207833,00071981207833,071981207833,Softworks,Softworks Simply Tear Paper Towel Holder,1 ct,29.99,,29.99
2026-02-17T11:20:42Z,paper towels,70100614,Battle Ground,WA,98604,FRED,00614,0003040022241,0003040022241,00003040022241,003040022241,Sparkle,Sparkle® Pick-A-Size® Paper Towel Double Rolls,8 rolls,11.79,,11.79
2026-02-17T11:20:42Z,paper towels,70100614,Battle Ground,WA,98604,FRED,00614,0003077216071,0003077216071,00003077216071,003077216071,Bounty,Bounty Paper Towels Select-A-Size White 6 Mega Rolls,6 rolls,26.99,23.99,23.99
2026-02-17T11:20:42Z,paper towels,70100614,Battle Ground,WA,98604,FRED,00614,0001111010621,0001111010621,00001111010621,001111010621,Kroger,Kroger® Glimmer Select-A-Sheet Paper Towels Double Rolls,2 rolls,2.99,,2.99
2026-02-17T11:20:42Z,paper towels,70100614,Battle Ground,WA,98604,FRED,00614,0003600055195,0003600055195,00003600055195,003600055195,Scott,Scott® On-The-Go™ Pop-Up!® Cloths,70 ct,5.99,,5.99
2026-02-17T11:20:42Z,paper towels,70100614,Battle Ground,WA,98604,FRED,00614,0088877707647,0088877707647,00088877707647,088877707647,SDS for HD Designs,SDS for HD Designs Acacia & Brass Paper Towel Holder,14 in,16.99,11.89,11.89
2026-02-17T11:20:42Z,paper towels,70100614,Battle Ground,WA,98604,FRED,00614,0001111012026,0001111012026,00001111012026,001111012026,Kroger,Kroger® Rugged + Reliable Paper Towels Double Plus Rolls BIG DEAL!,12 rolls,19.99,,19.99
2026-02-17T11:20:42Z,paper towels,70100614,Battle Ground,WA,98604,FRED,00614,0073291313722,0073291313722,00073291313722,073291313722,Seventh Generation,Seventh Generation 100% Recycled Paper Jumbo Paper Towels,1 roll / 156 ct,4.79,,4.79
2026-02-17T11:20:42Z,paper towels,70100614,Battle Ground,WA,98604,FRED,00614,0004200044588,0004200044588,00004200044588,004200044588,Brawny,Brawny® Tear-A-Square® 3-Ply Paper Towel Double Rolls,6 rolls,12.99,11.99,11.99
2026-02-17T11:20:42Z,paper towels,70100614,Battle Ground,WA,98604,FRED,00614,0003077215703,0003077215703,00003077215703,003077215703,Bounty,Bounty Paper Towels Select-A-Size White 6 Double Rolls,6 rolls,14.99,,14.99
2026-02-17T11:20:42Z,paper towels,70100614,Battle Ground,WA,98604,FRED,00614,0071981261343,0071981261343,00071981261343,071981261343,Softworks,Softworks Steady Paper Towel Holder,1 ct,25.99,,25.99
2026-02-17T11:20:42Z,paper towels,70100614,Battle Ground,WA,98604,FRED,00614,0004200044600,0004200044600,00004200044600,004200044600,Brawny,Brawny® Tear-A-Square® 3-Ply Paper Towel Double Rolls,8 rolls,16.49,15.99,15.99
2026-02-17T11:20:42Z,paper towels,70100023,Bellevue,WA,98007,FRED,00023,0003077215712,0003077215712,00003077215712,003077215712,Bounty,Bounty Paper Towels Select-A-Size White 4 Double Rolls,4 rolls,11.29,,11.29
2026-02-17T11:20:42Z,paper towels,70100023,Bellevue,WA,98007,FRED,00023,0003600049413,0003600049413,00003600049413,003600049413,Viva,Viva® Multi-Surface Cloth™ Paper Towels Single Rolls,6 rolls,12.49,10.99,10.99
2026-02-17T11:20:42Z,paper towels,70100023,Bellevue,WA,98007,FRED,00023,0003077216009,0003077216009,00003077216009,003077216009,Bounty,Bounty Paper Towels Select-A-Size White 4 Triple Rolls,4 rolls,14.99,,14.99
2026-02-17T11:20:42Z,paper towels,70100023,Bellevue,WA,98007,FRED,00023,0003040022272,0003040022272,00003040022272,003040022272,Sparkle,Sparkle® Tear-A-Square® Customizable Sheet Size Paper Towels Double Rolls,2 rolls,3.79,,3.79
2026-02-17T11:20:42Z,paper towels,70100023,Bellevue,WA,98007,FRED,00023,0005400075130,0005400075130,00005400075130,005400075130,Scott,Scott® Original Multipurpose Shop Towels - Blue,55ct,3.99,,3.99
2026-02-17T11:20:42Z,paper towels,70100023,Bellevue,WA,98007,FRED,00023,0003077216021,0003077216021,00003077216021,003077216021,Bounty,Bounty Paper Towels Full Sheet White 6 Double Rolls,6 rolls,14.99,,14.99
2026-02-17T11:20:42Z,paper towels,70100023,Bellevue,WA,98007,FRED,00023,0003077216020,0003077216020,00003077216020,003077216020,Bounty,Bounty Paper Towels Select-A-Size White 6 Triple Rolls,6 rolls,21.99,19.99,19.99
2026-02-17T11:20:42Z,paper towels,70100023,Bellevue,WA,98007,FRED,00023,0003077216042,0003077216042,00003077216042,003077216042,Bounty,Bounty Paper Towels Select-A-Size White 2 Triple Rolls,2 rolls,7.99,,7.99
2026-02-17T11:20:42Z,paper towels,70100023,Bellevue,WA,98007,FRED,00023,0003040022276,0003040022276,00003040022276,003040022276,Sparkle,Sparkle® Tear-A-Square® Paper Towel Double Rolls,6 rolls,9.29,7.49,7.49
2026-02-17T11:20:42Z,paper towels,70100023,Bellevue,WA,98007,FRED,00023,0003077219274,0003077219274,00003077219274,003077219274,Bounty,Bounty Paper Towels Select-A-Size White 8 Double Plus Rolls,8 rolls,21.49,,21.49
2026-02-17T11:20:42Z,paper towels,70100023,Bellevue,WA,98007,FRED,00023,0006366836203,0006366836203,00006366836203,006366836203,Green Forest,Green Forest 100% Recycled Size-Your-Own Paper Towels,3 pk,6.29,,6.29
2026-02-17T11:20:42Z,paper towels,70100023,Bellevue,WA,98007,FRED,00023,0076427107702,0076427107702,00076427107702,076427107702,OGGI,OGGI Stainless Steel Paper Towel Holder,1 ct,17.99,,17.99
2026-02-17T11:20:42Z,paper towels,70100023,Bellevue,WA,98007,FRED,00023,0076427177011,0076427177011,00076427177011,076427177011,Oggi,OGGI Wallmount Paper Towel Holder,1 ct,11.99,,11.99
2026-02-17T11:20:42Z,paper towels,70100023,Bellevue,WA,98007,FRED,00023,0086001113901,0086001113901,00086001113901,086001113901,Reel,Reel® Premium Bamboo Paper Towels,6 ct,19.49,,19.49
2026-02-17T11:20:42Z,paper towels,70100023,Bellevue,WA,98007,FRED,00023,0086001113900,0086001113900,00086001113900,086001113900,Reel,Reel® Premium Bamboo Paper Towel Triple Rolls,2 rolls,7.99,,7.99
2026-02-17T11:20:42Z,paper towels,70100023,Bellevue,WA,98007,FRED,00023,0001111011984,0001111011984,00001111011984,001111011984,Kroger,Kroger® Rugged and Reliable Paper Towels Giant Rolls,10 rolls,13.49,,13.49
2026-02-17T11:20:42Z,paper towels,70100023,Bellevue,WA,98007,FRED,00023,0073291313737,0073291313737,00073291313737,073291313737,Seventh Generation,Seventh Generation Unbleached Chlorine Free Paper Towel Rolls,6 rolls,21.99,,21.99
2026-02-17T11:20:42Z,paper towels,70100023,Bellevue,WA,98007,FRED,00023,0019655708688,0019655708688,00019655708688,019655708688,Core,Core Kitchen Paper Towel Holder,1 ct,8.99,,8.99
2026-02-17T11:20:42Z,paper towels,70100023,Bellevue,WA,98007,FRED,00023,0003600038587,0003600038587,00003600038587,003600038587,Kleenex,"Kleenex® Disposable Paper Hand Towels, 1 Box, 60 Towels per Box",60 count,4.29,,4.29
2026-02-17T11:20:42Z,paper towels,70100023,Bellevue,WA,98007,FRED,00023,0003600056532,0003600056532,00003600056532,003600056532,Viva,Viva® Signature Cloth™ Paper Towels Double Rolls,6 rolls,14.29,,14.29
2026-02-17T11:20:42Z,paper towels,70100023,Bellevue,WA,98007,FRED,00023,0004200044576,0004200044576,00004200044576,004200044576,Brawny,Brawny® Tear-A-Square® 3-Ply Paper Towel Triple Rolls,2 rolls,7.49,,7.49
2026-02-17T11:20:42Z,paper towels,70100023,Bellevue,WA,98007,FRED,00023,0003600056535,0003600056535,00003600056535,003600056535,Viva,Viva Signature Cloth Paper Towels Double Rolls,12 rolls,23.49,,23.49
2026-02-17T11:20:42Z,paper towels,70100023,Bellevue,WA,98007,FRED,00023,0003600052499,0003600052499,00003600052499,003600052499,Viva,Viva Multi-Surface Cloth Paper Towels Double Rolls,8 rolls,16.99,14.49,14.49
2026-02-17T11:20:42Z,paper towels,70100023,Bellevue,WA,98007,FRED,00023,0004200044658,0004200044658,00004200044658,004200044658,Brawny,Brawny® Full Sheet 3-Ply Paper Towel Double Rolls,6 rolls,13.29,11.99,11.99
2026-02-17T11:20:42Z,paper towels,70100023,Bellevue,WA,98007,FRED,00023,0004200044579,0004200044579,00004200044579,004200044579,Brawny,Brawny® Tear-A-Square® 3-Ply Paper Towel Double Rolls,4 rolls,10.29,7.49,7.49
2026-02-17T11:20:42Z,paper towels,70100023,Bellevue,WA,98007,FRED,00023,0001111016086,0001111016086,00001111016086,001111016086,Kroger,Kroger® Rugged + Reliable Paper Towels Double Rolls,4 rolls,7.29,,7.29
2026-02-17T11:20:42Z,paper towels,70100023,Bellevue,WA,98007,FRED,00023,0001111014184,0001111014184,00001111014184,001111014184,Kroger,Kroger® Ultra Paper Towels With Absorbing Power Triple Rolls,2 rolls,6.29,,6.29
2026-02-17T11:20:42Z,paper towels,70100023,Bellevue,WA,98007,FRED,00023,0001111016087,0001111016087,00001111016087,001111016087,Kroger,Kroger® Rugged + Reliable Paper Towels Giant Rolls,10 rolls,13.79,,13.79
2026-02-17T11:20:42Z,paper towels,70100023,Bellevue,WA,98007,FRED,00023,0001111016088,0001111016088,00001111016088,001111016088,Kroger,Kroger® Rugged + Reliable Paper Towels Double Plus Rolls BIG DEAL!,12 ct,19.99,,19.99
2026-02-17T11:20:42Z,paper towels,70100023,Bellevue,WA,98007,FRED,00023,0001111014185,0001111014185,00001111014185,001111014185,Kroger,Kroger® Ultra Paper Towels With Absorbing Power Double Rolls,4 rolls,8.49,,8.49
2026-02-17T11:20:42Z,paper towels,70100023,Bellevue,WA,98007,FRED,00023,0003077216014,0003077216014,00003077216014,003077216014,Bounty,"Bounty Paper Towels Select-A-Size White, 8 Triple Rolls, 123 Sheets Per Roll",8 rolls,26.99,23.99,23.99
2026-02-17T11:20:42Z,paper towels,70100023,Bellevue,WA,98007,FRED,00023,0001111014186,0001111014186,00001111014186,001111014186,Kroger,Kroger® Ultra Paper Towels With Absorbing Power Double Rolls,6 rolls,11.29,,11.29
2026-02-17T11:20:42Z,paper towels,70100023,Bellevue,WA,98007,FRED,00023,0001111014187,0001111014187,00001111014187,001111014187,Kroger,Kroger® Ultra Absorbing Power Paper Towels Triple Rolls,8 ct,19.29,,19.29
2026-02-17T11:20:42Z,paper towels,70100023,Bellevue,WA,98007,FRED,00023,0003077215664,0003077215664,00003077215664,003077215664,Bounty,Bounty Paper Towels Select-A-Size White 12 Double Plus Rolls,12 rolls,30.99,29.99,29.99
2026-02-17T11:20:42Z,paper towels,70100023,Bellevue,WA,98007,FRED,00023,0071981207833,0071981207833,00071981207833,071981207833,Softworks,Softworks Simply Tear Paper Towel Holder,1 ct,29.99,,29.99
2026-02-17T11:20:42Z,paper towels,70100023,Bellevue,WA,98007,FRED,00023,0003040022241,0003040022241,00003040022241,003040022241,Sparkle,Sparkle® Pick-A-Size® Paper Towel Double Rolls,8 rolls,11.99,,11.99
2026-02-17T11:20:42Z,paper towels,70100023,Bellevue,WA,98007,FRED,00023,0003077216071,0003077216071,00003077216071,003077216071,Bounty,Bounty Paper Towels Select-A-Size White 6 Mega Rolls,6 rolls,26.99,23.99,23.99
2026-02-17T11:20:42Z,paper towels,70100023,Bellevue,WA,98007,FRED,00023,0001111010621,0001111010621,00001111010621,001111010621,Kroger,Kroger® Glimmer Select-A-Sheet Paper Towels Double Rolls,2 rolls,2.99,,2.99
2026-02-17T11:20:42Z,paper towels,70100023,Bellevue,WA,98007,FRED,00023,0003600055195,0003600055195,00003600055195,003600055195,Scott,Scott® On-The-Go™ Pop-Up!® Cloths,70 ct,5.99,,5.99
2026-02-17T11:20:42Z,paper towels,70100023,Bellevue,WA,98007,FRED,00023,0088877707647,0088877707647,00088877707647,088877707647,SDS for HD Designs,SDS for HD Designs Acacia & Brass Paper Towel Holder,14 in,16.99,11.89,11.89
2026-02-17T11:20:42Z,paper towels,70100023,Bellevue,WA,98007,FRED,00023,0001111012026,0001111012026,00001111012026,001111012026,Kroger,Kroger® Rugged + Reliable Paper Towels Double Plus Rolls BIG DEAL!,12 rolls,19.99,,19.99
2026-02-17T11:20:42Z,paper towels,70100023,Bellevue,WA,98007,FRED,00023,0001111013577,0001111013577,00001111013577,001111013577,Kroger,Kroger® Rugged + Reliable Paper Towels Double Rolls,4 rolls,7.29,,7.29
2026-02-17T11:20:42Z,paper towels,70100023,Bellevue,WA,98007,FRED,00023,0073291313722,0073291313722,00073291313722,073291313722,Seventh Generation,Seventh Generation 100% Recycled Paper Jumbo Paper Towels,1 roll / 156 ct,4.79,,4.79
2026-02-17T11:20:42Z,paper towels,70100023,Bellevue,WA,98007,FRED,00023,0004200044588,0004200044588,00004200044588,004200044588,Brawny,Brawny® Tear-A-Square® 3-Ply Paper Towel Double Rolls,6 rolls,13.29,11.99,11.99
2026-02-17T11:20:42Z,paper towels,70100023,Bellevue,WA,98007,FRED,00023,0003077215703,0003077215703,00003077215703,003077215703,Bounty,Bounty Paper Towels Select-A-Size White 6 Double Rolls,6 rolls,14.99,,14.99
2026-02-17T11:20:42Z,paper towels,70100023,Bellevue,WA,98007,FRED,00023,0001111014646,0001111014646,00001111014646,001111014646,Simple Truth,Simple Truth® Hypoallergenic Strong and Absorbent 100% Recycled Paper Towels Big Rolls,6 rolls,,,
2026-02-17T11:20:42Z,paper towels,70100023,Bellevue,WA,98007,FRED,00023,0071981261343,0071981261343,00071981261343,071981261343,Softworks,Softworks Steady Paper Towel Holder,1 ct,25.99,,25.99
2026-02-17T11:20:42Z,paper towels,70100023,Bellevue,WA,98007,FRED,00023,0004200044600,0004200044600,00004200044600,004200044600,Brawny,Brawny® Tear-A-Square® 3-Ply Paper Towel Double Rolls,8 rolls,16.79,16.29,16.29
2026-02-17T11:20:42Z,paper towels,70100025,Bellingham,WA,98229,FRED,00025,0003600049413,0003600049413,00003600049413,003600049413,Viva,Viva® Multi-Surface Cloth™ Paper Towels Single Rolls,6 rolls,12.49,10.99,10.99
2026-02-17T11:20:42Z,paper towels,70100025,Bellingham,WA,98229,FRED,00025,0003077215712,0003077215712,00003077215712,003077215712,Bounty,Bounty Paper Towels Select-A-Size White 4 Double Rolls,4 rolls,11.29,,11.29
2026-02-17T11:20:42Z,paper towels,70100025,Bellingham,WA,98229,FRED,00025,0003077216009,0003077216009,00003077216009,003077216009,Bounty,Bounty Paper Towels Select-A-Size White 4 Triple Rolls,4 rolls,14.99,,14.99
2026-02-17T11:20:42Z,paper towels,70100025,Bellingham,WA,98229,FRED,00025,0003040022272,0003040022272,00003040022272,003040022272,Sparkle,Sparkle® Tear-A-Square® Customizable Sheet Size Paper Towels Double Rolls,2 rolls,3.79,,3.79
2026-02-17T11:20:42Z,paper towels,70100025,Bellingham,WA,98229,FRED,00025,0005400075130,0005400075130,00005400075130,005400075130,Scott,Scott® Original Multipurpose Shop Towels - Blue,55ct,3.99,,3.99
2026-02-17T11:20:42Z,paper towels,70100025,Bellingham,WA,98229,FRED,00025,0003077216021,0003077216021,00003077216021,003077216021,Bounty,Bounty Paper Towels Full Sheet White 6 Double Rolls,6 rolls,14.99,,14.99
2026-02-17T11:20:42Z,paper towels,70100025,Bellingham,WA,98229,FRED,00025,0003077216020,0003077216020,00003077216020,003077216020,Bounty,Bounty Paper Towels Select-A-Size White 6 Triple Rolls,6 rolls,21.99,19.99,19.99
2026-02-17T11:20:42Z,paper towels,70100025,Bellingham,WA,98229,FRED,00025,0003077216042,0003077216042,00003077216042,003077216042,Bounty,Bounty Paper Towels Select-A-Size White 2 Triple Rolls,2 rolls,7.99,,7.99
2026-02-17T11:20:42Z,paper towels,70100025,Bellingham,WA,98229,FRED,00025,0003040022276,0003040022276,00003040022276,003040022276,Sparkle,Sparkle® Tear-A-Square® Paper Towel Double Rolls,6 rolls,9.29,7.49,7.49
2026-02-17T11:20:42Z,paper towels,70100025,Bellingham,WA,98229,FRED,00025,0003077219274,0003077219274,00003077219274,003077219274,Bounty,Bounty Paper Towels Select-A-Size White 8 Double Plus Rolls,8 rolls,21.49,,21.49
2026-02-17T11:20:42Z,paper towels,70100025,Bellingham,WA,98229,FRED,00025,0006366836203,0006366836203,00006366836203,006366836203,Green Forest,Green Forest 100% Recycled Size-Your-Own Paper Towels,3 pk,6.29,,6.29
2026-02-17T11:20:42Z,paper towels,70100025,Bellingham,WA,98229,FRED,00025,0076427107702,0076427107702,00076427107702,076427107702,OGGI,OGGI Stainless Steel Paper Towel Holder,1 ct,17.99,,17.99
2026-02-17T11:20:42Z,paper towels,70100025,Bellingham,WA,98229,FRED,00025,0076427177011,0076427177011,00076427177011,076427177011,Oggi,OGGI Wallmount Paper Towel Holder,1 ct,11.99,,11.99
2026-02-17T11:20:42Z,paper towels,70100025,Bellingham,WA,98229,FRED,00025,0086001113901,0086001113901,00086001113901,086001113901,Reel,Reel® Premium Bamboo Paper Towels,6 ct,19.49,,19.49
2026-02-17T11:20:42Z,paper towels,70100025,Bellingham,WA,98229,FRED,00025,0086001113900,0086001113900,00086001113900,086001113900,Reel,Reel® Premium Bamboo Paper Towel Triple Rolls,2 rolls,7.99,,7.99
2026-02-17T11:20:42Z,paper towels,70100025,Bellingham,WA,98229,FRED,00025,0073291313737,0073291313737,00073291313737,073291313737,Seventh Generation,Seventh Generation Unbleached Chlorine Free Paper Towel Rolls,6 rolls,21.99,,21.99
2026-02-17T11:20:42Z,paper towels,70100025,Bellingham,WA,98229,FRED,00025,0001111011984,0001111011984,00001111011984,001111011984,Kroger,Kroger® Rugged and Reliable Paper Towels Giant Rolls,10 rolls,13.49,,13.49
2026-02-17T11:20:42Z,paper towels,70100025,Bellingham,WA,98229,FRED,00025,0019655708688,0019655708688,00019655708688,019655708688,Core,Core Kitchen Paper Towel Holder,1 ct,8.99,,8.99
2026-02-17T11:20:42Z,paper towels,70100025,Bellingham,WA,98229,FRED,00025,0003600038587,0003600038587,00003600038587,003600038587,Kleenex,"Kleenex® Disposable Paper Hand Towels, 1 Box, 60 Towels per Box",60 count,4.29,,4.29
2026-02-17T11:20:42Z,paper towels,70100025,Bellingham,WA,98229,FRED,00025,0003600056532,0003600056532,00003600056532,003600056532,Viva,Viva® Signature Cloth™ Paper Towels Double Rolls,6 rolls,14.29,,14.29
2026-02-17T11:20:42Z,paper towels,70100025,Bellingham,WA,98229,FRED,00025,0004200044576,0004200044576,00004200044576,004200044576,Brawny,Brawny® Tear-A-Square® 3-Ply Paper Towel Triple Rolls,2 rolls,7.49,,7.49
2026-02-17T11:20:42Z,paper towels,70100025,Bellingham,WA,98229,FRED,00025,0003600056535,0003600056535,00003600056535,003600056535,Viva,Viva Signature Cloth Paper Towels Double Rolls,12 rolls,23.49,,23.49
2026-02-17T11:20:42Z,paper towels,70100025,Bellingham,WA,98229,FRED,00025,0003600052499,0003600052499,00003600052499,003600052499,Viva,Viva Multi-Surface Cloth Paper Towels Double Rolls,8 rolls,16.99,14.49,14.49
2026-02-17T11:20:42Z,paper towels,70100025,Bellingham,WA,98229,FRED,00025,0004200044658,0004200044658,00004200044658,004200044658,Brawny,Brawny® Full Sheet 3-Ply Paper Towel Double Rolls,6 rolls,13.29,11.99,11.99
2026-02-17T11:20:42Z,paper towels,70100025,Bellingham,WA,98229,FRED,00025,0004200044579,0004200044579,00004200044579,004200044579,Brawny,Brawny® Tear-A-Square® 3-Ply Paper Towel Double Rolls,4 rolls,10.29,7.49,7.49
2026-02-17T11:20:42Z,paper towels,70100025,Bellingham,WA,98229,FRED,00025,0001111016086,0001111016086,00001111016086,001111016086,Kroger,Kroger® Rugged + Reliable Paper Towels Double Rolls,4 rolls,7.29,,7.29
2026-02-17T11:20:42Z,paper towels,70100025,Bellingham,WA,98229,FRED,00025,0001111016087,0001111016087,00001111016087,001111016087,Kroger,Kroger® Rugged + Reliable Paper Towels Giant Rolls,10 rolls,13.79,,13.79
2026-02-17T11:20:42Z,paper towels,70100025,Bellingham,WA,98229,FRED,00025,0001111014184,0001111014184,00001111014184,001111014184,Kroger,Kroger® Ultra Paper Towels With Absorbing Power Triple Rolls,2 rolls,6.29,,6.29
2026-02-17T11:20:42Z,paper towels,70100025,Bellingham,WA,98229,FRED,00025,0001111014185,0001111014185,00001111014185,001111014185,Kroger,Kroger® Ultra Paper Towels With Absorbing Power Double Rolls,4 rolls,8.49,,8.49
2026-02-17T11:20:42Z,paper towels,70100025,Bellingham,WA,98229,FRED,00025,0001111016088,0001111016088,00001111016088,001111016088,Kroger,Kroger® Rugged + Reliable Paper Towels Double Plus Rolls BIG DEAL!,12 ct,19.99,,19.99
2026-02-17T11:20:42Z,paper towels,70100025,Bellingham,WA,98229,FRED,00025,0001111014186,0001111014186,00001111014186,001111014186,Kroger,Kroger® Ultra Paper Towels With Absorbing Power Double Rolls,6 rolls,11.29,,11.29
2026-02-17T11:20:42Z,paper towels,70100025,Bellingham,WA,98229,FRED,00025,0003077216014,0003077216014,00003077216014,003077216014,Bounty,"Bounty Paper Towels Select-A-Size White, 8 Triple Rolls, 123 Sheets Per Roll",8 rolls,26.99,23.99,23.99
2026-02-17T11:20:42Z,paper towels,70100025,Bellingham,WA,98229,FRED,00025,0001111014187,0001111014187,00001111014187,001111014187,Kroger,Kroger® Ultra Absorbing Power Paper Towels Triple Rolls,8 ct,19.29,,19.29
2026-02-17T11:20:42Z,paper towels,70100025,Bellingham,WA,98229,FRED,00025,0003077215664,0003077215664,00003077215664,003077215664,Bounty,Bounty Paper Towels Select-A-Size White 12 Double Plus Rolls,12 rolls,30.99,29.99,29.99
2026-02-17T11:20:42Z,paper towels,70100025,Bellingham,WA,98229,FRED,00025,0071981207833,0071981207833,00071981207833,071981207833,Softworks,Softworks Simply Tear Paper Towel Holder,1 ct,29.99,,29.99
2026-02-17T11:20:42Z,paper towels,70100025,Bellingham,WA,98229,FRED,00025,0003040022241,0003040022241,00003040022241,003040022241,Sparkle,Sparkle® Pick-A-Size® Paper Towel Double Rolls,8 rolls,11.99,,11.99
2026-02-17T11:20:42Z,paper towels,70100025,Bellingham,WA,98229,FRED,00025,0003077216071,0003077216071,00003077216071,003077216071,Bounty,Bounty Paper Towels Select-A-Size White 6 Mega Rolls,6 rolls,26.99,23.99,23.99
2026-02-17T11:20:42Z,paper towels,70100025,Bellingham,WA,98229,FRED,00025,0001111010621,0001111010621,00001111010621,001111010621,Kroger,Kroger® Glimmer Select-A-Sheet Paper Towels Double Rolls,2 rolls,2.99,,2.99
2026-02-17T11:20:42Z,paper towels,70100025,Bellingham,WA,98229,FRED,00025,0003600055195,0003600055195,00003600055195,003600055195,Scott,Scott® On-The-Go™ Pop-Up!® Cloths,70 ct,5.99,,5.99
2026-02-17T11:20:42Z,paper towels,70100025,Bellingham,WA,98229,FRED,00025,0088877707647,0088877707647,00088877707647,088877707647,SDS for HD Designs,SDS for HD Designs Acacia & Brass Paper Towel Holder,14 in,16.99,11.89,11.89
2026-02-17T11:20:42Z,paper towels,70100025,Bellingham,WA,98229,FRED,00025,0001111012026,0001111012026,00001111012026,001111012026,Kroger,Kroger® Rugged + Reliable Paper Towels Double Plus Rolls BIG DEAL!,12 rolls,19.99,,19.99
2026-02-17T11:20:42Z,paper towels,70100025,Bellingham,WA,98229,FRED,00025,0073291313722,0073291313722,00073291313722,073291313722,Seventh Generation,Seventh Generation 100% Recycled Paper Jumbo Paper Towels,1 roll / 156 ct,4.79,,4.79
2026-02-17T11:20:42Z,paper towels,70100025,Bellingham,WA,98229,FRED,00025,0004200044588,0004200044588,00004200044588,004200044588,Brawny,Brawny® Tear-A-Square® 3-Ply Paper Towel Double Rolls,6 rolls,13.29,11.99,11.99
2026-02-17T11:20:42Z,paper towels,70100025,Bellingham,WA,98229,FRED,00025,0003077215703,0003077215703,00003077215703,003077215703,Bounty,Bounty Paper Towels Select-A-Size White 6 Double Rolls,6 rolls,14.99,,14.99
2026-02-17T11:20:42Z,paper towels,70100025,Bellingham,WA,98229,FRED,00025,0071981261343,0071981261343,00071981261343,071981261343,Softworks,Softworks Steady Paper Towel Holder,1 ct,25.99,,25.99
2026-02-17T11:20:42Z,paper towels,70100025,Bellingham,WA,98229,FRED,00025,0004200044600,0004200044600,00004200044600,004200044600,Brawny,Brawny® Tear-A-Square® 3-Ply Paper Towel Double Rolls,8 rolls,16.79,16.29,16.29
2026-02-17T11:20:42Z,paper towels,70100667,Bellingham,WA,98226,FRED,00667,0003600049413,0003600049413,00003600049413,003600049413,Viva,Viva® Multi-Surface Cloth™ Paper Towels Single Rolls,6 rolls,12.49,10.99,10.99
2026-02-17T11:20:42Z,paper towels,70100667,Bellingham,WA,98226,FRED,00667,0003077216009,0003077216009,00003077216009,003077216009,Bounty,Bounty Paper Towels Select-A-Size White 4 Triple Rolls,4 rolls,14.99,,14.99
2026-02-17T11:20:42Z,paper towels,70100667,Bellingham,WA,98226,FRED,00667,0003077215712,0003077215712,00003077215712,003077215712,Bounty,Bounty Paper Towels Select-A-Size White 4 Double Rolls,4 rolls,11.29,,11.29
2026-02-17T11:20:42Z,paper towels,70100667,Bellingham,WA,98226,FRED,00667,0003040022272,0003040022272,00003040022272,003040022272,Sparkle,Sparkle® Tear-A-Square® Customizable Sheet Size Paper Towels Double Rolls,2 rolls,3.79,,3.79
2026-02-17T11:20:42Z,paper towels,70100667,Bellingham,WA,98226,FRED,00667,0005400075130,0005400075130,00005400075130,005400075130,Scott,Scott® Original Multipurpose Shop Towels - Blue,55ct,3.99,,3.99
2026-02-17T11:20:42Z,paper towels,70100667,Bellingham,WA,98226,FRED,00667,0003077216021,0003077216021,00003077216021,003077216021,Bounty,Bounty Paper Towels Full Sheet White 6 Double Rolls,6 rolls,14.99,,14.99
2026-02-17T11:20:42Z,paper towels,70100667,Bellingham,WA,98226,FRED,00667,0003077216020,0003077216020,00003077216020,003077216020,Bounty,Bounty Paper Towels Select-A-Size White 6 Triple Rolls,6 rolls,21.99,19.99,19.99
2026-02-17T11:20:42Z,paper towels,70100667,Bellingham,WA,98226,FRED,00667,0003077216042,0003077216042,00003077216042,003077216042,Bounty,Bounty Paper Towels Select-A-Size White 2 Triple Rolls,2 rolls,7.99,,7.99
2026-02-17T11:20:42Z,paper towels,70100667,Bellingham,WA,98226,FRED,00667,0003040022276,0003040022276,00003040022276,003040022276,Sparkle,Sparkle® Tear-A-Square® Paper Towel Double Rolls,6 rolls,9.29,7.49,7.49
2026-02-17T11:20:42Z,paper towels,70100667,Bellingham,WA,98226,FRED,00667,0003077219274,0003077219274,00003077219274,003077219274,Bounty,Bounty Paper Towels Select-A-Size White 8 Double Plus Rolls,8 rolls,21.49,,21.49
2026-02-17T11:20:42Z,paper towels,70100667,Bellingham,WA,98226,FRED,00667,0006366836203,0006366836203,00006366836203,006366836203,Green Forest,Green Forest 100% Recycled Size-Your-Own Paper Towels,3 pk,6.29,,6.29
2026-02-17T11:20:42Z,paper towels,70100667,Bellingham,WA,98226,FRED,00667,0076427107702,0076427107702,00076427107702,076427107702,OGGI,OGGI Stainless Steel Paper Towel Holder,1 ct,17.99,,17.99
2026-02-17T11:20:42Z,paper towels,70100667,Bellingham,WA,98226,FRED,00667,0076427177011,0076427177011,00076427177011,076427177011,Oggi,OGGI Wallmount Paper Towel Holder,1 ct,11.99,,11.99
2026-02-17T11:20:42Z,paper towels,70100667,Bellingham,WA,98226,FRED,00667,0086001113901,0086001113901,00086001113901,086001113901,Reel,Reel® Premium Bamboo Paper Towels,6 ct,19.49,,19.49
2026-02-17T11:20:42Z,paper towels,70100667,Bellingham,WA,98226,FRED,00667,0086001113900,0086001113900,00086001113900,086001113900,Reel,Reel® Premium Bamboo Paper Towel Triple Rolls,2 rolls,7.99,,7.99
2026-02-17T11:20:42Z,paper towels,70100667,Bellingham,WA,98226,FRED,00667,0001111011984,0001111011984,00001111011984,001111011984,Kroger,Kroger® Rugged and Reliable Paper Towels Giant Rolls,10 rolls,13.49,,13.49
2026-02-17T11:20:42Z,paper towels,70100667,Bellingham,WA,98226,FRED,00667,0073291313737,0073291313737,00073291313737,073291313737,Seventh Generation,Seventh Generation Unbleached Chlorine Free Paper Towel Rolls,6 rolls,21.99,,21.99
2026-02-17T11:20:42Z,paper towels,70100667,Bellingham,WA,98226,FRED,00667,0019655708688,0019655708688,00019655708688,019655708688,Core,Core Kitchen Paper Towel Holder,1 ct,8.99,,8.99
2026-02-17T11:20:42Z,paper towels,70100667,Bellingham,WA,98226,FRED,00667,0003600056532,0003600056532,00003600056532,003600056532,Viva,Viva® Signature Cloth™ Paper Towels Double Rolls,6 rolls,14.29,,14.29
2026-02-17T11:20:42Z,paper towels,70100667,Bellingham,WA,98226,FRED,00667,0003600038587,0003600038587,00003600038587,003600038587,Kleenex,"Kleenex® Disposable Paper Hand Towels, 1 Box, 60 Towels per Box",60 count,4.29,,4.29
2026-02-17T11:20:42Z,paper towels,70100667,Bellingham,WA,98226,FRED,00667,0004200044576,0004200044576,00004200044576,004200044576,Brawny,Brawny® Tear-A-Square® 3-Ply Paper Towel Triple Rolls,2 rolls,7.49,,7.49
2026-02-17T11:20:42Z,paper towels,70100667,Bellingham,WA,98226,FRED,00667,0003600056535,0003600056535,00003600056535,003600056535,Viva,Viva Signature Cloth Paper Towels Double Rolls,12 rolls,23.49,,23.49
2026-02-17T11:20:42Z,paper towels,70100667,Bellingham,WA,98226,FRED,00667,0003600052499,0003600052499,00003600052499,003600052499,Viva,Viva Multi-Surface Cloth Paper Towels Double Rolls,8 rolls,16.99,14.49,14.49
2026-02-17T11:20:42Z,paper towels,70100667,Bellingham,WA,98226,FRED,00667,0004200044658,0004200044658,00004200044658,004200044658,Brawny,Brawny® Full Sheet 3-Ply Paper Towel Double Rolls,6 rolls,13.29,11.99,11.99
2026-02-17T11:20:42Z,paper towels,70100667,Bellingham,WA,98226,FRED,00667,0004200044579,0004200044579,00004200044579,004200044579,Brawny,Brawny® Tear-A-Square® 3-Ply Paper Towel Double Rolls,4 rolls,10.29,7.49,7.49
2026-02-17T11:20:42Z,paper towels,70100667,Bellingham,WA,98226,FRED,00667,0001111016086,0001111016086,00001111016086,001111016086,Kroger,Kroger® Rugged + Reliable Paper Towels Double Rolls,4 rolls,7.29,,7.29
2026-02-17T11:20:42Z,paper towels,70100667,Bellingham,WA,98226,FRED,00667,0001111014184,0001111014184,00001111014184,001111014184,Kroger,Kroger® Ultra Paper Towels With Absorbing Power Triple Rolls,2 rolls,6.29,,6.29
2026-02-17T11:20:42Z,paper towels,70100667,Bellingham,WA,98226,FRED,00667,0001111016087,0001111016087,00001111016087,001111016087,Kroger,Kroger® Rugged + Reliable Paper Towels Giant Rolls,10 rolls,13.79,,13.79
2026-02-17T11:20:42Z,paper towels,70100667,Bellingham,WA,98226,FRED,00667,0001111014185,0001111014185,00001111014185,001111014185,Kroger,Kroger® Ultra Paper Towels With Absorbing Power Double Rolls,4 rolls,8.49,,8.49
2026-02-17T11:20:42Z,paper towels,70100667,Bellingham,WA,98226,FRED,00667,0001111016088,0001111016088,00001111016088,001111016088,Kroger,Kroger® Rugged + Reliable Paper Towels Double Plus Rolls BIG DEAL!,12 ct,19.99,,19.99
2026-02-17T11:20:42Z,paper towels,70100667,Bellingham,WA,98226,FRED,00667,0001111014186,0001111014186,00001111014186,001111014186,Kroger,Kroger® Ultra Paper Towels With Absorbing Power Double Rolls,6 rolls,11.29,,11.29
2026-02-17T11:20:42Z,paper towels,70100667,Bellingham,WA,98226,FRED,00667,0003077216014,0003077216014,00003077216014,003077216014,Bounty,"Bounty Paper Towels Select-A-Size White, 8 Triple Rolls, 123 Sheets Per Roll",8 rolls,26.99,23.99,23.99
2026-02-17T11:20:42Z,paper towels,70100667,Bellingham,WA,98226,FRED,00667,0001111014187,0001111014187,00001111014187,001111014187,Kroger,Kroger® Ultra Absorbing Power Paper Towels Triple Rolls,8 ct,19.29,,19.29
2026-02-17T11:20:42Z,paper towels,70100667,Bellingham,WA,98226,FRED,00667,0071981207833,0071981207833,00071981207833,071981207833,Softworks,Softworks Simply Tear Paper Towel Holder,1 ct,29.99,,29.99
2026-02-17T11:20:42Z,paper towels,70100667,Bellingham,WA,98226,FRED,00667,0003077215664,0003077215664,00003077215664,003077215664,Bounty,Bounty Paper Towels Select-A-Size White 12 Double Plus Rolls,12 rolls,30.99,29.99,29.99
2026-02-17T11:20:42Z,paper towels,70100667,Bellingham,WA,98226,FRED,00667,0003040022241,0003040022241,00003040022241,003040022241,Sparkle,Sparkle® Pick-A-Size® Paper Towel Double Rolls,8 rolls,11.99,,11.99
2026-02-17T11:20:42Z,paper towels,70100667,Bellingham,WA,98226,FRED,00667,0003077216071,0003077216071,00003077216071,003077216071,Bounty,Bounty Paper Towels Select-A-Size White 6 Mega Rolls,6 rolls,26.99,23.99,23.99
2026-02-17T11:20:42Z,paper towels,70100667,Bellingham,WA,98226,FRED,00667,0001111010621,0001111010621,00001111010621,001111010621,Kroger,Kroger® Glimmer Select-A-Sheet Paper Towels Double Rolls,2 rolls,2.99,,2.99
2026-02-17T11:20:42Z,paper towels,70100667,Bellingham,WA,98226,FRED,00667,0003600055195,0003600055195,00003600055195,003600055195,Scott,Scott® On-The-Go™ Pop-Up!® Cloths,70 ct,5.99,,5.99
2026-02-17T11:20:42Z,paper towels,70100667,Bellingham,WA,98226,FRED,00667,0088877707647,0088877707647,00088877707647,088877707647,SDS for HD Designs,SDS for HD Designs Acacia & Brass Paper Towel Holder,14 in,16.99,11.89,11.89
2026-02-17T11:20:42Z,paper towels,70100667,Bellingham,WA,98226,FRED,00667,0001111012026,0001111012026,00001111012026,001111012026,Kroger,Kroger® Rugged + Reliable Paper Towels Double Plus Rolls BIG DEAL!,12 rolls,19.99,,19.99
2026-02-17T11:20:42Z,paper towels,70100667,Bellingham,WA,98226,FRED,00667,0073291313722,0073291313722,00073291313722,073291313722,Seventh Generation,Seventh Generation 100% Recycled Paper Jumbo Paper Towels,1 roll / 156 ct,4.79,,4.79
2026-02-17T11:20:42Z,paper towels,70100667,Bellingham,WA,98226,FRED,00667,0004200044588,0004200044588,00004200044588,004200044588,Brawny,Brawny® Tear-A-Square® 3-Ply Paper Towel Double Rolls,6 rolls,13.29,11.99,11.99
2026-02-17T11:20:42Z,paper towels,70100667,Bellingham,WA,98226,FRED,00667,0003077215703,0003077215703,00003077215703,003077215703,Bounty,Bounty Paper Towels Select-A-Size White 6 Double Rolls,6 rolls,14.99,,14.99
2026-02-17T11:20:42Z,paper towels,70100667,Bellingham,WA,98226,FRED,00667,0071981261343,0071981261343,00071981261343,071981261343,Softworks,Softworks Steady Paper Towel Holder,1 ct,25.99,,25.99
2026-02-17T11:20:42Z,paper towels,70100667,Bellingham,WA,98226,FRED,00667,0004200044600,0004200044600,00004200044600,004200044600,Brawny,Brawny® Tear-A-Square® 3-Ply Paper Towel Double Rolls,8 rolls,16.79,16.29,16.29
2026-02-17T11:20:42Z,paper towels,70100041,Bonney Lake,WA,98391,FRED,00041,0003600049413,0003600049413,00003600049413,003600049413,Viva,Viva® Multi-Surface Cloth™ Paper Towels Single Rolls,6 rolls,12.49,10.99,10.99
2026-02-17T11:20:42Z,paper towels,70100041,Bonney Lake,WA,98391,FRED,00041,0003077215712,0003077215712,00003077215712,003077215712,Bounty,Bounty Paper Towels Select-A-Size White 4 Double Rolls,4 rolls,11.29,,11.29
2026-02-17T11:20:42Z,paper towels,70100041,Bonney Lake,WA,98391,FRED,00041,0003077216009,0003077216009,00003077216009,003077216009,Bounty,Bounty Paper Towels Select-A-Size White 4 Triple Rolls,4 rolls,14.99,,14.99
2026-02-17T11:20:42Z,paper towels,70100041,Bonney Lake,WA,98391,FRED,00041,0003040022272,0003040022272,00003040022272,003040022272,Sparkle,Sparkle® Tear-A-Square® Customizable Sheet Size Paper Towels Double Rolls,2 rolls,3.79,,3.79
2026-02-17T11:20:42Z,paper towels,70100041,Bonney Lake,WA,98391,FRED,00041,0005400075130,0005400075130,00005400075130,005400075130,Scott,Scott® Original Multipurpose Shop Towels - Blue,55ct,3.99,,3.99
2026-02-17T11:20:42Z,paper towels,70100041,Bonney Lake,WA,98391,FRED,00041,0003077216021,0003077216021,00003077216021,003077216021,Bounty,Bounty Paper Towels Full Sheet White 6 Double Rolls,6 rolls,14.99,,14.99
2026-02-17T11:20:42Z,paper towels,70100041,Bonney Lake,WA,98391,FRED,00041,0003077216020,0003077216020,00003077216020,003077216020,Bounty,Bounty Paper Towels Select-A-Size White 6 Triple Rolls,6 rolls,21.99,19.99,19.99
2026-02-17T11:20:42Z,paper towels,70100041,Bonney Lake,WA,98391,FRED,00041,0003077216042,0003077216042,00003077216042,003077216042,Bounty,Bounty Paper Towels Select-A-Size White 2 Triple Rolls,2 rolls,7.99,,7.99
2026-02-17T11:20:42Z,paper towels,70100041,Bonney Lake,WA,98391,FRED,00041,0003040022276,0003040022276,00003040022276,003040022276,Sparkle,Sparkle® Tear-A-Square® Paper Towel Double Rolls,6 rolls,9.29,7.49,7.49
2026-02-17T11:20:42Z,paper towels,70100041,Bonney Lake,WA,98391,FRED,00041,0003077219274,0003077219274,00003077219274,003077219274,Bounty,Bounty Paper Towels Select-A-Size White 8 Double Plus Rolls,8 rolls,21.49,,21.49
2026-02-17T11:20:42Z,paper towels,70100041,Bonney Lake,WA,98391,FRED,00041,0006366836203,0006366836203,00006366836203,006366836203,Green Forest,Green Forest 100% Recycled Size-Your-Own Paper Towels,3 pk,6.29,,6.29
2026-02-17T11:20:42Z,paper towels,70100041,Bonney Lake,WA,98391,FRED,00041,0076427107702,0076427107702,00076427107702,076427107702,OGGI,OGGI Stainless Steel Paper Towel Holder,1 ct,17.99,,17.99
2026-02-17T11:20:42Z,paper towels,70100041,Bonney Lake,WA,98391,FRED,00041,0076427177011,0076427177011,00076427177011,076427177011,Oggi,OGGI Wallmount Paper Towel Holder,1 ct,11.99,,11.99
2026-02-17T11:20:42Z,paper towels,70100041,Bonney Lake,WA,98391,FRED,00041,0086001113901,0086001113901,00086001113901,086001113901,Reel,Reel® Premium Bamboo Paper Towels,6 ct,19.49,,19.49
2026-02-17T11:20:42Z,paper towels,70100041,Bonney Lake,WA,98391,FRED,00041,0086001113900,0086001113900,00086001113900,086001113900,Reel,Reel® Premium Bamboo Paper Towel Triple Rolls,2 rolls,7.99,,7.99
2026-02-17T11:20:42Z,paper towels,70100041,Bonney Lake,WA,98391,FRED,00041,0073291313737,0073291313737,00073291313737,073291313737,Seventh Generation,Seventh Generation Unbleached Chlorine Free Paper Towel Rolls,6 rolls,21.99,,21.99
2026-02-17T11:20:42Z,paper towels,70100041,Bonney Lake,WA,98391,FRED,00041,0001111011984,0001111011984,00001111011984,001111011984,Kroger,Kroger® Rugged and Reliable Paper Towels Giant Rolls,10 rolls,13.49,,13.49
2026-02-17T11:20:42Z,paper towels,70100041,Bonney Lake,WA,98391,FRED,00041,0019655708688,0019655708688,00019655708688,019655708688,Core,Core Kitchen Paper Towel Holder,1 ct,8.99,,8.99
2026-02-17T11:20:42Z,paper towels,70100041,Bonney Lake,WA,98391,FRED,00041,0003600038587,0003600038587,00003600038587,003600038587,Kleenex,"Kleenex® Disposable Paper Hand Towels, 1 Box, 60 Towels per Box",60 count,4.29,,4.29
2026-02-17T11:20:42Z,paper towels,70100041,Bonney Lake,WA,98391,FRED,00041,0003600056532,0003600056532,00003600056532,003600056532,Viva,Viva® Signature Cloth™ Paper Towels Double Rolls,6 rolls,14.29,,14.29
2026-02-17T11:20:42Z,paper towels,70100041,Bonney Lake,WA,98391,FRED,00041,0004200044576,0004200044576,00004200044576,004200044576,Brawny,Brawny® Tear-A-Square® 3-Ply Paper Towel Triple Rolls,2 rolls,7.49,,7.49
2026-02-17T11:20:42Z,paper towels,70100041,Bonney Lake,WA,98391,FRED,00041,0003600056535,0003600056535,00003600056535,003600056535,Viva,Viva Signature Cloth Paper Towels Double Rolls,12 rolls,23.49,,23.49
2026-02-17T11:20:42Z,paper towels,70100041,Bonney Lake,WA,98391,FRED,00041,0003600052499,0003600052499,00003600052499,003600052499,Viva,Viva Multi-Surface Cloth Paper Towels Double Rolls,8 rolls,16.99,14.49,14.49
2026-02-17T11:20:42Z,paper towels,70100041,Bonney Lake,WA,98391,FRED,00041,0004200044658,0004200044658,00004200044658,004200044658,Brawny,Brawny® Full Sheet 3-Ply Paper Towel Double Rolls,6 rolls,13.29,11.99,11.99
2026-02-17T11:20:42Z,paper towels,70100041,Bonney Lake,WA,98391,FRED,00041,0004200044579,0004200044579,00004200044579,004200044579,Brawny,Brawny® Tear-A-Square® 3-Ply Paper Towel Double Rolls,4 rolls,10.29,7.49,7.49
2026-02-17T11:20:42Z,paper towels,70100041,Bonney Lake,WA,98391,FRED,00041,0001111016086,0001111016086,00001111016086,001111016086,Kroger,Kroger® Rugged + Reliable Paper Towels Double Rolls,4 rolls,7.29,,7.29
2026-02-17T11:20:42Z,paper towels,70100041,Bonney Lake,WA,98391,FRED,00041,0001111016087,0001111016087,00001111016087,001111016087,Kroger,Kroger® Rugged + Reliable Paper Towels Giant Rolls,10 rolls,13.79,,13.79
2026-02-17T11:20:42Z,paper towels,70100041,Bonney Lake,WA,98391,FRED,00041,0001111014184,0001111014184,00001111014184,001111014184,Kroger,Kroger® Ultra Paper Towels With Absorbing Power Triple Rolls,2 rolls,6.29,,6.29
2026-02-17T11:20:42Z,paper towels,70100041,Bonney Lake,WA,98391,FRED,00041,0001111014185,0001111014185,00001111014185,001111014185,Kroger,Kroger® Ultra Paper Towels With Absorbing Power Double Rolls,4 rolls,8.49,,8.49
2026-02-17T11:20:42Z,paper towels,70100041,Bonney Lake,WA,98391,FRED,00041,0001111016088,0001111016088,00001111016088,001111016088,Kroger,Kroger® Rugged + Reliable Paper Towels Double Plus Rolls BIG DEAL!,12 ct,19.99,,19.99
2026-02-17T11:20:42Z,paper towels,70100041,Bonney Lake,WA,98391,FRED,00041,0003077216014,0003077216014,00003077216014,003077216014,Bounty,"Bounty Paper Towels Select-A-Size White, 8 Triple Rolls, 123 Sheets Per Roll",8 rolls,26.99,23.99,23.99
2026-02-17T11:20:42Z,paper towels,70100041,Bonney Lake,WA,98391,FRED,00041,0001111014186,0001111014186,00001111014186,001111014186,Kroger,Kroger® Ultra Paper Towels With Absorbing Power Double Rolls,6 rolls,11.29,,11.29
2026-02-17T11:20:42Z,paper towels,70100041,Bonney Lake,WA,98391,FRED,00041,0001111014187,0001111014187,00001111014187,001111014187,Kroger,Kroger® Ultra Absorbing Power Paper Towels Triple Rolls,8 ct,19.29,,19.29
2026-02-17T11:20:42Z,paper towels,70100041,Bonney Lake,WA,98391,FRED,00041,0003077215664,0003077215664,00003077215664,003077215664,Bounty,Bounty Paper Towels Select-A-Size White 12 Double Plus Rolls,12 rolls,30.99,29.99,29.99
2026-02-17T11:20:42Z,paper towels,70100041,Bonney Lake,WA,98391,FRED,00041,0071981207833,0071981207833,00071981207833,071981207833,Softworks,Softworks Simply Tear Paper Towel Holder,1 ct,29.99,,29.99
2026-02-17T11:20:42Z,paper towels,70100041,Bonney Lake,WA,98391,FRED,00041,0003040022241,0003040022241,00003040022241,003040022241,Sparkle,Sparkle® Pick-A-Size® Paper Towel Double Rolls,8 rolls,11.99,,11.99
2026-02-17T11:20:42Z,paper towels,70100041,Bonney Lake,WA,98391,FRED,00041,0003077216071,0003077216071,00003077216071,003077216071,Bounty,Bounty Paper Towels Select-A-Size White 6 Mega Rolls,6 rolls,26.99,23.99,23.99
2026-02-17T11:20:42Z,paper towels,70100041,Bonney Lake,WA,98391,FRED,00041,0001111010621,0001111010621,00001111010621,001111010621,Kroger,Kroger® Glimmer Select-A-Sheet Paper Towels Double Rolls,2 rolls,2.99,,2.99
2026-02-17T11:20:42Z,paper towels,70100041,Bonney Lake,WA,98391,FRED,00041,0003600055195,0003600055195,00003600055195,003600055195,Scott,Scott® On-The-Go™ Pop-Up!® Cloths,70 ct,5.99,,5.99
2026-02-17T11:20:42Z,paper towels,70100041,Bonney Lake,WA,98391,FRED,00041,0088877707647,0088877707647,00088877707647,088877707647,SDS for HD Designs,SDS for HD Designs Acacia & Brass Paper Towel Holder,14 in,16.99,11.89,11.89
2026-02-17T11:20:42Z,paper towels,70100041,Bonney Lake,WA,98391,FRED,00041,0001111012026,0001111012026,00001111012026,001111012026,Kroger,Kroger® Rugged + Reliable Paper Towels Double Plus Rolls BIG DEAL!,12 rolls,19.99,,19.99
2026-02-17T11:20:42Z,paper towels,70100041,Bonney Lake,WA,98391,FRED,00041,0001111013577,0001111013577,00001111013577,001111013577,Kroger,Kroger® Rugged + Reliable Paper Towels Double Rolls,4 rolls,7.29,,7.29
2026-02-17T11:20:42Z,paper towels,70100041,Bonney Lake,WA,98391,FRED,00041,0073291313722,0073291313722,00073291313722,073291313722,Seventh Generation,Seventh Generation 100% Recycled Paper Jumbo Paper Towels,1 roll / 156 ct,4.79,,4.79
2026-02-17T11:20:42Z,paper towels,70100041,Bonney Lake,WA,98391,FRED,00041,0004200044588,0004200044588,00004200044588,004200044588,Brawny,Brawny® Tear-A-Square® 3-Ply Paper Towel Double Rolls,6 rolls,13.29,11.99,11.99
2026-02-17T11:20:42Z,paper towels,70100041,Bonney Lake,WA,98391,FRED,00041,0003077215703,0003077215703,00003077215703,003077215703,Bounty,Bounty Paper Towels Select-A-Size White 6 Double Rolls,6 rolls,14.99,,14.99
2026-02-17T11:20:42Z,paper towels,70100041,Bonney Lake,WA,98391,FRED,00041,0071981261343,0071981261343,00071981261343,071981261343,Softworks,Softworks Steady Paper Towel Holder,1 ct,25.99,,25.99
2026-02-17T11:20:42Z,paper towels,70100041,Bonney Lake,WA,98391,FRED,00041,0004200044600,0004200044600,00004200044600,004200044600,Brawny,Brawny® Tear-A-Square® 3-Ply Paper Towel Double Rolls,8 rolls,16.79,16.29,16.29
2026-02-17T11:20:42Z,paper towels,70100457,Bothell,WA,98021,FRED,00457,0003077216009,0003077216009,00003077216009,003077216009,Bounty,Bounty Paper Towels Select-A-Size White 4 Triple Rolls,4 rolls,14.99,,14.99
2026-02-17T11:20:42Z,paper towels,70100457,Bothell,WA,98021,FRED,00457,0003077215712,0003077215712,00003077215712,003077215712,Bounty,Bounty Paper Towels Select-A-Size White 4 Double Rolls,4 rolls,11.29,,11.29
2026-02-17T11:20:42Z,paper towels,70100457,Bothell,WA,98021,FRED,00457,0003600049413,0003600049413,00003600049413,003600049413,Viva,Viva® Multi-Surface Cloth™ Paper Towels Single Rolls,6 rolls,12.49,10.99,10.99
2026-02-17T11:20:42Z,paper towels,70100457,Bothell,WA,98021,FRED,00457,0003040022272,0003040022272,00003040022272,003040022272,Sparkle,Sparkle® Tear-A-Square® Customizable Sheet Size Paper Towels Double Rolls,2 rolls,3.79,,3.79
2026-02-17T11:20:42Z,paper towels,70100457,Bothell,WA,98021,FRED,00457,0005400075130,0005400075130,00005400075130,005400075130,Scott,Scott® Original Multipurpose Shop Towels - Blue,55ct,3.99,,3.99
2026-02-17T11:20:42Z,paper towels,70100457,Bothell,WA,98021,FRED,00457,0003077216021,0003077216021,00003077216021,003077216021,Bounty,Bounty Paper Towels Full Sheet White 6 Double Rolls,6 rolls,14.99,,14.99
2026-02-17T11:20:42Z,paper towels,70100457,Bothell,WA,98021,FRED,00457,0003077216020,0003077216020,00003077216020,003077216020,Bounty,Bounty Paper Towels Select-A-Size White 6 Triple Rolls,6 rolls,21.99,19.99,19.99
2026-02-17T11:20:42Z,paper towels,70100457,Bothell,WA,98021,FRED,00457,0003077216042,0003077216042,00003077216042,003077216042,Bounty,Bounty Paper Towels Select-A-Size White 2 Triple Rolls,2 rolls,7.99,,7.99
2026-02-17T11:20:42Z,paper towels,70100457,Bothell,WA,98021,FRED,00457,0003040022276,0003040022276,00003040022276,003040022276,Sparkle,Sparkle® Tear-A-Square® Paper Towel Double Rolls,6 rolls,9.29,7.49,7.49
2026-02-17T11:20:42Z,paper towels,70100457,Bothell,WA,98021,FRED,00457,0003077219274,0003077219274,00003077219274,003077219274,Bounty,Bounty Paper Towels Select-A-Size White 8 Double Plus Rolls,8 rolls,21.49,,21.49
2026-02-17T11:20:42Z,paper towels,70100457,Bothell,WA,98021,FRED,00457,0006366836203,0006366836203,00006366836203,006366836203,Green Forest,Green Forest 100% Recycled Size-Your-Own Paper Towels,3 pk,6.29,,6.29
2026-02-17T11:20:42Z,paper towels,70100457,Bothell,WA,98021,FRED,00457,0076427177011,0076427177011,00076427177011,076427177011,Oggi,OGGI Wallmount Paper Towel Holder,1 ct,11.99,,11.99
2026-02-17T11:20:42Z,paper towels,70100457,Bothell,WA,98021,FRED,00457,0076427107702,0076427107702,00076427107702,076427107702,OGGI,OGGI Stainless Steel Paper Towel Holder,1 ct,17.99,,17.99
2026-02-17T11:20:42Z,paper towels,70100457,Bothell,WA,98021,FRED,00457,0086001113900,0086001113900,00086001113900,086001113900,Reel,Reel® Premium Bamboo Paper Towel Triple Rolls,2 rolls,7.99,,7.99
2026-02-17T11:20:42Z,paper towels,70100457,Bothell,WA,98021,FRED,00457,0001111011984,0001111011984,00001111011984,001111011984,Kroger,Kroger® Rugged and Reliable Paper Towels Giant Rolls,10 rolls,13.49,,13.49
2026-02-17T11:20:42Z,paper towels,70100457,Bothell,WA,98021,FRED,00457,0073291313737,0073291313737,00073291313737,073291313737,Seventh Generation,Seventh Generation Unbleached Chlorine Free Paper Towel Rolls,6 rolls,21.99,,21.99
2026-02-17T11:20:42Z,paper towels,70100457,Bothell,WA,98021,FRED,00457,0019655708688,0019655708688,00019655708688,019655708688,Core,Core Kitchen Paper Towel Holder,1 ct,8.99,,8.99
2026-02-17T11:20:42Z,paper towels,70100457,Bothell,WA,98021,FRED,00457,0003600056532,0003600056532,00003600056532,003600056532,Viva,Viva® Signature Cloth™ Paper Towels Double Rolls,6 rolls,14.29,,14.29
2026-02-17T11:20:42Z,paper towels,70100457,Bothell,WA,98021,FRED,00457,0003600038587,0003600038587,00003600038587,003600038587,Kleenex,"Kleenex® Disposable Paper Hand Towels, 1 Box, 60 Towels per Box",60 count,4.29,,4.29
2026-02-17T11:20:42Z,paper towels,70100457,Bothell,WA,98021,FRED,00457,0004200044576,0004200044576,00004200044576,004200044576,Brawny,Brawny® Tear-A-Square® 3-Ply Paper Towel Triple Rolls,2 rolls,7.49,,7.49
2026-02-17T11:20:42Z,paper towels,70100457,Bothell,WA,98021,FRED,00457,0003600056535,0003600056535,00003600056535,003600056535,Viva,Viva Signature Cloth Paper Towels Double Rolls,12 rolls,23.49,,23.49
2026-02-17T11:20:42Z,paper towels,70100457,Bothell,WA,98021,FRED,00457,0003600052499,0003600052499,00003600052499,003600052499,Viva,Viva Multi-Surface Cloth Paper Towels Double Rolls,8 rolls,16.99,14.49,14.49
2026-02-17T11:20:42Z,paper towels,70100457,Bothell,WA,98021,FRED,00457,0004200044658,0004200044658,00004200044658,004200044658,Brawny,Brawny® Full Sheet 3-Ply Paper Towel Double Rolls,6 rolls,13.29,11.99,11.99
2026-02-17T11:20:42Z,paper towels,70100457,Bothell,WA,98021,FRED,00457,0004200044579,0004200044579,00004200044579,004200044579,Brawny,Brawny® Tear-A-Square® 3-Ply Paper Towel Double Rolls,4 rolls,10.29,7.49,7.49
2026-02-17T11:20:42Z,paper towels,70100457,Bothell,WA,98021,FRED,00457,0001111016086,0001111016086,00001111016086,001111016086,Kroger,Kroger® Rugged + Reliable Paper Towels Double Rolls,4 rolls,7.29,,7.29
2026-02-17T11:20:42Z,paper towels,70100457,Bothell,WA,98021,FRED,00457,0001111014184,0001111014184,00001111014184,001111014184,Kroger,Kroger® Ultra Paper Towels With Absorbing Power Triple Rolls,2 rolls,6.29,,6.29
2026-02-17T11:20:42Z,paper towels,70100457,Bothell,WA,98021,FRED,00457,0001111016087,0001111016087,00001111016087,001111016087,Kroger,Kroger® Rugged + Reliable Paper Towels Giant Rolls,10 rolls,13.79,,13.79
2026-02-17T11:20:42Z,paper towels,70100457,Bothell,WA,98021,FRED,00457,0001111016088,0001111016088,00001111016088,001111016088,Kroger,Kroger® Rugged + Reliable Paper Towels Double Plus Rolls BIG DEAL!,12 ct,19.99,,19.99
2026-02-17T11:20:42Z,paper towels,70100457,Bothell,WA,98021,FRED,00457,0001111014185,0001111014185,00001111014185,001111014185,Kroger,Kroger® Ultra Paper Towels With Absorbing Power Double Rolls,4 rolls,8.49,,8.49
2026-02-17T11:20:42Z,paper towels,70100457,Bothell,WA,98021,FRED,00457,0001111014186,0001111014186,00001111014186,001111014186,Kroger,Kroger® Ultra Paper Towels With Absorbing Power Double Rolls,6 rolls,11.29,,11.29
2026-02-17T11:20:42Z,paper towels,70100457,Bothell,WA,98021,FRED,00457,0003077216014,0003077216014,00003077216014,003077216014,Bounty,"Bounty Paper Towels Select-A-Size White, 8 Triple Rolls, 123 Sheets Per Roll",8 rolls,26.99,23.99,23.99
2026-02-17T11:20:42Z,paper towels,70100457,Bothell,WA,98021,FRED,00457,0001111014187,0001111014187,00001111014187,001111014187,Kroger,Kroger® Ultra Absorbing Power Paper Towels Triple Rolls,8 ct,19.29,,19.29
2026-02-17T11:20:42Z,paper towels,70100457,Bothell,WA,98021,FRED,00457,0003077215664,0003077215664,00003077215664,003077215664,Bounty,Bounty Paper Towels Select-A-Size White 12 Double Plus Rolls,12 rolls,30.99,29.99,29.99
2026-02-17T11:20:42Z,paper towels,70100457,Bothell,WA,98021,FRED,00457,0071981207833,0071981207833,00071981207833,071981207833,Softworks,Softworks Simply Tear Paper Towel Holder,1 ct,29.99,,29.99
2026-02-17T11:20:42Z,paper towels,70100457,Bothell,WA,98021,FRED,00457,0003040022241,0003040022241,00003040022241,003040022241,Sparkle,Sparkle® Pick-A-Size® Paper Towel Double Rolls,8 rolls,11.99,,11.99
2026-02-17T11:20:42Z,paper towels,70100457,Bothell,WA,98021,FRED,00457,0003077216071,0003077216071,00003077216071,003077216071,Bounty,Bounty Paper Towels Select-A-Size White 6 Mega Rolls,6 rolls,26.99,23.99,23.99
2026-02-17T11:20:42Z,paper towels,70100457,Bothell,WA,98021,FRED,00457,0001111010621,0001111010621,00001111010621,001111010621,Kroger,Kroger® Glimmer Select-A-Sheet Paper Towels Double Rolls,2 rolls,2.99,,2.99
2026-02-17T11:20:42Z,paper towels,70100457,Bothell,WA,98021,FRED,00457,0003600055195,0003600055195,00003600055195,003600055195,Scott,Scott® On-The-Go™ Pop-Up!® Cloths,70 ct,5.99,,5.99
2026-02-17T11:20:42Z,paper towels,70100457,Bothell,WA,98021,FRED,00457,0088877707647,0088877707647,00088877707647,088877707647,SDS for HD Designs,SDS for HD Designs Acacia & Brass Paper Towel Holder,14 in,16.99,11.89,11.89
2026-02-17T11:20:42Z,paper towels,70100457,Bothell,WA,98021,FRED,00457,0001111013577,0001111013577,00001111013577,001111013577,Kroger,Kroger® Rugged + Reliable Paper Towels Double Rolls,4 rolls,7.29,,7.29
2026-02-17T11:20:42Z,paper towels,70100457,Bothell,WA,98021,FRED,00457,0001111012026,0001111012026,00001111012026,001111012026,Kroger,Kroger® Rugged + Reliable Paper Towels Double Plus Rolls BIG DEAL!,12 rolls,19.99,,19.99
2026-02-17T11:20:42Z,paper towels,70100457,Bothell,WA,98021,FRED,00457,0073291313722,0073291313722,00073291313722,073291313722,Seventh Generation,Seventh Generation 100% Recycled Paper Jumbo Paper Towels,1 roll / 156 ct,4.79,,4.79
2026-02-17T11:20:42Z,paper towels,70100457,Bothell,WA,98021,FRED,00457,0004200044588,0004200044588,00004200044588,004200044588,Brawny,Brawny® Tear-A-Square® 3-Ply Paper Towel Double Rolls,6 rolls,13.29,11.99,11.99
2026-02-17T11:20:42Z,paper towels,70100457,Bothell,WA,98021,FRED,00457,0003077215703,0003077215703,00003077215703,003077215703,Bounty,Bounty Paper Towels Select-A-Size White 6 Double Rolls,6 rolls,14.99,,14.99
2026-02-17T11:20:42Z,paper towels,70100457,Bothell,WA,98021,FRED,00457,0071981261343,0071981261343,00071981261343,071981261343,Softworks,Softworks Steady Paper Towel Holder,1 ct,25.99,,25.99
2026-02-17T11:20:42Z,paper towels,70100457,Bothell,WA,98021,FRED,00457,0004200044600,0004200044600,00004200044600,004200044600,Brawny,Brawny® Tear-A-Square® 3-Ply Paper Towel Double Rolls,8 rolls,16.79,16.29,16.29
2026-02-17T11:20:42Z,paper towels,70100171,Bremerton,WA,98311,FRED,00171,0003600049413,0003600049413,00003600049413,003600049413,Viva,Viva® Multi-Surface Cloth™ Paper Towels Single Rolls,6 rolls,12.49,10.99,10.99
2026-02-17T11:20:42Z,paper towels,70100171,Bremerton,WA,98311,FRED,00171,0003077215712,0003077215712,00003077215712,003077215712,Bounty,Bounty Paper Towels Select-A-Size White 4 Double Rolls,4 rolls,11.29,,11.29
2026-02-17T11:20:42Z,paper towels,70100171,Bremerton,WA,98311,FRED,00171,0003077216009,0003077216009,00003077216009,003077216009,Bounty,Bounty Paper Towels Select-A-Size White 4 Triple Rolls,4 rolls,14.99,,14.99
2026-02-17T11:20:42Z,paper towels,70100171,Bremerton,WA,98311,FRED,00171,0003040022272,0003040022272,00003040022272,003040022272,Sparkle,Sparkle® Tear-A-Square® Customizable Sheet Size Paper Towels Double Rolls,2 rolls,3.79,,3.79
2026-02-17T11:20:42Z,paper towels,70100171,Bremerton,WA,98311,FRED,00171,0005400075130,0005400075130,00005400075130,005400075130,Scott,Scott® Original Multipurpose Shop Towels - Blue,55ct,3.99,,3.99
2026-02-17T11:20:42Z,paper towels,70100171,Bremerton,WA,98311,FRED,00171,0003077216021,0003077216021,00003077216021,003077216021,Bounty,Bounty Paper Towels Full Sheet White 6 Double Rolls,6 rolls,14.99,,14.99
2026-02-17T11:20:42Z,paper towels,70100171,Bremerton,WA,98311,FRED,00171,0003077216042,0003077216042,00003077216042,003077216042,Bounty,Bounty Paper Towels Select-A-Size White 2 Triple Rolls,2 rolls,7.99,,7.99
2026-02-17T11:20:42Z,paper towels,70100171,Bremerton,WA,98311,FRED,00171,0003077216020,0003077216020,00003077216020,003077216020,Bounty,Bounty Paper Towels Select-A-Size White 6 Triple Rolls,6 rolls,21.99,19.99,19.99
2026-02-17T11:20:42Z,paper towels,70100171,Bremerton,WA,98311,FRED,00171,0003040022276,0003040022276,00003040022276,003040022276,Sparkle,Sparkle® Tear-A-Square® Paper Towel Double Rolls,6 rolls,9.29,7.49,7.49
2026-02-17T11:20:42Z,paper towels,70100171,Bremerton,WA,98311,FRED,00171,0003077219274,0003077219274,00003077219274,003077219274,Bounty,Bounty Paper Towels Select-A-Size White 8 Double Plus Rolls,8 rolls,21.49,,21.49
2026-02-17T11:20:42Z,paper towels,70100171,Bremerton,WA,98311,FRED,00171,0006366836203,0006366836203,00006366836203,006366836203,Green Forest,Green Forest 100% Recycled Size-Your-Own Paper Towels,3 pk,6.29,,6.29
2026-02-17T11:20:42Z,paper towels,70100171,Bremerton,WA,98311,FRED,00171,0076427107702,0076427107702,00076427107702,076427107702,OGGI,OGGI Stainless Steel Paper Towel Holder,1 ct,17.99,,17.99
2026-02-17T11:20:42Z,paper towels,70100171,Bremerton,WA,98311,FRED,00171,0076427177011,0076427177011,00076427177011,076427177011,Oggi,OGGI Wallmount Paper Towel Holder,1 ct,11.99,,11.99
2026-02-17T11:20:42Z,paper towels,70100171,Bremerton,WA,98311,FRED,00171,0086001113901,0086001113901,00086001113901,086001113901,Reel,Reel® Premium Bamboo Paper Towels,6 ct,19.49,,19.49
2026-02-17T11:20:42Z,paper towels,70100171,Bremerton,WA,98311,FRED,00171,0086001113900,0086001113900,00086001113900,086001113900,Reel,Reel® Premium Bamboo Paper Towel Triple Rolls,2 rolls,7.99,,7.99
2026-02-17T11:20:42Z,paper towels,70100171,Bremerton,WA,98311,FRED,00171,0073291313737,0073291313737,00073291313737,073291313737,Seventh Generation,Seventh Generation Unbleached Chlorine Free Paper Towel Rolls,6 rolls,21.99,,21.99
2026-02-17T11:20:42Z,paper towels,70100171,Bremerton,WA,98311,FRED,00171,0001111011984,0001111011984,00001111011984,001111011984,Kroger,Kroger® Rugged and Reliable Paper Towels Giant Rolls,10 rolls,13.49,,13.49
2026-02-17T11:20:42Z,paper towels,70100171,Bremerton,WA,98311,FRED,00171,0019655708688,0019655708688,00019655708688,019655708688,Core,Core Kitchen Paper Towel Holder,1 ct,8.99,,8.99
2026-02-17T11:20:42Z,paper towels,70100171,Bremerton,WA,98311,FRED,00171,0003600056532,0003600056532,00003600056532,003600056532,Viva,Viva® Signature Cloth™ Paper Towels Double Rolls,6 rolls,14.29,,14.29
2026-02-17T11:20:42Z,paper towels,70100171,Bremerton,WA,98311,FRED,00171,0003600038587,0003600038587,00003600038587,003600038587,Kleenex,"Kleenex® Disposable Paper Hand Towels, 1 Box, 60 Towels per Box",60 count,4.29,,4.29
2026-02-17T11:20:42Z,paper towels,70100171,Bremerton,WA,98311,FRED,00171,0004200044576,0004200044576,00004200044576,004200044576,Brawny,Brawny® Tear-A-Square® 3-Ply Paper Towel Triple Rolls,2 rolls,7.49,,7.49
2026-02-17T11:20:42Z,paper towels,70100171,Bremerton,WA,98311,FRED,00171,0003600056535,0003600056535,00003600056535,003600056535,Viva,Viva Signature Cloth Paper Towels Double Rolls,12 rolls,23.49,,23.49
2026-02-17T11:20:42Z,paper towels,70100171,Bremerton,WA,98311,FRED,00171,0003600052499,0003600052499,00003600052499,003600052499,Viva,Viva Multi-Surface Cloth Paper Towels Double Rolls,8 rolls,16.99,14.49,14.49
2026-02-17T11:20:42Z,paper towels,70100171,Bremerton,WA,98311,FRED,00171,0004200044658,0004200044658,00004200044658,004200044658,Brawny,Brawny® Full Sheet 3-Ply Paper Towel Double Rolls,6 rolls,13.29,11.99,11.99
2026-02-17T11:20:42Z,paper towels,70100171,Bremerton,WA,98311,FRED,00171,0004200044579,0004200044579,00004200044579,004200044579,Brawny,Brawny® Tear-A-Square® 3-Ply Paper Towel Double Rolls,4 rolls,10.29,7.49,7.49
2026-02-17T11:20:42Z,paper towels,70100171,Bremerton,WA,98311,FRED,00171,0001111016086,0001111016086,00001111016086,001111016086,Kroger,Kroger® Rugged + Reliable Paper Towels Double Rolls,4 rolls,7.29,,7.29
2026-02-17T11:20:42Z,paper towels,70100171,Bremerton,WA,98311,FRED,00171,0001111014184,0001111014184,00001111014184,001111014184,Kroger,Kroger® Ultra Paper Towels With Absorbing Power Triple Rolls,2 rolls,6.29,,6.29
2026-02-17T11:20:42Z,paper towels,70100171,Bremerton,WA,98311,FRED,00171,0001111016087,0001111016087,00001111016087,001111016087,Kroger,Kroger® Rugged + Reliable Paper Towels Giant Rolls,10 rolls,13.79,,13.79
2026-02-17T11:20:42Z,paper towels,70100171,Bremerton,WA,98311,FRED,00171,0001111014185,0001111014185,00001111014185,001111014185,Kroger,Kroger® Ultra Paper Towels With Absorbing Power Double Rolls,4 rolls,8.49,,8.49
2026-02-17T11:20:42Z,paper towels,70100171,Bremerton,WA,98311,FRED,00171,0001111016088,0001111016088,00001111016088,001111016088,Kroger,Kroger® Rugged + Reliable Paper Towels Double Plus Rolls BIG DEAL!,12 ct,19.99,,19.99
2026-02-17T11:20:42Z,paper towels,70100171,Bremerton,WA,98311,FRED,00171,0003077216014,0003077216014,00003077216014,003077216014,Bounty,"Bounty Paper Towels Select-A-Size White, 8 Triple Rolls, 123 Sheets Per Roll",8 rolls,26.99,23.99,23.99
2026-02-17T11:20:42Z,paper towels,70100171,Bremerton,WA,98311,FRED,00171,0001111014186,0001111014186,00001111014186,001111014186,Kroger,Kroger® Ultra Paper Towels With Absorbing Power Double Rolls,6 rolls,11.29,,11.29
2026-02-17T11:20:42Z,paper towels,70100171,Bremerton,WA,98311,FRED,00171,0001111014187,0001111014187,00001111014187,001111014187,Kroger,Kroger® Ultra Absorbing Power Paper Towels Triple Rolls,8 ct,19.29,,19.29
2026-02-17T11:20:42Z,paper towels,70100171,Bremerton,WA,98311,FRED,00171,0003077215664,0003077215664,00003077215664,003077215664,Bounty,Bounty Paper Towels Select-A-Size White 12 Double Plus Rolls,12 rolls,30.99,29.99,29.99
2026-02-17T11:20:42Z,paper towels,70100171,Bremerton,WA,98311,FRED,00171,0071981207833,0071981207833,00071981207833,071981207833,Softworks,Softworks Simply Tear Paper Towel Holder,1 ct,29.99,,29.99
2026-02-17T11:20:42Z,paper towels,70100171,Bremerton,WA,98311,FRED,00171,0003040022241,0003040022241,00003040022241,003040022241,Sparkle,Sparkle® Pick-A-Size® Paper Towel Double Rolls,8 rolls,11.99,,11.99
2026-02-17T11:20:42Z,paper towels,70100171,Bremerton,WA,98311,FRED,00171,0003077216071,0003077216071,00003077216071,003077216071,Bounty,Bounty Paper Towels Select-A-Size White 6 Mega Rolls,6 rolls,26.99,23.99,23.99
2026-02-17T11:20:42Z,paper towels,70100171,Bremerton,WA,98311,FRED,00171,0001111010621,0001111010621,00001111010621,001111010621,Kroger,Kroger® Glimmer Select-A-Sheet Paper Towels Double Rolls,2 rolls,2.99,,2.99
2026-02-17T11:20:42Z,paper towels,70100171,Bremerton,WA,98311,FRED,00171,0088877707647,0088877707647,00088877707647,088877707647,SDS for HD Designs,SDS for HD Designs Acacia & Brass Paper Towel Holder,14 in,16.99,11.89,11.89
2026-02-17T11:20:42Z,paper towels,70100171,Bremerton,WA,98311,FRED,00171,0001111012026,0001111012026,00001111012026,001111012026,Kroger,Kroger® Rugged + Reliable Paper Towels Double Plus Rolls BIG DEAL!,12 rolls,19.99,,19.99
2026-02-17T11:20:42Z,paper towels,70100171,Bremerton,WA,98311,FRED,00171,0073291313722,0073291313722,00073291313722,073291313722,Seventh Generation,Seventh Generation 100% Recycled Paper Jumbo Paper Towels,1 roll / 156 ct,4.79,,4.79
2026-02-17T11:20:42Z,paper towels,70100171,Bremerton,WA,98311,FRED,00171,0004200044588,0004200044588,00004200044588,004200044588,Brawny,Brawny® Tear-A-Square® 3-Ply Paper Towel Double Rolls,6 rolls,13.29,11.99,11.99
2026-02-17T11:20:42Z,paper towels,70100171,Bremerton,WA,98311,FRED,00171,0003077215703,0003077215703,00003077215703,003077215703,Bounty,Bounty Paper Towels Select-A-Size White 6 Double Rolls,6 rolls,14.99,,14.99
2026-02-17T11:20:42Z,paper towels,70100171,Bremerton,WA,98311,FRED,00171,0071981261343,0071981261343,00071981261343,071981261343,Softworks,Softworks Steady Paper Towel Holder,1 ct,25.99,,25.99
2026-02-17T11:20:42Z,paper towels,70100171,Bremerton,WA,98311,FRED,00171,0004200044600,0004200044600,00004200044600,004200044600,Brawny,Brawny® Tear-A-Square® 3-Ply Paper Towel Double Rolls,8 rolls,16.79,16.29,16.29
2026-02-17T11:20:42Z,paper towels,70100028,Burien,WA,98168,FRED,00028,0003077215712,0003077215712,00003077215712,003077215712,Bounty,Bounty Paper Towels Select-A-Size White 4 Double Rolls,4 rolls,11.29,,11.29
2026-02-17T11:20:42Z,paper towels,70100028,Burien,WA,98168,FRED,00028,0003077216009,0003077216009,00003077216009,003077216009,Bounty,Bounty Paper Towels Select-A-Size White 4 Triple Rolls,4 rolls,14.99,,14.99
2026-02-17T11:20:42Z,paper towels,70100028,Burien,WA,98168,FRED,00028,0003600049413,0003600049413,00003600049413,003600049413,Viva,Viva® Multi-Surface Cloth™ Paper Towels Single Rolls,6 rolls,12.49,10.99,10.99
2026-02-17T11:20:42Z,paper towels,70100028,Burien,WA,98168,FRED,00028,0003040022272,0003040022272,00003040022272,003040022272,Sparkle,Sparkle® Tear-A-Square® Customizable Sheet Size Paper Towels Double Rolls,2 rolls,3.79,,3.79
2026-02-17T11:20:42Z,paper towels,70100028,Burien,WA,98168,FRED,00028,0005400075130,0005400075130,00005400075130,005400075130,Scott,Scott® Original Multipurpose Shop Towels - Blue,55ct,3.99,,3.99
2026-02-17T11:20:42Z,paper towels,70100028,Burien,WA,98168,FRED,00028,0003077216021,0003077216021,00003077216021,003077216021,Bounty,Bounty Paper Towels Full Sheet White 6 Double Rolls,6 rolls,14.99,,14.99
2026-02-17T11:20:42Z,paper towels,70100028,Burien,WA,98168,FRED,00028,0003077216020,0003077216020,00003077216020,003077216020,Bounty,Bounty Paper Towels Select-A-Size White 6 Triple Rolls,6 rolls,21.99,19.99,19.99
2026-02-17T11:20:42Z,paper towels,70100028,Burien,WA,98168,FRED,00028,0003077216042,0003077216042,00003077216042,003077216042,Bounty,Bounty Paper Towels Select-A-Size White 2 Triple Rolls,2 rolls,7.99,,7.99
2026-02-17T11:20:42Z,paper towels,70100028,Burien,WA,98168,FRED,00028,0003040022276,0003040022276,00003040022276,003040022276,Sparkle,Sparkle® Tear-A-Square® Paper Towel Double Rolls,6 rolls,9.29,7.49,7.49
2026-02-17T11:20:42Z,paper towels,70100028,Burien,WA,98168,FRED,00028,0003077219274,0003077219274,00003077219274,003077219274,Bounty,Bounty Paper Towels Select-A-Size White 8 Double Plus Rolls,8 rolls,21.49,,21.49
2026-02-17T11:20:42Z,paper towels,70100028,Burien,WA,98168,FRED,00028,0076427177011,0076427177011,00076427177011,076427177011,Oggi,OGGI Wallmount Paper Towel Holder,1 ct,11.99,,11.99
2026-02-17T11:20:42Z,paper towels,70100028,Burien,WA,98168,FRED,00028,0076427107702,0076427107702,00076427107702,076427107702,OGGI,OGGI Stainless Steel Paper Towel Holder,1 ct,17.99,,17.99
2026-02-17T11:20:42Z,paper towels,70100028,Burien,WA,98168,FRED,00028,0073291313737,0073291313737,00073291313737,073291313737,Seventh Generation,Seventh Generation Unbleached Chlorine Free Paper Towel Rolls,6 rolls,21.99,,21.99
2026-02-17T11:20:42Z,paper towels,70100028,Burien,WA,98168,FRED,00028,0001111011984,0001111011984,00001111011984,001111011984,Kroger,Kroger® Rugged and Reliable Paper Towels Giant Rolls,10 rolls,13.49,,13.49
2026-02-17T11:20:42Z,paper towels,70100028,Burien,WA,98168,FRED,00028,0019655708688,0019655708688,00019655708688,019655708688,Core,Core Kitchen Paper Towel Holder,1 ct,8.99,,8.99
2026-02-17T11:20:42Z,paper towels,70100028,Burien,WA,98168,FRED,00028,0003600038587,0003600038587,00003600038587,003600038587,Kleenex,"Kleenex® Disposable Paper Hand Towels, 1 Box, 60 Towels per Box",60 count,4.29,,4.29
2026-02-17T11:20:42Z,paper towels,70100028,Burien,WA,98168,FRED,00028,0003600056532,0003600056532,00003600056532,003600056532,Viva,Viva® Signature Cloth™ Paper Towels Double Rolls,6 rolls,14.29,,14.29
2026-02-17T11:20:42Z,paper towels,70100028,Burien,WA,98168,FRED,00028,0004200044576,0004200044576,00004200044576,004200044576,Brawny,Brawny® Tear-A-Square® 3-Ply Paper Towel Triple Rolls,2 rolls,7.49,,7.49
2026-02-17T11:20:42Z,paper towels,70100028,Burien,WA,98168,FRED,00028,0003600056535,0003600056535,00003600056535,003600056535,Viva,Viva Signature Cloth Paper Towels Double Rolls,12 rolls,23.49,,23.49
2026-02-17T11:20:42Z,paper towels,70100028,Burien,WA,98168,FRED,00028,0003600052499,0003600052499,00003600052499,003600052499,Viva,Viva Multi-Surface Cloth Paper Towels Double Rolls,8 rolls,16.99,14.49,14.49
2026-02-17T11:20:42Z,paper towels,70100028,Burien,WA,98168,FRED,00028,0004200044658,0004200044658,00004200044658,004200044658,Brawny,Brawny® Full Sheet 3-Ply Paper Towel Double Rolls,6 rolls,13.29,11.99,11.99
2026-02-17T11:20:42Z,paper towels,70100028,Burien,WA,98168,FRED,00028,0004200044579,0004200044579,00004200044579,004200044579,Brawny,Brawny® Tear-A-Square® 3-Ply Paper Towel Double Rolls,4 rolls,10.29,7.49,7.49
2026-02-17T11:20:42Z,paper towels,70100028,Burien,WA,98168,FRED,00028,0001111016086,0001111016086,00001111016086,001111016086,Kroger,Kroger® Rugged + Reliable Paper Towels Double Rolls,4 rolls,7.29,,7.29
2026-02-17T11:20:42Z,paper towels,70100028,Burien,WA,98168,FRED,00028,0001111014184,0001111014184,00001111014184,001111014184,Kroger,Kroger® Ultra Paper Towels With Absorbing Power Triple Rolls,2 rolls,6.29,,6.29
2026-02-17T11:20:42Z,paper towels,70100028,Burien,WA,98168,FRED,00028,0001111016087,0001111016087,00001111016087,001111016087,Kroger,Kroger® Rugged + Reliable Paper Towels Giant Rolls,10 rolls,13.79,,13.79
2026-02-17T11:20:42Z,paper towels,70100028,Burien,WA,98168,FRED,00028,0001111016088,0001111016088,00001111016088,001111016088,Kroger,Kroger® Rugged + Reliable Paper Towels Double Plus Rolls BIG DEAL!,12 ct,19.99,,19.99
2026-02-17T11:20:42Z,paper towels,70100028,Burien,WA,98168,FRED,00028,0001111014185,0001111014185,00001111014185,001111014185,Kroger,Kroger® Ultra Paper Towels With Absorbing Power Double Rolls,4 rolls,8.49,,8.49
2026-02-17T11:20:42Z,paper towels,70100028,Burien,WA,98168,FRED,00028,0003077216014,0003077216014,00003077216014,003077216014,Bounty,"Bounty Paper Towels Select-A-Size White, 8 Triple Rolls, 123 Sheets Per Roll",8 rolls,26.99,23.99,23.99
2026-02-17T11:20:42Z,paper towels,70100028,Burien,WA,98168,FRED,00028,0001111014186,0001111014186,00001111014186,001111014186,Kroger,Kroger® Ultra Paper Towels With Absorbing Power Double Rolls,6 rolls,11.29,,11.29
2026-02-17T11:20:42Z,paper towels,70100028,Burien,WA,98168,FRED,00028,0001111014187,0001111014187,00001111014187,001111014187,Kroger,Kroger® Ultra Absorbing Power Paper Towels Triple Rolls,8 ct,19.29,,19.29
2026-02-17T11:20:42Z,paper towels,70100028,Burien,WA,98168,FRED,00028,0003077215664,0003077215664,00003077215664,003077215664,Bounty,Bounty Paper Towels Select-A-Size White 12 Double Plus Rolls,12 rolls,30.99,29.99,29.99
2026-02-17T11:20:42Z,paper towels,70100028,Burien,WA,98168,FRED,00028,0071981207833,0071981207833,00071981207833,071981207833,Softworks,Softworks Simply Tear Paper Towel Holder,1 ct,29.99,,29.99
2026-02-17T11:20:42Z,paper towels,70100028,Burien,WA,98168,FRED,00028,0003040022241,0003040022241,00003040022241,003040022241,Sparkle,Sparkle® Pick-A-Size® Paper Towel Double Rolls,8 rolls,11.99,,11.99
2026-02-17T11:20:42Z,paper towels,70100028,Burien,WA,98168,FRED,00028,0003077216071,0003077216071,00003077216071,003077216071,Bounty,Bounty Paper Towels Select-A-Size White 6 Mega Rolls,6 rolls,26.99,23.99,23.99
2026-02-17T11:20:42Z,paper towels,70100028,Burien,WA,98168,FRED,00028,0001111010621,0001111010621,00001111010621,001111010621,Kroger,Kroger® Glimmer Select-A-Sheet Paper Towels Double Rolls,2 rolls,2.99,,2.99
2026-02-17T11:20:42Z,paper towels,70100028,Burien,WA,98168,FRED,00028,0003600055195,0003600055195,00003600055195,003600055195,Scott,Scott® On-The-Go™ Pop-Up!® Cloths,70 ct,5.99,,5.99
2026-02-17T11:20:42Z,paper towels,70100028,Burien,WA,98168,FRED,00028,0088877707647,0088877707647,00088877707647,088877707647,SDS for HD Designs,SDS for HD Designs Acacia & Brass Paper Towel Holder,14 in,16.99,11.89,11.89
2026-02-17T11:20:42Z,paper towels,70100028,Burien,WA,98168,FRED,00028,0001111013577,0001111013577,00001111013577,001111013577,Kroger,Kroger® Rugged + Reliable Paper Towels Double Rolls,4 rolls,7.29,,7.29
2026-02-17T11:20:42Z,paper towels,70100028,Burien,WA,98168,FRED,00028,0001111012026,0001111012026,00001111012026,001111012026,Kroger,Kroger® Rugged + Reliable Paper Towels Double Plus Rolls BIG DEAL!,12 rolls,19.99,,19.99
2026-02-17T11:20:42Z,paper towels,70100028,Burien,WA,98168,FRED,00028,0073291313722,0073291313722,00073291313722,073291313722,Seventh Generation,Seventh Generation 100% Recycled Paper Jumbo Paper Towels,1 roll / 156 ct,4.79,,4.79
2026-02-17T11:20:42Z,paper towels,70100028,Burien,WA,98168,FRED,00028,0004200044588,0004200044588,00004200044588,004200044588,Brawny,Brawny® Tear-A-Square® 3-Ply Paper Towel Double Rolls,6 rolls,13.29,11.99,11.99
2026-02-17T11:20:42Z,paper towels,70100028,Burien,WA,98168,FRED,00028,0003077215703,0003077215703,00003077215703,003077215703,Bounty,Bounty Paper Towels Select-A-Size White 6 Double Rolls,6 rolls,14.99,,14.99
2026-02-17T11:20:42Z,paper towels,70100028,Burien,WA,98168,FRED,00028,0071981261343,0071981261343,00071981261343,071981261343,Softworks,Softworks Steady Paper Towel Holder,1 ct,25.99,,25.99
2026-02-17T11:20:42Z,paper towels,70100028,Burien,WA,98168,FRED,00028,0004200044600,0004200044600,00004200044600,004200044600,Brawny,Brawny® Tear-A-Square® 3-Ply Paper Towel Double Rolls,8 rolls,16.79,16.29,16.29
2026-02-17T11:20:42Z,paper towels,70100024,Burlington,WA,98233,FRED,00024,0003600049413,0003600049413,00003600049413,003600049413,Viva,Viva® Multi-Surface Cloth™ Paper Towels Single Rolls,6 rolls,12.29,10.79,10.79
2026-02-17T11:20:42Z,paper towels,70100024,Burlington,WA,98233,FRED,00024,0003077216009,0003077216009,00003077216009,003077216009,Bounty,Bounty Paper Towels Select-A-Size White 4 Triple Rolls,4 rolls,14.99,,14.99
2026-02-17T11:20:42Z,paper towels,70100024,Burlington,WA,98233,FRED,00024,0003077215712,0003077215712,00003077215712,003077215712,Bounty,Bounty Paper Towels Select-A-Size White 4 Double Rolls,4 rolls,10.99,,10.99
2026-02-17T11:20:42Z,paper towels,70100024,Burlington,WA,98233,FRED,00024,0003040022272,0003040022272,00003040022272,003040022272,Sparkle,Sparkle® Tear-A-Square® Customizable Sheet Size Paper Towels Double Rolls,2 rolls,3.69,,3.69
2026-02-17T11:20:42Z,paper towels,70100024,Burlington,WA,98233,FRED,00024,0005400075130,0005400075130,00005400075130,005400075130,Scott,Scott® Original Multipurpose Shop Towels - Blue,55ct,3.99,,3.99
2026-02-17T11:20:42Z,paper towels,70100024,Burlington,WA,98233,FRED,00024,0003077216021,0003077216021,00003077216021,003077216021,Bounty,Bounty Paper Towels Full Sheet White 6 Double Rolls,6 rolls,14.99,,14.99
2026-02-17T11:20:42Z,paper towels,70100024,Burlington,WA,98233,FRED,00024,0003077216020,0003077216020,00003077216020,003077216020,Bounty,Bounty Paper Towels Select-A-Size White 6 Triple Rolls,6 rolls,21.49,19.49,19.49
2026-02-17T11:20:42Z,paper towels,70100024,Burlington,WA,98233,FRED,00024,0003077216042,0003077216042,00003077216042,003077216042,Bounty,Bounty Paper Towels Select-A-Size White 2 Triple Rolls,2 rolls,7.99,,7.99
2026-02-17T11:20:42Z,paper towels,70100024,Burlington,WA,98233,FRED,00024,0003040022276,0003040022276,00003040022276,003040022276,Sparkle,Sparkle® Tear-A-Square® Paper Towel Double Rolls,6 rolls,8.99,7.49,7.49
2026-02-17T11:20:42Z,paper towels,70100024,Burlington,WA,98233,FRED,00024,0003077219274,0003077219274,00003077219274,003077219274,Bounty,Bounty Paper Towels Select-A-Size White 8 Double Plus Rolls,8 rolls,20.99,,20.99
2026-02-17T11:20:42Z,paper towels,70100024,Burlington,WA,98233,FRED,00024,0006366836203,0006366836203,00006366836203,006366836203,Green Forest,Green Forest 100% Recycled Size-Your-Own Paper Towels,3 pk,6.29,,6.29
2026-02-17T11:20:42Z,paper towels,70100024,Burlington,WA,98233,FRED,00024,0076427177011,0076427177011,00076427177011,076427177011,Oggi,OGGI Wallmount Paper Towel Holder,1 ct,11.99,,11.99
2026-02-17T11:20:42Z,paper towels,70100024,Burlington,WA,98233,FRED,00024,0076427107702,0076427107702,00076427107702,076427107702,OGGI,OGGI Stainless Steel Paper Towel Holder,1 ct,17.99,,17.99
2026-02-17T11:20:42Z,paper towels,70100024,Burlington,WA,98233,FRED,00024,0086001113901,0086001113901,00086001113901,086001113901,Reel,Reel® Premium Bamboo Paper Towels,6 ct,19.29,,19.29
2026-02-17T11:20:42Z,paper towels,70100024,Burlington,WA,98233,FRED,00024,0086001113900,0086001113900,00086001113900,086001113900,Reel,Reel® Premium Bamboo Paper Towel Triple Rolls,2 rolls,7.99,,7.99
2026-02-17T11:20:42Z,paper towels,70100024,Burlington,WA,98233,FRED,00024,0001111011984,0001111011984,00001111011984,001111011984,Kroger,Kroger® Rugged and Reliable Paper Towels Giant Rolls,10 rolls,13.49,,13.49
2026-02-17T11:20:42Z,paper towels,70100024,Burlington,WA,98233,FRED,00024,0073291313737,0073291313737,00073291313737,073291313737,Seventh Generation,Seventh Generation Unbleached Chlorine Free Paper Towel Rolls,6 rolls,21.99,,21.99
2026-02-17T11:20:42Z,paper towels,70100024,Burlington,WA,98233,FRED,00024,0019655708688,0019655708688,00019655708688,019655708688,Core,Core Kitchen Paper Towel Holder,1 ct,8.99,,8.99
2026-02-17T11:20:42Z,paper towels,70100024,Burlington,WA,98233,FRED,00024,0003600038587,0003600038587,00003600038587,003600038587,Kleenex,"Kleenex® Disposable Paper Hand Towels, 1 Box, 60 Towels per Box",60 count,4.19,,4.19
2026-02-17T11:20:42Z,paper towels,70100024,Burlington,WA,98233,FRED,00024,0003600056532,0003600056532,00003600056532,003600056532,Viva,Viva® Signature Cloth™ Paper Towels Double Rolls,6 rolls,14.29,,14.29
2026-02-17T11:20:42Z,paper towels,70100024,Burlington,WA,98233,FRED,00024,0004200044576,0004200044576,00004200044576,004200044576,Brawny,Brawny® Tear-A-Square® 3-Ply Paper Towel Triple Rolls,2 rolls,7.49,,7.49
2026-02-17T11:20:42Z,paper towels,70100024,Burlington,WA,98233,FRED,00024,0003600056535,0003600056535,00003600056535,003600056535,Viva,Viva Signature Cloth Paper Towels Double Rolls,12 rolls,23.49,,23.49
2026-02-17T11:20:42Z,paper towels,70100024,Burlington,WA,98233,FRED,00024,0003600052499,0003600052499,00003600052499,003600052499,Viva,Viva Multi-Surface Cloth Paper Towels Double Rolls,8 rolls,16.79,14.49,14.49
2026-02-17T11:20:42Z,paper towels,70100024,Burlington,WA,98233,FRED,00024,0004200044658,0004200044658,00004200044658,004200044658,Brawny,Brawny® Full Sheet 3-Ply Paper Towel Double Rolls,6 rolls,12.99,11.99,11.99
2026-02-17T11:20:42Z,paper towels,70100024,Burlington,WA,98233,FRED,00024,0004200044579,0004200044579,00004200044579,004200044579,Brawny,Brawny® Tear-A-Square® 3-Ply Paper Towel Double Rolls,4 rolls,9.99,7.49,7.49
2026-02-17T11:20:42Z,paper towels,70100024,Burlington,WA,98233,FRED,00024,0001111016086,0001111016086,00001111016086,001111016086,Kroger,Kroger® Rugged + Reliable Paper Towels Double Rolls,4 rolls,7.29,,7.29
2026-02-17T11:20:42Z,paper towels,70100024,Burlington,WA,98233,FRED,00024,0001111016087,0001111016087,00001111016087,001111016087,Kroger,Kroger® Rugged + Reliable Paper Towels Giant Rolls,10 rolls,13.49,,13.49
2026-02-17T11:20:42Z,paper towels,70100024,Burlington,WA,98233,FRED,00024,0001111014184,0001111014184,00001111014184,001111014184,Kroger,Kroger® Ultra Paper Towels With Absorbing Power Triple Rolls,2 rolls,6.29,,6.29
2026-02-17T11:20:42Z,paper towels,70100024,Burlington,WA,98233,FRED,00024,0001111014185,0001111014185,00001111014185,001111014185,Kroger,Kroger® Ultra Paper Towels With Absorbing Power Double Rolls,4 rolls,8.29,,8.29
2026-02-17T11:20:42Z,paper towels,70100024,Burlington,WA,98233,FRED,00024,0001111016088,0001111016088,00001111016088,001111016088,Kroger,Kroger® Rugged + Reliable Paper Towels Double Plus Rolls BIG DEAL!,12 ct,19.99,,19.99
2026-02-17T11:20:42Z,paper towels,70100024,Burlington,WA,98233,FRED,00024,0003077216014,0003077216014,00003077216014,003077216014,Bounty,"Bounty Paper Towels Select-A-Size White, 8 Triple Rolls, 123 Sheets Per Roll",8 rolls,26.99,23.99,23.99
2026-02-17T11:20:42Z,paper towels,70100024,Burlington,WA,98233,FRED,00024,0001111014186,0001111014186,00001111014186,001111014186,Kroger,Kroger® Ultra Paper Towels With Absorbing Power Double Rolls,6 rolls,10.99,,10.99
2026-02-17T11:20:42Z,paper towels,70100024,Burlington,WA,98233,FRED,00024,0001111014187,0001111014187,00001111014187,001111014187,Kroger,Kroger® Ultra Absorbing Power Paper Towels Triple Rolls,8 ct,18.99,,18.99
2026-02-17T11:20:42Z,paper towels,70100024,Burlington,WA,98233,FRED,00024,0003077215664,0003077215664,00003077215664,003077215664,Bounty,Bounty Paper Towels Select-A-Size White 12 Double Plus Rolls,12 rolls,29.99,,29.99
2026-02-17T11:20:42Z,paper towels,70100024,Burlington,WA,98233,FRED,00024,0071981207833,0071981207833,00071981207833,071981207833,Softworks,Softworks Simply Tear Paper Towel Holder,1 ct,29.99,,29.99
2026-02-17T11:20:42Z,paper towels,70100024,Burlington,WA,98233,FRED,00024,0003040022241,0003040022241,00003040022241,003040022241,Sparkle,Sparkle® Pick-A-Size® Paper Towel Double Rolls,8 rolls,11.79,,11.79
2026-02-17T11:20:42Z,paper towels,70100024,Burlington,WA,98233,FRED,00024,0003077216071,0003077216071,00003077216071,003077216071,Bounty,Bounty Paper Towels Select-A-Size White 6 Mega Rolls,6 rolls,26.99,23.99,23.99
2026-02-17T11:20:42Z,paper towels,70100024,Burlington,WA,98233,FRED,00024,0001111010621,0001111010621,00001111010621,001111010621,Kroger,Kroger® Glimmer Select-A-Sheet Paper Towels Double Rolls,2 rolls,2.99,,2.99
2026-02-17T11:20:42Z,paper towels,70100024,Burlington,WA,98233,FRED,00024,0003600055195,0003600055195,00003600055195,003600055195,Scott,Scott® On-The-Go™ Pop-Up!® Cloths,70 ct,5.99,,5.99
2026-02-17T11:20:42Z,paper towels,70100024,Burlington,WA,98233,FRED,00024,0088877707647,0088877707647,00088877707647,088877707647,SDS for HD Designs,SDS for HD Designs Acacia & Brass Paper Towel Holder,14 in,16.99,11.89,11.89
2026-02-17T11:20:42Z,paper towels,70100024,Burlington,WA,98233,FRED,00024,0001111012026,0001111012026,00001111012026,001111012026,Kroger,Kroger® Rugged + Reliable Paper Towels Double Plus Rolls BIG DEAL!,12 rolls,19.99,,19.99
2026-02-17T11:20:42Z,paper towels,70100024,Burlington,WA,98233,FRED,00024,0073291313722,0073291313722,00073291313722,073291313722,Seventh Generation,Seventh Generation 100% Recycled Paper Jumbo Paper Towels,1 roll / 156 ct,4.79,,4.79
2026-02-17T11:20:42Z,paper towels,70100024,Burlington,WA,98233,FRED,00024,0004200044588,0004200044588,00004200044588,004200044588,Brawny,Brawny® Tear-A-Square® 3-Ply Paper Towel Double Rolls,6 rolls,12.99,11.99,11.99
2026-02-17T11:20:42Z,paper towels,70100024,Burlington,WA,98233,FRED,00024,0003077215703,0003077215703,00003077215703,003077215703,Bounty,Bounty Paper Towels Select-A-Size White 6 Double Rolls,6 rolls,14.99,,14.99
2026-02-17T11:20:42Z,paper towels,70100024,Burlington,WA,98233,FRED,00024,0071981261343,0071981261343,00071981261343,071981261343,Softworks,Softworks Steady Paper Towel Holder,1 ct,25.99,,25.99
2026-02-17T11:20:42Z,paper towels,70100024,Burlington,WA,98233,FRED,00024,0004200044600,0004200044600,00004200044600,004200044600,Brawny,Brawny® Tear-A-Square® 3-Ply Paper Towel Double Rolls,8 rolls,16.49,15.99,15.99
2026-02-17T11:20:42Z,paper towels,70100053,Covington,WA,98042,FRED,00053,0003600049413,0003600049413,00003600049413,003600049413,Viva,Viva® Multi-Surface Cloth™ Paper Towels Single Rolls,6 rolls,12.49,10.99,10.99
2026-02-17T11:20:42Z,paper towels,70100053,Covington,WA,98042,FRED,00053,0003077216009,0003077216009,00003077216009,003077216009,Bounty,Bounty Paper Towels Select-A-Size White 4 Triple Rolls,4 rolls,14.99,,14.99
2026-02-17T11:20:42Z,paper towels,70100053,Covington,WA,98042,FRED,00053,0003077215712,0003077215712,00003077215712,003077215712,Bounty,Bounty Paper Towels Select-A-Size White 4 Double Rolls,4 rolls,11.29,,11.29
2026-02-17T11:20:42Z,paper towels,70100053,Covington,WA,98042,FRED,00053,0005400075130,0005400075130,00005400075130,005400075130,Scott,Scott® Original Multipurpose Shop Towels - Blue,55ct,3.99,,3.99
2026-02-17T11:20:42Z,paper towels,70100053,Covington,WA,98042,FRED,00053,0003040022272,0003040022272,00003040022272,003040022272,Sparkle,Sparkle® Tear-A-Square® Customizable Sheet Size Paper Towels Double Rolls,2 rolls,3.79,,3.79
2026-02-17T11:20:42Z,paper towels,70100053,Covington,WA,98042,FRED,00053,0003077216021,0003077216021,00003077216021,003077216021,Bounty,Bounty Paper Towels Full Sheet White 6 Double Rolls,6 rolls,14.99,,14.99
2026-02-17T11:20:42Z,paper towels,70100053,Covington,WA,98042,FRED,00053,0003077216042,0003077216042,00003077216042,003077216042,Bounty,Bounty Paper Towels Select-A-Size White 2 Triple Rolls,2 rolls,7.99,,7.99
2026-02-17T11:20:42Z,paper towels,70100053,Covington,WA,98042,FRED,00053,0003077216020,0003077216020,00003077216020,003077216020,Bounty,Bounty Paper Towels Select-A-Size White 6 Triple Rolls,6 rolls,21.99,19.99,19.99
2026-02-17T11:20:42Z,paper towels,70100053,Covington,WA,98042,FRED,00053,0003040022276,0003040022276,00003040022276,003040022276,Sparkle,Sparkle® Tear-A-Square® Paper Towel Double Rolls,6 rolls,9.29,7.49,7.49
2026-02-17T11:20:42Z,paper towels,70100053,Covington,WA,98042,FRED,00053,0003077219274,0003077219274,00003077219274,003077219274,Bounty,Bounty Paper Towels Select-A-Size White 8 Double Plus Rolls,8 rolls,21.49,,21.49
2026-02-17T11:20:42Z,paper towels,70100053,Covington,WA,98042,FRED,00053,0006366836203,0006366836203,00006366836203,006366836203,Green Forest,Green Forest 100% Recycled Size-Your-Own Paper Towels,3 pk,6.29,,6.29
2026-02-17T11:20:42Z,paper towels,70100053,Covington,WA,98042,FRED,00053,0076427177011,0076427177011,00076427177011,076427177011,Oggi,OGGI Wallmount Paper Towel Holder,1 ct,11.99,,11.99
2026-02-17T11:20:42Z,paper towels,70100053,Covington,WA,98042,FRED,00053,0076427107702,0076427107702,00076427107702,076427107702,OGGI,OGGI Stainless Steel Paper Towel Holder,1 ct,17.99,,17.99
2026-02-17T11:20:42Z,paper towels,70100053,Covington,WA,98042,FRED,00053,0086001113901,0086001113901,00086001113901,086001113901,Reel,Reel® Premium Bamboo Paper Towels,6 ct,19.49,,19.49
2026-02-17T11:20:42Z,paper towels,70100053,Covington,WA,98042,FRED,00053,0086001113900,0086001113900,00086001113900,086001113900,Reel,Reel® Premium Bamboo Paper Towel Triple Rolls,2 rolls,7.99,,7.99
2026-02-17T11:20:42Z,paper towels,70100053,Covington,WA,98042,FRED,00053,0073291313737,0073291313737,00073291313737,073291313737,Seventh Generation,Seventh Generation Unbleached Chlorine Free Paper Towel Rolls,6 rolls,21.99,,21.99
2026-02-17T11:20:42Z,paper towels,70100053,Covington,WA,98042,FRED,00053,0001111011984,0001111011984,00001111011984,001111011984,Kroger,Kroger® Rugged and Reliable Paper Towels Giant Rolls,10 rolls,13.49,,13.49
2026-02-17T11:20:42Z,paper towels,70100053,Covington,WA,98042,FRED,00053,0019655708688,0019655708688,00019655708688,019655708688,Core,Core Kitchen Paper Towel Holder,1 ct,8.99,,8.99
2026-02-17T11:20:42Z,paper towels,70100053,Covington,WA,98042,FRED,00053,0003600038587,0003600038587,00003600038587,003600038587,Kleenex,"Kleenex® Disposable Paper Hand Towels, 1 Box, 60 Towels per Box",60 count,4.29,,4.29
2026-02-17T11:20:42Z,paper towels,70100053,Covington,WA,98042,FRED,00053,0003600056532,0003600056532,00003600056532,003600056532,Viva,Viva® Signature Cloth™ Paper Towels Double Rolls,6 rolls,14.29,,14.29
2026-02-17T11:20:42Z,paper towels,70100053,Covington,WA,98042,FRED,00053,0004200044576,0004200044576,00004200044576,004200044576,Brawny,Brawny® Tear-A-Square® 3-Ply Paper Towel Triple Rolls,2 rolls,7.49,,7.49
2026-02-17T11:20:42Z,paper towels,70100053,Covington,WA,98042,FRED,00053,0003600056535,0003600056535,00003600056535,003600056535,Viva,Viva Signature Cloth Paper Towels Double Rolls,12 rolls,23.49,,23.49
2026-02-17T11:20:42Z,paper towels,70100053,Covington,WA,98042,FRED,00053,0003600052499,0003600052499,00003600052499,003600052499,Viva,Viva Multi-Surface Cloth Paper Towels Double Rolls,8 rolls,16.99,14.49,14.49
2026-02-17T11:20:42Z,paper towels,70100053,Covington,WA,98042,FRED,00053,0004200044658,0004200044658,00004200044658,004200044658,Brawny,Brawny® Full Sheet 3-Ply Paper Towel Double Rolls,6 rolls,13.29,11.99,11.99
2026-02-17T11:20:42Z,paper towels,70100053,Covington,WA,98042,FRED,00053,0004200044579,0004200044579,00004200044579,004200044579,Brawny,Brawny® Tear-A-Square® 3-Ply Paper Towel Double Rolls,4 rolls,10.29,7.49,7.49
2026-02-17T11:20:42Z,paper towels,70100053,Covington,WA,98042,FRED,00053,0001111016086,0001111016086,00001111016086,001111016086,Kroger,Kroger® Rugged + Reliable Paper Towels Double Rolls,4 rolls,7.29,,7.29
2026-02-17T11:20:42Z,paper towels,70100053,Covington,WA,98042,FRED,00053,0001111014184,0001111014184,00001111014184,001111014184,Kroger,Kroger® Ultra Paper Towels With Absorbing Power Triple Rolls,2 rolls,6.29,,6.29
2026-02-17T11:20:42Z,paper towels,70100053,Covington,WA,98042,FRED,00053,0001111016087,0001111016087,00001111016087,001111016087,Kroger,Kroger® Rugged + Reliable Paper Towels Giant Rolls,10 rolls,13.79,,13.79
2026-02-17T11:20:42Z,paper towels,70100053,Covington,WA,98042,FRED,00053,0001111016088,0001111016088,00001111016088,001111016088,Kroger,Kroger® Rugged + Reliable Paper Towels Double Plus Rolls BIG DEAL!,12 ct,19.99,,19.99
2026-02-17T11:20:42Z,paper towels,70100053,Covington,WA,98042,FRED,00053,0001111014185,0001111014185,00001111014185,001111014185,Kroger,Kroger® Ultra Paper Towels With Absorbing Power Double Rolls,4 rolls,8.49,,8.49
2026-02-17T11:20:42Z,paper towels,70100053,Covington,WA,98042,FRED,00053,0001111014186,0001111014186,00001111014186,001111014186,Kroger,Kroger® Ultra Paper Towels With Absorbing Power Double Rolls,6 rolls,11.29,,11.29
2026-02-17T11:20:42Z,paper towels,70100053,Covington,WA,98042,FRED,00053,0003077216014,0003077216014,00003077216014,003077216014,Bounty,"Bounty Paper Towels Select-A-Size White, 8 Triple Rolls, 123 Sheets Per Roll",8 rolls,26.99,23.99,23.99
2026-02-17T11:20:42Z,paper towels,70100053,Covington,WA,98042,FRED,00053,0001111014187,0001111014187,00001111014187,001111014187,Kroger,Kroger® Ultra Absorbing Power Paper Towels Triple Rolls,8 ct,19.29,,19.29
2026-02-17T11:20:42Z,paper towels,70100053,Covington,WA,98042,FRED,00053,0003077215664,0003077215664,00003077215664,003077215664,Bounty,Bounty Paper Towels Select-A-Size White 12 Double Plus Rolls,12 rolls,30.99,29.99,29.99
2026-02-17T11:20:42Z,paper towels,70100053,Covington,WA,98042,FRED,00053,0071981207833,0071981207833,00071981207833,071981207833,Softworks,Softworks Simply Tear Paper Towel Holder,1 ct,29.99,,29.99
2026-02-17T11:20:42Z,paper towels,70100053,Covington,WA,98042,FRED,00053,0003040022241,0003040022241,00003040022241,003040022241,Sparkle,Sparkle® Pick-A-Size® Paper Towel Double Rolls,8 rolls,11.99,,11.99
2026-02-17T11:20:42Z,paper towels,70100053,Covington,WA,98042,FRED,00053,0003077216071,0003077216071,00003077216071,003077216071,Bounty,Bounty Paper Towels Select-A-Size White 6 Mega Rolls,6 rolls,26.99,23.99,23.99
2026-02-17T11:20:42Z,paper towels,70100053,Covington,WA,98042,FRED,00053,0001111010621,0001111010621,00001111010621,001111010621,Kroger,Kroger® Glimmer Select-A-Sheet Paper Towels Double Rolls,2 rolls,2.99,,2.99
2026-02-17T11:20:42Z,paper towels,70100053,Covington,WA,98042,FRED,00053,0088877707647,0088877707647,00088877707647,088877707647,SDS for HD Designs,SDS for HD Designs Acacia & Brass Paper Towel Holder,14 in,16.99,11.89,11.89
2026-02-17T11:20:42Z,paper towels,70100053,Covington,WA,98042,FRED,00053,0001111012026,0001111012026,00001111012026,001111012026,Kroger,Kroger® Rugged + Reliable Paper Towels Double Plus Rolls BIG DEAL!,12 rolls,19.99,,19.99
2026-02-17T11:20:42Z,paper towels,70100053,Covington,WA,98042,FRED,00053,0001111013577,0001111013577,00001111013577,001111013577,Kroger,Kroger® Rugged + Reliable Paper Towels Double Rolls,4 rolls,7.29,,7.29
2026-02-17T11:20:42Z,paper towels,70100053,Covington,WA,98042,FRED,00053,0073291313722,0073291313722,00073291313722,073291313722,Seventh Generation,Seventh Generation 100% Recycled Paper Jumbo Paper Towels,1 roll / 156 ct,4.79,,4.79
2026-02-17T11:20:42Z,paper towels,70100053,Covington,WA,98042,FRED,00053,0004200044588,0004200044588,00004200044588,004200044588,Brawny,Brawny® Tear-A-Square® 3-Ply Paper Towel Double Rolls,6 rolls,13.29,11.99,11.99
2026-02-17T11:20:42Z,paper towels,70100053,Covington,WA,98042,FRED,00053,0003077215703,0003077215703,00003077215703,003077215703,Bounty,Bounty Paper Towels Select-A-Size White 6 Double Rolls,6 rolls,14.99,,14.99
2026-02-17T11:20:42Z,paper towels,70100053,Covington,WA,98042,FRED,00053,0071981261343,0071981261343,00071981261343,071981261343,Softworks,Softworks Steady Paper Towel Holder,1 ct,25.99,,25.99
2026-02-17T11:20:42Z,paper towels,70100053,Covington,WA,98042,FRED,00053,0004200044600,0004200044600,00004200044600,004200044600,Brawny,Brawny® Tear-A-Square® 3-Ply Paper Towel Double Rolls,8 rolls,16.79,16.29,16.29
2026-02-17T11:20:42Z,paper towels,70100654,East Wenatchee,WA,98802,FRED,00654,0003600049413,0003600049413,00003600049413,003600049413,Viva,Viva® Multi-Surface Cloth™ Paper Towels Single Rolls,6 rolls,12.29,10.79,10.79
2026-02-17T11:20:42Z,paper towels,70100654,East Wenatchee,WA,98802,FRED,00654,0003077215712,0003077215712,00003077215712,003077215712,Bounty,Bounty Paper Towels Select-A-Size White 4 Double Rolls,4 rolls,10.99,,10.99
2026-02-17T11:20:42Z,paper towels,70100654,East Wenatchee,WA,98802,FRED,00654,0003040022272,0003040022272,00003040022272,003040022272,Sparkle,Sparkle® Tear-A-Square® Customizable Sheet Size Paper Towels Double Rolls,2 rolls,3.69,,3.69
2026-02-17T11:20:42Z,paper towels,70100654,East Wenatchee,WA,98802,FRED,00654,0005400075130,0005400075130,00005400075130,005400075130,Scott,Scott® Original Multipurpose Shop Towels - Blue,55ct,3.99,,3.99
2026-02-17T11:20:42Z,paper towels,70100654,East Wenatchee,WA,98802,FRED,00654,0003077216021,0003077216021,00003077216021,003077216021,Bounty,Bounty Paper Towels Full Sheet White 6 Double Rolls,6 rolls,14.99,,14.99
2026-02-17T11:20:42Z,paper towels,70100654,East Wenatchee,WA,98802,FRED,00654,0003077216042,0003077216042,00003077216042,003077216042,Bounty,Bounty Paper Towels Select-A-Size White 2 Triple Rolls,2 rolls,7.99,,7.99
2026-02-17T11:20:42Z,paper towels,70100654,East Wenatchee,WA,98802,FRED,00654,0003077216020,0003077216020,00003077216020,003077216020,Bounty,Bounty Paper Towels Select-A-Size White 6 Triple Rolls,6 rolls,21.49,19.49,19.49
2026-02-17T11:20:42Z,paper towels,70100654,East Wenatchee,WA,98802,FRED,00654,0003040022276,0003040022276,00003040022276,003040022276,Sparkle,Sparkle® Tear-A-Square® Paper Towel Double Rolls,6 rolls,8.99,7.49,7.49
2026-02-17T11:20:42Z,paper towels,70100654,East Wenatchee,WA,98802,FRED,00654,0003077219274,0003077219274,00003077219274,003077219274,Bounty,Bounty Paper Towels Select-A-Size White 8 Double Plus Rolls,8 rolls,20.99,,20.99
2026-02-17T11:20:42Z,paper towels,70100654,East Wenatchee,WA,98802,FRED,00654,0006366836203,0006366836203,00006366836203,006366836203,Green Forest,Green Forest 100% Recycled Size-Your-Own Paper Towels,3 pk,6.29,,6.29
2026-02-17T11:20:42Z,paper towels,70100654,East Wenatchee,WA,98802,FRED,00654,0076427177011,0076427177011,00076427177011,076427177011,Oggi,OGGI Wallmount Paper Towel Holder,1 ct,11.99,,11.99
2026-02-17T11:20:42Z,paper towels,70100654,East Wenatchee,WA,98802,FRED,00654,0076427107702,0076427107702,00076427107702,076427107702,OGGI,OGGI Stainless Steel Paper Towel Holder,1 ct,17.99,,17.99
2026-02-17T11:20:42Z,paper towels,70100654,East Wenatchee,WA,98802,FRED,00654,0086001113901,0086001113901,00086001113901,086001113901,Reel,Reel® Premium Bamboo Paper Towels,6 ct,19.29,,19.29
2026-02-17T11:20:42Z,paper towels,70100654,East Wenatchee,WA,98802,FRED,00654,0086001113900,0086001113900,00086001113900,086001113900,Reel,Reel® Premium Bamboo Paper Towel Triple Rolls,2 rolls,7.99,,7.99
2026-02-17T11:20:42Z,paper towels,70100654,East Wenatchee,WA,98802,FRED,00654,0001111011984,0001111011984,00001111011984,001111011984,Kroger,Kroger® Rugged and Reliable Paper Towels Giant Rolls,10 rolls,13.49,,13.49
2026-02-17T11:20:42Z,paper towels,70100654,East Wenatchee,WA,98802,FRED,00654,0019655708688,0019655708688,00019655708688,019655708688,Core,Core Kitchen Paper Towel Holder,1 ct,8.99,,8.99
2026-02-17T11:20:42Z,paper towels,70100654,East Wenatchee,WA,98802,FRED,00654,0003600056532,0003600056532,00003600056532,003600056532,Viva,Viva® Signature Cloth™ Paper Towels Double Rolls,6 rolls,14.29,,14.29
2026-02-17T11:20:42Z,paper towels,70100654,East Wenatchee,WA,98802,FRED,00654,0003600038587,0003600038587,00003600038587,003600038587,Kleenex,"Kleenex® Disposable Paper Hand Towels, 1 Box, 60 Towels per Box",60 count,4.19,,4.19
2026-02-17T11:20:42Z,paper towels,70100654,East Wenatchee,WA,98802,FRED,00654,0004200044576,0004200044576,00004200044576,004200044576,Brawny,Brawny® Tear-A-Square® 3-Ply Paper Towel Triple Rolls,2 rolls,7.49,,7.49
2026-02-17T11:20:42Z,paper towels,70100654,East Wenatchee,WA,98802,FRED,00654,0003600056535,0003600056535,00003600056535,003600056535,Viva,Viva Signature Cloth Paper Towels Double Rolls,12 rolls,23.49,,23.49
2026-02-17T11:20:42Z,paper towels,70100654,East Wenatchee,WA,98802,FRED,00654,0003600052499,0003600052499,00003600052499,003600052499,Viva,Viva Multi-Surface Cloth Paper Towels Double Rolls,8 rolls,16.79,14.49,14.49
2026-02-17T11:20:42Z,paper towels,70100654,East Wenatchee,WA,98802,FRED,00654,0004200044658,0004200044658,00004200044658,004200044658,Brawny,Brawny® Full Sheet 3-Ply Paper Towel Double Rolls,6 rolls,12.99,11.99,11.99
2026-02-17T11:20:42Z,paper towels,70100654,East Wenatchee,WA,98802,FRED,00654,0004200044579,0004200044579,00004200044579,004200044579,Brawny,Brawny® Tear-A-Square® 3-Ply Paper Towel Double Rolls,4 rolls,9.99,7.49,7.49
2026-02-17T11:20:42Z,paper towels,70100654,East Wenatchee,WA,98802,FRED,00654,0001111016086,0001111016086,00001111016086,001111016086,Kroger,Kroger® Rugged + Reliable Paper Towels Double Rolls,4 rolls,7.29,,7.29
2026-02-17T11:20:42Z,paper towels,70100654,East Wenatchee,WA,98802,FRED,00654,0001111016087,0001111016087,00001111016087,001111016087,Kroger,Kroger® Rugged + Reliable Paper Towels Giant Rolls,10 rolls,13.49,,13.49
2026-02-17T11:20:42Z,paper towels,70100654,East Wenatchee,WA,98802,FRED,00654,0001111014184,0001111014184,00001111014184,001111014184,Kroger,Kroger® Ultra Paper Towels With Absorbing Power Triple Rolls,2 rolls,6.29,,6.29
2026-02-17T11:20:42Z,paper towels,70100654,East Wenatchee,WA,98802,FRED,00654,0001111014185,0001111014185,00001111014185,001111014185,Kroger,Kroger® Ultra Paper Towels With Absorbing Power Double Rolls,4 rolls,8.29,,8.29
2026-02-17T11:20:42Z,paper towels,70100654,East Wenatchee,WA,98802,FRED,00654,0001111016088,0001111016088,00001111016088,001111016088,Kroger,Kroger® Rugged + Reliable Paper Towels Double Plus Rolls BIG DEAL!,12 ct,19.99,,19.99
2026-02-17T11:20:42Z,paper towels,70100654,East Wenatchee,WA,98802,FRED,00654,0003077216014,0003077216014,00003077216014,003077216014,Bounty,"Bounty Paper Towels Select-A-Size White, 8 Triple Rolls, 123 Sheets Per Roll",8 rolls,26.99,23.99,23.99
2026-02-17T11:20:42Z,paper towels,70100654,East Wenatchee,WA,98802,FRED,00654,0001111014186,0001111014186,00001111014186,001111014186,Kroger,Kroger® Ultra Paper Towels With Absorbing Power Double Rolls,6 rolls,10.99,,10.99
2026-02-17T11:20:42Z,paper towels,70100654,East Wenatchee,WA,98802,FRED,00654,0001111014187,0001111014187,00001111014187,001111014187,Kroger,Kroger® Ultra Absorbing Power Paper Towels Triple Rolls,8 ct,18.99,,18.99
2026-02-17T11:20:42Z,paper towels,70100654,East Wenatchee,WA,98802,FRED,00654,0003077215664,0003077215664,00003077215664,003077215664,Bounty,Bounty Paper Towels Select-A-Size White 12 Double Plus Rolls,12 rolls,29.99,,29.99
2026-02-17T11:20:42Z,paper towels,70100654,East Wenatchee,WA,98802,FRED,00654,0071981207833,0071981207833,00071981207833,071981207833,Softworks,Softworks Simply Tear Paper Towel Holder,1 ct,29.99,,29.99
2026-02-17T11:20:42Z,paper towels,70100654,East Wenatchee,WA,98802,FRED,00654,0003040022241,0003040022241,00003040022241,003040022241,Sparkle,Sparkle® Pick-A-Size® Paper Towel Double Rolls,8 rolls,11.79,,11.79
2026-02-17T11:20:42Z,paper towels,70100654,East Wenatchee,WA,98802,FRED,00654,0003077216071,0003077216071,00003077216071,003077216071,Bounty,Bounty Paper Towels Select-A-Size White 6 Mega Rolls,6 rolls,26.99,23.99,23.99
2026-02-17T11:20:42Z,paper towels,70100654,East Wenatchee,WA,98802,FRED,00654,0001111010621,0001111010621,00001111010621,001111010621,Kroger,Kroger® Glimmer Select-A-Sheet Paper Towels Double Rolls,2 rolls,2.99,,2.99
2026-02-17T11:20:42Z,paper towels,70100654,East Wenatchee,WA,98802,FRED,00654,0003600055195,0003600055195,00003600055195,003600055195,Scott,Scott® On-The-Go™ Pop-Up!® Cloths,70 ct,5.99,,5.99
2026-02-17T11:20:42Z,paper towels,70100654,East Wenatchee,WA,98802,FRED,00654,0088877707647,0088877707647,00088877707647,088877707647,SDS for HD Designs,SDS for HD Designs Acacia & Brass Paper Towel Holder,14 in,16.99,11.89,11.89
2026-02-17T11:20:42Z,paper towels,70100654,East Wenatchee,WA,98802,FRED,00654,0001111012026,0001111012026,00001111012026,001111012026,Kroger,Kroger® Rugged + Reliable Paper Towels Double Plus Rolls BIG DEAL!,12 rolls,19.99,,19.99
2026-02-17T11:20:42Z,paper towels,70100654,East Wenatchee,WA,98802,FRED,00654,0073291313722,0073291313722,00073291313722,073291313722,Seventh Generation,Seventh Generation 100% Recycled Paper Jumbo Paper Towels,1 roll / 156 ct,4.79,,4.79
2026-02-17T11:20:42Z,paper towels,70100654,East Wenatchee,WA,98802,FRED,00654,0004200044588,0004200044588,00004200044588,004200044588,Brawny,Brawny® Tear-A-Square® 3-Ply Paper Towel Double Rolls,6 rolls,12.99,11.99,11.99
2026-02-17T11:20:42Z,paper towels,70100654,East Wenatchee,WA,98802,FRED,00654,0003077215703,0003077215703,00003077215703,003077215703,Bounty,Bounty Paper Towels Select-A-Size White 6 Double Rolls,6 rolls,14.99,,14.99
2026-02-17T11:20:42Z,paper towels,70100654,East Wenatchee,WA,98802,FRED,00654,0071981261343,0071981261343,00071981261343,071981261343,Softworks,Softworks Steady Paper Towel Holder,1 ct,25.99,,25.99
2026-02-17T11:20:42Z,paper towels,70100654,East Wenatchee,WA,98802,FRED,00654,0004200044600,0004200044600,00004200044600,004200044600,Brawny,Brawny® Tear-A-Square® 3-Ply Paper Towel Double Rolls,8 rolls,16.49,15.99,15.99
2026-02-17T11:20:42Z,paper towels,70100652,Ellensburg,WA,98926,FRED,00652,0003077215712,0003077215712,00003077215712,003077215712,Bounty,Bounty Paper Towels Select-A-Size White 4 Double Rolls,4 rolls,11.29,,11.29
2026-02-17T11:20:42Z,paper towels,70100652,Ellensburg,WA,98926,FRED,00652,0003600049413,0003600049413,00003600049413,003600049413,Viva,Viva® Multi-Surface Cloth™ Paper Towels Single Rolls,6 rolls,12.49,10.99,10.99
2026-02-17T11:20:42Z,paper towels,70100652,Ellensburg,WA,98926,FRED,00652,0003077216009,0003077216009,00003077216009,003077216009,Bounty,Bounty Paper Towels Select-A-Size White 4 Triple Rolls,4 rolls,14.99,,14.99
2026-02-17T11:20:42Z,paper towels,70100652,Ellensburg,WA,98926,FRED,00652,0003040022272,0003040022272,00003040022272,003040022272,Sparkle,Sparkle® Tear-A-Square® Customizable Sheet Size Paper Towels Double Rolls,2 rolls,3.79,,3.79
2026-02-17T11:20:42Z,paper towels,70100652,Ellensburg,WA,98926,FRED,00652,0005400075130,0005400075130,00005400075130,005400075130,Scott,Scott® Original Multipurpose Shop Towels - Blue,55ct,3.99,,3.99
2026-02-17T11:20:42Z,paper towels,70100652,Ellensburg,WA,98926,FRED,00652,0003077216021,0003077216021,00003077216021,003077216021,Bounty,Bounty Paper Towels Full Sheet White 6 Double Rolls,6 rolls,14.99,,14.99
2026-02-17T11:20:42Z,paper towels,70100652,Ellensburg,WA,98926,FRED,00652,0003077216020,0003077216020,00003077216020,003077216020,Bounty,Bounty Paper Towels Select-A-Size White 6 Triple Rolls,6 rolls,21.99,19.99,19.99
2026-02-17T11:20:42Z,paper towels,70100652,Ellensburg,WA,98926,FRED,00652,0003077216042,0003077216042,00003077216042,003077216042,Bounty,Bounty Paper Towels Select-A-Size White 2 Triple Rolls,2 rolls,7.99,,7.99
2026-02-17T11:20:42Z,paper towels,70100652,Ellensburg,WA,98926,FRED,00652,0003040022276,0003040022276,00003040022276,003040022276,Sparkle,Sparkle® Tear-A-Square® Paper Towel Double Rolls,6 rolls,9.29,7.49,7.49
2026-02-17T11:20:42Z,paper towels,70100652,Ellensburg,WA,98926,FRED,00652,0003077219274,0003077219274,00003077219274,003077219274,Bounty,Bounty Paper Towels Select-A-Size White 8 Double Plus Rolls,8 rolls,21.49,,21.49
2026-02-17T11:20:42Z,paper towels,70100652,Ellensburg,WA,98926,FRED,00652,0006366836203,0006366836203,00006366836203,006366836203,Green Forest,Green Forest 100% Recycled Size-Your-Own Paper Towels,3 pk,6.29,,6.29
2026-02-17T11:20:42Z,paper towels,70100652,Ellensburg,WA,98926,FRED,00652,0076427177011,0076427177011,00076427177011,076427177011,Oggi,OGGI Wallmount Paper Towel Holder,1 ct,11.99,,11.99
2026-02-17T11:20:42Z,paper towels,70100652,Ellensburg,WA,98926,FRED,00652,0076427107702,0076427107702,00076427107702,076427107702,OGGI,OGGI Stainless Steel Paper Towel Holder,1 ct,17.99,,17.99
2026-02-17T11:20:42Z,paper towels,70100652,Ellensburg,WA,98926,FRED,00652,0086001113901,0086001113901,00086001113901,086001113901,Reel,Reel® Premium Bamboo Paper Towels,6 ct,19.49,,19.49
2026-02-17T11:20:42Z,paper towels,70100652,Ellensburg,WA,98926,FRED,00652,0086001113900,0086001113900,00086001113900,086001113900,Reel,Reel® Premium Bamboo Paper Towel Triple Rolls,2 rolls,7.99,,7.99
2026-02-17T11:20:42Z,paper towels,70100652,Ellensburg,WA,98926,FRED,00652,0001111011984,0001111011984,00001111011984,001111011984,Kroger,Kroger® Rugged and Reliable Paper Towels Giant Rolls,10 rolls,13.49,,13.49
2026-02-17T11:20:42Z,paper towels,70100652,Ellensburg,WA,98926,FRED,00652,0073291313737,0073291313737,00073291313737,073291313737,Seventh Generation,Seventh Generation Unbleached Chlorine Free Paper Towel Rolls,6 rolls,21.99,,21.99
2026-02-17T11:20:42Z,paper towels,70100652,Ellensburg,WA,98926,FRED,00652,0019655708688,0019655708688,00019655708688,019655708688,Core,Core Kitchen Paper Towel Holder,1 ct,8.99,,8.99
2026-02-17T11:20:42Z,paper towels,70100652,Ellensburg,WA,98926,FRED,00652,0003600038587,0003600038587,00003600038587,003600038587,Kleenex,"Kleenex® Disposable Paper Hand Towels, 1 Box, 60 Towels per Box",60 count,4.29,,4.29
2026-02-17T11:20:42Z,paper towels,70100652,Ellensburg,WA,98926,FRED,00652,0003600056532,0003600056532,00003600056532,003600056532,Viva,Viva® Signature Cloth™ Paper Towels Double Rolls,6 rolls,14.29,,14.29
2026-02-17T11:20:42Z,paper towels,70100652,Ellensburg,WA,98926,FRED,00652,0004200044576,0004200044576,00004200044576,004200044576,Brawny,Brawny® Tear-A-Square® 3-Ply Paper Towel Triple Rolls,2 rolls,7.49,,7.49
2026-02-17T11:20:42Z,paper towels,70100652,Ellensburg,WA,98926,FRED,00652,0003600056535,0003600056535,00003600056535,003600056535,Viva,Viva Signature Cloth Paper Towels Double Rolls,12 rolls,23.49,,23.49
2026-02-17T11:20:42Z,paper towels,70100652,Ellensburg,WA,98926,FRED,00652,0003600052499,0003600052499,00003600052499,003600052499,Viva,Viva Multi-Surface Cloth Paper Towels Double Rolls,8 rolls,16.99,14.49,14.49
2026-02-17T11:20:42Z,paper towels,70100652,Ellensburg,WA,98926,FRED,00652,0004200044658,0004200044658,00004200044658,004200044658,Brawny,Brawny® Full Sheet 3-Ply Paper Towel Double Rolls,6 rolls,13.29,11.99,11.99
2026-02-17T11:20:42Z,paper towels,70100652,Ellensburg,WA,98926,FRED,00652,0004200044579,0004200044579,00004200044579,004200044579,Brawny,Brawny® Tear-A-Square® 3-Ply Paper Towel Double Rolls,4 rolls,10.29,7.49,7.49
2026-02-17T11:20:42Z,paper towels,70100652,Ellensburg,WA,98926,FRED,00652,0001111016086,0001111016086,00001111016086,001111016086,Kroger,Kroger® Rugged + Reliable Paper Towels Double Rolls,4 rolls,7.29,,7.29
2026-02-17T11:20:42Z,paper towels,70100652,Ellensburg,WA,98926,FRED,00652,0001111016087,0001111016087,00001111016087,001111016087,Kroger,Kroger® Rugged + Reliable Paper Towels Giant Rolls,10 rolls,13.79,,13.79
2026-02-17T11:20:42Z,paper towels,70100652,Ellensburg,WA,98926,FRED,00652,0001111014184,0001111014184,00001111014184,001111014184,Kroger,Kroger® Ultra Paper Towels With Absorbing Power Triple Rolls,2 rolls,6.29,,6.29
2026-02-17T11:20:42Z,paper towels,70100652,Ellensburg,WA,98926,FRED,00652,0001111014185,0001111014185,00001111014185,001111014185,Kroger,Kroger® Ultra Paper Towels With Absorbing Power Double Rolls,4 rolls,8.49,,8.49
2026-02-17T11:20:42Z,paper towels,70100652,Ellensburg,WA,98926,FRED,00652,0001111016088,0001111016088,00001111016088,001111016088,Kroger,Kroger® Rugged + Reliable Paper Towels Double Plus Rolls BIG DEAL!,12 ct,19.99,,19.99
2026-02-17T11:20:42Z,paper towels,70100652,Ellensburg,WA,98926,FRED,00652,0003077216014,0003077216014,00003077216014,003077216014,Bounty,"Bounty Paper Towels Select-A-Size White, 8 Triple Rolls, 123 Sheets Per Roll",8 rolls,26.99,23.99,23.99
2026-02-17T11:20:42Z,paper towels,70100652,Ellensburg,WA,98926,FRED,00652,0001111014186,0001111014186,00001111014186,001111014186,Kroger,Kroger® Ultra Paper Towels With Absorbing Power Double Rolls,6 rolls,11.29,,11.29
2026-02-17T11:20:42Z,paper towels,70100652,Ellensburg,WA,98926,FRED,00652,0001111014187,0001111014187,00001111014187,001111014187,Kroger,Kroger® Ultra Absorbing Power Paper Towels Triple Rolls,8 ct,19.29,,19.29
2026-02-17T11:20:42Z,paper towels,70100652,Ellensburg,WA,98926,FRED,00652,0003077215664,0003077215664,00003077215664,003077215664,Bounty,Bounty Paper Towels Select-A-Size White 12 Double Plus Rolls,12 rolls,30.99,29.99,29.99
2026-02-17T11:20:42Z,paper towels,70100652,Ellensburg,WA,98926,FRED,00652,0071981207833,0071981207833,00071981207833,071981207833,Softworks,Softworks Simply Tear Paper Towel Holder,1 ct,29.99,,29.99
2026-02-17T11:20:42Z,paper towels,70100652,Ellensburg,WA,98926,FRED,00652,0003040022241,0003040022241,00003040022241,003040022241,Sparkle,Sparkle® Pick-A-Size® Paper Towel Double Rolls,8 rolls,11.99,,11.99
2026-02-17T11:20:42Z,paper towels,70100652,Ellensburg,WA,98926,FRED,00652,0003077216071,0003077216071,00003077216071,003077216071,Bounty,Bounty Paper Towels Select-A-Size White 6 Mega Rolls,6 rolls,26.99,23.99,23.99
2026-02-17T11:20:42Z,paper towels,70100652,Ellensburg,WA,98926,FRED,00652,0001111010621,0001111010621,00001111010621,001111010621,Kroger,Kroger® Glimmer Select-A-Sheet Paper Towels Double Rolls,2 rolls,2.99,,2.99
2026-02-17T11:20:42Z,paper towels,70100652,Ellensburg,WA,98926,FRED,00652,0003600055195,0003600055195,00003600055195,003600055195,Scott,Scott® On-The-Go™ Pop-Up!® Cloths,70 ct,5.99,,5.99
2026-02-17T11:20:42Z,paper towels,70100652,Ellensburg,WA,98926,FRED,00652,0088877707647,0088877707647,00088877707647,088877707647,SDS for HD Designs,SDS for HD Designs Acacia & Brass Paper Towel Holder,14 in,16.99,11.89,11.89
2026-02-17T11:20:42Z,paper towels,70100652,Ellensburg,WA,98926,FRED,00652,0001111013577,0001111013577,00001111013577,001111013577,Kroger,Kroger® Rugged + Reliable Paper Towels Double Rolls,4 rolls,7.29,,7.29
2026-02-17T11:20:42Z,paper towels,70100652,Ellensburg,WA,98926,FRED,00652,0001111012026,0001111012026,00001111012026,001111012026,Kroger,Kroger® Rugged + Reliable Paper Towels Double Plus Rolls BIG DEAL!,12 rolls,19.99,,19.99
2026-02-17T11:20:42Z,paper towels,70100652,Ellensburg,WA,98926,FRED,00652,0073291313722,0073291313722,00073291313722,073291313722,Seventh Generation,Seventh Generation 100% Recycled Paper Jumbo Paper Towels,1 roll / 156 ct,4.79,,4.79
2026-02-17T11:20:42Z,paper towels,70100652,Ellensburg,WA,98926,FRED,00652,0004200044588,0004200044588,00004200044588,004200044588,Brawny,Brawny® Tear-A-Square® 3-Ply Paper Towel Double Rolls,6 rolls,13.29,11.99,11.99
2026-02-17T11:20:42Z,paper towels,70100652,Ellensburg,WA,98926,FRED,00652,0003077215703,0003077215703,00003077215703,003077215703,Bounty,Bounty Paper Towels Select-A-Size White 6 Double Rolls,6 rolls,14.99,,14.99
2026-02-17T11:20:42Z,paper towels,70100652,Ellensburg,WA,98926,FRED,00652,0071981261343,0071981261343,00071981261343,071981261343,Softworks,Softworks Steady Paper Towel Holder,1 ct,25.99,,25.99
2026-02-17T11:20:42Z,paper towels,70100652,Ellensburg,WA,98926,FRED,00652,0004200044600,0004200044600,00004200044600,004200044600,Brawny,Brawny® Tear-A-Square® 3-Ply Paper Towel Double Rolls,8 rolls,16.79,16.29,16.29
2026-02-17T11:20:42Z,paper towels,70100458,Everett,WA,98208,FRED,00458,0003077215712,0003077215712,00003077215712,003077215712,Bounty,Bounty Paper Towels Select-A-Size White 4 Double Rolls,4 rolls,11.29,,11.29
2026-02-17T11:20:42Z,paper towels,70100458,Everett,WA,98208,FRED,00458,0003077216009,0003077216009,00003077216009,003077216009,Bounty,Bounty Paper Towels Select-A-Size White 4 Triple Rolls,4 rolls,14.99,,14.99
2026-02-17T11:20:42Z,paper towels,70100458,Everett,WA,98208,FRED,00458,0003600049413,0003600049413,00003600049413,003600049413,Viva,Viva® Multi-Surface Cloth™ Paper Towels Single Rolls,6 rolls,12.49,10.99,10.99
2026-02-17T11:20:42Z,paper towels,70100458,Everett,WA,98208,FRED,00458,0003040022272,0003040022272,00003040022272,003040022272,Sparkle,Sparkle® Tear-A-Square® Customizable Sheet Size Paper Towels Double Rolls,2 rolls,3.79,,3.79
2026-02-17T11:20:42Z,paper towels,70100458,Everett,WA,98208,FRED,00458,0005400075130,0005400075130,00005400075130,005400075130,Scott,Scott® Original Multipurpose Shop Towels - Blue,55ct,3.99,,3.99
2026-02-17T11:20:42Z,paper towels,70100458,Everett,WA,98208,FRED,00458,0003077216021,0003077216021,00003077216021,003077216021,Bounty,Bounty Paper Towels Full Sheet White 6 Double Rolls,6 rolls,14.99,,14.99
2026-02-17T11:20:42Z,paper towels,70100458,Everett,WA,98208,FRED,00458,0003077216042,0003077216042,00003077216042,003077216042,Bounty,Bounty Paper Towels Select-A-Size White 2 Triple Rolls,2 rolls,7.99,,7.99
2026-02-17T11:20:42Z,paper towels,70100458,Everett,WA,98208,FRED,00458,0003077216020,0003077216020,00003077216020,003077216020,Bounty,Bounty Paper Towels Select-A-Size White 6 Triple Rolls,6 rolls,21.99,19.99,19.99
2026-02-17T11:20:42Z,paper towels,70100458,Everett,WA,98208,FRED,00458,0003040022276,0003040022276,00003040022276,003040022276,Sparkle,Sparkle® Tear-A-Square® Paper Towel Double Rolls,6 rolls,9.29,7.49,7.49
2026-02-17T11:20:42Z,paper towels,70100458,Everett,WA,98208,FRED,00458,0003077219274,0003077219274,00003077219274,003077219274,Bounty,Bounty Paper Towels Select-A-Size White 8 Double Plus Rolls,8 rolls,21.49,,21.49
2026-02-17T11:20:42Z,paper towels,70100458,Everett,WA,98208,FRED,00458,0006366836203,0006366836203,00006366836203,006366836203,Green Forest,Green Forest 100% Recycled Size-Your-Own Paper Towels,3 pk,6.29,,6.29
2026-02-17T11:20:42Z,paper towels,70100458,Everett,WA,98208,FRED,00458,0076427107702,0076427107702,00076427107702,076427107702,OGGI,OGGI Stainless Steel Paper Towel Holder,1 ct,17.99,,17.99
2026-02-17T11:20:42Z,paper towels,70100458,Everett,WA,98208,FRED,00458,0076427177011,0076427177011,00076427177011,076427177011,Oggi,OGGI Wallmount Paper Towel Holder,1 ct,11.99,,11.99
2026-02-17T11:20:42Z,paper towels,70100458,Everett,WA,98208,FRED,00458,0086001113901,0086001113901,00086001113901,086001113901,Reel,Reel® Premium Bamboo Paper Towels,6 ct,19.49,,19.49
2026-02-17T11:20:42Z,paper towels,70100458,Everett,WA,98208,FRED,00458,0086001113900,0086001113900,00086001113900,086001113900,Reel,Reel® Premium Bamboo Paper Towel Triple Rolls,2 rolls,7.99,,7.99
2026-02-17T11:20:42Z,paper towels,70100458,Everett,WA,98208,FRED,00458,0001111011984,0001111011984,00001111011984,001111011984,Kroger,Kroger® Rugged and Reliable Paper Towels Giant Rolls,10 rolls,13.49,,13.49
2026-02-17T11:20:42Z,paper towels,70100458,Everett,WA,98208,FRED,00458,0073291313737,0073291313737,00073291313737,073291313737,Seventh Generation,Seventh Generation Unbleached Chlorine Free Paper Towel Rolls,6 rolls,21.99,,21.99
2026-02-17T11:20:42Z,paper towels,70100458,Everett,WA,98208,FRED,00458,0019655708688,0019655708688,00019655708688,019655708688,Core,Core Kitchen Paper Towel Holder,1 ct,8.99,,8.99
2026-02-17T11:20:42Z,paper towels,70100458,Everett,WA,98208,FRED,00458,0003600056532,0003600056532,00003600056532,003600056532,Viva,Viva® Signature Cloth™ Paper Towels Double Rolls,6 rolls,14.29,,14.29
2026-02-17T11:20:42Z,paper towels,70100458,Everett,WA,98208,FRED,00458,0003600038587,0003600038587,00003600038587,003600038587,Kleenex,"Kleenex® Disposable Paper Hand Towels, 1 Box, 60 Towels per Box",60 count,4.29,,4.29
2026-02-17T11:20:42Z,paper towels,70100458,Everett,WA,98208,FRED,00458,0004200044576,0004200044576,00004200044576,004200044576,Brawny,Brawny® Tear-A-Square® 3-Ply Paper Towel Triple Rolls,2 rolls,7.49,,7.49
2026-02-17T11:20:42Z,paper towels,70100458,Everett,WA,98208,FRED,00458,0003600056535,0003600056535,00003600056535,003600056535,Viva,Viva Signature Cloth Paper Towels Double Rolls,12 rolls,23.49,,23.49
2026-02-17T11:20:42Z,paper towels,70100458,Everett,WA,98208,FRED,00458,0003600052499,0003600052499,00003600052499,003600052499,Viva,Viva Multi-Surface Cloth Paper Towels Double Rolls,8 rolls,16.99,14.49,14.49
2026-02-17T11:20:42Z,paper towels,70100458,Everett,WA,98208,FRED,00458,0004200044658,0004200044658,00004200044658,004200044658,Brawny,Brawny® Full Sheet 3-Ply Paper Towel Double Rolls,6 rolls,13.29,11.99,11.99
2026-02-17T11:20:42Z,paper towels,70100458,Everett,WA,98208,FRED,00458,0004200044579,0004200044579,00004200044579,004200044579,Brawny,Brawny® Tear-A-Square® 3-Ply Paper Towel Double Rolls,4 rolls,10.29,7.49,7.49
2026-02-17T11:20:42Z,paper towels,70100458,Everett,WA,98208,FRED,00458,0001111016086,0001111016086,00001111016086,001111016086,Kroger,Kroger® Rugged + Reliable Paper Towels Double Rolls,4 rolls,7.29,,7.29
2026-02-17T11:20:42Z,paper towels,70100458,Everett,WA,98208,FRED,00458,0001111014184,0001111014184,00001111014184,001111014184,Kroger,Kroger® Ultra Paper Towels With Absorbing Power Triple Rolls,2 rolls,6.29,,6.29
2026-02-17T11:20:42Z,paper towels,70100458,Everett,WA,98208,FRED,00458,0001111016087,0001111016087,00001111016087,001111016087,Kroger,Kroger® Rugged + Reliable Paper Towels Giant Rolls,10 rolls,13.79,,13.79
2026-02-17T11:20:42Z,paper towels,70100458,Everett,WA,98208,FRED,00458,0001111014185,0001111014185,00001111014185,001111014185,Kroger,Kroger® Ultra Paper Towels With Absorbing Power Double Rolls,4 rolls,8.49,,8.49
2026-02-17T11:20:42Z,paper towels,70100458,Everett,WA,98208,FRED,00458,0001111016088,0001111016088,00001111016088,001111016088,Kroger,Kroger® Rugged + Reliable Paper Towels Double Plus Rolls BIG DEAL!,12 ct,19.99,,19.99
2026-02-17T11:20:42Z,paper towels,70100458,Everett,WA,98208,FRED,00458,0001111014186,0001111014186,00001111014186,001111014186,Kroger,Kroger® Ultra Paper Towels With Absorbing Power Double Rolls,6 rolls,11.29,,11.29
2026-02-17T11:20:42Z,paper towels,70100458,Everett,WA,98208,FRED,00458,0003077216014,0003077216014,00003077216014,003077216014,Bounty,"Bounty Paper Towels Select-A-Size White, 8 Triple Rolls, 123 Sheets Per Roll",8 rolls,26.99,23.99,23.99
2026-02-17T11:20:42Z,paper towels,70100458,Everett,WA,98208,FRED,00458,0001111014187,0001111014187,00001111014187,001111014187,Kroger,Kroger® Ultra Absorbing Power Paper Towels Triple Rolls,8 ct,19.29,,19.29
2026-02-17T11:20:42Z,paper towels,70100458,Everett,WA,98208,FRED,00458,0003077215664,0003077215664,00003077215664,003077215664,Bounty,Bounty Paper Towels Select-A-Size White 12 Double Plus Rolls,12 rolls,30.99,29.99,29.99
2026-02-17T11:20:42Z,paper towels,70100458,Everett,WA,98208,FRED,00458,0071981207833,0071981207833,00071981207833,071981207833,Softworks,Softworks Simply Tear Paper Towel Holder,1 ct,29.99,,29.99
2026-02-17T11:20:42Z,paper towels,70100458,Everett,WA,98208,FRED,00458,0003040022241,0003040022241,00003040022241,003040022241,Sparkle,Sparkle® Pick-A-Size® Paper Towel Double Rolls,8 rolls,11.99,,11.99
2026-02-17T11:20:42Z,paper towels,70100458,Everett,WA,98208,FRED,00458,0003077216071,0003077216071,00003077216071,003077216071,Bounty,Bounty Paper Towels Select-A-Size White 6 Mega Rolls,6 rolls,26.99,23.99,23.99
2026-02-17T11:20:42Z,paper towels,70100458,Everett,WA,98208,FRED,00458,0001111010621,0001111010621,00001111010621,001111010621,Kroger,Kroger® Glimmer Select-A-Sheet Paper Towels Double Rolls,2 rolls,2.99,,2.99
2026-02-17T11:20:42Z,paper towels,70100458,Everett,WA,98208,FRED,00458,0003600055195,0003600055195,00003600055195,003600055195,Scott,Scott® On-The-Go™ Pop-Up!® Cloths,70 ct,5.99,,5.99
2026-02-17T11:20:42Z,paper towels,70100458,Everett,WA,98208,FRED,00458,0088877707647,0088877707647,00088877707647,088877707647,SDS for HD Designs,SDS for HD Designs Acacia & Brass Paper Towel Holder,14 in,16.99,11.89,11.89
2026-02-17T11:20:42Z,paper towels,70100458,Everett,WA,98208,FRED,00458,0001111013577,0001111013577,00001111013577,001111013577,Kroger,Kroger® Rugged + Reliable Paper Towels Double Rolls,4 rolls,7.29,,7.29
2026-02-17T11:20:42Z,paper towels,70100458,Everett,WA,98208,FRED,00458,0001111012026,0001111012026,00001111012026,001111012026,Kroger,Kroger® Rugged + Reliable Paper Towels Double Plus Rolls BIG DEAL!,12 rolls,19.99,,19.99
2026-02-17T11:20:42Z,paper towels,70100458,Everett,WA,98208,FRED,00458,0073291313722,0073291313722,00073291313722,073291313722,Seventh Generation,Seventh Generation 100% Recycled Paper Jumbo Paper Towels,1 roll / 156 ct,4.79,,4.79
2026-02-17T11:20:42Z,paper towels,70100458,Everett,WA,98208,FRED,00458,0004200044588,0004200044588,00004200044588,004200044588,Brawny,Brawny® Tear-A-Square® 3-Ply Paper Towel Double Rolls,6 rolls,13.29,11.99,11.99
2026-02-17T11:20:42Z,paper towels,70100458,Everett,WA,98208,FRED,00458,0003077215703,0003077215703,00003077215703,003077215703,Bounty,Bounty Paper Towels Select-A-Size White 6 Double Rolls,6 rolls,14.99,,14.99
2026-02-17T11:20:42Z,paper towels,70100458,Everett,WA,98208,FRED,00458,0071981261343,0071981261343,00071981261343,071981261343,Softworks,Softworks Steady Paper Towel Holder,1 ct,25.99,,25.99
2026-02-17T11:20:42Z,paper towels,70100458,Everett,WA,98208,FRED,00458,0004200044600,0004200044600,00004200044600,004200044600,Brawny,Brawny® Tear-A-Square® 3-Ply Paper Towel Double Rolls,8 rolls,16.79,16.29,16.29
2026-02-17T11:20:42Z,paper towels,70100111,Federal Way,WA,98023,FRED,00111,0003077215712,0003077215712,00003077215712,003077215712,Bounty,Bounty Paper Towels Select-A-Size White 4 Double Rolls,4 rolls,11.29,,11.29
2026-02-17T11:20:42Z,paper towels,70100111,Federal Way,WA,98023,FRED,00111,0003600049413,0003600049413,00003600049413,003600049413,Viva,Viva® Multi-Surface Cloth™ Paper Towels Single Rolls,6 rolls,12.49,10.99,10.99
2026-02-17T11:20:42Z,paper towels,70100111,Federal Way,WA,98023,FRED,00111,0003077216009,0003077216009,00003077216009,003077216009,Bounty,Bounty Paper Towels Select-A-Size White 4 Triple Rolls,4 rolls,14.99,,14.99
2026-02-17T11:20:42Z,paper towels,70100111,Federal Way,WA,98023,FRED,00111,0005400075130,0005400075130,00005400075130,005400075130,Scott,Scott® Original Multipurpose Shop Towels - Blue,55ct,3.99,,3.99
2026-02-17T11:20:42Z,paper towels,70100111,Federal Way,WA,98023,FRED,00111,0003040022272,0003040022272,00003040022272,003040022272,Sparkle,Sparkle® Tear-A-Square® Customizable Sheet Size Paper Towels Double Rolls,2 rolls,3.79,,3.79
2026-02-17T11:20:42Z,paper towels,70100111,Federal Way,WA,98023,FRED,00111,0003077216021,0003077216021,00003077216021,003077216021,Bounty,Bounty Paper Towels Full Sheet White 6 Double Rolls,6 rolls,14.99,,14.99
2026-02-17T11:20:42Z,paper towels,70100111,Federal Way,WA,98023,FRED,00111,0003077216042,0003077216042,00003077216042,003077216042,Bounty,Bounty Paper Towels Select-A-Size White 2 Triple Rolls,2 rolls,7.99,,7.99
2026-02-17T11:20:42Z,paper towels,70100111,Federal Way,WA,98023,FRED,00111,0003077216020,0003077216020,00003077216020,003077216020,Bounty,Bounty Paper Towels Select-A-Size White 6 Triple Rolls,6 rolls,21.99,19.99,19.99
2026-02-17T11:20:42Z,paper towels,70100111,Federal Way,WA,98023,FRED,00111,0003040022276,0003040022276,00003040022276,003040022276,Sparkle,Sparkle® Tear-A-Square® Paper Towel Double Rolls,6 rolls,9.29,7.49,7.49
2026-02-17T11:20:42Z,paper towels,70100111,Federal Way,WA,98023,FRED,00111,0003077219274,0003077219274,00003077219274,003077219274,Bounty,Bounty Paper Towels Select-A-Size White 8 Double Plus Rolls,8 rolls,21.49,,21.49
2026-02-17T11:20:42Z,paper towels,70100111,Federal Way,WA,98023,FRED,00111,0076427177011,0076427177011,00076427177011,076427177011,Oggi,OGGI Wallmount Paper Towel Holder,1 ct,11.99,,11.99
2026-02-17T11:20:42Z,paper towels,70100111,Federal Way,WA,98023,FRED,00111,0076427107702,0076427107702,00076427107702,076427107702,OGGI,OGGI Stainless Steel Paper Towel Holder,1 ct,17.99,,17.99
2026-02-17T11:20:42Z,paper towels,70100111,Federal Way,WA,98023,FRED,00111,0001111011984,0001111011984,00001111011984,001111011984,Kroger,Kroger® Rugged and Reliable Paper Towels Giant Rolls,10 rolls,13.49,,13.49
2026-02-17T11:20:42Z,paper towels,70100111,Federal Way,WA,98023,FRED,00111,0073291313737,0073291313737,00073291313737,073291313737,Seventh Generation,Seventh Generation Unbleached Chlorine Free Paper Towel Rolls,6 rolls,21.99,,21.99
2026-02-17T11:20:42Z,paper towels,70100111,Federal Way,WA,98023,FRED,00111,0019655708688,0019655708688,00019655708688,019655708688,Core,Core Kitchen Paper Towel Holder,1 ct,8.99,,8.99
2026-02-17T11:20:42Z,paper towels,70100111,Federal Way,WA,98023,FRED,00111,0003600056532,0003600056532,00003600056532,003600056532,Viva,Viva® Signature Cloth™ Paper Towels Double Rolls,6 rolls,14.29,,14.29
2026-02-17T11:20:42Z,paper towels,70100111,Federal Way,WA,98023,FRED,00111,0003600038587,0003600038587,00003600038587,003600038587,Kleenex,"Kleenex® Disposable Paper Hand Towels, 1 Box, 60 Towels per Box",60 count,4.29,,4.29
2026-02-17T11:20:42Z,paper towels,70100111,Federal Way,WA,98023,FRED,00111,0004200044576,0004200044576,00004200044576,004200044576,Brawny,Brawny® Tear-A-Square® 3-Ply Paper Towel Triple Rolls,2 rolls,7.49,,7.49
2026-02-17T11:20:42Z,paper towels,70100111,Federal Way,WA,98023,FRED,00111,0003600056535,0003600056535,00003600056535,003600056535,Viva,Viva Signature Cloth Paper Towels Double Rolls,12 rolls,23.49,,23.49
2026-02-17T11:20:42Z,paper towels,70100111,Federal Way,WA,98023,FRED,00111,0003600052499,0003600052499,00003600052499,003600052499,Viva,Viva Multi-Surface Cloth Paper Towels Double Rolls,8 rolls,16.99,14.49,14.49
2026-02-17T11:20:42Z,paper towels,70100111,Federal Way,WA,98023,FRED,00111,0004200044658,0004200044658,00004200044658,004200044658,Brawny,Brawny® Full Sheet 3-Ply Paper Towel Double Rolls,6 rolls,13.29,11.99,11.99
2026-02-17T11:20:42Z,paper towels,70100111,Federal Way,WA,98023,FRED,00111,0004200044579,0004200044579,00004200044579,004200044579,Brawny,Brawny® Tear-A-Square® 3-Ply Paper Towel Double Rolls,4 rolls,10.29,7.49,7.49
2026-02-17T11:20:42Z,paper towels,70100111,Federal Way,WA,98023,FRED,00111,0001111016086,0001111016086,00001111016086,001111016086,Kroger,Kroger® Rugged + Reliable Paper Towels Double Rolls,4 rolls,7.29,,7.29
2026-02-17T11:20:42Z,paper towels,70100111,Federal Way,WA,98023,FRED,00111,0001111014184,0001111014184,00001111014184,001111014184,Kroger,Kroger® Ultra Paper Towels With Absorbing Power Triple Rolls,2 rolls,6.29,,6.29
2026-02-17T11:20:42Z,paper towels,70100111,Federal Way,WA,98023,FRED,00111,0001111016087,0001111016087,00001111016087,001111016087,Kroger,Kroger® Rugged + Reliable Paper Towels Giant Rolls,10 rolls,13.79,,13.79
2026-02-17T11:20:42Z,paper towels,70100111,Federal Way,WA,98023,FRED,00111,0001111016088,0001111016088,00001111016088,001111016088,Kroger,Kroger® Rugged + Reliable Paper Towels Double Plus Rolls BIG DEAL!,12 ct,19.99,,19.99
2026-02-17T11:20:42Z,paper towels,70100111,Federal Way,WA,98023,FRED,00111,0001111014185,0001111014185,00001111014185,001111014185,Kroger,Kroger® Ultra Paper Towels With Absorbing Power Double Rolls,4 rolls,8.49,,8.49
2026-02-17T11:20:42Z,paper towels,70100111,Federal Way,WA,98023,FRED,00111,0001111014186,0001111014186,00001111014186,001111014186,Kroger,Kroger® Ultra Paper Towels With Absorbing Power Double Rolls,6 rolls,11.29,,11.29
2026-02-17T11:20:42Z,paper towels,70100111,Federal Way,WA,98023,FRED,00111,0003077216014,0003077216014,00003077216014,003077216014,Bounty,"Bounty Paper Towels Select-A-Size White, 8 Triple Rolls, 123 Sheets Per Roll",8 rolls,26.99,23.99,23.99
2026-02-17T11:20:42Z,paper towels,70100111,Federal Way,WA,98023,FRED,00111,0001111014187,0001111014187,00001111014187,001111014187,Kroger,Kroger® Ultra Absorbing Power Paper Towels Triple Rolls,8 ct,19.29,,19.29
2026-02-17T11:20:42Z,paper towels,70100111,Federal Way,WA,98023,FRED,00111,0003077215664,0003077215664,00003077215664,003077215664,Bounty,Bounty Paper Towels Select-A-Size White 12 Double Plus Rolls,12 rolls,30.99,29.99,29.99
2026-02-17T11:20:42Z,paper towels,70100111,Federal Way,WA,98023,FRED,00111,0071981207833,0071981207833,00071981207833,071981207833,Softworks,Softworks Simply Tear Paper Towel Holder,1 ct,29.99,,29.99
2026-02-17T11:20:42Z,paper towels,70100111,Federal Way,WA,98023,FRED,00111,0003040022241,0003040022241,00003040022241,003040022241,Sparkle,Sparkle® Pick-A-Size® Paper Towel Double Rolls,8 rolls,11.99,,11.99
2026-02-17T11:20:42Z,paper towels,70100111,Federal Way,WA,98023,FRED,00111,0003077216071,0003077216071,00003077216071,003077216071,Bounty,Bounty Paper Towels Select-A-Size White 6 Mega Rolls,6 rolls,26.99,23.99,23.99
2026-02-17T11:20:42Z,paper towels,70100111,Federal Way,WA,98023,FRED,00111,0001111010621,0001111010621,00001111010621,001111010621,Kroger,Kroger® Glimmer Select-A-Sheet Paper Towels Double Rolls,2 rolls,2.99,,2.99
2026-02-17T11:20:42Z,paper towels,70100111,Federal Way,WA,98023,FRED,00111,0003600055195,0003600055195,00003600055195,003600055195,Scott,Scott® On-The-Go™ Pop-Up!® Cloths,70 ct,5.99,,5.99
2026-02-17T11:20:42Z,paper towels,70100111,Federal Way,WA,98023,FRED,00111,0088877707647,0088877707647,00088877707647,088877707647,SDS for HD Designs,SDS for HD Designs Acacia & Brass Paper Towel Holder,14 in,16.99,11.89,11.89
2026-02-17T11:20:42Z,paper towels,70100111,Federal Way,WA,98023,FRED,00111,0001111012026,0001111012026,00001111012026,001111012026,Kroger,Kroger® Rugged + Reliable Paper Towels Double Plus Rolls BIG DEAL!,12 rolls,19.99,,19.99
2026-02-17T11:20:42Z,paper towels,70100111,Federal Way,WA,98023,FRED,00111,0073291313722,0073291313722,00073291313722,073291313722,Seventh Generation,Seventh Generation 100% Recycled Paper Jumbo Paper Towels,1 roll / 156 ct,4.79,,4.79
2026-02-17T11:20:42Z,paper towels,70100111,Federal Way,WA,98023,FRED,00111,0004200044588,0004200044588,00004200044588,004200044588,Brawny,Brawny® Tear-A-Square® 3-Ply Paper Towel Double Rolls,6 rolls,13.29,11.99,11.99
2026-02-17T11:20:42Z,paper towels,70100111,Federal Way,WA,98023,FRED,00111,0003077215703,0003077215703,00003077215703,003077215703,Bounty,Bounty Paper Towels Select-A-Size White 6 Double Rolls,6 rolls,14.99,,14.99
2026-02-17T11:20:42Z,paper towels,70100111,Federal Way,WA,98023,FRED,00111,0071981261343,0071981261343,00071981261343,071981261343,Softworks,Softworks Steady Paper Towel Holder,1 ct,25.99,,25.99
2026-02-17T11:20:42Z,paper towels,70100111,Federal Way,WA,98023,FRED,00111,0004200044600,0004200044600,00004200044600,004200044600,Brawny,Brawny® Tear-A-Square® 3-Ply Paper Towel Double Rolls,8 rolls,16.79,16.29,16.29
2026-02-17T11:20:42Z,paper towels,70100691,Gig Harbor,WA,98335,FRED,00691,0003600049413,0003600049413,00003600049413,003600049413,Viva,Viva® Multi-Surface Cloth™ Paper Towels Single Rolls,6 rolls,12.49,10.99,10.99
2026-02-17T11:20:42Z,paper towels,70100691,Gig Harbor,WA,98335,FRED,00691,0003077215712,0003077215712,00003077215712,003077215712,Bounty,Bounty Paper Towels Select-A-Size White 4 Double Rolls,4 rolls,11.29,,11.29
2026-02-17T11:20:42Z,paper towels,70100691,Gig Harbor,WA,98335,FRED,00691,0003040022272,0003040022272,00003040022272,003040022272,Sparkle,Sparkle® Tear-A-Square® Customizable Sheet Size Paper Towels Double Rolls,2 rolls,3.79,,3.79
2026-02-17T11:20:42Z,paper towels,70100691,Gig Harbor,WA,98335,FRED,00691,0003077216021,0003077216021,00003077216021,003077216021,Bounty,Bounty Paper Towels Full Sheet White 6 Double Rolls,6 rolls,14.99,,14.99
2026-02-17T11:20:42Z,paper towels,70100691,Gig Harbor,WA,98335,FRED,00691,0003077216020,0003077216020,00003077216020,003077216020,Bounty,Bounty Paper Towels Select-A-Size White 6 Triple Rolls,6 rolls,21.99,19.99,19.99
2026-02-17T11:20:42Z,paper towels,70100691,Gig Harbor,WA,98335,FRED,00691,0003077216042,0003077216042,00003077216042,003077216042,Bounty,Bounty Paper Towels Select-A-Size White 2 Triple Rolls,2 rolls,7.99,,7.99
2026-02-17T11:20:42Z,paper towels,70100691,Gig Harbor,WA,98335,FRED,00691,0003040022276,0003040022276,00003040022276,003040022276,Sparkle,Sparkle® Tear-A-Square® Paper Towel Double Rolls,6 rolls,9.29,7.49,7.49
2026-02-17T11:20:42Z,paper towels,70100691,Gig Harbor,WA,98335,FRED,00691,0003077219274,0003077219274,00003077219274,003077219274,Bounty,Bounty Paper Towels Select-A-Size White 8 Double Plus Rolls,8 rolls,21.49,,21.49
2026-02-17T11:20:42Z,paper towels,70100691,Gig Harbor,WA,98335,FRED,00691,0073291313737,0073291313737,00073291313737,073291313737,Seventh Generation,Seventh Generation Unbleached Chlorine Free Paper Towel Rolls,6 rolls,21.99,,21.99
2026-02-17T11:20:42Z,paper towels,70100691,Gig Harbor,WA,98335,FRED,00691,0001111011984,0001111011984,00001111011984,001111011984,Kroger,Kroger® Rugged and Reliable Paper Towels Giant Rolls,10 rolls,13.49,,13.49
2026-02-17T11:20:42Z,paper towels,70100691,Gig Harbor,WA,98335,FRED,00691,0003600056532,0003600056532,00003600056532,003600056532,Viva,Viva® Signature Cloth™ Paper Towels Double Rolls,6 rolls,14.29,,14.29
2026-02-17T11:20:42Z,paper towels,70100691,Gig Harbor,WA,98335,FRED,00691,0003600038587,0003600038587,00003600038587,003600038587,Kleenex,"Kleenex® Disposable Paper Hand Towels, 1 Box, 60 Towels per Box",60 count,4.29,,4.29
2026-02-17T11:20:42Z,paper towels,70100691,Gig Harbor,WA,98335,FRED,00691,0004200044576,0004200044576,00004200044576,004200044576,Brawny,Brawny® Tear-A-Square® 3-Ply Paper Towel Triple Rolls,2 rolls,7.49,,7.49
2026-02-17T11:20:42Z,paper towels,70100691,Gig Harbor,WA,98335,FRED,00691,0003600052499,0003600052499,00003600052499,003600052499,Viva,Viva Multi-Surface Cloth Paper Towels Double Rolls,8 rolls,16.99,14.49,14.49
2026-02-17T11:20:42Z,paper towels,70100691,Gig Harbor,WA,98335,FRED,00691,0004200044658,0004200044658,00004200044658,004200044658,Brawny,Brawny® Full Sheet 3-Ply Paper Towel Double Rolls,6 rolls,13.29,11.99,11.99
2026-02-17T11:20:42Z,paper towels,70100691,Gig Harbor,WA,98335,FRED,00691,0004200044579,0004200044579,00004200044579,004200044579,Brawny,Brawny® Tear-A-Square® 3-Ply Paper Towel Double Rolls,4 rolls,10.29,7.49,7.49
2026-02-17T11:20:42Z,paper towels,70100691,Gig Harbor,WA,98335,FRED,00691,0001111016086,0001111016086,00001111016086,001111016086,Kroger,Kroger® Rugged + Reliable Paper Towels Double Rolls,4 rolls,7.29,,7.29
2026-02-17T11:20:42Z,paper towels,70100691,Gig Harbor,WA,98335,FRED,00691,0001111014184,0001111014184,00001111014184,001111014184,Kroger,Kroger® Ultra Paper Towels With Absorbing Power Triple Rolls,2 rolls,6.29,,6.29
2026-02-17T11:20:42Z,paper towels,70100691,Gig Harbor,WA,98335,FRED,00691,0001111016087,0001111016087,00001111016087,001111016087,Kroger,Kroger® Rugged + Reliable Paper Towels Giant Rolls,10 rolls,13.79,,13.79
2026-02-17T11:20:42Z,paper towels,70100691,Gig Harbor,WA,98335,FRED,00691,0001111016088,0001111016088,00001111016088,001111016088,Kroger,Kroger® Rugged + Reliable Paper Towels Double Plus Rolls BIG DEAL!,12 ct,19.99,,19.99
2026-02-17T11:20:42Z,paper towels,70100691,Gig Harbor,WA,98335,FRED,00691,0001111014185,0001111014185,00001111014185,001111014185,Kroger,Kroger® Ultra Paper Towels With Absorbing Power Double Rolls,4 rolls,8.49,,8.49
2026-02-17T11:20:42Z,paper towels,70100691,Gig Harbor,WA,98335,FRED,00691,0001111014186,0001111014186,00001111014186,001111014186,Kroger,Kroger® Ultra Paper Towels With Absorbing Power Double Rolls,6 rolls,11.29,,11.29
2026-02-17T11:20:42Z,paper towels,70100691,Gig Harbor,WA,98335,FRED,00691,0003077216014,0003077216014,00003077216014,003077216014,Bounty,"Bounty Paper Towels Select-A-Size White, 8 Triple Rolls, 123 Sheets Per Roll",8 rolls,26.99,23.99,23.99
2026-02-17T11:20:42Z,paper towels,70100691,Gig Harbor,WA,98335,FRED,00691,0001111014187,0001111014187,00001111014187,001111014187,Kroger,Kroger® Ultra Absorbing Power Paper Towels Triple Rolls,8 ct,19.29,,19.29
2026-02-17T11:20:42Z,paper towels,70100691,Gig Harbor,WA,98335,FRED,00691,0003077215664,0003077215664,00003077215664,003077215664,Bounty,Bounty Paper Towels Select-A-Size White 12 Double Plus Rolls,12 rolls,30.99,29.99,29.99
2026-02-17T11:20:42Z,paper towels,70100691,Gig Harbor,WA,98335,FRED,00691,0003040022241,0003040022241,00003040022241,003040022241,Sparkle,Sparkle® Pick-A-Size® Paper Towel Double Rolls,8 rolls,11.99,,11.99
2026-02-17T11:20:42Z,paper towels,70100691,Gig Harbor,WA,98335,FRED,00691,0003077216071,0003077216071,00003077216071,003077216071,Bounty,Bounty Paper Towels Select-A-Size White 6 Mega Rolls,6 rolls,26.99,23.99,23.99
2026-02-17T11:20:42Z,paper towels,70100691,Gig Harbor,WA,98335,FRED,00691,0001111010621,0001111010621,00001111010621,001111010621,Kroger,Kroger® Glimmer Select-A-Sheet Paper Towels Double Rolls,2 rolls,2.99,,2.99
2026-02-17T11:20:42Z,paper towels,70100691,Gig Harbor,WA,98335,FRED,00691,0001111012026,0001111012026,00001111012026,001111012026,Kroger,Kroger® Rugged + Reliable Paper Towels Double Plus Rolls BIG DEAL!,12 rolls,19.99,,19.99
2026-02-17T11:20:42Z,paper towels,70100691,Gig Harbor,WA,98335,FRED,00691,0001111013577,0001111013577,00001111013577,001111013577,Kroger,Kroger® Rugged + Reliable Paper Towels Double Rolls,4 rolls,7.29,,7.29
2026-02-17T11:20:42Z,paper towels,70100691,Gig Harbor,WA,98335,FRED,00691,0073291313722,0073291313722,00073291313722,073291313722,Seventh Generation,Seventh Generation 100% Recycled Paper Jumbo Paper Towels,1 roll / 156 ct,4.79,,4.79
2026-02-17T11:20:42Z,paper towels,70100691,Gig Harbor,WA,98335,FRED,00691,0004200044588,0004200044588,00004200044588,004200044588,Brawny,Brawny® Tear-A-Square® 3-Ply Paper Towel Double Rolls,6 rolls,13.29,11.99,11.99
2026-02-17T11:20:42Z,paper towels,70100691,Gig Harbor,WA,98335,FRED,00691,0003077215703,0003077215703,00003077215703,003077215703,Bounty,Bounty Paper Towels Select-A-Size White 6 Double Rolls,6 rolls,14.99,,14.99
2026-02-17T11:20:42Z,paper towels,70100691,Gig Harbor,WA,98335,FRED,00691,0004200044600,0004200044600,00004200044600,004200044600,Brawny,Brawny® Tear-A-Square® 3-Ply Paper Towel Double Rolls,8 rolls,16.79,16.29,16.29
2026-02-17T11:20:42Z,paper towels,70100658,Issaquah,WA,98029,FRED,00658,0003600049413,0003600049413,00003600049413,003600049413,Viva,Viva® Multi-Surface Cloth™ Paper Towels Single Rolls,6 rolls,12.49,10.99,10.99
2026-02-17T11:20:42Z,paper towels,70100658,Issaquah,WA,98029,FRED,00658,0003077215712,0003077215712,00003077215712,003077215712,Bounty,Bounty Paper Towels Select-A-Size White 4 Double Rolls,4 rolls,11.29,,11.29
2026-02-17T11:20:42Z,paper towels,70100658,Issaquah,WA,98029,FRED,00658,0003077216009,0003077216009,00003077216009,003077216009,Bounty,Bounty Paper Towels Select-A-Size White 4 Triple Rolls,4 rolls,14.99,,14.99
2026-02-17T11:20:42Z,paper towels,70100658,Issaquah,WA,98029,FRED,00658,0003040022272,0003040022272,00003040022272,003040022272,Sparkle,Sparkle® Tear-A-Square® Customizable Sheet Size Paper Towels Double Rolls,2 rolls,3.79,,3.79
2026-02-17T11:20:42Z,paper towels,70100658,Issaquah,WA,98029,FRED,00658,0005400075130,0005400075130,00005400075130,005400075130,Scott,Scott® Original Multipurpose Shop Towels - Blue,55ct,3.99,,3.99
2026-02-17T11:20:42Z,paper towels,70100658,Issaquah,WA,98029,FRED,00658,0003077216021,0003077216021,00003077216021,003077216021,Bounty,Bounty Paper Towels Full Sheet White 6 Double Rolls,6 rolls,14.99,,14.99
2026-02-17T11:20:42Z,paper towels,70100658,Issaquah,WA,98029,FRED,00658,0003077216042,0003077216042,00003077216042,003077216042,Bounty,Bounty Paper Towels Select-A-Size White 2 Triple Rolls,2 rolls,7.99,,7.99
2026-02-17T11:20:42Z,paper towels,70100658,Issaquah,WA,98029,FRED,00658,0003077216020,0003077216020,00003077216020,003077216020,Bounty,Bounty Paper Towels Select-A-Size White 6 Triple Rolls,6 rolls,21.99,19.99,19.99
2026-02-17T11:20:42Z,paper towels,70100658,Issaquah,WA,98029,FRED,00658,0003040022276,0003040022276,00003040022276,003040022276,Sparkle,Sparkle® Tear-A-Square® Paper Towel Double Rolls,6 rolls,9.29,7.49,7.49
2026-02-17T11:20:42Z,paper towels,70100658,Issaquah,WA,98029,FRED,00658,0003077219274,0003077219274,00003077219274,003077219274,Bounty,Bounty Paper Towels Select-A-Size White 8 Double Plus Rolls,8 rolls,21.49,,21.49
2026-02-17T11:20:42Z,paper towels,70100658,Issaquah,WA,98029,FRED,00658,0006366836203,0006366836203,00006366836203,006366836203,Green Forest,Green Forest 100% Recycled Size-Your-Own Paper Towels,3 pk,6.29,,6.29
2026-02-17T11:20:42Z,paper towels,70100658,Issaquah,WA,98029,FRED,00658,0076427177011,0076427177011,00076427177011,076427177011,Oggi,OGGI Wallmount Paper Towel Holder,1 ct,11.99,,11.99
2026-02-17T11:20:42Z,paper towels,70100658,Issaquah,WA,98029,FRED,00658,0076427107702,0076427107702,00076427107702,076427107702,OGGI,OGGI Stainless Steel Paper Towel Holder,1 ct,17.99,,17.99
2026-02-17T11:20:42Z,paper towels,70100658,Issaquah,WA,98029,FRED,00658,0086001113901,0086001113901,00086001113901,086001113901,Reel,Reel® Premium Bamboo Paper Towels,6 ct,19.49,,19.49
2026-02-17T11:20:42Z,paper towels,70100658,Issaquah,WA,98029,FRED,00658,0086001113900,0086001113900,00086001113900,086001113900,Reel,Reel® Premium Bamboo Paper Towel Triple Rolls,2 rolls,7.99,,7.99
2026-02-17T11:20:42Z,paper towels,70100658,Issaquah,WA,98029,FRED,00658,0001111011984,0001111011984,00001111011984,001111011984,Kroger,Kroger® Rugged and Reliable Paper Towels Giant Rolls,10 rolls,13.49,,13.49
2026-02-17T11:20:42Z,paper towels,70100658,Issaquah,WA,98029,FRED,00658,0073291313737,0073291313737,00073291313737,073291313737,Seventh Generation,Seventh Generation Unbleached Chlorine Free Paper Towel Rolls,6 rolls,21.99,,21.99
2026-02-17T11:20:42Z,paper towels,70100658,Issaquah,WA,98029,FRED,00658,0019655708688,0019655708688,00019655708688,019655708688,Core,Core Kitchen Paper Towel Holder,1 ct,8.99,,8.99
2026-02-17T11:20:42Z,paper towels,70100658,Issaquah,WA,98029,FRED,00658,0003600038587,0003600038587,00003600038587,003600038587,Kleenex,"Kleenex® Disposable Paper Hand Towels, 1 Box, 60 Towels per Box",60 count,4.29,,4.29
2026-02-17T11:20:42Z,paper towels,70100658,Issaquah,WA,98029,FRED,00658,0003600056532,0003600056532,00003600056532,003600056532,Viva,Viva® Signature Cloth™ Paper Towels Double Rolls,6 rolls,14.29,,14.29
2026-02-17T11:20:42Z,paper towels,70100658,Issaquah,WA,98029,FRED,00658,0004200044576,0004200044576,00004200044576,004200044576,Brawny,Brawny® Tear-A-Square® 3-Ply Paper Towel Triple Rolls,2 rolls,7.49,,7.49
2026-02-17T11:20:42Z,paper towels,70100658,Issaquah,WA,98029,FRED,00658,0003600056535,0003600056535,00003600056535,003600056535,Viva,Viva Signature Cloth Paper Towels Double Rolls,12 rolls,23.49,,23.49
2026-02-17T11:20:42Z,paper towels,70100658,Issaquah,WA,98029,FRED,00658,0003600052499,0003600052499,00003600052499,003600052499,Viva,Viva Multi-Surface Cloth Paper Towels Double Rolls,8 rolls,16.99,14.49,14.49
2026-02-17T11:20:42Z,paper towels,70100658,Issaquah,WA,98029,FRED,00658,0004200044658,0004200044658,00004200044658,004200044658,Brawny,Brawny® Full Sheet 3-Ply Paper Towel Double Rolls,6 rolls,13.29,11.99,11.99
2026-02-17T11:20:42Z,paper towels,70100658,Issaquah,WA,98029,FRED,00658,0004200044579,0004200044579,00004200044579,004200044579,Brawny,Brawny® Tear-A-Square® 3-Ply Paper Towel Double Rolls,4 rolls,10.29,7.49,7.49
2026-02-17T11:20:42Z,paper towels,70100658,Issaquah,WA,98029,FRED,00658,0001111016086,0001111016086,00001111016086,001111016086,Kroger,Kroger® Rugged + Reliable Paper Towels Double Rolls,4 rolls,7.29,,7.29
2026-02-17T11:20:42Z,paper towels,70100658,Issaquah,WA,98029,FRED,00658,0001111014184,0001111014184,00001111014184,001111014184,Kroger,Kroger® Ultra Paper Towels With Absorbing Power Triple Rolls,2 rolls,6.29,,6.29
2026-02-17T11:20:42Z,paper towels,70100658,Issaquah,WA,98029,FRED,00658,0001111016087,0001111016087,00001111016087,001111016087,Kroger,Kroger® Rugged + Reliable Paper Towels Giant Rolls,10 rolls,13.79,,13.79
2026-02-17T11:20:42Z,paper towels,70100658,Issaquah,WA,98029,FRED,00658,0001111014185,0001111014185,00001111014185,001111014185,Kroger,Kroger® Ultra Paper Towels With Absorbing Power Double Rolls,4 rolls,8.49,,8.49
2026-02-17T11:20:42Z,paper towels,70100658,Issaquah,WA,98029,FRED,00658,0001111016088,0001111016088,00001111016088,001111016088,Kroger,Kroger® Rugged + Reliable Paper Towels Double Plus Rolls BIG DEAL!,12 ct,19.99,,19.99
2026-02-17T11:20:42Z,paper towels,70100658,Issaquah,WA,98029,FRED,00658,0003077216014,0003077216014,00003077216014,003077216014,Bounty,"Bounty Paper Towels Select-A-Size White, 8 Triple Rolls, 123 Sheets Per Roll",8 rolls,26.99,23.99,23.99
2026-02-17T11:20:42Z,paper towels,70100658,Issaquah,WA,98029,FRED,00658,0001111014186,0001111014186,00001111014186,001111014186,Kroger,Kroger® Ultra Paper Towels With Absorbing Power Double Rolls,6 rolls,11.29,,11.29
2026-02-17T11:20:42Z,paper towels,70100658,Issaquah,WA,98029,FRED,00658,0001111014187,0001111014187,00001111014187,001111014187,Kroger,Kroger® Ultra Absorbing Power Paper Towels Triple Rolls,8 ct,19.29,,19.29
2026-02-17T11:20:42Z,paper towels,70100658,Issaquah,WA,98029,FRED,00658,0003077215664,0003077215664,00003077215664,003077215664,Bounty,Bounty Paper Towels Select-A-Size White 12 Double Plus Rolls,12 rolls,30.99,29.99,29.99
2026-02-17T11:20:42Z,paper towels,70100658,Issaquah,WA,98029,FRED,00658,0071981207833,0071981207833,00071981207833,071981207833,Softworks,Softworks Simply Tear Paper Towel Holder,1 ct,29.99,,29.99
2026-02-17T11:20:42Z,paper towels,70100658,Issaquah,WA,98029,FRED,00658,0003040022241,0003040022241,00003040022241,003040022241,Sparkle,Sparkle® Pick-A-Size® Paper Towel Double Rolls,8 rolls,11.99,,11.99
2026-02-17T11:20:42Z,paper towels,70100658,Issaquah,WA,98029,FRED,00658,0003077216071,0003077216071,00003077216071,003077216071,Bounty,Bounty Paper Towels Select-A-Size White 6 Mega Rolls,6 rolls,26.99,23.99,23.99
2026-02-17T11:20:42Z,paper towels,70100658,Issaquah,WA,98029,FRED,00658,0001111010621,0001111010621,00001111010621,001111010621,Kroger,Kroger® Glimmer Select-A-Sheet Paper Towels Double Rolls,2 rolls,2.99,,2.99
2026-02-17T11:20:42Z,paper towels,70100658,Issaquah,WA,98029,FRED,00658,0003600055195,0003600055195,00003600055195,003600055195,Scott,Scott® On-The-Go™ Pop-Up!® Cloths,70 ct,5.99,,5.99
2026-02-17T11:20:42Z,paper towels,70100658,Issaquah,WA,98029,FRED,00658,0088877707647,0088877707647,00088877707647,088877707647,SDS for HD Designs,SDS for HD Designs Acacia & Brass Paper Towel Holder,14 in,16.99,11.89,11.89
2026-02-17T11:20:42Z,paper towels,70100658,Issaquah,WA,98029,FRED,00658,0001111013577,0001111013577,00001111013577,001111013577,Kroger,Kroger® Rugged + Reliable Paper Towels Double Rolls,4 rolls,7.29,,7.29
2026-02-17T11:20:42Z,paper towels,70100658,Issaquah,WA,98029,FRED,00658,0001111012026,0001111012026,00001111012026,001111012026,Kroger,Kroger® Rugged + Reliable Paper Towels Double Plus Rolls BIG DEAL!,12 rolls,19.99,,19.99
2026-02-17T11:20:42Z,paper towels,70100658,Issaquah,WA,98029,FRED,00658,0073291313722,0073291313722,00073291313722,073291313722,Seventh Generation,Seventh Generation 100% Recycled Paper Jumbo Paper Towels,1 roll / 156 ct,4.79,,4.79
2026-02-17T11:20:42Z,paper towels,70100658,Issaquah,WA,98029,FRED,00658,0004200044588,0004200044588,00004200044588,004200044588,Brawny,Brawny® Tear-A-Square® 3-Ply Paper Towel Double Rolls,6 rolls,13.29,11.99,11.99
2026-02-17T11:20:42Z,paper towels,70100658,Issaquah,WA,98029,FRED,00658,0003077215703,0003077215703,00003077215703,003077215703,Bounty,Bounty Paper Towels Select-A-Size White 6 Double Rolls,6 rolls,14.99,,14.99
2026-02-17T11:20:42Z,paper towels,70100658,Issaquah,WA,98029,FRED,00658,0071981261343,0071981261343,00071981261343,071981261343,Softworks,Softworks Steady Paper Towel Holder,1 ct,25.99,,25.99
2026-02-17T11:20:42Z,paper towels,70100658,Issaquah,WA,98029,FRED,00658,0004200044600,0004200044600,00004200044600,004200044600,Brawny,Brawny® Tear-A-Square® 3-Ply Paper Towel Double Rolls,8 rolls,16.79,16.29,16.29
2026-02-17T11:20:42Z,paper towels,70100163,Kennewick,WA,99336,FRED,00163,0003600049413,0003600049413,00003600049413,003600049413,Viva,Viva® Multi-Surface Cloth™ Paper Towels Single Rolls,6 rolls,12.29,10.79,10.79
2026-02-17T11:20:42Z,paper towels,70100163,Kennewick,WA,99336,FRED,00163,0003077215712,0003077215712,00003077215712,003077215712,Bounty,Bounty Paper Towels Select-A-Size White 4 Double Rolls,4 rolls,10.99,,10.99
2026-02-17T11:20:42Z,paper towels,70100163,Kennewick,WA,99336,FRED,00163,0003077216009,0003077216009,00003077216009,003077216009,Bounty,Bounty Paper Towels Select-A-Size White 4 Triple Rolls,4 rolls,14.99,,14.99
2026-02-17T11:20:42Z,paper towels,70100163,Kennewick,WA,99336,FRED,00163,0003040022272,0003040022272,00003040022272,003040022272,Sparkle,Sparkle® Tear-A-Square® Customizable Sheet Size Paper Towels Double Rolls,2 rolls,3.69,,3.69
2026-02-17T11:20:42Z,paper towels,70100163,Kennewick,WA,99336,FRED,00163,0005400075130,0005400075130,00005400075130,005400075130,Scott,Scott® Original Multipurpose Shop Towels - Blue,55ct,3.99,,3.99
2026-02-17T11:20:42Z,paper towels,70100163,Kennewick,WA,99336,FRED,00163,0003077216021,0003077216021,00003077216021,003077216021,Bounty,Bounty Paper Towels Full Sheet White 6 Double Rolls,6 rolls,14.99,,14.99
2026-02-17T11:20:42Z,paper towels,70100163,Kennewick,WA,99336,FRED,00163,0003077216020,0003077216020,00003077216020,003077216020,Bounty,Bounty Paper Towels Select-A-Size White 6 Triple Rolls,6 rolls,21.49,19.49,19.49
2026-02-17T11:20:42Z,paper towels,70100163,Kennewick,WA,99336,FRED,00163,0003077216042,0003077216042,00003077216042,003077216042,Bounty,Bounty Paper Towels Select-A-Size White 2 Triple Rolls,2 rolls,7.99,,7.99
2026-02-17T11:20:42Z,paper towels,70100163,Kennewick,WA,99336,FRED,00163,0003040022276,0003040022276,00003040022276,003040022276,Sparkle,Sparkle® Tear-A-Square® Paper Towel Double Rolls,6 rolls,8.99,7.49,7.49
2026-02-17T11:20:42Z,paper towels,70100163,Kennewick,WA,99336,FRED,00163,0003077219274,0003077219274,00003077219274,003077219274,Bounty,Bounty Paper Towels Select-A-Size White 8 Double Plus Rolls,8 rolls,20.99,,20.99
2026-02-17T11:20:42Z,paper towels,70100163,Kennewick,WA,99336,FRED,00163,0006366836203,0006366836203,00006366836203,006366836203,Green Forest,Green Forest 100% Recycled Size-Your-Own Paper Towels,3 pk,,,
2026-02-17T11:20:42Z,paper towels,70100163,Kennewick,WA,99336,FRED,00163,0076427107702,0076427107702,00076427107702,076427107702,OGGI,OGGI Stainless Steel Paper Towel Holder,1 ct,17.99,,17.99
2026-02-17T11:20:42Z,paper towels,70100163,Kennewick,WA,99336,FRED,00163,0076427177011,0076427177011,00076427177011,076427177011,Oggi,OGGI Wallmount Paper Towel Holder,1 ct,11.99,,11.99
2026-02-17T11:20:42Z,paper towels,70100163,Kennewick,WA,99336,FRED,00163,0086001113901,0086001113901,00086001113901,086001113901,Reel,Reel® Premium Bamboo Paper Towels,6 ct,19.29,,19.29
2026-02-17T11:20:42Z,paper towels,70100163,Kennewick,WA,99336,FRED,00163,0086001113900,0086001113900,00086001113900,086001113900,Reel,Reel® Premium Bamboo Paper Towel Triple Rolls,2 rolls,7.99,,7.99
2026-02-17T11:20:42Z,paper towels,70100163,Kennewick,WA,99336,FRED,00163,0001111011984,0001111011984,00001111011984,001111011984,Kroger,Kroger® Rugged and Reliable Paper Towels Giant Rolls,10 rolls,13.49,,13.49
2026-02-17T11:20:42Z,paper towels,70100163,Kennewick,WA,99336,FRED,00163,0073291313737,0073291313737,00073291313737,073291313737,Seventh Generation,Seventh Generation Unbleached Chlorine Free Paper Towel Rolls,6 rolls,21.99,,21.99
2026-02-17T11:20:42Z,paper towels,70100163,Kennewick,WA,99336,FRED,00163,0019655708688,0019655708688,00019655708688,019655708688,Core,Core Kitchen Paper Towel Holder,1 ct,8.99,,8.99
2026-02-17T11:20:42Z,paper towels,70100163,Kennewick,WA,99336,FRED,00163,0003600056532,0003600056532,00003600056532,003600056532,Viva,Viva® Signature Cloth™ Paper Towels Double Rolls,6 rolls,14.29,,14.29
2026-02-17T11:20:42Z,paper towels,70100163,Kennewick,WA,99336,FRED,00163,0003600038587,0003600038587,00003600038587,003600038587,Kleenex,"Kleenex® Disposable Paper Hand Towels, 1 Box, 60 Towels per Box",60 count,4.19,,4.19
2026-02-17T11:20:42Z,paper towels,70100163,Kennewick,WA,99336,FRED,00163,0004200044576,0004200044576,00004200044576,004200044576,Brawny,Brawny® Tear-A-Square® 3-Ply Paper Towel Triple Rolls,2 rolls,7.49,,7.49
2026-02-17T11:20:42Z,paper towels,70100163,Kennewick,WA,99336,FRED,00163,0003600056535,0003600056535,00003600056535,003600056535,Viva,Viva Signature Cloth Paper Towels Double Rolls,12 rolls,23.49,,23.49
2026-02-17T11:20:42Z,paper towels,70100163,Kennewick,WA,99336,FRED,00163,0003600052499,0003600052499,00003600052499,003600052499,Viva,Viva Multi-Surface Cloth Paper Towels Double Rolls,8 rolls,16.79,14.49,14.49
2026-02-17T11:20:42Z,paper towels,70100163,Kennewick,WA,99336,FRED,00163,0004200044658,0004200044658,00004200044658,004200044658,Brawny,Brawny® Full Sheet 3-Ply Paper Towel Double Rolls,6 rolls,12.99,11.99,11.99
2026-02-17T11:20:42Z,paper towels,70100163,Kennewick,WA,99336,FRED,00163,0004200044579,0004200044579,00004200044579,004200044579,Brawny,Brawny® Tear-A-Square® 3-Ply Paper Towel Double Rolls,4 rolls,9.99,7.49,7.49
2026-02-17T11:20:42Z,paper towels,70100163,Kennewick,WA,99336,FRED,00163,0001111016086,0001111016086,00001111016086,001111016086,Kroger,Kroger® Rugged + Reliable Paper Towels Double Rolls,4 rolls,7.29,,7.29
2026-02-17T11:20:42Z,paper towels,70100163,Kennewick,WA,99336,FRED,00163,0001111014184,0001111014184,00001111014184,001111014184,Kroger,Kroger® Ultra Paper Towels With Absorbing Power Triple Rolls,2 rolls,6.29,,6.29
2026-02-17T11:20:42Z,paper towels,70100163,Kennewick,WA,99336,FRED,00163,0001111016087,0001111016087,00001111016087,001111016087,Kroger,Kroger® Rugged + Reliable Paper Towels Giant Rolls,10 rolls,13.49,,13.49
2026-02-17T11:20:42Z,paper towels,70100163,Kennewick,WA,99336,FRED,00163,0001111014185,0001111014185,00001111014185,001111014185,Kroger,Kroger® Ultra Paper Towels With Absorbing Power Double Rolls,4 rolls,8.29,,8.29
2026-02-17T11:20:42Z,paper towels,70100163,Kennewick,WA,99336,FRED,00163,0001111016088,0001111016088,00001111016088,001111016088,Kroger,Kroger® Rugged + Reliable Paper Towels Double Plus Rolls BIG DEAL!,12 ct,19.99,,19.99
2026-02-17T11:20:42Z,paper towels,70100163,Kennewick,WA,99336,FRED,00163,0001111014186,0001111014186,00001111014186,001111014186,Kroger,Kroger® Ultra Paper Towels With Absorbing Power Double Rolls,6 rolls,10.99,,10.99
2026-02-17T11:20:42Z,paper towels,70100163,Kennewick,WA,99336,FRED,00163,0003077216014,0003077216014,00003077216014,003077216014,Bounty,"Bounty Paper Towels Select-A-Size White, 8 Triple Rolls, 123 Sheets Per Roll",8 rolls,26.99,23.99,23.99
2026-02-17T11:20:42Z,paper towels,70100163,Kennewick,WA,99336,FRED,00163,0001111014187,0001111014187,00001111014187,001111014187,Kroger,Kroger® Ultra Absorbing Power Paper Towels Triple Rolls,8 ct,18.99,,18.99
2026-02-17T11:20:42Z,paper towels,70100163,Kennewick,WA,99336,FRED,00163,0071981207833,0071981207833,00071981207833,071981207833,Softworks,Softworks Simply Tear Paper Towel Holder,1 ct,29.99,,29.99
2026-02-17T11:20:42Z,paper towels,70100163,Kennewick,WA,99336,FRED,00163,0003077215664,0003077215664,00003077215664,003077215664,Bounty,Bounty Paper Towels Select-A-Size White 12 Double Plus Rolls,12 rolls,29.99,,29.99
2026-02-17T11:20:42Z,paper towels,70100163,Kennewick,WA,99336,FRED,00163,0003040022241,0003040022241,00003040022241,003040022241,Sparkle,Sparkle® Pick-A-Size® Paper Towel Double Rolls,8 rolls,11.79,,11.79
2026-02-17T11:20:42Z,paper towels,70100163,Kennewick,WA,99336,FRED,00163,0003077216071,0003077216071,00003077216071,003077216071,Bounty,Bounty Paper Towels Select-A-Size White 6 Mega Rolls,6 rolls,26.99,23.99,23.99
2026-02-17T11:20:42Z,paper towels,70100163,Kennewick,WA,99336,FRED,00163,0001111010621,0001111010621,00001111010621,001111010621,Kroger,Kroger® Glimmer Select-A-Sheet Paper Towels Double Rolls,2 rolls,2.99,,2.99
2026-02-17T11:20:42Z,paper towels,70100163,Kennewick,WA,99336,FRED,00163,0003600055195,0003600055195,00003600055195,003600055195,Scott,Scott® On-The-Go™ Pop-Up!® Cloths,70 ct,5.99,,5.99
2026-02-17T11:20:42Z,paper towels,70100163,Kennewick,WA,99336,FRED,00163,0088877707647,0088877707647,00088877707647,088877707647,SDS for HD Designs,SDS for HD Designs Acacia & Brass Paper Towel Holder,14 in,16.99,11.89,11.89
2026-02-17T11:20:42Z,paper towels,70100163,Kennewick,WA,99336,FRED,00163,0001111012026,0001111012026,00001111012026,001111012026,Kroger,Kroger® Rugged + Reliable Paper Towels Double Plus Rolls BIG DEAL!,12 rolls,19.99,,19.99
2026-02-17T11:20:42Z,paper towels,70100163,Kennewick,WA,99336,FRED,00163,0001111013577,0001111013577,00001111013577,001111013577,Kroger,Kroger® Rugged + Reliable Paper Towels Double Rolls,4 rolls,7.29,,7.29
2026-02-17T11:20:42Z,paper towels,70100163,Kennewick,WA,99336,FRED,00163,0073291313722,0073291313722,00073291313722,073291313722,Seventh Generation,Seventh Generation 100% Recycled Paper Jumbo Paper Towels,1 roll / 156 ct,4.79,,4.79
2026-02-17T11:20:42Z,paper towels,70100163,Kennewick,WA,99336,FRED,00163,0004200044588,0004200044588,00004200044588,004200044588,Brawny,Brawny® Tear-A-Square® 3-Ply Paper Towel Double Rolls,6 rolls,12.99,11.99,11.99
2026-02-17T11:20:42Z,paper towels,70100163,Kennewick,WA,99336,FRED,00163,0003077215703,0003077215703,00003077215703,003077215703,Bounty,Bounty Paper Towels Select-A-Size White 6 Double Rolls,6 rolls,14.99,,14.99
2026-02-17T11:20:42Z,paper towels,70100163,Kennewick,WA,99336,FRED,00163,0071981261343,0071981261343,00071981261343,071981261343,Softworks,Softworks Steady Paper Towel Holder,1 ct,25.99,,25.99
2026-02-17T11:20:42Z,paper towels,70100163,Kennewick,WA,99336,FRED,00163,0004200044600,0004200044600,00004200044600,004200044600,Brawny,Brawny® Tear-A-Square® 3-Ply Paper Towel Double Rolls,8 rolls,16.49,15.99,15.99
2026-02-17T11:20:42Z,paper towels,70100172,Kent,WA,98031,FRED,00172,0003600049413,0003600049413,00003600049413,003600049413,Viva,Viva® Multi-Surface Cloth™ Paper Towels Single Rolls,6 rolls,,,
2026-02-17T11:20:42Z,paper towels,70100172,Kent,WA,98031,FRED,00172,0003077215712,0003077215712,00003077215712,003077215712,Bounty,Bounty Paper Towels Select-A-Size White 4 Double Rolls,4 rolls,,,
2026-02-17T11:20:42Z,paper towels,70100172,Kent,WA,98031,FRED,00172,0003040022272,0003040022272,00003040022272,003040022272,Sparkle,Sparkle® Tear-A-Square® Customizable Sheet Size Paper Towels Double Rolls,2 rolls,,,
2026-02-17T11:20:42Z,paper towels,70100172,Kent,WA,98031,FRED,00172,0005400075130,0005400075130,00005400075130,005400075130,Scott,Scott® Original Multipurpose Shop Towels - Blue,55ct,,,
2026-02-17T11:20:42Z,paper towels,70100172,Kent,WA,98031,FRED,00172,0003077216021,0003077216021,00003077216021,003077216021,Bounty,Bounty Paper Towels Full Sheet White 6 Double Rolls,6 rolls,,,
2026-02-17T11:20:42Z,paper towels,70100172,Kent,WA,98031,FRED,00172,0003077216020,0003077216020,00003077216020,003077216020,Bounty,Bounty Paper Towels Select-A-Size White 6 Triple Rolls,6 rolls,,,
2026-02-17T11:20:42Z,paper towels,70100172,Kent,WA,98031,FRED,00172,0003077216042,0003077216042,00003077216042,003077216042,Bounty,Bounty Paper Towels Select-A-Size White 2 Triple Rolls,2 rolls,,,
2026-02-17T11:20:42Z,paper towels,70100172,Kent,WA,98031,FRED,00172,0003040022276,0003040022276,00003040022276,003040022276,Sparkle,Sparkle® Tear-A-Square® Paper Towel Double Rolls,6 rolls,,,
2026-02-17T11:20:42Z,paper towels,70100172,Kent,WA,98031,FRED,00172,0006366836201,0006366836201,00006366836201,006366836201,Green Forest,Green Forest Size-Your-Own Paper Towels 100% Recycled,1 roll,,,
2026-02-17T11:20:42Z,paper towels,70100172,Kent,WA,98031,FRED,00172,0003077219274,0003077219274,00003077219274,003077219274,Bounty,Bounty Paper Towels Select-A-Size White 8 Double Plus Rolls,8 rolls,,,
2026-02-17T11:20:42Z,paper towels,70100172,Kent,WA,98031,FRED,00172,0006366836203,0006366836203,00006366836203,006366836203,Green Forest,Green Forest 100% Recycled Size-Your-Own Paper Towels,3 pk,,,
2026-02-17T11:20:42Z,paper towels,70100172,Kent,WA,98031,FRED,00172,0076427107702,0076427107702,00076427107702,076427107702,OGGI,OGGI Stainless Steel Paper Towel Holder,1 ct,,,
2026-02-17T11:20:42Z,paper towels,70100172,Kent,WA,98031,FRED,00172,0076427177011,0076427177011,00076427177011,076427177011,Oggi,OGGI Wallmount Paper Towel Holder,1 ct,,,
2026-02-17T11:20:42Z,paper towels,70100172,Kent,WA,98031,FRED,00172,0086001113901,0086001113901,00086001113901,086001113901,Reel,Reel® Premium Bamboo Paper Towels,6 ct,,,
2026-02-17T11:20:42Z,paper towels,70100172,Kent,WA,98031,FRED,00172,0003040022238,0003040022238,00003040022238,003040022238,Sparkle,Sparkle® Pick-A-Size® Paper Towels Double Rolls,6 rolls,,,
2026-02-17T11:20:42Z,paper towels,70100172,Kent,WA,98031,FRED,00172,0086001113900,0086001113900,00086001113900,086001113900,Reel,Reel® Premium Bamboo Paper Towel Triple Rolls,2 rolls,,,
2026-02-17T11:20:42Z,paper towels,70100172,Kent,WA,98031,FRED,00172,0001111011984,0001111011984,00001111011984,001111011984,Kroger,Kroger® Rugged and Reliable Paper Towels Giant Rolls,10 rolls,,,
2026-02-17T11:20:42Z,paper towels,70100172,Kent,WA,98031,FRED,00172,0073291313737,0073291313737,00073291313737,073291313737,Seventh Generation,Seventh Generation Unbleached Chlorine Free Paper Towel Rolls,6 rolls,,,
2026-02-17T11:20:42Z,paper towels,70100172,Kent,WA,98031,FRED,00172,0019655708688,0019655708688,00019655708688,019655708688,Core,Core Kitchen Paper Towel Holder,1 ct,,,
2026-02-17T11:20:42Z,paper towels,70100172,Kent,WA,98031,FRED,00172,0003600056532,0003600056532,00003600056532,003600056532,Viva,Viva® Signature Cloth™ Paper Towels Double Rolls,6 rolls,,,
2026-02-17T11:20:42Z,paper towels,70100172,Kent,WA,98031,FRED,00172,0003600038587,0003600038587,00003600038587,003600038587,Kleenex,"Kleenex® Disposable Paper Hand Towels, 1 Box, 60 Towels per Box",60 count,,,
2026-02-17T11:20:42Z,paper towels,70100172,Kent,WA,98031,FRED,00172,0004200044576,0004200044576,00004200044576,004200044576,Brawny,Brawny® Tear-A-Square® 3-Ply Paper Towel Triple Rolls,2 rolls,,,
2026-02-17T11:20:42Z,paper towels,70100172,Kent,WA,98031,FRED,00172,0003600056535,0003600056535,00003600056535,003600056535,Viva,Viva Signature Cloth Paper Towels Double Rolls,12 rolls,,,
2026-02-17T11:20:42Z,paper towels,70100172,Kent,WA,98031,FRED,00172,0003600052499,0003600052499,00003600052499,003600052499,Viva,Viva Multi-Surface Cloth Paper Towels Double Rolls,8 rolls,,,
2026-02-17T11:20:42Z,paper towels,70100172,Kent,WA,98031,FRED,00172,0004200044658,0004200044658,00004200044658,004200044658,Brawny,Brawny® Full Sheet 3-Ply Paper Towel Double Rolls,6 rolls,,,
2026-02-17T11:20:42Z,paper towels,70100172,Kent,WA,98031,FRED,00172,0004200044579,0004200044579,00004200044579,004200044579,Brawny,Brawny® Tear-A-Square® 3-Ply Paper Towel Double Rolls,4 rolls,,,
2026-02-17T11:20:42Z,paper towels,70100172,Kent,WA,98031,FRED,00172,0001111016086,0001111016086,00001111016086,001111016086,Kroger,Kroger® Rugged + Reliable Paper Towels Double Rolls,4 rolls,,,
2026-02-17T11:20:42Z,paper towels,70100172,Kent,WA,98031,FRED,00172,0001111016087,0001111016087,00001111016087,001111016087,Kroger,Kroger® Rugged + Reliable Paper Towels Giant Rolls,10 rolls,,,
2026-02-17T11:20:42Z,paper towels,70100172,Kent,WA,98031,FRED,00172,0001111014184,0001111014184,00001111014184,001111014184,Kroger,Kroger® Ultra Paper Towels With Absorbing Power Triple Rolls,2 rolls,,,
2026-02-17T11:20:42Z,paper towels,70100172,Kent,WA,98031,FRED,00172,0001111014185,0001111014185,00001111014185,001111014185,Kroger,Kroger® Ultra Paper Towels With Absorbing Power Double Rolls,4 rolls,,,
2026-02-17T11:20:42Z,paper towels,70100172,Kent,WA,98031,FRED,00172,0001111016088,0001111016088,00001111016088,001111016088,Kroger,Kroger® Rugged + Reliable Paper Towels Double Plus Rolls BIG DEAL!,12 ct,,,
2026-02-17T11:20:42Z,paper towels,70100172,Kent,WA,98031,FRED,00172,0001111014186,0001111014186,00001111014186,001111014186,Kroger,Kroger® Ultra Paper Towels With Absorbing Power Double Rolls,6 rolls,,,
2026-02-17T11:20:42Z,paper towels,70100172,Kent,WA,98031,FRED,00172,0003077216014,0003077216014,00003077216014,003077216014,Bounty,"Bounty Paper Towels Select-A-Size White, 8 Triple Rolls, 123 Sheets Per Roll",8 rolls,,,
2026-02-17T11:20:42Z,paper towels,70100172,Kent,WA,98031,FRED,00172,0001111014187,0001111014187,00001111014187,001111014187,Kroger,Kroger® Ultra Absorbing Power Paper Towels Triple Rolls,8 ct,,,
2026-02-17T11:20:42Z,paper towels,70100172,Kent,WA,98031,FRED,00172,0003077215664,0003077215664,00003077215664,003077215664,Bounty,Bounty Paper Towels Select-A-Size White 12 Double Plus Rolls,12 rolls,,,
2026-02-17T11:20:42Z,paper towels,70100172,Kent,WA,98031,FRED,00172,0071981207833,0071981207833,00071981207833,071981207833,Softworks,Softworks Simply Tear Paper Towel Holder,1 ct,,,
2026-02-17T11:20:42Z,paper towels,70100172,Kent,WA,98031,FRED,00172,0003040022241,0003040022241,00003040022241,003040022241,Sparkle,Sparkle® Pick-A-Size® Paper Towel Double Rolls,8 rolls,,,
2026-02-17T11:20:42Z,paper towels,70100172,Kent,WA,98031,FRED,00172,0003077216071,0003077216071,00003077216071,003077216071,Bounty,Bounty Paper Towels Select-A-Size White 6 Mega Rolls,6 rolls,,,
2026-02-17T11:20:42Z,paper towels,70100172,Kent,WA,98031,FRED,00172,0001111010621,0001111010621,00001111010621,001111010621,Kroger,Kroger® Glimmer Select-A-Sheet Paper Towels Double Rolls,2 rolls,,,
2026-02-17T11:20:42Z,paper towels,70100172,Kent,WA,98031,FRED,00172,0003600055195,0003600055195,00003600055195,003600055195,Scott,Scott® On-The-Go™ Pop-Up!® Cloths,70 ct,,,
2026-02-17T11:20:42Z,paper towels,70100172,Kent,WA,98031,FRED,00172,0088877707647,0088877707647,00088877707647,088877707647,SDS for HD Designs,SDS for HD Designs Acacia & Brass Paper Towel Holder,14 in,,,
2026-02-17T11:20:42Z,paper towels,70100172,Kent,WA,98031,FRED,00172,0001111013577,0001111013577,00001111013577,001111013577,Kroger,Kroger® Rugged + Reliable Paper Towels Double Rolls,4 rolls,,,
2026-02-17T11:20:42Z,paper towels,70100172,Kent,WA,98031,FRED,00172,0001111012026,0001111012026,00001111012026,001111012026,Kroger,Kroger® Rugged + Reliable Paper Towels Double Plus Rolls BIG DEAL!,12 rolls,,,
2026-02-17T11:20:42Z,paper towels,70100172,Kent,WA,98031,FRED,00172,0073291313722,0073291313722,00073291313722,073291313722,Seventh Generation,Seventh Generation 100% Recycled Paper Jumbo Paper Towels,1 roll / 156 ct,,,
2026-02-17T11:20:42Z,paper towels,70100172,Kent,WA,98031,FRED,00172,0004200044588,0004200044588,00004200044588,004200044588,Brawny,Brawny® Tear-A-Square® 3-Ply Paper Towel Double Rolls,6 rolls,,,
2026-02-17T11:20:42Z,paper towels,70100172,Kent,WA,98031,FRED,00172,0003077215703,0003077215703,00003077215703,003077215703,Bounty,Bounty Paper Towels Select-A-Size White 6 Double Rolls,6 rolls,,,
2026-02-17T11:20:42Z,paper towels,70100172,Kent,WA,98031,FRED,00172,0071981261343,0071981261343,00071981261343,071981261343,Softworks,Softworks Steady Paper Towel Holder,1 ct,,,
2026-02-17T11:20:42Z,paper towels,70100172,Kent,WA,98031,FRED,00172,0004200044600,0004200044600,00004200044600,004200044600,Brawny,Brawny® Tear-A-Square® 3-Ply Paper Towel Double Rolls,8 rolls,,,
2026-02-17T11:20:42Z,paper towels,70100215,Kent,WA,98032,FRED,00215,0003077215712,0003077215712,00003077215712,003077215712,Bounty,Bounty Paper Towels Select-A-Size White 4 Double Rolls,4 rolls,11.29,,11.29
2026-02-17T11:20:42Z,paper towels,70100215,Kent,WA,98032,FRED,00215,0003077216009,0003077216009,00003077216009,003077216009,Bounty,Bounty Paper Towels Select-A-Size White 4 Triple Rolls,4 rolls,14.99,,14.99
2026-02-17T11:20:42Z,paper towels,70100215,Kent,WA,98032,FRED,00215,0003600049413,0003600049413,00003600049413,003600049413,Viva,Viva® Multi-Surface Cloth™ Paper Towels Single Rolls,6 rolls,12.49,10.99,10.99
2026-02-17T11:20:42Z,paper towels,70100215,Kent,WA,98032,FRED,00215,0005400075130,0005400075130,00005400075130,005400075130,Scott,Scott® Original Multipurpose Shop Towels - Blue,55ct,3.99,,3.99
2026-02-17T11:20:42Z,paper towels,70100215,Kent,WA,98032,FRED,00215,0003040022272,0003040022272,00003040022272,003040022272,Sparkle,Sparkle® Tear-A-Square® Customizable Sheet Size Paper Towels Double Rolls,2 rolls,3.79,,3.79
2026-02-17T11:20:42Z,paper towels,70100215,Kent,WA,98032,FRED,00215,0003077216021,0003077216021,00003077216021,003077216021,Bounty,Bounty Paper Towels Full Sheet White 6 Double Rolls,6 rolls,14.99,,14.99
2026-02-17T11:20:42Z,paper towels,70100215,Kent,WA,98032,FRED,00215,0003077216042,0003077216042,00003077216042,003077216042,Bounty,Bounty Paper Towels Select-A-Size White 2 Triple Rolls,2 rolls,7.99,,7.99
2026-02-17T11:20:42Z,paper towels,70100215,Kent,WA,98032,FRED,00215,0003077216020,0003077216020,00003077216020,003077216020,Bounty,Bounty Paper Towels Select-A-Size White 6 Triple Rolls,6 rolls,21.99,19.99,19.99
2026-02-17T11:20:42Z,paper towels,70100215,Kent,WA,98032,FRED,00215,0003040022276,0003040022276,00003040022276,003040022276,Sparkle,Sparkle® Tear-A-Square® Paper Towel Double Rolls,6 rolls,9.29,7.49,7.49
2026-02-17T11:20:42Z,paper towels,70100215,Kent,WA,98032,FRED,00215,0003077219274,0003077219274,00003077219274,003077219274,Bounty,Bounty Paper Towels Select-A-Size White 8 Double Plus Rolls,8 rolls,21.49,,21.49
2026-02-17T11:20:42Z,paper towels,70100215,Kent,WA,98032,FRED,00215,0076427177011,0076427177011,00076427177011,076427177011,Oggi,OGGI Wallmount Paper Towel Holder,1 ct,11.99,,11.99
2026-02-17T11:20:42Z,paper towels,70100215,Kent,WA,98032,FRED,00215,0076427107702,0076427107702,00076427107702,076427107702,OGGI,OGGI Stainless Steel Paper Towel Holder,1 ct,17.99,,17.99
2026-02-17T11:20:42Z,paper towels,70100215,Kent,WA,98032,FRED,00215,0003040022238,0003040022238,00003040022238,003040022238,Sparkle,Sparkle® Pick-A-Size® Paper Towels Double Rolls,6 rolls,9.29,7.49,7.49
2026-02-17T11:20:42Z,paper towels,70100215,Kent,WA,98032,FRED,00215,0001111011984,0001111011984,00001111011984,001111011984,Kroger,Kroger® Rugged and Reliable Paper Towels Giant Rolls,10 rolls,13.49,,13.49
2026-02-17T11:20:42Z,paper towels,70100215,Kent,WA,98032,FRED,00215,0073291313737,0073291313737,00073291313737,073291313737,Seventh Generation,Seventh Generation Unbleached Chlorine Free Paper Towel Rolls,6 rolls,21.99,,21.99
2026-02-17T11:20:42Z,paper towels,70100215,Kent,WA,98032,FRED,00215,0019655708688,0019655708688,00019655708688,019655708688,Core,Core Kitchen Paper Towel Holder,1 ct,8.99,,8.99
2026-02-17T11:20:42Z,paper towels,70100215,Kent,WA,98032,FRED,00215,0003600056532,0003600056532,00003600056532,003600056532,Viva,Viva® Signature Cloth™ Paper Towels Double Rolls,6 rolls,14.29,,14.29
2026-02-17T11:20:42Z,paper towels,70100215,Kent,WA,98032,FRED,00215,0003600038587,0003600038587,00003600038587,003600038587,Kleenex,"Kleenex® Disposable Paper Hand Towels, 1 Box, 60 Towels per Box",60 count,4.29,,4.29
2026-02-17T11:20:42Z,paper towels,70100215,Kent,WA,98032,FRED,00215,0004200044576,0004200044576,00004200044576,004200044576,Brawny,Brawny® Tear-A-Square® 3-Ply Paper Towel Triple Rolls,2 rolls,7.49,,7.49
2026-02-17T11:20:42Z,paper towels,70100215,Kent,WA,98032,FRED,00215,0003600056535,0003600056535,00003600056535,003600056535,Viva,Viva Signature Cloth Paper Towels Double Rolls,12 rolls,23.49,,23.49
2026-02-17T11:20:42Z,paper towels,70100215,Kent,WA,98032,FRED,00215,0003600052499,0003600052499,00003600052499,003600052499,Viva,Viva Multi-Surface Cloth Paper Towels Double Rolls,8 rolls,16.99,14.49,14.49
2026-02-17T11:20:42Z,paper towels,70100215,Kent,WA,98032,FRED,00215,0004200044658,0004200044658,00004200044658,004200044658,Brawny,Brawny® Full Sheet 3-Ply Paper Towel Double Rolls,6 rolls,13.29,11.99,11.99
2026-02-17T11:20:42Z,paper towels,70100215,Kent,WA,98032,FRED,00215,0004200044579,0004200044579,00004200044579,004200044579,Brawny,Brawny® Tear-A-Square® 3-Ply Paper Towel Double Rolls,4 rolls,10.29,7.49,7.49
2026-02-17T11:20:42Z,paper towels,70100215,Kent,WA,98032,FRED,00215,0001111016086,0001111016086,00001111016086,001111016086,Kroger,Kroger® Rugged + Reliable Paper Towels Double Rolls,4 rolls,7.29,,7.29
2026-02-17T11:20:42Z,paper towels,70100215,Kent,WA,98032,FRED,00215,0001111016087,0001111016087,00001111016087,001111016087,Kroger,Kroger® Rugged + Reliable Paper Towels Giant Rolls,10 rolls,13.79,,13.79
2026-02-17T11:20:42Z,paper towels,70100215,Kent,WA,98032,FRED,00215,0001111014184,0001111014184,00001111014184,001111014184,Kroger,Kroger® Ultra Paper Towels With Absorbing Power Triple Rolls,2 rolls,6.29,,6.29
2026-02-17T11:20:42Z,paper towels,70100215,Kent,WA,98032,FRED,00215,0001111014185,0001111014185,00001111014185,001111014185,Kroger,Kroger® Ultra Paper Towels With Absorbing Power Double Rolls,4 rolls,8.49,,8.49
2026-02-17T11:20:42Z,paper towels,70100215,Kent,WA,98032,FRED,00215,0001111016088,0001111016088,00001111016088,001111016088,Kroger,Kroger® Rugged + Reliable Paper Towels Double Plus Rolls BIG DEAL!,12 ct,19.99,,19.99
2026-02-17T11:20:42Z,paper towels,70100215,Kent,WA,98032,FRED,00215,0001111014186,0001111014186,00001111014186,001111014186,Kroger,Kroger® Ultra Paper Towels With Absorbing Power Double Rolls,6 rolls,11.29,,11.29
2026-02-17T11:20:42Z,paper towels,70100215,Kent,WA,98032,FRED,00215,0003077216014,0003077216014,00003077216014,003077216014,Bounty,"Bounty Paper Towels Select-A-Size White, 8 Triple Rolls, 123 Sheets Per Roll",8 rolls,26.99,23.99,23.99
2026-02-17T11:20:42Z,paper towels,70100215,Kent,WA,98032,FRED,00215,0001111014187,0001111014187,00001111014187,001111014187,Kroger,Kroger® Ultra Absorbing Power Paper Towels Triple Rolls,8 ct,19.29,,19.29
2026-02-17T11:20:42Z,paper towels,70100215,Kent,WA,98032,FRED,00215,0003077215664,0003077215664,00003077215664,003077215664,Bounty,Bounty Paper Towels Select-A-Size White 12 Double Plus Rolls,12 rolls,30.99,29.99,29.99
2026-02-17T11:20:42Z,paper towels,70100215,Kent,WA,98032,FRED,00215,0071981207833,0071981207833,00071981207833,071981207833,Softworks,Softworks Simply Tear Paper Towel Holder,1 ct,29.99,,29.99
2026-02-17T11:20:42Z,paper towels,70100215,Kent,WA,98032,FRED,00215,0003040022241,0003040022241,00003040022241,003040022241,Sparkle,Sparkle® Pick-A-Size® Paper Towel Double Rolls,8 rolls,11.99,,11.99
2026-02-17T11:20:42Z,paper towels,70100215,Kent,WA,98032,FRED,00215,0003077216071,0003077216071,00003077216071,003077216071,Bounty,Bounty Paper Towels Select-A-Size White 6 Mega Rolls,6 rolls,26.99,23.99,23.99
2026-02-17T11:20:42Z,paper towels,70100215,Kent,WA,98032,FRED,00215,0001111010621,0001111010621,00001111010621,001111010621,Kroger,Kroger® Glimmer Select-A-Sheet Paper Towels Double Rolls,2 rolls,2.99,,2.99
2026-02-17T11:20:42Z,paper towels,70100215,Kent,WA,98032,FRED,00215,0003600055195,0003600055195,00003600055195,003600055195,Scott,Scott® On-The-Go™ Pop-Up!® Cloths,70 ct,5.99,,5.99
2026-02-17T11:20:42Z,paper towels,70100215,Kent,WA,98032,FRED,00215,0088877707647,0088877707647,00088877707647,088877707647,SDS for HD Designs,SDS for HD Designs Acacia & Brass Paper Towel Holder,14 in,16.99,11.89,11.89
2026-02-17T11:20:42Z,paper towels,70100215,Kent,WA,98032,FRED,00215,0001111012026,0001111012026,00001111012026,001111012026,Kroger,Kroger® Rugged + Reliable Paper Towels Double Plus Rolls BIG DEAL!,12 rolls,19.99,,19.99
2026-02-17T11:20:42Z,paper towels,70100215,Kent,WA,98032,FRED,00215,0001111013577,0001111013577,00001111013577,001111013577,Kroger,Kroger® Rugged + Reliable Paper Towels Double Rolls,4 rolls,7.29,,7.29
2026-02-17T11:20:42Z,paper towels,70100215,Kent,WA,98032,FRED,00215,0073291313722,0073291313722,00073291313722,073291313722,Seventh Generation,Seventh Generation 100% Recycled Paper Jumbo Paper Towels,1 roll / 156 ct,4.79,,4.79
2026-02-17T11:20:42Z,paper towels,70100215,Kent,WA,98032,FRED,00215,0004200044588,0004200044588,00004200044588,004200044588,Brawny,Brawny® Tear-A-Square® 3-Ply Paper Towel Double Rolls,6 rolls,13.29,11.99,11.99
2026-02-17T11:20:42Z,paper towels,70100215,Kent,WA,98032,FRED,00215,0003077215703,0003077215703,00003077215703,003077215703,Bounty,Bounty Paper Towels Select-A-Size White 6 Double Rolls,6 rolls,14.99,,14.99
2026-02-17T11:20:42Z,paper towels,70100215,Kent,WA,98032,FRED,00215,0071981261343,0071981261343,00071981261343,071981261343,Softworks,Softworks Steady Paper Towel Holder,1 ct,25.99,,25.99
2026-02-17T11:20:42Z,paper towels,70100215,Kent,WA,98032,FRED,00215,0004200044600,0004200044600,00004200044600,004200044600,Brawny,Brawny® Tear-A-Square® 3-Ply Paper Towel Double Rolls,8 rolls,16.79,16.29,16.29
2026-02-17T11:20:42Z,paper towels,70100391,Kirkland,WA,98034,FRED,00391,0003077216009,0003077216009,00003077216009,003077216009,Bounty,Bounty Paper Towels Select-A-Size White 4 Triple Rolls,4 rolls,14.99,,14.99
2026-02-17T11:20:42Z,paper towels,70100391,Kirkland,WA,98034,FRED,00391,0003077215712,0003077215712,00003077215712,003077215712,Bounty,Bounty Paper Towels Select-A-Size White 4 Double Rolls,4 rolls,11.29,,11.29
2026-02-17T11:20:42Z,paper towels,70100391,Kirkland,WA,98034,FRED,00391,0003600049413,0003600049413,00003600049413,003600049413,Viva,Viva® Multi-Surface Cloth™ Paper Towels Single Rolls,6 rolls,12.49,10.99,10.99
2026-02-17T11:20:42Z,paper towels,70100391,Kirkland,WA,98034,FRED,00391,0003040022272,0003040022272,00003040022272,003040022272,Sparkle,Sparkle® Tear-A-Square® Customizable Sheet Size Paper Towels Double Rolls,2 rolls,3.79,,3.79
2026-02-17T11:20:42Z,paper towels,70100391,Kirkland,WA,98034,FRED,00391,0005400075130,0005400075130,00005400075130,005400075130,Scott,Scott® Original Multipurpose Shop Towels - Blue,55ct,3.99,,3.99
2026-02-17T11:20:42Z,paper towels,70100391,Kirkland,WA,98034,FRED,00391,0003077216021,0003077216021,00003077216021,003077216021,Bounty,Bounty Paper Towels Full Sheet White 6 Double Rolls,6 rolls,14.99,,14.99
2026-02-17T11:20:42Z,paper towels,70100391,Kirkland,WA,98034,FRED,00391,0003077216042,0003077216042,00003077216042,003077216042,Bounty,Bounty Paper Towels Select-A-Size White 2 Triple Rolls,2 rolls,7.99,,7.99
2026-02-17T11:20:42Z,paper towels,70100391,Kirkland,WA,98034,FRED,00391,0003077216020,0003077216020,00003077216020,003077216020,Bounty,Bounty Paper Towels Select-A-Size White 6 Triple Rolls,6 rolls,21.99,19.99,19.99
2026-02-17T11:20:42Z,paper towels,70100391,Kirkland,WA,98034,FRED,00391,0003040022276,0003040022276,00003040022276,003040022276,Sparkle,Sparkle® Tear-A-Square® Paper Towel Double Rolls,6 rolls,9.29,7.49,7.49
2026-02-17T11:20:42Z,paper towels,70100391,Kirkland,WA,98034,FRED,00391,0003077219274,0003077219274,00003077219274,003077219274,Bounty,Bounty Paper Towels Select-A-Size White 8 Double Plus Rolls,8 rolls,21.49,,21.49
2026-02-17T11:20:42Z,paper towels,70100391,Kirkland,WA,98034,FRED,00391,0006366836203,0006366836203,00006366836203,006366836203,Green Forest,Green Forest 100% Recycled Size-Your-Own Paper Towels,3 pk,6.29,,6.29
2026-02-17T11:20:42Z,paper towels,70100391,Kirkland,WA,98034,FRED,00391,0076427177011,0076427177011,00076427177011,076427177011,Oggi,OGGI Wallmount Paper Towel Holder,1 ct,11.99,,11.99
2026-02-17T11:20:42Z,paper towels,70100391,Kirkland,WA,98034,FRED,00391,0076427107702,0076427107702,00076427107702,076427107702,OGGI,OGGI Stainless Steel Paper Towel Holder,1 ct,17.99,,17.99
2026-02-17T11:20:42Z,paper towels,70100391,Kirkland,WA,98034,FRED,00391,0086001113901,0086001113901,00086001113901,086001113901,Reel,Reel® Premium Bamboo Paper Towels,6 ct,19.49,,19.49
2026-02-17T11:20:42Z,paper towels,70100391,Kirkland,WA,98034,FRED,00391,0086001113900,0086001113900,00086001113900,086001113900,Reel,Reel® Premium Bamboo Paper Towel Triple Rolls,2 rolls,7.99,,7.99
2026-02-17T11:20:42Z,paper towels,70100391,Kirkland,WA,98034,FRED,00391,0001111011984,0001111011984,00001111011984,001111011984,Kroger,Kroger® Rugged and Reliable Paper Towels Giant Rolls,10 rolls,13.49,,13.49
2026-02-17T11:20:42Z,paper towels,70100391,Kirkland,WA,98034,FRED,00391,0073291313737,0073291313737,00073291313737,073291313737,Seventh Generation,Seventh Generation Unbleached Chlorine Free Paper Towel Rolls,6 rolls,21.99,,21.99
2026-02-17T11:20:42Z,paper towels,70100391,Kirkland,WA,98034,FRED,00391,0019655708688,0019655708688,00019655708688,019655708688,Core,Core Kitchen Paper Towel Holder,1 ct,8.99,,8.99
2026-02-17T11:20:42Z,paper towels,70100391,Kirkland,WA,98034,FRED,00391,0003600056532,0003600056532,00003600056532,003600056532,Viva,Viva® Signature Cloth™ Paper Towels Double Rolls,6 rolls,14.29,,14.29
2026-02-17T11:20:42Z,paper towels,70100391,Kirkland,WA,98034,FRED,00391,0003600038587,0003600038587,00003600038587,003600038587,Kleenex,"Kleenex® Disposable Paper Hand Towels, 1 Box, 60 Towels per Box",60 count,4.29,,4.29
2026-02-17T11:20:42Z,paper towels,70100391,Kirkland,WA,98034,FRED,00391,0004200044576,0004200044576,00004200044576,004200044576,Brawny,Brawny® Tear-A-Square® 3-Ply Paper Towel Triple Rolls,2 rolls,7.49,,7.49
2026-02-17T11:20:42Z,paper towels,70100391,Kirkland,WA,98034,FRED,00391,0003600056535,0003600056535,00003600056535,003600056535,Viva,Viva Signature Cloth Paper Towels Double Rolls,12 rolls,23.49,,23.49
2026-02-17T11:20:42Z,paper towels,70100391,Kirkland,WA,98034,FRED,00391,0003600052499,0003600052499,00003600052499,003600052499,Viva,Viva Multi-Surface Cloth Paper Towels Double Rolls,8 rolls,16.99,14.49,14.49
2026-02-17T11:20:42Z,paper towels,70100391,Kirkland,WA,98034,FRED,00391,0004200044658,0004200044658,00004200044658,004200044658,Brawny,Brawny® Full Sheet 3-Ply Paper Towel Double Rolls,6 rolls,13.29,11.99,11.99
2026-02-17T11:20:42Z,paper towels,70100391,Kirkland,WA,98034,FRED,00391,0004200044579,0004200044579,00004200044579,004200044579,Brawny,Brawny® Tear-A-Square® 3-Ply Paper Towel Double Rolls,4 rolls,10.29,7.49,7.49
2026-02-17T11:20:42Z,paper towels,70100391,Kirkland,WA,98034,FRED,00391,0001111016086,0001111016086,00001111016086,001111016086,Kroger,Kroger® Rugged + Reliable Paper Towels Double Rolls,4 rolls,7.29,,7.29
2026-02-17T11:20:42Z,paper towels,70100391,Kirkland,WA,98034,FRED,00391,0001111016087,0001111016087,00001111016087,001111016087,Kroger,Kroger® Rugged + Reliable Paper Towels Giant Rolls,10 rolls,13.79,,13.79
2026-02-17T11:20:42Z,paper towels,70100391,Kirkland,WA,98034,FRED,00391,0001111014184,0001111014184,00001111014184,001111014184,Kroger,Kroger® Ultra Paper Towels With Absorbing Power Triple Rolls,2 rolls,6.29,,6.29
2026-02-17T11:20:42Z,paper towels,70100391,Kirkland,WA,98034,FRED,00391,0001111014185,0001111014185,00001111014185,001111014185,Kroger,Kroger® Ultra Paper Towels With Absorbing Power Double Rolls,4 rolls,8.49,,8.49
2026-02-17T11:20:42Z,paper towels,70100391,Kirkland,WA,98034,FRED,00391,0001111016088,0001111016088,00001111016088,001111016088,Kroger,Kroger® Rugged + Reliable Paper Towels Double Plus Rolls BIG DEAL!,12 ct,19.99,,19.99
2026-02-17T11:20:42Z,paper towels,70100391,Kirkland,WA,98034,FRED,00391,0003077216014,0003077216014,00003077216014,003077216014,Bounty,"Bounty Paper Towels Select-A-Size White, 8 Triple Rolls, 123 Sheets Per Roll",8 rolls,26.99,23.99,23.99
2026-02-17T11:20:42Z,paper towels,70100391,Kirkland,WA,98034,FRED,00391,0001111014186,0001111014186,00001111014186,001111014186,Kroger,Kroger® Ultra Paper Towels With Absorbing Power Double Rolls,6 rolls,11.29,,11.29
2026-02-17T11:20:42Z,paper towels,70100391,Kirkland,WA,98034,FRED,00391,0001111014187,0001111014187,00001111014187,001111014187,Kroger,Kroger® Ultra Absorbing Power Paper Towels Triple Rolls,8 ct,19.29,,19.29
2026-02-17T11:20:42Z,paper towels,70100391,Kirkland,WA,98034,FRED,00391,0003077215664,0003077215664,00003077215664,003077215664,Bounty,Bounty Paper Towels Select-A-Size White 12 Double Plus Rolls,12 rolls,30.99,29.99,29.99
2026-02-17T11:20:42Z,paper towels,70100391,Kirkland,WA,98034,FRED,00391,0071981207833,0071981207833,00071981207833,071981207833,Softworks,Softworks Simply Tear Paper Towel Holder,1 ct,29.99,,29.99
2026-02-17T11:20:42Z,paper towels,70100391,Kirkland,WA,98034,FRED,00391,0003040022241,0003040022241,00003040022241,003040022241,Sparkle,Sparkle® Pick-A-Size® Paper Towel Double Rolls,8 rolls,11.99,,11.99
2026-02-17T11:20:42Z,paper towels,70100391,Kirkland,WA,98034,FRED,00391,0003077216071,0003077216071,00003077216071,003077216071,Bounty,Bounty Paper Towels Select-A-Size White 6 Mega Rolls,6 rolls,26.99,23.99,23.99
2026-02-17T11:20:42Z,paper towels,70100391,Kirkland,WA,98034,FRED,00391,0001111010621,0001111010621,00001111010621,001111010621,Kroger,Kroger® Glimmer Select-A-Sheet Paper Towels Double Rolls,2 rolls,2.99,,2.99
2026-02-17T11:20:42Z,paper towels,70100391,Kirkland,WA,98034,FRED,00391,0003600055195,0003600055195,00003600055195,003600055195,Scott,Scott® On-The-Go™ Pop-Up!® Cloths,70 ct,5.99,,5.99
2026-02-17T11:20:42Z,paper towels,70100391,Kirkland,WA,98034,FRED,00391,0088877707647,0088877707647,00088877707647,088877707647,SDS for HD Designs,SDS for HD Designs Acacia & Brass Paper Towel Holder,14 in,16.99,11.89,11.89
2026-02-17T11:20:42Z,paper towels,70100391,Kirkland,WA,98034,FRED,00391,0001111012026,0001111012026,00001111012026,001111012026,Kroger,Kroger® Rugged + Reliable Paper Towels Double Plus Rolls BIG DEAL!,12 rolls,19.99,,19.99
2026-02-17T11:20:42Z,paper towels,70100391,Kirkland,WA,98034,FRED,00391,0001111013577,0001111013577,00001111013577,001111013577,Kroger,Kroger® Rugged + Reliable Paper Towels Double Rolls,4 rolls,7.29,,7.29
2026-02-17T11:20:42Z,paper towels,70100391,Kirkland,WA,98034,FRED,00391,0073291313722,0073291313722,00073291313722,073291313722,Seventh Generation,Seventh Generation 100% Recycled Paper Jumbo Paper Towels,1 roll / 156 ct,4.79,,4.79
2026-02-17T11:20:42Z,paper towels,70100391,Kirkland,WA,98034,FRED,00391,0004200044588,0004200044588,00004200044588,004200044588,Brawny,Brawny® Tear-A-Square® 3-Ply Paper Towel Double Rolls,6 rolls,13.29,11.99,11.99
2026-02-17T11:20:42Z,paper towels,70100391,Kirkland,WA,98034,FRED,00391,0003077215703,0003077215703,00003077215703,003077215703,Bounty,Bounty Paper Towels Select-A-Size White 6 Double Rolls,6 rolls,14.99,,14.99
2026-02-17T11:20:42Z,paper towels,70100391,Kirkland,WA,98034,FRED,00391,0001111014646,0001111014646,00001111014646,001111014646,Simple Truth,Simple Truth® Hypoallergenic Strong and Absorbent 100% Recycled Paper Towels Big Rolls,6 rolls,,,
2026-02-17T11:20:42Z,paper towels,70100391,Kirkland,WA,98034,FRED,00391,0071981261343,0071981261343,00071981261343,071981261343,Softworks,Softworks Steady Paper Towel Holder,1 ct,25.99,,25.99
2026-02-17T11:20:42Z,paper towels,70100391,Kirkland,WA,98034,FRED,00391,0004200044600,0004200044600,00004200044600,004200044600,Brawny,Brawny® Tear-A-Square® 3-Ply Paper Towel Double Rolls,8 rolls,16.79,16.29,16.29
2026-02-17T11:20:42Z,paper towels,70100186,Lacey,WA,98503,FRED,00186,0003077216009,0003077216009,00003077216009,003077216009,Bounty,Bounty Paper Towels Select-A-Size White 4 Triple Rolls,4 rolls,14.99,,14.99
2026-02-17T11:20:42Z,paper towels,70100186,Lacey,WA,98503,FRED,00186,0003600049413,0003600049413,00003600049413,003600049413,Viva,Viva® Multi-Surface Cloth™ Paper Towels Single Rolls,6 rolls,12.49,10.99,10.99
2026-02-17T11:20:42Z,paper towels,70100186,Lacey,WA,98503,FRED,00186,0003077215712,0003077215712,00003077215712,003077215712,Bounty,Bounty Paper Towels Select-A-Size White 4 Double Rolls,4 rolls,11.29,,11.29
2026-02-17T11:20:42Z,paper towels,70100186,Lacey,WA,98503,FRED,00186,0003040022272,0003040022272,00003040022272,003040022272,Sparkle,Sparkle® Tear-A-Square® Customizable Sheet Size Paper Towels Double Rolls,2 rolls,3.79,,3.79
2026-02-17T11:20:42Z,paper towels,70100186,Lacey,WA,98503,FRED,00186,0005400075130,0005400075130,00005400075130,005400075130,Scott,Scott® Original Multipurpose Shop Towels - Blue,55ct,3.99,,3.99
2026-02-17T11:20:42Z,paper towels,70100186,Lacey,WA,98503,FRED,00186,0003077216021,0003077216021,00003077216021,003077216021,Bounty,Bounty Paper Towels Full Sheet White 6 Double Rolls,6 rolls,14.99,,14.99
2026-02-17T11:20:42Z,paper towels,70100186,Lacey,WA,98503,FRED,00186,0003077216020,0003077216020,00003077216020,003077216020,Bounty,Bounty Paper Towels Select-A-Size White 6 Triple Rolls,6 rolls,21.99,19.99,19.99
2026-02-17T11:20:42Z,paper towels,70100186,Lacey,WA,98503,FRED,00186,0003077216042,0003077216042,00003077216042,003077216042,Bounty,Bounty Paper Towels Select-A-Size White 2 Triple Rolls,2 rolls,7.99,,7.99
2026-02-17T11:20:42Z,paper towels,70100186,Lacey,WA,98503,FRED,00186,0003040022276,0003040022276,00003040022276,003040022276,Sparkle,Sparkle® Tear-A-Square® Paper Towel Double Rolls,6 rolls,9.29,7.49,7.49
2026-02-17T11:20:42Z,paper towels,70100186,Lacey,WA,98503,FRED,00186,0003077219274,0003077219274,00003077219274,003077219274,Bounty,Bounty Paper Towels Select-A-Size White 8 Double Plus Rolls,8 rolls,21.49,,21.49
2026-02-17T11:20:42Z,paper towels,70100186,Lacey,WA,98503,FRED,00186,0006366836203,0006366836203,00006366836203,006366836203,Green Forest,Green Forest 100% Recycled Size-Your-Own Paper Towels,3 pk,6.29,,6.29
2026-02-17T11:20:42Z,paper towels,70100186,Lacey,WA,98503,FRED,00186,0076427107702,0076427107702,00076427107702,076427107702,OGGI,OGGI Stainless Steel Paper Towel Holder,1 ct,17.99,,17.99
2026-02-17T11:20:42Z,paper towels,70100186,Lacey,WA,98503,FRED,00186,0076427177011,0076427177011,00076427177011,076427177011,Oggi,OGGI Wallmount Paper Towel Holder,1 ct,11.99,,11.99
2026-02-17T11:20:42Z,paper towels,70100186,Lacey,WA,98503,FRED,00186,0086001113901,0086001113901,00086001113901,086001113901,Reel,Reel® Premium Bamboo Paper Towels,6 ct,19.49,,19.49
2026-02-17T11:20:42Z,paper towels,70100186,Lacey,WA,98503,FRED,00186,0086001113900,0086001113900,00086001113900,086001113900,Reel,Reel® Premium Bamboo Paper Towel Triple Rolls,2 rolls,7.99,,7.99
2026-02-17T11:20:42Z,paper towels,70100186,Lacey,WA,98503,FRED,00186,0001111011984,0001111011984,00001111011984,001111011984,Kroger,Kroger® Rugged and Reliable Paper Towels Giant Rolls,10 rolls,13.49,,13.49
2026-02-17T11:20:42Z,paper towels,70100186,Lacey,WA,98503,FRED,00186,0073291313737,0073291313737,00073291313737,073291313737,Seventh Generation,Seventh Generation Unbleached Chlorine Free Paper Towel Rolls,6 rolls,21.99,,21.99
2026-02-17T11:20:42Z,paper towels,70100186,Lacey,WA,98503,FRED,00186,0019655708688,0019655708688,00019655708688,019655708688,Core,Core Kitchen Paper Towel Holder,1 ct,8.99,,8.99
2026-02-17T11:20:42Z,paper towels,70100186,Lacey,WA,98503,FRED,00186,0003600038587,0003600038587,00003600038587,003600038587,Kleenex,"Kleenex® Disposable Paper Hand Towels, 1 Box, 60 Towels per Box",60 count,4.29,,4.29
2026-02-17T11:20:42Z,paper towels,70100186,Lacey,WA,98503,FRED,00186,0003600056532,0003600056532,00003600056532,003600056532,Viva,Viva® Signature Cloth™ Paper Towels Double Rolls,6 rolls,14.29,,14.29
2026-02-17T11:20:42Z,paper towels,70100186,Lacey,WA,98503,FRED,00186,0004200044576,0004200044576,00004200044576,004200044576,Brawny,Brawny® Tear-A-Square® 3-Ply Paper Towel Triple Rolls,2 rolls,7.49,,7.49
2026-02-17T11:20:42Z,paper towels,70100186,Lacey,WA,98503,FRED,00186,0003600056535,0003600056535,00003600056535,003600056535,Viva,Viva Signature Cloth Paper Towels Double Rolls,12 rolls,23.49,,23.49
2026-02-17T11:20:42Z,paper towels,70100186,Lacey,WA,98503,FRED,00186,0003600052499,0003600052499,00003600052499,003600052499,Viva,Viva Multi-Surface Cloth Paper Towels Double Rolls,8 rolls,16.99,14.49,14.49
2026-02-17T11:20:42Z,paper towels,70100186,Lacey,WA,98503,FRED,00186,0004200044658,0004200044658,00004200044658,004200044658,Brawny,Brawny® Full Sheet 3-Ply Paper Towel Double Rolls,6 rolls,13.29,11.99,11.99
2026-02-17T11:20:42Z,paper towels,70100186,Lacey,WA,98503,FRED,00186,0004200044579,0004200044579,00004200044579,004200044579,Brawny,Brawny® Tear-A-Square® 3-Ply Paper Towel Double Rolls,4 rolls,10.29,7.49,7.49
2026-02-17T11:20:42Z,paper towels,70100186,Lacey,WA,98503,FRED,00186,0001111016086,0001111016086,00001111016086,001111016086,Kroger,Kroger® Rugged + Reliable Paper Towels Double Rolls,4 rolls,7.29,,7.29
2026-02-17T11:20:42Z,paper towels,70100186,Lacey,WA,98503,FRED,00186,0001111016087,0001111016087,00001111016087,001111016087,Kroger,Kroger® Rugged + Reliable Paper Towels Giant Rolls,10 rolls,13.79,,13.79
2026-02-17T11:20:42Z,paper towels,70100186,Lacey,WA,98503,FRED,00186,0001111014184,0001111014184,00001111014184,001111014184,Kroger,Kroger® Ultra Paper Towels With Absorbing Power Triple Rolls,2 rolls,6.29,,6.29
2026-02-17T11:20:42Z,paper towels,70100186,Lacey,WA,98503,FRED,00186,0001111014185,0001111014185,00001111014185,001111014185,Kroger,Kroger® Ultra Paper Towels With Absorbing Power Double Rolls,4 rolls,8.49,,8.49
2026-02-17T11:20:42Z,paper towels,70100186,Lacey,WA,98503,FRED,00186,0001111016088,0001111016088,00001111016088,001111016088,Kroger,Kroger® Rugged + Reliable Paper Towels Double Plus Rolls BIG DEAL!,12 ct,19.99,,19.99
2026-02-17T11:20:42Z,paper towels,70100186,Lacey,WA,98503,FRED,00186,0001111014186,0001111014186,00001111014186,001111014186,Kroger,Kroger® Ultra Paper Towels With Absorbing Power Double Rolls,6 rolls,11.29,,11.29
2026-02-17T11:20:42Z,paper towels,70100186,Lacey,WA,98503,FRED,00186,0003077216014,0003077216014,00003077216014,003077216014,Bounty,"Bounty Paper Towels Select-A-Size White, 8 Triple Rolls, 123 Sheets Per Roll",8 rolls,26.99,23.99,23.99
2026-02-17T11:20:42Z,paper towels,70100186,Lacey,WA,98503,FRED,00186,0001111014187,0001111014187,00001111014187,001111014187,Kroger,Kroger® Ultra Absorbing Power Paper Towels Triple Rolls,8 ct,19.29,,19.29
2026-02-17T11:20:42Z,paper towels,70100186,Lacey,WA,98503,FRED,00186,0003077215664,0003077215664,00003077215664,003077215664,Bounty,Bounty Paper Towels Select-A-Size White 12 Double Plus Rolls,12 rolls,30.99,29.99,29.99
2026-02-17T11:20:42Z,paper towels,70100186,Lacey,WA,98503,FRED,00186,0071981207833,0071981207833,00071981207833,071981207833,Softworks,Softworks Simply Tear Paper Towel Holder,1 ct,29.99,,29.99
2026-02-17T11:20:42Z,paper towels,70100186,Lacey,WA,98503,FRED,00186,0003040022241,0003040022241,00003040022241,003040022241,Sparkle,Sparkle® Pick-A-Size® Paper Towel Double Rolls,8 rolls,11.99,,11.99
2026-02-17T11:20:42Z,paper towels,70100186,Lacey,WA,98503,FRED,00186,0003077216071,0003077216071,00003077216071,003077216071,Bounty,Bounty Paper Towels Select-A-Size White 6 Mega Rolls,6 rolls,26.99,23.99,23.99
2026-02-17T11:20:42Z,paper towels,70100186,Lacey,WA,98503,FRED,00186,0001111010621,0001111010621,00001111010621,001111010621,Kroger,Kroger® Glimmer Select-A-Sheet Paper Towels Double Rolls,2 rolls,2.99,,2.99
2026-02-17T11:20:42Z,paper towels,70100186,Lacey,WA,98503,FRED,00186,0003600055195,0003600055195,00003600055195,003600055195,Scott,Scott® On-The-Go™ Pop-Up!® Cloths,70 ct,5.99,,5.99
2026-02-17T11:20:42Z,paper towels,70100186,Lacey,WA,98503,FRED,00186,0088877707647,0088877707647,00088877707647,088877707647,SDS for HD Designs,SDS for HD Designs Acacia & Brass Paper Towel Holder,14 in,16.99,11.89,11.89
2026-02-17T11:20:42Z,paper towels,70100186,Lacey,WA,98503,FRED,00186,0001111012026,0001111012026,00001111012026,001111012026,Kroger,Kroger® Rugged + Reliable Paper Towels Double Plus Rolls BIG DEAL!,12 rolls,19.99,,19.99
2026-02-17T11:20:42Z,paper towels,70100186,Lacey,WA,98503,FRED,00186,0001111013577,0001111013577,00001111013577,001111013577,Kroger,Kroger® Rugged + Reliable Paper Towels Double Rolls,4 rolls,7.29,,7.29
2026-02-17T11:20:42Z,paper towels,70100186,Lacey,WA,98503,FRED,00186,0073291313722,0073291313722,00073291313722,073291313722,Seventh Generation,Seventh Generation 100% Recycled Paper Jumbo Paper Towels,1 roll / 156 ct,4.79,,4.79
2026-02-17T11:20:42Z,paper towels,70100186,Lacey,WA,98503,FRED,00186,0004200044588,0004200044588,00004200044588,004200044588,Brawny,Brawny® Tear-A-Square® 3-Ply Paper Towel Double Rolls,6 rolls,13.29,11.99,11.99
2026-02-17T11:20:42Z,paper towels,70100186,Lacey,WA,98503,FRED,00186,0003077215703,0003077215703,00003077215703,003077215703,Bounty,Bounty Paper Towels Select-A-Size White 6 Double Rolls,6 rolls,14.99,,14.99
2026-02-17T11:20:42Z,paper towels,70100186,Lacey,WA,98503,FRED,00186,0071981261343,0071981261343,00071981261343,071981261343,Softworks,Softworks Steady Paper Towel Holder,1 ct,25.99,,25.99
2026-02-17T11:20:42Z,paper towels,70100186,Lacey,WA,98503,FRED,00186,0004200044600,0004200044600,00004200044600,004200044600,Brawny,Brawny® Tear-A-Square® 3-Ply Paper Towel Double Rolls,8 rolls,16.79,16.29,16.29
2026-02-17T11:20:42Z,paper towels,70100185,Longview,WA,98632,FRED,00185,0003600049413,0003600049413,00003600049413,003600049413,Viva,Viva® Multi-Surface Cloth™ Paper Towels Single Rolls,6 rolls,12.29,10.79,10.79
2026-02-17T11:20:42Z,paper towels,70100185,Longview,WA,98632,FRED,00185,0003077215712,0003077215712,00003077215712,003077215712,Bounty,Bounty Paper Towels Select-A-Size White 4 Double Rolls,4 rolls,10.99,,10.99
2026-02-17T11:20:42Z,paper towels,70100185,Longview,WA,98632,FRED,00185,0003077216009,0003077216009,00003077216009,003077216009,Bounty,Bounty Paper Towels Select-A-Size White 4 Triple Rolls,4 rolls,14.99,,14.99
2026-02-17T11:20:42Z,paper towels,70100185,Longview,WA,98632,FRED,00185,0003040022272,0003040022272,00003040022272,003040022272,Sparkle,Sparkle® Tear-A-Square® Customizable Sheet Size Paper Towels Double Rolls,2 rolls,3.69,,3.69
2026-02-17T11:20:42Z,paper towels,70100185,Longview,WA,98632,FRED,00185,0005400075130,0005400075130,00005400075130,005400075130,Scott,Scott® Original Multipurpose Shop Towels - Blue,55ct,3.99,,3.99
2026-02-17T11:20:42Z,paper towels,70100185,Longview,WA,98632,FRED,00185,0003077216021,0003077216021,00003077216021,003077216021,Bounty,Bounty Paper Towels Full Sheet White 6 Double Rolls,6 rolls,14.99,,14.99
2026-02-17T11:20:42Z,paper towels,70100185,Longview,WA,98632,FRED,00185,0003077216020,0003077216020,00003077216020,003077216020,Bounty,Bounty Paper Towels Select-A-Size White 6 Triple Rolls,6 rolls,21.49,19.49,19.49
2026-02-17T11:20:42Z,paper towels,70100185,Longview,WA,98632,FRED,00185,0003077216042,0003077216042,00003077216042,003077216042,Bounty,Bounty Paper Towels Select-A-Size White 2 Triple Rolls,2 rolls,7.99,,7.99
2026-02-17T11:20:42Z,paper towels,70100185,Longview,WA,98632,FRED,00185,0003040022276,0003040022276,00003040022276,003040022276,Sparkle,Sparkle® Tear-A-Square® Paper Towel Double Rolls,6 rolls,8.99,7.49,7.49
2026-02-17T11:20:42Z,paper towels,70100185,Longview,WA,98632,FRED,00185,0003077219274,0003077219274,00003077219274,003077219274,Bounty,Bounty Paper Towels Select-A-Size White 8 Double Plus Rolls,8 rolls,20.99,,20.99
2026-02-17T11:20:42Z,paper towels,70100185,Longview,WA,98632,FRED,00185,0006366836203,0006366836203,00006366836203,006366836203,Green Forest,Green Forest 100% Recycled Size-Your-Own Paper Towels,3 pk,,,
2026-02-17T11:20:42Z,paper towels,70100185,Longview,WA,98632,FRED,00185,0076427107702,0076427107702,00076427107702,076427107702,OGGI,OGGI Stainless Steel Paper Towel Holder,1 ct,17.99,,17.99
2026-02-17T11:20:42Z,paper towels,70100185,Longview,WA,98632,FRED,00185,0076427177011,0076427177011,00076427177011,076427177011,Oggi,OGGI Wallmount Paper Towel Holder,1 ct,11.99,,11.99
2026-02-17T11:20:42Z,paper towels,70100185,Longview,WA,98632,FRED,00185,0086001113900,0086001113900,00086001113900,086001113900,Reel,Reel® Premium Bamboo Paper Towel Triple Rolls,2 rolls,7.99,,7.99
2026-02-17T11:20:42Z,paper towels,70100185,Longview,WA,98632,FRED,00185,0001111011984,0001111011984,00001111011984,001111011984,Kroger,Kroger® Rugged and Reliable Paper Towels Giant Rolls,10 rolls,13.49,,13.49
2026-02-17T11:20:42Z,paper towels,70100185,Longview,WA,98632,FRED,00185,0073291313737,0073291313737,00073291313737,073291313737,Seventh Generation,Seventh Generation Unbleached Chlorine Free Paper Towel Rolls,6 rolls,21.99,,21.99
2026-02-17T11:20:42Z,paper towels,70100185,Longview,WA,98632,FRED,00185,0019655708688,0019655708688,00019655708688,019655708688,Core,Core Kitchen Paper Towel Holder,1 ct,8.99,,8.99
2026-02-17T11:20:42Z,paper towels,70100185,Longview,WA,98632,FRED,00185,0003600056532,0003600056532,00003600056532,003600056532,Viva,Viva® Signature Cloth™ Paper Towels Double Rolls,6 rolls,14.29,,14.29
2026-02-17T11:20:42Z,paper towels,70100185,Longview,WA,98632,FRED,00185,0003600038587,0003600038587,00003600038587,003600038587,Kleenex,"Kleenex® Disposable Paper Hand Towels, 1 Box, 60 Towels per Box",60 count,4.19,,4.19
2026-02-17T11:20:42Z,paper towels,70100185,Longview,WA,98632,FRED,00185,0004200044576,0004200044576,00004200044576,004200044576,Brawny,Brawny® Tear-A-Square® 3-Ply Paper Towel Triple Rolls,2 rolls,7.49,,7.49
2026-02-17T11:20:42Z,paper towels,70100185,Longview,WA,98632,FRED,00185,0003600056535,0003600056535,00003600056535,003600056535,Viva,Viva Signature Cloth Paper Towels Double Rolls,12 rolls,23.49,,23.49
2026-02-17T11:20:42Z,paper towels,70100185,Longview,WA,98632,FRED,00185,0003600052499,0003600052499,00003600052499,003600052499,Viva,Viva Multi-Surface Cloth Paper Towels Double Rolls,8 rolls,16.79,14.49,14.49
2026-02-17T11:20:42Z,paper towels,70100185,Longview,WA,98632,FRED,00185,0004200044658,0004200044658,00004200044658,004200044658,Brawny,Brawny® Full Sheet 3-Ply Paper Towel Double Rolls,6 rolls,12.99,11.99,11.99
2026-02-17T11:20:42Z,paper towels,70100185,Longview,WA,98632,FRED,00185,0004200044579,0004200044579,00004200044579,004200044579,Brawny,Brawny® Tear-A-Square® 3-Ply Paper Towel Double Rolls,4 rolls,9.99,7.49,7.49
2026-02-17T11:20:42Z,paper towels,70100185,Longview,WA,98632,FRED,00185,0001111016086,0001111016086,00001111016086,001111016086,Kroger,Kroger® Rugged + Reliable Paper Towels Double Rolls,4 rolls,7.29,,7.29
2026-02-17T11:20:42Z,paper towels,70100185,Longview,WA,98632,FRED,00185,0001111016087,0001111016087,00001111016087,001111016087,Kroger,Kroger® Rugged + Reliable Paper Towels Giant Rolls,10 rolls,13.49,,13.49
2026-02-17T11:20:42Z,paper towels,70100185,Longview,WA,98632,FRED,00185,0001111014184,0001111014184,00001111014184,001111014184,Kroger,Kroger® Ultra Paper Towels With Absorbing Power Triple Rolls,2 rolls,6.29,,6.29
2026-02-17T11:20:42Z,paper towels,70100185,Longview,WA,98632,FRED,00185,0001111014185,0001111014185,00001111014185,001111014185,Kroger,Kroger® Ultra Paper Towels With Absorbing Power Double Rolls,4 rolls,8.29,,8.29
2026-02-17T11:20:42Z,paper towels,70100185,Longview,WA,98632,FRED,00185,0001111016088,0001111016088,00001111016088,001111016088,Kroger,Kroger® Rugged + Reliable Paper Towels Double Plus Rolls BIG DEAL!,12 ct,19.99,,19.99
2026-02-17T11:20:42Z,paper towels,70100185,Longview,WA,98632,FRED,00185,0001111014186,0001111014186,00001111014186,001111014186,Kroger,Kroger® Ultra Paper Towels With Absorbing Power Double Rolls,6 rolls,10.99,,10.99
2026-02-17T11:20:42Z,paper towels,70100185,Longview,WA,98632,FRED,00185,0003077216014,0003077216014,00003077216014,003077216014,Bounty,"Bounty Paper Towels Select-A-Size White, 8 Triple Rolls, 123 Sheets Per Roll",8 rolls,26.99,23.99,23.99
2026-02-17T11:20:42Z,paper towels,70100185,Longview,WA,98632,FRED,00185,0001111014187,0001111014187,00001111014187,001111014187,Kroger,Kroger® Ultra Absorbing Power Paper Towels Triple Rolls,8 ct,18.99,,18.99
2026-02-17T11:20:42Z,paper towels,70100185,Longview,WA,98632,FRED,00185,0003077215664,0003077215664,00003077215664,003077215664,Bounty,Bounty Paper Towels Select-A-Size White 12 Double Plus Rolls,12 rolls,29.99,,29.99
2026-02-17T11:20:42Z,paper towels,70100185,Longview,WA,98632,FRED,00185,0071981207833,0071981207833,00071981207833,071981207833,Softworks,Softworks Simply Tear Paper Towel Holder,1 ct,29.99,,29.99
2026-02-17T11:20:42Z,paper towels,70100185,Longview,WA,98632,FRED,00185,0003040022241,0003040022241,00003040022241,003040022241,Sparkle,Sparkle® Pick-A-Size® Paper Towel Double Rolls,8 rolls,11.79,,11.79
2026-02-17T11:20:42Z,paper towels,70100185,Longview,WA,98632,FRED,00185,0003077216071,0003077216071,00003077216071,003077216071,Bounty,Bounty Paper Towels Select-A-Size White 6 Mega Rolls,6 rolls,26.99,23.99,23.99
2026-02-17T11:20:42Z,paper towels,70100185,Longview,WA,98632,FRED,00185,0001111010621,0001111010621,00001111010621,001111010621,Kroger,Kroger® Glimmer Select-A-Sheet Paper Towels Double Rolls,2 rolls,2.99,,2.99
2026-02-17T11:20:42Z,paper towels,70100185,Longview,WA,98632,FRED,00185,0088877707647,0088877707647,00088877707647,088877707647,SDS for HD Designs,SDS for HD Designs Acacia & Brass Paper Towel Holder,14 in,16.99,11.89,11.89
2026-02-17T11:20:42Z,paper towels,70100185,Longview,WA,98632,FRED,00185,0001111012026,0001111012026,00001111012026,001111012026,Kroger,Kroger® Rugged + Reliable Paper Towels Double Plus Rolls BIG DEAL!,12 rolls,19.99,,19.99
2026-02-17T11:20:42Z,paper towels,70100185,Longview,WA,98632,FRED,00185,0073291313722,0073291313722,00073291313722,073291313722,Seventh Generation,Seventh Generation 100% Recycled Paper Jumbo Paper Towels,1 roll / 156 ct,4.79,,4.79
2026-02-17T11:20:42Z,paper towels,70100185,Longview,WA,98632,FRED,00185,0004200044588,0004200044588,00004200044588,004200044588,Brawny,Brawny® Tear-A-Square® 3-Ply Paper Towel Double Rolls,6 rolls,12.99,11.99,11.99
2026-02-17T11:20:42Z,paper towels,70100185,Longview,WA,98632,FRED,00185,0003077215703,0003077215703,00003077215703,003077215703,Bounty,Bounty Paper Towels Select-A-Size White 6 Double Rolls,6 rolls,14.99,,14.99
2026-02-17T11:20:42Z,paper towels,70100185,Longview,WA,98632,FRED,00185,0071981261343,0071981261343,00071981261343,071981261343,Softworks,Softworks Steady Paper Towel Holder,1 ct,25.99,,25.99
2026-02-17T11:20:42Z,paper towels,70100185,Longview,WA,98632,FRED,00185,0004200044600,0004200044600,00004200044600,004200044600,Brawny,Brawny® Tear-A-Square® 3-Ply Paper Towel Double Rolls,8 rolls,16.49,15.99,15.99
2026-02-17T11:20:42Z,paper towels,70100180,Lynnwood,WA,98036,FRED,00180,0003600049413,0003600049413,00003600049413,003600049413,Viva,Viva® Multi-Surface Cloth™ Paper Towels Single Rolls,6 rolls,12.49,10.99,10.99
2026-02-17T11:20:42Z,paper towels,70100180,Lynnwood,WA,98036,FRED,00180,0003077215712,0003077215712,00003077215712,003077215712,Bounty,Bounty Paper Towels Select-A-Size White 4 Double Rolls,4 rolls,11.29,,11.29
2026-02-17T11:20:42Z,paper towels,70100180,Lynnwood,WA,98036,FRED,00180,0003077216009,0003077216009,00003077216009,003077216009,Bounty,Bounty Paper Towels Select-A-Size White 4 Triple Rolls,4 rolls,14.99,,14.99
2026-02-17T11:20:42Z,paper towels,70100180,Lynnwood,WA,98036,FRED,00180,0003040022272,0003040022272,00003040022272,003040022272,Sparkle,Sparkle® Tear-A-Square® Customizable Sheet Size Paper Towels Double Rolls,2 rolls,3.79,,3.79
2026-02-17T11:20:42Z,paper towels,70100180,Lynnwood,WA,98036,FRED,00180,0005400075130,0005400075130,00005400075130,005400075130,Scott,Scott® Original Multipurpose Shop Towels - Blue,55ct,3.99,,3.99
2026-02-17T11:20:42Z,paper towels,70100180,Lynnwood,WA,98036,FRED,00180,0003077216021,0003077216021,00003077216021,003077216021,Bounty,Bounty Paper Towels Full Sheet White 6 Double Rolls,6 rolls,14.99,,14.99
2026-02-17T11:20:42Z,paper towels,70100180,Lynnwood,WA,98036,FRED,00180,0003077216020,0003077216020,00003077216020,003077216020,Bounty,Bounty Paper Towels Select-A-Size White 6 Triple Rolls,6 rolls,21.99,19.99,19.99
2026-02-17T11:20:42Z,paper towels,70100180,Lynnwood,WA,98036,FRED,00180,0003077216042,0003077216042,00003077216042,003077216042,Bounty,Bounty Paper Towels Select-A-Size White 2 Triple Rolls,2 rolls,7.99,,7.99
2026-02-17T11:20:42Z,paper towels,70100180,Lynnwood,WA,98036,FRED,00180,0003040022276,0003040022276,00003040022276,003040022276,Sparkle,Sparkle® Tear-A-Square® Paper Towel Double Rolls,6 rolls,9.29,7.49,7.49
2026-02-17T11:20:42Z,paper towels,70100180,Lynnwood,WA,98036,FRED,00180,0003077219274,0003077219274,00003077219274,003077219274,Bounty,Bounty Paper Towels Select-A-Size White 8 Double Plus Rolls,8 rolls,21.49,,21.49
2026-02-17T11:20:42Z,paper towels,70100180,Lynnwood,WA,98036,FRED,00180,0006366836203,0006366836203,00006366836203,006366836203,Green Forest,Green Forest 100% Recycled Size-Your-Own Paper Towels,3 pk,6.29,,6.29
2026-02-17T11:20:42Z,paper towels,70100180,Lynnwood,WA,98036,FRED,00180,0076427107702,0076427107702,00076427107702,076427107702,OGGI,OGGI Stainless Steel Paper Towel Holder,1 ct,17.99,,17.99
2026-02-17T11:20:42Z,paper towels,70100180,Lynnwood,WA,98036,FRED,00180,0076427177011,0076427177011,00076427177011,076427177011,Oggi,OGGI Wallmount Paper Towel Holder,1 ct,11.99,,11.99
2026-02-17T11:20:42Z,paper towels,70100180,Lynnwood,WA,98036,FRED,00180,0086001113900,0086001113900,00086001113900,086001113900,Reel,Reel® Premium Bamboo Paper Towel Triple Rolls,2 rolls,7.99,,7.99
2026-02-17T11:20:42Z,paper towels,70100180,Lynnwood,WA,98036,FRED,00180,0001111011984,0001111011984,00001111011984,001111011984,Kroger,Kroger® Rugged and Reliable Paper Towels Giant Rolls,10 rolls,13.49,,13.49
2026-02-17T11:20:42Z,paper towels,70100180,Lynnwood,WA,98036,FRED,00180,0019655708688,0019655708688,00019655708688,019655708688,Core,Core Kitchen Paper Towel Holder,1 ct,8.99,,8.99
2026-02-17T11:20:42Z,paper towels,70100180,Lynnwood,WA,98036,FRED,00180,0003600056532,0003600056532,00003600056532,003600056532,Viva,Viva® Signature Cloth™ Paper Towels Double Rolls,6 rolls,14.29,,14.29
2026-02-17T11:20:42Z,paper towels,70100180,Lynnwood,WA,98036,FRED,00180,0003600038587,0003600038587,00003600038587,003600038587,Kleenex,"Kleenex® Disposable Paper Hand Towels, 1 Box, 60 Towels per Box",60 count,4.29,,4.29
2026-02-17T11:20:42Z,paper towels,70100180,Lynnwood,WA,98036,FRED,00180,0004200044576,0004200044576,00004200044576,004200044576,Brawny,Brawny® Tear-A-Square® 3-Ply Paper Towel Triple Rolls,2 rolls,7.49,,7.49
2026-02-17T11:20:42Z,paper towels,70100180,Lynnwood,WA,98036,FRED,00180,0003600056535,0003600056535,00003600056535,003600056535,Viva,Viva Signature Cloth Paper Towels Double Rolls,12 rolls,23.49,,23.49
2026-02-17T11:20:42Z,paper towels,70100180,Lynnwood,WA,98036,FRED,00180,0003600052499,0003600052499,00003600052499,003600052499,Viva,Viva Multi-Surface Cloth Paper Towels Double Rolls,8 rolls,16.99,14.49,14.49
2026-02-17T11:20:42Z,paper towels,70100180,Lynnwood,WA,98036,FRED,00180,0004200044658,0004200044658,00004200044658,004200044658,Brawny,Brawny® Full Sheet 3-Ply Paper Towel Double Rolls,6 rolls,13.29,11.99,11.99
2026-02-17T11:20:42Z,paper towels,70100180,Lynnwood,WA,98036,FRED,00180,0004200044579,0004200044579,00004200044579,004200044579,Brawny,Brawny® Tear-A-Square® 3-Ply Paper Towel Double Rolls,4 rolls,10.29,7.49,7.49
2026-02-17T11:20:42Z,paper towels,70100180,Lynnwood,WA,98036,FRED,00180,0001111016086,0001111016086,00001111016086,001111016086,Kroger,Kroger® Rugged + Reliable Paper Towels Double Rolls,4 rolls,7.29,,7.29
2026-02-17T11:20:42Z,paper towels,70100180,Lynnwood,WA,98036,FRED,00180,0001111014184,0001111014184,00001111014184,001111014184,Kroger,Kroger® Ultra Paper Towels With Absorbing Power Triple Rolls,2 rolls,6.29,,6.29
2026-02-17T11:20:42Z,paper towels,70100180,Lynnwood,WA,98036,FRED,00180,0001111016087,0001111016087,00001111016087,001111016087,Kroger,Kroger® Rugged + Reliable Paper Towels Giant Rolls,10 rolls,13.79,,13.79
2026-02-17T11:20:42Z,paper towels,70100180,Lynnwood,WA,98036,FRED,00180,0001111014185,0001111014185,00001111014185,001111014185,Kroger,Kroger® Ultra Paper Towels With Absorbing Power Double Rolls,4 rolls,8.49,,8.49
2026-02-17T11:20:42Z,paper towels,70100180,Lynnwood,WA,98036,FRED,00180,0001111016088,0001111016088,00001111016088,001111016088,Kroger,Kroger® Rugged + Reliable Paper Towels Double Plus Rolls BIG DEAL!,12 ct,19.99,,19.99
2026-02-17T11:20:42Z,paper towels,70100180,Lynnwood,WA,98036,FRED,00180,0001111014186,0001111014186,00001111014186,001111014186,Kroger,Kroger® Ultra Paper Towels With Absorbing Power Double Rolls,6 rolls,11.29,,11.29
2026-02-17T11:20:42Z,paper towels,70100180,Lynnwood,WA,98036,FRED,00180,0003077216014,0003077216014,00003077216014,003077216014,Bounty,"Bounty Paper Towels Select-A-Size White, 8 Triple Rolls, 123 Sheets Per Roll",8 rolls,26.99,23.99,23.99
2026-02-17T11:20:42Z,paper towels,70100180,Lynnwood,WA,98036,FRED,00180,0001111014187,0001111014187,00001111014187,001111014187,Kroger,Kroger® Ultra Absorbing Power Paper Towels Triple Rolls,8 ct,19.29,,19.29
2026-02-17T11:20:42Z,paper towels,70100180,Lynnwood,WA,98036,FRED,00180,0003077215664,0003077215664,00003077215664,003077215664,Bounty,Bounty Paper Towels Select-A-Size White 12 Double Plus Rolls,12 rolls,30.99,29.99,29.99
2026-02-17T11:20:42Z,paper towels,70100180,Lynnwood,WA,98036,FRED,00180,0071981207833,0071981207833,00071981207833,071981207833,Softworks,Softworks Simply Tear Paper Towel Holder,1 ct,29.99,,29.99
2026-02-17T11:20:42Z,paper towels,70100180,Lynnwood,WA,98036,FRED,00180,0003040022241,0003040022241,00003040022241,003040022241,Sparkle,Sparkle® Pick-A-Size® Paper Towel Double Rolls,8 rolls,11.99,,11.99
2026-02-17T11:20:42Z,paper towels,70100180,Lynnwood,WA,98036,FRED,00180,0001111003366,0001111003366,00001111003366,001111003366,Simple Truth,Simple Truth® 100% Recycled Big Paper Towels,2 rolls,,,
2026-02-17T11:20:42Z,paper towels,70100180,Lynnwood,WA,98036,FRED,00180,0003077216071,0003077216071,00003077216071,003077216071,Bounty,Bounty Paper Towels Select-A-Size White 6 Mega Rolls,6 rolls,26.99,23.99,23.99
2026-02-17T11:20:42Z,paper towels,70100180,Lynnwood,WA,98036,FRED,00180,0001111010621,0001111010621,00001111010621,001111010621,Kroger,Kroger® Glimmer Select-A-Sheet Paper Towels Double Rolls,2 rolls,2.99,,2.99
2026-02-17T11:20:42Z,paper towels,70100180,Lynnwood,WA,98036,FRED,00180,0003600055195,0003600055195,00003600055195,003600055195,Scott,Scott® On-The-Go™ Pop-Up!® Cloths,70 ct,5.99,,5.99
2026-02-17T11:20:42Z,paper towels,70100180,Lynnwood,WA,98036,FRED,00180,0088877707647,0088877707647,00088877707647,088877707647,SDS for HD Designs,SDS for HD Designs Acacia & Brass Paper Towel Holder,14 in,16.99,11.89,11.89
2026-02-17T11:20:42Z,paper towels,70100180,Lynnwood,WA,98036,FRED,00180,0001111012026,0001111012026,00001111012026,001111012026,Kroger,Kroger® Rugged + Reliable Paper Towels Double Plus Rolls BIG DEAL!,12 rolls,19.99,,19.99
2026-02-17T11:20:42Z,paper towels,70100180,Lynnwood,WA,98036,FRED,00180,0001111013577,0001111013577,00001111013577,001111013577,Kroger,Kroger® Rugged + Reliable Paper Towels Double Rolls,4 rolls,7.29,,7.29
2026-02-17T11:20:42Z,paper towels,70100180,Lynnwood,WA,98036,FRED,00180,0073291313722,0073291313722,00073291313722,073291313722,Seventh Generation,Seventh Generation 100% Recycled Paper Jumbo Paper Towels,1 roll / 156 ct,4.79,,4.79
2026-02-17T11:20:42Z,paper towels,70100180,Lynnwood,WA,98036,FRED,00180,0004200044588,0004200044588,00004200044588,004200044588,Brawny,Brawny® Tear-A-Square® 3-Ply Paper Towel Double Rolls,6 rolls,13.29,11.99,11.99
2026-02-17T11:20:42Z,paper towels,70100180,Lynnwood,WA,98036,FRED,00180,0003077215703,0003077215703,00003077215703,003077215703,Bounty,Bounty Paper Towels Select-A-Size White 6 Double Rolls,6 rolls,14.99,,14.99
2026-02-17T11:20:42Z,paper towels,70100180,Lynnwood,WA,98036,FRED,00180,0001111014646,0001111014646,00001111014646,001111014646,Simple Truth,Simple Truth® Hypoallergenic Strong and Absorbent 100% Recycled Paper Towels Big Rolls,6 rolls,,,
2026-02-17T11:20:42Z,paper towels,70100180,Lynnwood,WA,98036,FRED,00180,0071981261343,0071981261343,00071981261343,071981261343,Softworks,Softworks Steady Paper Towel Holder,1 ct,25.99,,25.99
2026-02-17T11:20:42Z,paper towels,70100180,Lynnwood,WA,98036,FRED,00180,0004200044600,0004200044600,00004200044600,004200044600,Brawny,Brawny® Tear-A-Square® 3-Ply Paper Towel Double Rolls,8 rolls,16.79,16.29,16.29
2026-02-17T11:20:42Z,paper towels,70100688,Lynnwood,WA,98087,FRED,00688,0003600049413,0003600049413,00003600049413,003600049413,Viva,Viva® Multi-Surface Cloth™ Paper Towels Single Rolls,6 rolls,12.49,10.99,10.99
2026-02-17T11:20:42Z,paper towels,70100688,Lynnwood,WA,98087,FRED,00688,0003077216009,0003077216009,00003077216009,003077216009,Bounty,Bounty Paper Towels Select-A-Size White 4 Triple Rolls,4 rolls,14.99,,14.99
2026-02-17T11:20:42Z,paper towels,70100688,Lynnwood,WA,98087,FRED,00688,0003077215712,0003077215712,00003077215712,003077215712,Bounty,Bounty Paper Towels Select-A-Size White 4 Double Rolls,4 rolls,11.29,,11.29
2026-02-17T11:20:42Z,paper towels,70100688,Lynnwood,WA,98087,FRED,00688,0003040022272,0003040022272,00003040022272,003040022272,Sparkle,Sparkle® Tear-A-Square® Customizable Sheet Size Paper Towels Double Rolls,2 rolls,3.79,,3.79
2026-02-17T11:20:42Z,paper towels,70100688,Lynnwood,WA,98087,FRED,00688,0005400075130,0005400075130,00005400075130,005400075130,Scott,Scott® Original Multipurpose Shop Towels - Blue,55ct,3.99,,3.99
2026-02-17T11:20:42Z,paper towels,70100688,Lynnwood,WA,98087,FRED,00688,0003077216021,0003077216021,00003077216021,003077216021,Bounty,Bounty Paper Towels Full Sheet White 6 Double Rolls,6 rolls,14.99,,14.99
2026-02-17T11:20:42Z,paper towels,70100688,Lynnwood,WA,98087,FRED,00688,0003077216042,0003077216042,00003077216042,003077216042,Bounty,Bounty Paper Towels Select-A-Size White 2 Triple Rolls,2 rolls,7.99,,7.99
2026-02-17T11:20:42Z,paper towels,70100688,Lynnwood,WA,98087,FRED,00688,0003077216020,0003077216020,00003077216020,003077216020,Bounty,Bounty Paper Towels Select-A-Size White 6 Triple Rolls,6 rolls,21.99,19.99,19.99
2026-02-17T11:20:42Z,paper towels,70100688,Lynnwood,WA,98087,FRED,00688,0003040022276,0003040022276,00003040022276,003040022276,Sparkle,Sparkle® Tear-A-Square® Paper Towel Double Rolls,6 rolls,9.29,7.49,7.49
2026-02-17T11:20:42Z,paper towels,70100688,Lynnwood,WA,98087,FRED,00688,0003077219274,0003077219274,00003077219274,003077219274,Bounty,Bounty Paper Towels Select-A-Size White 8 Double Plus Rolls,8 rolls,21.49,,21.49
2026-02-17T11:20:42Z,paper towels,70100688,Lynnwood,WA,98087,FRED,00688,0006366836203,0006366836203,00006366836203,006366836203,Green Forest,Green Forest 100% Recycled Size-Your-Own Paper Towels,3 pk,6.29,,6.29
2026-02-17T11:20:42Z,paper towels,70100688,Lynnwood,WA,98087,FRED,00688,0076427107702,0076427107702,00076427107702,076427107702,OGGI,OGGI Stainless Steel Paper Towel Holder,1 ct,17.99,,17.99
2026-02-17T11:20:42Z,paper towels,70100688,Lynnwood,WA,98087,FRED,00688,0076427177011,0076427177011,00076427177011,076427177011,Oggi,OGGI Wallmount Paper Towel Holder,1 ct,11.99,,11.99
2026-02-17T11:20:42Z,paper towels,70100688,Lynnwood,WA,98087,FRED,00688,0086001113900,0086001113900,00086001113900,086001113900,Reel,Reel® Premium Bamboo Paper Towel Triple Rolls,2 rolls,7.99,,7.99
2026-02-17T11:20:42Z,paper towels,70100688,Lynnwood,WA,98087,FRED,00688,0001111011984,0001111011984,00001111011984,001111011984,Kroger,Kroger® Rugged and Reliable Paper Towels Giant Rolls,10 rolls,13.49,,13.49
2026-02-17T11:20:42Z,paper towels,70100688,Lynnwood,WA,98087,FRED,00688,0019655708688,0019655708688,00019655708688,019655708688,Core,Core Kitchen Paper Towel Holder,1 ct,8.99,,8.99
2026-02-17T11:20:42Z,paper towels,70100688,Lynnwood,WA,98087,FRED,00688,0003600056532,0003600056532,00003600056532,003600056532,Viva,Viva® Signature Cloth™ Paper Towels Double Rolls,6 rolls,14.29,,14.29
2026-02-17T11:20:42Z,paper towels,70100688,Lynnwood,WA,98087,FRED,00688,0003600038587,0003600038587,00003600038587,003600038587,Kleenex,"Kleenex® Disposable Paper Hand Towels, 1 Box, 60 Towels per Box",60 count,4.29,,4.29
2026-02-17T11:20:42Z,paper towels,70100688,Lynnwood,WA,98087,FRED,00688,0004200044576,0004200044576,00004200044576,004200044576,Brawny,Brawny® Tear-A-Square® 3-Ply Paper Towel Triple Rolls,2 rolls,7.49,,7.49
2026-02-17T11:20:42Z,paper towels,70100688,Lynnwood,WA,98087,FRED,00688,0003600056535,0003600056535,00003600056535,003600056535,Viva,Viva Signature Cloth Paper Towels Double Rolls,12 rolls,23.49,,23.49
2026-02-17T11:20:42Z,paper towels,70100688,Lynnwood,WA,98087,FRED,00688,0003600052499,0003600052499,00003600052499,003600052499,Viva,Viva Multi-Surface Cloth Paper Towels Double Rolls,8 rolls,16.99,14.49,14.49
2026-02-17T11:20:42Z,paper towels,70100688,Lynnwood,WA,98087,FRED,00688,0004200044658,0004200044658,00004200044658,004200044658,Brawny,Brawny® Full Sheet 3-Ply Paper Towel Double Rolls,6 rolls,13.29,11.99,11.99
2026-02-17T11:20:42Z,paper towels,70100688,Lynnwood,WA,98087,FRED,00688,0004200044579,0004200044579,00004200044579,004200044579,Brawny,Brawny® Tear-A-Square® 3-Ply Paper Towel Double Rolls,4 rolls,10.29,7.49,7.49
2026-02-17T11:20:42Z,paper towels,70100688,Lynnwood,WA,98087,FRED,00688,0001111016086,0001111016086,00001111016086,001111016086,Kroger,Kroger® Rugged + Reliable Paper Towels Double Rolls,4 rolls,7.29,,7.29
2026-02-17T11:20:42Z,paper towels,70100688,Lynnwood,WA,98087,FRED,00688,0001111016087,0001111016087,00001111016087,001111016087,Kroger,Kroger® Rugged + Reliable Paper Towels Giant Rolls,10 rolls,13.79,,13.79
2026-02-17T11:20:42Z,paper towels,70100688,Lynnwood,WA,98087,FRED,00688,0001111014184,0001111014184,00001111014184,001111014184,Kroger,Kroger® Ultra Paper Towels With Absorbing Power Triple Rolls,2 rolls,6.29,,6.29
2026-02-17T11:20:42Z,paper towels,70100688,Lynnwood,WA,98087,FRED,00688,0001111016088,0001111016088,00001111016088,001111016088,Kroger,Kroger® Rugged + Reliable Paper Towels Double Plus Rolls BIG DEAL!,12 ct,19.99,,19.99
2026-02-17T11:20:42Z,paper towels,70100688,Lynnwood,WA,98087,FRED,00688,0001111014185,0001111014185,00001111014185,001111014185,Kroger,Kroger® Ultra Paper Towels With Absorbing Power Double Rolls,4 rolls,8.49,,8.49
2026-02-17T11:20:42Z,paper towels,70100688,Lynnwood,WA,98087,FRED,00688,0001111014186,0001111014186,00001111014186,001111014186,Kroger,Kroger® Ultra Paper Towels With Absorbing Power Double Rolls,6 rolls,11.29,,11.29
2026-02-17T11:20:42Z,paper towels,70100688,Lynnwood,WA,98087,FRED,00688,0003077216014,0003077216014,00003077216014,003077216014,Bounty,"Bounty Paper Towels Select-A-Size White, 8 Triple Rolls, 123 Sheets Per Roll",8 rolls,26.99,23.99,23.99
2026-02-17T11:20:42Z,paper towels,70100688,Lynnwood,WA,98087,FRED,00688,0001111014187,0001111014187,00001111014187,001111014187,Kroger,Kroger® Ultra Absorbing Power Paper Towels Triple Rolls,8 ct,19.29,,19.29
2026-02-17T11:20:42Z,paper towels,70100688,Lynnwood,WA,98087,FRED,00688,0003077215664,0003077215664,00003077215664,003077215664,Bounty,Bounty Paper Towels Select-A-Size White 12 Double Plus Rolls,12 rolls,30.99,29.99,29.99
2026-02-17T11:20:42Z,paper towels,70100688,Lynnwood,WA,98087,FRED,00688,0071981207833,0071981207833,00071981207833,071981207833,Softworks,Softworks Simply Tear Paper Towel Holder,1 ct,29.99,,29.99
2026-02-17T11:20:42Z,paper towels,70100688,Lynnwood,WA,98087,FRED,00688,0003040022241,0003040022241,00003040022241,003040022241,Sparkle,Sparkle® Pick-A-Size® Paper Towel Double Rolls,8 rolls,11.99,,11.99
2026-02-17T11:20:42Z,paper towels,70100688,Lynnwood,WA,98087,FRED,00688,0001111003366,0001111003366,00001111003366,001111003366,Simple Truth,Simple Truth® 100% Recycled Big Paper Towels,2 rolls,,,
2026-02-17T11:20:42Z,paper towels,70100688,Lynnwood,WA,98087,FRED,00688,0003077216071,0003077216071,00003077216071,003077216071,Bounty,Bounty Paper Towels Select-A-Size White 6 Mega Rolls,6 rolls,26.99,23.99,23.99
2026-02-17T11:20:42Z,paper towels,70100688,Lynnwood,WA,98087,FRED,00688,0001111010621,0001111010621,00001111010621,001111010621,Kroger,Kroger® Glimmer Select-A-Sheet Paper Towels Double Rolls,2 rolls,2.99,,2.99
2026-02-17T11:20:42Z,paper towels,70100688,Lynnwood,WA,98087,FRED,00688,0003600055195,0003600055195,00003600055195,003600055195,Scott,Scott® On-The-Go™ Pop-Up!® Cloths,70 ct,5.99,,5.99
2026-02-17T11:20:42Z,paper towels,70100688,Lynnwood,WA,98087,FRED,00688,0088877707647,0088877707647,00088877707647,088877707647,SDS for HD Designs,SDS for HD Designs Acacia & Brass Paper Towel Holder,14 in,16.99,11.89,11.89
2026-02-17T11:20:42Z,paper towels,70100688,Lynnwood,WA,98087,FRED,00688,0001111013577,0001111013577,00001111013577,001111013577,Kroger,Kroger® Rugged + Reliable Paper Towels Double Rolls,4 rolls,7.29,,7.29
2026-02-17T11:20:42Z,paper towels,70100688,Lynnwood,WA,98087,FRED,00688,0001111012026,0001111012026,00001111012026,001111012026,Kroger,Kroger® Rugged + Reliable Paper Towels Double Plus Rolls BIG DEAL!,12 rolls,19.99,,19.99
2026-02-17T11:20:42Z,paper towels,70100688,Lynnwood,WA,98087,FRED,00688,0073291313722,0073291313722,00073291313722,073291313722,Seventh Generation,Seventh Generation 100% Recycled Paper Jumbo Paper Towels,1 roll / 156 ct,4.79,,4.79
2026-02-17T11:20:42Z,paper towels,70100688,Lynnwood,WA,98087,FRED,00688,0004200044588,0004200044588,00004200044588,004200044588,Brawny,Brawny® Tear-A-Square® 3-Ply Paper Towel Double Rolls,6 rolls,13.29,11.99,11.99
2026-02-17T11:20:42Z,paper towels,70100688,Lynnwood,WA,98087,FRED,00688,0003077215703,0003077215703,00003077215703,003077215703,Bounty,Bounty Paper Towels Select-A-Size White 6 Double Rolls,6 rolls,14.99,,14.99
2026-02-17T11:20:42Z,paper towels,70100688,Lynnwood,WA,98087,FRED,00688,0001111014646,0001111014646,00001111014646,001111014646,Simple Truth,Simple Truth® Hypoallergenic Strong and Absorbent 100% Recycled Paper Towels Big Rolls,6 rolls,,,
2026-02-17T11:20:42Z,paper towels,70100688,Lynnwood,WA,98087,FRED,00688,0071981261343,0071981261343,00071981261343,071981261343,Softworks,Softworks Steady Paper Towel Holder,1 ct,25.99,,25.99
2026-02-17T11:20:42Z,paper towels,70100688,Lynnwood,WA,98087,FRED,00688,0004200044600,0004200044600,00004200044600,004200044600,Brawny,Brawny® Tear-A-Square® 3-Ply Paper Towel Double Rolls,8 rolls,16.79,16.29,16.29
2026-02-17T11:20:42Z,paper towels,70100682,Maple Valley,WA,98038,FRED,00682,0003077216009,0003077216009,00003077216009,003077216009,Bounty,Bounty Paper Towels Select-A-Size White 4 Triple Rolls,4 rolls,14.99,,14.99
2026-02-17T11:20:42Z,paper towels,70100682,Maple Valley,WA,98038,FRED,00682,0003600049413,0003600049413,00003600049413,003600049413,Viva,Viva® Multi-Surface Cloth™ Paper Towels Single Rolls,6 rolls,12.49,10.99,10.99
2026-02-17T11:20:42Z,paper towels,70100682,Maple Valley,WA,98038,FRED,00682,0003077215712,0003077215712,00003077215712,003077215712,Bounty,Bounty Paper Towels Select-A-Size White 4 Double Rolls,4 rolls,11.29,,11.29
2026-02-17T11:20:42Z,paper towels,70100682,Maple Valley,WA,98038,FRED,00682,0003040022272,0003040022272,00003040022272,003040022272,Sparkle,Sparkle® Tear-A-Square® Customizable Sheet Size Paper Towels Double Rolls,2 rolls,3.79,,3.79
2026-02-17T11:20:42Z,paper towels,70100682,Maple Valley,WA,98038,FRED,00682,0005400075130,0005400075130,00005400075130,005400075130,Scott,Scott® Original Multipurpose Shop Towels - Blue,55ct,3.99,,3.99
2026-02-17T11:20:42Z,paper towels,70100682,Maple Valley,WA,98038,FRED,00682,0003077216021,0003077216021,00003077216021,003077216021,Bounty,Bounty Paper Towels Full Sheet White 6 Double Rolls,6 rolls,14.99,,14.99
2026-02-17T11:20:42Z,paper towels,70100682,Maple Valley,WA,98038,FRED,00682,0003077216042,0003077216042,00003077216042,003077216042,Bounty,Bounty Paper Towels Select-A-Size White 2 Triple Rolls,2 rolls,7.99,,7.99
2026-02-17T11:20:42Z,paper towels,70100682,Maple Valley,WA,98038,FRED,00682,0003077216020,0003077216020,00003077216020,003077216020,Bounty,Bounty Paper Towels Select-A-Size White 6 Triple Rolls,6 rolls,21.99,19.99,19.99
2026-02-17T11:20:42Z,paper towels,70100682,Maple Valley,WA,98038,FRED,00682,0003040022276,0003040022276,00003040022276,003040022276,Sparkle,Sparkle® Tear-A-Square® Paper Towel Double Rolls,6 rolls,9.29,7.49,7.49
2026-02-17T11:20:42Z,paper towels,70100682,Maple Valley,WA,98038,FRED,00682,0003077219274,0003077219274,00003077219274,003077219274,Bounty,Bounty Paper Towels Select-A-Size White 8 Double Plus Rolls,8 rolls,21.49,,21.49
2026-02-17T11:20:42Z,paper towels,70100682,Maple Valley,WA,98038,FRED,00682,0006366836203,0006366836203,00006366836203,006366836203,Green Forest,Green Forest 100% Recycled Size-Your-Own Paper Towels,3 pk,6.29,,6.29
2026-02-17T11:20:42Z,paper towels,70100682,Maple Valley,WA,98038,FRED,00682,0076427177011,0076427177011,00076427177011,076427177011,Oggi,OGGI Wallmount Paper Towel Holder,1 ct,11.99,,11.99
2026-02-17T11:20:42Z,paper towels,70100682,Maple Valley,WA,98038,FRED,00682,0076427107702,0076427107702,00076427107702,076427107702,OGGI,OGGI Stainless Steel Paper Towel Holder,1 ct,17.99,,17.99
2026-02-17T11:20:42Z,paper towels,70100682,Maple Valley,WA,98038,FRED,00682,0086001113901,0086001113901,00086001113901,086001113901,Reel,Reel® Premium Bamboo Paper Towels,6 ct,19.49,,19.49
2026-02-17T11:20:42Z,paper towels,70100682,Maple Valley,WA,98038,FRED,00682,0086001113900,0086001113900,00086001113900,086001113900,Reel,Reel® Premium Bamboo Paper Towel Triple Rolls,2 rolls,7.99,,7.99
2026-02-17T11:20:42Z,paper towels,70100682,Maple Valley,WA,98038,FRED,00682,0073291313737,0073291313737,00073291313737,073291313737,Seventh Generation,Seventh Generation Unbleached Chlorine Free Paper Towel Rolls,6 rolls,21.99,,21.99
2026-02-17T11:20:42Z,paper towels,70100682,Maple Valley,WA,98038,FRED,00682,0001111011984,0001111011984,00001111011984,001111011984,Kroger,Kroger® Rugged and Reliable Paper Towels Giant Rolls,10 rolls,13.49,,13.49
2026-02-17T11:20:42Z,paper towels,70100682,Maple Valley,WA,98038,FRED,00682,0019655708688,0019655708688,00019655708688,019655708688,Core,Core Kitchen Paper Towel Holder,1 ct,8.99,,8.99
2026-02-17T11:20:42Z,paper towels,70100682,Maple Valley,WA,98038,FRED,00682,0003600056532,0003600056532,00003600056532,003600056532,Viva,Viva® Signature Cloth™ Paper Towels Double Rolls,6 rolls,14.29,,14.29
2026-02-17T11:20:42Z,paper towels,70100682,Maple Valley,WA,98038,FRED,00682,0003600038587,0003600038587,00003600038587,003600038587,Kleenex,"Kleenex® Disposable Paper Hand Towels, 1 Box, 60 Towels per Box",60 count,4.29,,4.29
2026-02-17T11:20:42Z,paper towels,70100682,Maple Valley,WA,98038,FRED,00682,0004200044576,0004200044576,00004200044576,004200044576,Brawny,Brawny® Tear-A-Square® 3-Ply Paper Towel Triple Rolls,2 rolls,7.49,,7.49
2026-02-17T11:20:42Z,paper towels,70100682,Maple Valley,WA,98038,FRED,00682,0003600056535,0003600056535,00003600056535,003600056535,Viva,Viva Signature Cloth Paper Towels Double Rolls,12 rolls,23.49,,23.49
2026-02-17T11:20:42Z,paper towels,70100682,Maple Valley,WA,98038,FRED,00682,0003600052499,0003600052499,00003600052499,003600052499,Viva,Viva Multi-Surface Cloth Paper Towels Double Rolls,8 rolls,16.99,14.49,14.49
2026-02-17T11:20:42Z,paper towels,70100682,Maple Valley,WA,98038,FRED,00682,0004200044658,0004200044658,00004200044658,004200044658,Brawny,Brawny® Full Sheet 3-Ply Paper Towel Double Rolls,6 rolls,13.29,11.99,11.99
2026-02-17T11:20:42Z,paper towels,70100682,Maple Valley,WA,98038,FRED,00682,0004200044579,0004200044579,00004200044579,004200044579,Brawny,Brawny® Tear-A-Square® 3-Ply Paper Towel Double Rolls,4 rolls,10.29,7.49,7.49
2026-02-17T11:20:42Z,paper towels,70100682,Maple Valley,WA,98038,FRED,00682,0001111016086,0001111016086,00001111016086,001111016086,Kroger,Kroger® Rugged + Reliable Paper Towels Double Rolls,4 rolls,7.29,,7.29
2026-02-17T11:20:42Z,paper towels,70100682,Maple Valley,WA,98038,FRED,00682,0001111014184,0001111014184,00001111014184,001111014184,Kroger,Kroger® Ultra Paper Towels With Absorbing Power Triple Rolls,2 rolls,6.29,,6.29
2026-02-17T11:20:42Z,paper towels,70100682,Maple Valley,WA,98038,FRED,00682,0001111016087,0001111016087,00001111016087,001111016087,Kroger,Kroger® Rugged + Reliable Paper Towels Giant Rolls,10 rolls,13.79,,13.79
2026-02-17T11:20:42Z,paper towels,70100682,Maple Valley,WA,98038,FRED,00682,0001111014185,0001111014185,00001111014185,001111014185,Kroger,Kroger® Ultra Paper Towels With Absorbing Power Double Rolls,4 rolls,8.49,,8.49
2026-02-17T11:20:42Z,paper towels,70100682,Maple Valley,WA,98038,FRED,00682,0001111016088,0001111016088,00001111016088,001111016088,Kroger,Kroger® Rugged + Reliable Paper Towels Double Plus Rolls BIG DEAL!,12 ct,19.99,,19.99
2026-02-17T11:20:42Z,paper towels,70100682,Maple Valley,WA,98038,FRED,00682,0003077216014,0003077216014,00003077216014,003077216014,Bounty,"Bounty Paper Towels Select-A-Size White, 8 Triple Rolls, 123 Sheets Per Roll",8 rolls,26.99,23.99,23.99
2026-02-17T11:20:42Z,paper towels,70100682,Maple Valley,WA,98038,FRED,00682,0001111014186,0001111014186,00001111014186,001111014186,Kroger,Kroger® Ultra Paper Towels With Absorbing Power Double Rolls,6 rolls,11.29,,11.29
2026-02-17T11:20:42Z,paper towels,70100682,Maple Valley,WA,98038,FRED,00682,0001111014187,0001111014187,00001111014187,001111014187,Kroger,Kroger® Ultra Absorbing Power Paper Towels Triple Rolls,8 ct,19.29,,19.29
2026-02-17T11:20:42Z,paper towels,70100682,Maple Valley,WA,98038,FRED,00682,0003077215664,0003077215664,00003077215664,003077215664,Bounty,Bounty Paper Towels Select-A-Size White 12 Double Plus Rolls,12 rolls,30.99,29.99,29.99
2026-02-17T11:20:42Z,paper towels,70100682,Maple Valley,WA,98038,FRED,00682,0071981207833,0071981207833,00071981207833,071981207833,Softworks,Softworks Simply Tear Paper Towel Holder,1 ct,29.99,,29.99
2026-02-17T11:20:42Z,paper towels,70100682,Maple Valley,WA,98038,FRED,00682,0003040022241,0003040022241,00003040022241,003040022241,Sparkle,Sparkle® Pick-A-Size® Paper Towel Double Rolls,8 rolls,11.99,,11.99
2026-02-17T11:20:42Z,paper towels,70100682,Maple Valley,WA,98038,FRED,00682,0003077216071,0003077216071,00003077216071,003077216071,Bounty,Bounty Paper Towels Select-A-Size White 6 Mega Rolls,6 rolls,26.99,23.99,23.99
2026-02-17T11:20:42Z,paper towels,70100682,Maple Valley,WA,98038,FRED,00682,0001111010621,0001111010621,00001111010621,001111010621,Kroger,Kroger® Glimmer Select-A-Sheet Paper Towels Double Rolls,2 rolls,2.99,,2.99
2026-02-17T11:20:42Z,paper towels,70100682,Maple Valley,WA,98038,FRED,00682,0088877707647,0088877707647,00088877707647,088877707647,SDS for HD Designs,SDS for HD Designs Acacia & Brass Paper Towel Holder,14 in,16.99,11.89,11.89
2026-02-17T11:20:42Z,paper towels,70100682,Maple Valley,WA,98038,FRED,00682,0001111013577,0001111013577,00001111013577,001111013577,Kroger,Kroger® Rugged + Reliable Paper Towels Double Rolls,4 rolls,7.29,,7.29
2026-02-17T11:20:42Z,paper towels,70100682,Maple Valley,WA,98038,FRED,00682,0001111012026,0001111012026,00001111012026,001111012026,Kroger,Kroger® Rugged + Reliable Paper Towels Double Plus Rolls BIG DEAL!,12 rolls,19.99,,19.99
2026-02-17T11:20:42Z,paper towels,70100682,Maple Valley,WA,98038,FRED,00682,0073291313722,0073291313722,00073291313722,073291313722,Seventh Generation,Seventh Generation 100% Recycled Paper Jumbo Paper Towels,1 roll / 156 ct,4.79,,4.79
2026-02-17T11:20:42Z,paper towels,70100682,Maple Valley,WA,98038,FRED,00682,0003077215703,0003077215703,00003077215703,003077215703,Bounty,Bounty Paper Towels Select-A-Size White 6 Double Rolls,6 rolls,14.99,,14.99
2026-02-17T11:20:42Z,paper towels,70100682,Maple Valley,WA,98038,FRED,00682,0071981261343,0071981261343,00071981261343,071981261343,Softworks,Softworks Steady Paper Towel Holder,1 ct,25.99,,25.99
2026-02-17T11:20:42Z,paper towels,70100682,Maple Valley,WA,98038,FRED,00682,0004200044600,0004200044600,00004200044600,004200044600,Brawny,Brawny® Tear-A-Square® 3-Ply Paper Towel Double Rolls,8 rolls,16.79,16.29,16.29
2026-02-17T11:20:42Z,paper towels,70100209,Marysville,WA,98270,FRED,00209,0003077215712,0003077215712,00003077215712,003077215712,Bounty,Bounty Paper Towels Select-A-Size White 4 Double Rolls,4 rolls,11.29,,11.29
2026-02-17T11:20:42Z,paper towels,70100209,Marysville,WA,98270,FRED,00209,0003600049413,0003600049413,00003600049413,003600049413,Viva,Viva® Multi-Surface Cloth™ Paper Towels Single Rolls,6 rolls,12.49,10.99,10.99
2026-02-17T11:20:42Z,paper towels,70100209,Marysville,WA,98270,FRED,00209,0003077216009,0003077216009,00003077216009,003077216009,Bounty,Bounty Paper Towels Select-A-Size White 4 Triple Rolls,4 rolls,14.99,,14.99
2026-02-17T11:20:42Z,paper towels,70100209,Marysville,WA,98270,FRED,00209,0003040022272,0003040022272,00003040022272,003040022272,Sparkle,Sparkle® Tear-A-Square® Customizable Sheet Size Paper Towels Double Rolls,2 rolls,3.79,,3.79
2026-02-17T11:20:42Z,paper towels,70100209,Marysville,WA,98270,FRED,00209,0005400075130,0005400075130,00005400075130,005400075130,Scott,Scott® Original Multipurpose Shop Towels - Blue,55ct,3.99,,3.99
2026-02-17T11:20:42Z,paper towels,70100209,Marysville,WA,98270,FRED,00209,0003077216021,0003077216021,00003077216021,003077216021,Bounty,Bounty Paper Towels Full Sheet White 6 Double Rolls,6 rolls,14.99,,14.99
2026-02-17T11:20:42Z,paper towels,70100209,Marysville,WA,98270,FRED,00209,0003077216020,0003077216020,00003077216020,003077216020,Bounty,Bounty Paper Towels Select-A-Size White 6 Triple Rolls,6 rolls,21.99,19.99,19.99
2026-02-17T11:20:42Z,paper towels,70100209,Marysville,WA,98270,FRED,00209,0003077216042,0003077216042,00003077216042,003077216042,Bounty,Bounty Paper Towels Select-A-Size White 2 Triple Rolls,2 rolls,7.99,,7.99
2026-02-17T11:20:42Z,paper towels,70100209,Marysville,WA,98270,FRED,00209,0003040022276,0003040022276,00003040022276,003040022276,Sparkle,Sparkle® Tear-A-Square® Paper Towel Double Rolls,6 rolls,9.29,7.49,7.49
2026-02-17T11:20:42Z,paper towels,70100209,Marysville,WA,98270,FRED,00209,0003077219274,0003077219274,00003077219274,003077219274,Bounty,Bounty Paper Towels Select-A-Size White 8 Double Plus Rolls,8 rolls,21.49,,21.49
2026-02-17T11:20:42Z,paper towels,70100209,Marysville,WA,98270,FRED,00209,0006366836203,0006366836203,00006366836203,006366836203,Green Forest,Green Forest 100% Recycled Size-Your-Own Paper Towels,3 pk,6.29,,6.29
2026-02-17T11:20:42Z,paper towels,70100209,Marysville,WA,98270,FRED,00209,0076427177011,0076427177011,00076427177011,076427177011,Oggi,OGGI Wallmount Paper Towel Holder,1 ct,11.99,,11.99
2026-02-17T11:20:42Z,paper towels,70100209,Marysville,WA,98270,FRED,00209,0076427107702,0076427107702,00076427107702,076427107702,OGGI,OGGI Stainless Steel Paper Towel Holder,1 ct,17.99,,17.99
2026-02-17T11:20:42Z,paper towels,70100209,Marysville,WA,98270,FRED,00209,0086001113900,0086001113900,00086001113900,086001113900,Reel,Reel® Premium Bamboo Paper Towel Triple Rolls,2 rolls,7.99,,7.99
2026-02-17T11:20:42Z,paper towels,70100209,Marysville,WA,98270,FRED,00209,0001111011984,0001111011984,00001111011984,001111011984,Kroger,Kroger® Rugged and Reliable Paper Towels Giant Rolls,10 rolls,13.49,,13.49
2026-02-17T11:20:42Z,paper towels,70100209,Marysville,WA,98270,FRED,00209,0073291313737,0073291313737,00073291313737,073291313737,Seventh Generation,Seventh Generation Unbleached Chlorine Free Paper Towel Rolls,6 rolls,21.99,,21.99
2026-02-17T11:20:42Z,paper towels,70100209,Marysville,WA,98270,FRED,00209,0019655708688,0019655708688,00019655708688,019655708688,Core,Core Kitchen Paper Towel Holder,1 ct,8.99,,8.99
2026-02-17T11:20:42Z,paper towels,70100209,Marysville,WA,98270,FRED,00209,0003600056532,0003600056532,00003600056532,003600056532,Viva,Viva® Signature Cloth™ Paper Towels Double Rolls,6 rolls,14.29,,14.29
2026-02-17T11:20:42Z,paper towels,70100209,Marysville,WA,98270,FRED,00209,0003600038587,0003600038587,00003600038587,003600038587,Kleenex,"Kleenex® Disposable Paper Hand Towels, 1 Box, 60 Towels per Box",60 count,4.29,,4.29
2026-02-17T11:20:42Z,paper towels,70100209,Marysville,WA,98270,FRED,00209,0004200044576,0004200044576,00004200044576,004200044576,Brawny,Brawny® Tear-A-Square® 3-Ply Paper Towel Triple Rolls,2 rolls,7.49,,7.49
2026-02-17T11:20:42Z,paper towels,70100209,Marysville,WA,98270,FRED,00209,0003600056535,0003600056535,00003600056535,003600056535,Viva,Viva Signature Cloth Paper Towels Double Rolls,12 rolls,23.49,,23.49
2026-02-17T11:20:42Z,paper towels,70100209,Marysville,WA,98270,FRED,00209,0003600052499,0003600052499,00003600052499,003600052499,Viva,Viva Multi-Surface Cloth Paper Towels Double Rolls,8 rolls,16.99,14.49,14.49
2026-02-17T11:20:42Z,paper towels,70100209,Marysville,WA,98270,FRED,00209,0004200044658,0004200044658,00004200044658,004200044658,Brawny,Brawny® Full Sheet 3-Ply Paper Towel Double Rolls,6 rolls,13.29,11.99,11.99
2026-02-17T11:20:42Z,paper towels,70100209,Marysville,WA,98270,FRED,00209,0004200044579,0004200044579,00004200044579,004200044579,Brawny,Brawny® Tear-A-Square® 3-Ply Paper Towel Double Rolls,4 rolls,10.29,7.49,7.49
2026-02-17T11:20:42Z,paper towels,70100209,Marysville,WA,98270,FRED,00209,0001111016086,0001111016086,00001111016086,001111016086,Kroger,Kroger® Rugged + Reliable Paper Towels Double Rolls,4 rolls,7.29,,7.29
2026-02-17T11:20:42Z,paper towels,70100209,Marysville,WA,98270,FRED,00209,0001111014184,0001111014184,00001111014184,001111014184,Kroger,Kroger® Ultra Paper Towels With Absorbing Power Triple Rolls,2 rolls,6.29,,6.29
2026-02-17T11:20:42Z,paper towels,70100209,Marysville,WA,98270,FRED,00209,0001111016087,0001111016087,00001111016087,001111016087,Kroger,Kroger® Rugged + Reliable Paper Towels Giant Rolls,10 rolls,13.79,,13.79
2026-02-17T11:20:42Z,paper towels,70100209,Marysville,WA,98270,FRED,00209,0001111014185,0001111014185,00001111014185,001111014185,Kroger,Kroger® Ultra Paper Towels With Absorbing Power Double Rolls,4 rolls,8.49,,8.49
2026-02-17T11:20:42Z,paper towels,70100209,Marysville,WA,98270,FRED,00209,0001111016088,0001111016088,00001111016088,001111016088,Kroger,Kroger® Rugged + Reliable Paper Towels Double Plus Rolls BIG DEAL!,12 ct,19.99,,19.99
2026-02-17T11:20:42Z,paper towels,70100209,Marysville,WA,98270,FRED,00209,0001111014186,0001111014186,00001111014186,001111014186,Kroger,Kroger® Ultra Paper Towels With Absorbing Power Double Rolls,6 rolls,11.29,,11.29
2026-02-17T11:20:42Z,paper towels,70100209,Marysville,WA,98270,FRED,00209,0003077216014,0003077216014,00003077216014,003077216014,Bounty,"Bounty Paper Towels Select-A-Size White, 8 Triple Rolls, 123 Sheets Per Roll",8 rolls,26.99,23.99,23.99
2026-02-17T11:20:42Z,paper towels,70100209,Marysville,WA,98270,FRED,00209,0001111014187,0001111014187,00001111014187,001111014187,Kroger,Kroger® Ultra Absorbing Power Paper Towels Triple Rolls,8 ct,19.29,,19.29
2026-02-17T11:20:42Z,paper towels,70100209,Marysville,WA,98270,FRED,00209,0071981207833,0071981207833,00071981207833,071981207833,Softworks,Softworks Simply Tear Paper Towel Holder,1 ct,29.99,,29.99
2026-02-17T11:20:42Z,paper towels,70100209,Marysville,WA,98270,FRED,00209,0003077215664,0003077215664,00003077215664,003077215664,Bounty,Bounty Paper Towels Select-A-Size White 12 Double Plus Rolls,12 rolls,30.99,29.99,29.99
2026-02-17T11:20:42Z,paper towels,70100209,Marysville,WA,98270,FRED,00209,0003040022241,0003040022241,00003040022241,003040022241,Sparkle,Sparkle® Pick-A-Size® Paper Towel Double Rolls,8 rolls,11.99,,11.99
2026-02-17T11:20:42Z,paper towels,70100209,Marysville,WA,98270,FRED,00209,0003077216071,0003077216071,00003077216071,003077216071,Bounty,Bounty Paper Towels Select-A-Size White 6 Mega Rolls,6 rolls,26.99,23.99,23.99
2026-02-17T11:20:42Z,paper towels,70100209,Marysville,WA,98270,FRED,00209,0001111010621,0001111010621,00001111010621,001111010621,Kroger,Kroger® Glimmer Select-A-Sheet Paper Towels Double Rolls,2 rolls,2.99,,2.99
2026-02-17T11:20:42Z,paper towels,70100209,Marysville,WA,98270,FRED,00209,0003600055195,0003600055195,00003600055195,003600055195,Scott,Scott® On-The-Go™ Pop-Up!® Cloths,70 ct,5.99,,5.99
2026-02-17T11:20:42Z,paper towels,70100209,Marysville,WA,98270,FRED,00209,0088877707647,0088877707647,00088877707647,088877707647,SDS for HD Designs,SDS for HD Designs Acacia & Brass Paper Towel Holder,14 in,16.99,11.89,11.89
2026-02-17T11:20:42Z,paper towels,70100209,Marysville,WA,98270,FRED,00209,0001111012026,0001111012026,00001111012026,001111012026,Kroger,Kroger® Rugged + Reliable Paper Towels Double Plus Rolls BIG DEAL!,12 rolls,19.99,,19.99
2026-02-17T11:20:42Z,paper towels,70100209,Marysville,WA,98270,FRED,00209,0073291313722,0073291313722,00073291313722,073291313722,Seventh Generation,Seventh Generation 100% Recycled Paper Jumbo Paper Towels,1 roll / 156 ct,4.79,,4.79
2026-02-17T11:20:42Z,paper towels,70100209,Marysville,WA,98270,FRED,00209,0004200044588,0004200044588,00004200044588,004200044588,Brawny,Brawny® Tear-A-Square® 3-Ply Paper Towel Double Rolls,6 rolls,13.29,11.99,11.99
2026-02-17T11:20:42Z,paper towels,70100209,Marysville,WA,98270,FRED,00209,0003077215703,0003077215703,00003077215703,003077215703,Bounty,Bounty Paper Towels Select-A-Size White 6 Double Rolls,6 rolls,14.99,,14.99
2026-02-17T11:20:42Z,paper towels,70100209,Marysville,WA,98270,FRED,00209,0071981261343,0071981261343,00071981261343,071981261343,Softworks,Softworks Steady Paper Towel Holder,1 ct,25.99,,25.99
2026-02-17T11:20:42Z,paper towels,70100209,Marysville,WA,98270,FRED,00209,0004200044600,0004200044600,00004200044600,004200044600,Brawny,Brawny® Tear-A-Square® 3-Ply Paper Towel Double Rolls,8 rolls,16.79,16.29,16.29
2026-02-17T11:20:42Z,paper towels,70100210,Monroe,WA,98272,FRED,00210,0003077215712,0003077215712,00003077215712,003077215712,Bounty,Bounty Paper Towels Select-A-Size White 4 Double Rolls,4 rolls,11.29,,11.29
2026-02-17T11:20:42Z,paper towels,70100210,Monroe,WA,98272,FRED,00210,0003600049413,0003600049413,00003600049413,003600049413,Viva,Viva® Multi-Surface Cloth™ Paper Towels Single Rolls,6 rolls,12.49,10.99,10.99
2026-02-17T11:20:42Z,paper towels,70100210,Monroe,WA,98272,FRED,00210,0003077216009,0003077216009,00003077216009,003077216009,Bounty,Bounty Paper Towels Select-A-Size White 4 Triple Rolls,4 rolls,14.99,,14.99
2026-02-17T11:20:42Z,paper towels,70100210,Monroe,WA,98272,FRED,00210,0003040022272,0003040022272,00003040022272,003040022272,Sparkle,Sparkle® Tear-A-Square® Customizable Sheet Size Paper Towels Double Rolls,2 rolls,3.79,,3.79
2026-02-17T11:20:42Z,paper towels,70100210,Monroe,WA,98272,FRED,00210,0005400075130,0005400075130,00005400075130,005400075130,Scott,Scott® Original Multipurpose Shop Towels - Blue,55ct,3.99,,3.99
2026-02-17T11:20:42Z,paper towels,70100210,Monroe,WA,98272,FRED,00210,0003077216021,0003077216021,00003077216021,003077216021,Bounty,Bounty Paper Towels Full Sheet White 6 Double Rolls,6 rolls,14.99,,14.99
2026-02-17T11:20:42Z,paper towels,70100210,Monroe,WA,98272,FRED,00210,0003077216020,0003077216020,00003077216020,003077216020,Bounty,Bounty Paper Towels Select-A-Size White 6 Triple Rolls,6 rolls,21.99,19.99,19.99
2026-02-17T11:20:42Z,paper towels,70100210,Monroe,WA,98272,FRED,00210,0003077216042,0003077216042,00003077216042,003077216042,Bounty,Bounty Paper Towels Select-A-Size White 2 Triple Rolls,2 rolls,7.99,,7.99
2026-02-17T11:20:42Z,paper towels,70100210,Monroe,WA,98272,FRED,00210,0003040022276,0003040022276,00003040022276,003040022276,Sparkle,Sparkle® Tear-A-Square® Paper Towel Double Rolls,6 rolls,9.29,7.49,7.49
2026-02-17T11:20:42Z,paper towels,70100210,Monroe,WA,98272,FRED,00210,0003077219274,0003077219274,00003077219274,003077219274,Bounty,Bounty Paper Towels Select-A-Size White 8 Double Plus Rolls,8 rolls,21.49,,21.49
2026-02-17T11:20:42Z,paper towels,70100210,Monroe,WA,98272,FRED,00210,0006366836203,0006366836203,00006366836203,006366836203,Green Forest,Green Forest 100% Recycled Size-Your-Own Paper Towels,3 pk,6.29,,6.29
2026-02-17T11:20:42Z,paper towels,70100210,Monroe,WA,98272,FRED,00210,0076427107702,0076427107702,00076427107702,076427107702,OGGI,OGGI Stainless Steel Paper Towel Holder,1 ct,17.99,,17.99
2026-02-17T11:20:42Z,paper towels,70100210,Monroe,WA,98272,FRED,00210,0076427177011,0076427177011,00076427177011,076427177011,Oggi,OGGI Wallmount Paper Towel Holder,1 ct,11.99,,11.99
2026-02-17T11:20:42Z,paper towels,70100210,Monroe,WA,98272,FRED,00210,0086001113901,0086001113901,00086001113901,086001113901,Reel,Reel® Premium Bamboo Paper Towels,6 ct,19.49,,19.49
2026-02-17T11:20:42Z,paper towels,70100210,Monroe,WA,98272,FRED,00210,0086001113900,0086001113900,00086001113900,086001113900,Reel,Reel® Premium Bamboo Paper Towel Triple Rolls,2 rolls,7.99,,7.99
2026-02-17T11:20:42Z,paper towels,70100210,Monroe,WA,98272,FRED,00210,0073291313737,0073291313737,00073291313737,073291313737,Seventh Generation,Seventh Generation Unbleached Chlorine Free Paper Towel Rolls,6 rolls,21.99,,21.99
2026-02-17T11:20:42Z,paper towels,70100210,Monroe,WA,98272,FRED,00210,0001111011984,0001111011984,00001111011984,001111011984,Kroger,Kroger® Rugged and Reliable Paper Towels Giant Rolls,10 rolls,13.49,,13.49
2026-02-17T11:20:42Z,paper towels,70100210,Monroe,WA,98272,FRED,00210,0019655708688,0019655708688,00019655708688,019655708688,Core,Core Kitchen Paper Towel Holder,1 ct,8.99,,8.99
2026-02-17T11:20:42Z,paper towels,70100210,Monroe,WA,98272,FRED,00210,0003600056532,0003600056532,00003600056532,003600056532,Viva,Viva® Signature Cloth™ Paper Towels Double Rolls,6 rolls,14.29,,14.29
2026-02-17T11:20:42Z,paper towels,70100210,Monroe,WA,98272,FRED,00210,0003600038587,0003600038587,00003600038587,003600038587,Kleenex,"Kleenex® Disposable Paper Hand Towels, 1 Box, 60 Towels per Box",60 count,4.29,,4.29
2026-02-17T11:20:42Z,paper towels,70100210,Monroe,WA,98272,FRED,00210,0004200044576,0004200044576,00004200044576,004200044576,Brawny,Brawny® Tear-A-Square® 3-Ply Paper Towel Triple Rolls,2 rolls,7.49,,7.49
2026-02-17T11:20:42Z,paper towels,70100210,Monroe,WA,98272,FRED,00210,0003600056535,0003600056535,00003600056535,003600056535,Viva,Viva Signature Cloth Paper Towels Double Rolls,12 rolls,23.49,,23.49
2026-02-17T11:20:42Z,paper towels,70100210,Monroe,WA,98272,FRED,00210,0003600052499,0003600052499,00003600052499,003600052499,Viva,Viva Multi-Surface Cloth Paper Towels Double Rolls,8 rolls,16.99,14.49,14.49
2026-02-17T11:20:42Z,paper towels,70100210,Monroe,WA,98272,FRED,00210,0004200044658,0004200044658,00004200044658,004200044658,Brawny,Brawny® Full Sheet 3-Ply Paper Towel Double Rolls,6 rolls,13.29,11.99,11.99
2026-02-17T11:20:42Z,paper towels,70100210,Monroe,WA,98272,FRED,00210,0004200044579,0004200044579,00004200044579,004200044579,Brawny,Brawny® Tear-A-Square® 3-Ply Paper Towel Double Rolls,4 rolls,10.29,7.49,7.49
2026-02-17T11:20:42Z,paper towels,70100210,Monroe,WA,98272,FRED,00210,0001111016086,0001111016086,00001111016086,001111016086,Kroger,Kroger® Rugged + Reliable Paper Towels Double Rolls,4 rolls,7.29,,7.29
2026-02-17T11:20:42Z,paper towels,70100210,Monroe,WA,98272,FRED,00210,0001111014184,0001111014184,00001111014184,001111014184,Kroger,Kroger® Ultra Paper Towels With Absorbing Power Triple Rolls,2 rolls,6.29,,6.29
2026-02-17T11:20:42Z,paper towels,70100210,Monroe,WA,98272,FRED,00210,0001111016087,0001111016087,00001111016087,001111016087,Kroger,Kroger® Rugged + Reliable Paper Towels Giant Rolls,10 rolls,13.79,,13.79
2026-02-17T11:20:42Z,paper towels,70100210,Monroe,WA,98272,FRED,00210,0001111014185,0001111014185,00001111014185,001111014185,Kroger,Kroger® Ultra Paper Towels With Absorbing Power Double Rolls,4 rolls,8.49,,8.49
2026-02-17T11:20:42Z,paper towels,70100210,Monroe,WA,98272,FRED,00210,0001111016088,0001111016088,00001111016088,001111016088,Kroger,Kroger® Rugged + Reliable Paper Towels Double Plus Rolls BIG DEAL!,12 ct,19.99,,19.99
2026-02-17T11:20:42Z,paper towels,70100210,Monroe,WA,98272,FRED,00210,0001111014186,0001111014186,00001111014186,001111014186,Kroger,Kroger® Ultra Paper Towels With Absorbing Power Double Rolls,6 rolls,11.29,,11.29
2026-02-17T11:20:42Z,paper towels,70100210,Monroe,WA,98272,FRED,00210,0003077216014,0003077216014,00003077216014,003077216014,Bounty,"Bounty Paper Towels Select-A-Size White, 8 Triple Rolls, 123 Sheets Per Roll",8 rolls,26.99,23.99,23.99
2026-02-17T11:20:42Z,paper towels,70100210,Monroe,WA,98272,FRED,00210,0001111014187,0001111014187,00001111014187,001111014187,Kroger,Kroger® Ultra Absorbing Power Paper Towels Triple Rolls,8 ct,19.29,,19.29
2026-02-17T11:20:42Z,paper towels,70100210,Monroe,WA,98272,FRED,00210,0003077215664,0003077215664,00003077215664,003077215664,Bounty,Bounty Paper Towels Select-A-Size White 12 Double Plus Rolls,12 rolls,30.99,29.99,29.99
2026-02-17T11:20:42Z,paper towels,70100210,Monroe,WA,98272,FRED,00210,0071981207833,0071981207833,00071981207833,071981207833,Softworks,Softworks Simply Tear Paper Towel Holder,1 ct,29.99,,29.99
2026-02-17T11:20:42Z,paper towels,70100210,Monroe,WA,98272,FRED,00210,0003040022241,0003040022241,00003040022241,003040022241,Sparkle,Sparkle® Pick-A-Size® Paper Towel Double Rolls,8 rolls,11.99,,11.99
2026-02-17T11:20:42Z,paper towels,70100210,Monroe,WA,98272,FRED,00210,0003077216071,0003077216071,00003077216071,003077216071,Bounty,Bounty Paper Towels Select-A-Size White 6 Mega Rolls,6 rolls,26.99,23.99,23.99
2026-02-17T11:20:42Z,paper towels,70100210,Monroe,WA,98272,FRED,00210,0001111010621,0001111010621,00001111010621,001111010621,Kroger,Kroger® Glimmer Select-A-Sheet Paper Towels Double Rolls,2 rolls,2.99,,2.99
2026-02-17T11:20:42Z,paper towels,70100210,Monroe,WA,98272,FRED,00210,0003600055195,0003600055195,00003600055195,003600055195,Scott,Scott® On-The-Go™ Pop-Up!® Cloths,70 ct,5.99,,5.99
2026-02-17T11:20:42Z,paper towels,70100210,Monroe,WA,98272,FRED,00210,0088877707647,0088877707647,00088877707647,088877707647,SDS for HD Designs,SDS for HD Designs Acacia & Brass Paper Towel Holder,14 in,16.99,11.89,11.89
2026-02-17T11:20:42Z,paper towels,70100210,Monroe,WA,98272,FRED,00210,0001111012026,0001111012026,00001111012026,001111012026,Kroger,Kroger® Rugged + Reliable Paper Towels Double Plus Rolls BIG DEAL!,12 rolls,19.99,,19.99
2026-02-17T11:20:42Z,paper towels,70100210,Monroe,WA,98272,FRED,00210,0073291313722,0073291313722,00073291313722,073291313722,Seventh Generation,Seventh Generation 100% Recycled Paper Jumbo Paper Towels,1 roll / 156 ct,4.79,,4.79
2026-02-17T11:20:42Z,paper towels,70100210,Monroe,WA,98272,FRED,00210,0004200044588,0004200044588,00004200044588,004200044588,Brawny,Brawny® Tear-A-Square® 3-Ply Paper Towel Double Rolls,6 rolls,13.29,11.99,11.99
2026-02-17T11:20:42Z,paper towels,70100210,Monroe,WA,98272,FRED,00210,0003077215703,0003077215703,00003077215703,003077215703,Bounty,Bounty Paper Towels Select-A-Size White 6 Double Rolls,6 rolls,14.99,,14.99
2026-02-17T11:20:42Z,paper towels,70100210,Monroe,WA,98272,FRED,00210,0071981261343,0071981261343,00071981261343,071981261343,Softworks,Softworks Steady Paper Towel Holder,1 ct,25.99,,25.99
2026-02-17T11:20:42Z,paper towels,70100210,Monroe,WA,98272,FRED,00210,0004200044600,0004200044600,00004200044600,004200044600,Brawny,Brawny® Tear-A-Square® 3-Ply Paper Towel Double Rolls,8 rolls,16.79,16.29,16.29
2026-02-17T11:20:42Z,paper towels,70100655,Port Orchard,WA,98366,FRED,00655,0003600049413,0003600049413,00003600049413,003600049413,Viva,Viva® Multi-Surface Cloth™ Paper Towels Single Rolls,6 rolls,12.49,10.99,10.99
2026-02-17T11:20:42Z,paper towels,70100655,Port Orchard,WA,98366,FRED,00655,0003077216009,0003077216009,00003077216009,003077216009,Bounty,Bounty Paper Towels Select-A-Size White 4 Triple Rolls,4 rolls,14.99,,14.99
2026-02-17T11:20:42Z,paper towels,70100655,Port Orchard,WA,98366,FRED,00655,0003077215712,0003077215712,00003077215712,003077215712,Bounty,Bounty Paper Towels Select-A-Size White 4 Double Rolls,4 rolls,11.29,,11.29
2026-02-17T11:20:42Z,paper towels,70100655,Port Orchard,WA,98366,FRED,00655,0003040022272,0003040022272,00003040022272,003040022272,Sparkle,Sparkle® Tear-A-Square® Customizable Sheet Size Paper Towels Double Rolls,2 rolls,3.79,,3.79
2026-02-17T11:20:42Z,paper towels,70100655,Port Orchard,WA,98366,FRED,00655,0005400075130,0005400075130,00005400075130,005400075130,Scott,Scott® Original Multipurpose Shop Towels - Blue,55ct,3.99,,3.99
2026-02-17T11:20:42Z,paper towels,70100655,Port Orchard,WA,98366,FRED,00655,0003077216021,0003077216021,00003077216021,003077216021,Bounty,Bounty Paper Towels Full Sheet White 6 Double Rolls,6 rolls,14.99,,14.99
2026-02-17T11:20:42Z,paper towels,70100655,Port Orchard,WA,98366,FRED,00655,0003077216042,0003077216042,00003077216042,003077216042,Bounty,Bounty Paper Towels Select-A-Size White 2 Triple Rolls,2 rolls,7.99,,7.99
2026-02-17T11:20:42Z,paper towels,70100655,Port Orchard,WA,98366,FRED,00655,0003077216020,0003077216020,00003077216020,003077216020,Bounty,Bounty Paper Towels Select-A-Size White 6 Triple Rolls,6 rolls,21.99,19.99,19.99
2026-02-17T11:20:42Z,paper towels,70100655,Port Orchard,WA,98366,FRED,00655,0003040022276,0003040022276,00003040022276,003040022276,Sparkle,Sparkle® Tear-A-Square® Paper Towel Double Rolls,6 rolls,9.29,7.49,7.49
2026-02-17T11:20:42Z,paper towels,70100655,Port Orchard,WA,98366,FRED,00655,0003077219274,0003077219274,00003077219274,003077219274,Bounty,Bounty Paper Towels Select-A-Size White 8 Double Plus Rolls,8 rolls,21.49,,21.49
2026-02-17T11:20:42Z,paper towels,70100655,Port Orchard,WA,98366,FRED,00655,0006366836203,0006366836203,00006366836203,006366836203,Green Forest,Green Forest 100% Recycled Size-Your-Own Paper Towels,3 pk,6.29,,6.29
2026-02-17T11:20:42Z,paper towels,70100655,Port Orchard,WA,98366,FRED,00655,0076427177011,0076427177011,00076427177011,076427177011,Oggi,OGGI Wallmount Paper Towel Holder,1 ct,11.99,,11.99
2026-02-17T11:20:42Z,paper towels,70100655,Port Orchard,WA,98366,FRED,00655,0076427107702,0076427107702,00076427107702,076427107702,OGGI,OGGI Stainless Steel Paper Towel Holder,1 ct,17.99,,17.99
2026-02-17T11:20:42Z,paper towels,70100655,Port Orchard,WA,98366,FRED,00655,0086001113901,0086001113901,00086001113901,086001113901,Reel,Reel® Premium Bamboo Paper Towels,6 ct,19.49,,19.49
2026-02-17T11:20:42Z,paper towels,70100655,Port Orchard,WA,98366,FRED,00655,0086001113900,0086001113900,00086001113900,086001113900,Reel,Reel® Premium Bamboo Paper Towel Triple Rolls,2 rolls,7.99,,7.99
2026-02-17T11:20:42Z,paper towels,70100655,Port Orchard,WA,98366,FRED,00655,0001111011984,0001111011984,00001111011984,001111011984,Kroger,Kroger® Rugged and Reliable Paper Towels Giant Rolls,10 rolls,13.49,,13.49
2026-02-17T11:20:42Z,paper towels,70100655,Port Orchard,WA,98366,FRED,00655,0073291313737,0073291313737,00073291313737,073291313737,Seventh Generation,Seventh Generation Unbleached Chlorine Free Paper Towel Rolls,6 rolls,21.99,,21.99
2026-02-17T11:20:42Z,paper towels,70100655,Port Orchard,WA,98366,FRED,00655,0019655708688,0019655708688,00019655708688,019655708688,Core,Core Kitchen Paper Towel Holder,1 ct,8.99,,8.99
2026-02-17T11:20:42Z,paper towels,70100655,Port Orchard,WA,98366,FRED,00655,0003600056532,0003600056532,00003600056532,003600056532,Viva,Viva® Signature Cloth™ Paper Towels Double Rolls,6 rolls,14.29,,14.29
2026-02-17T11:20:42Z,paper towels,70100655,Port Orchard,WA,98366,FRED,00655,0003600038587,0003600038587,00003600038587,003600038587,Kleenex,"Kleenex® Disposable Paper Hand Towels, 1 Box, 60 Towels per Box",60 count,4.29,,4.29
2026-02-17T11:20:42Z,paper towels,70100655,Port Orchard,WA,98366,FRED,00655,0004200044576,0004200044576,00004200044576,004200044576,Brawny,Brawny® Tear-A-Square® 3-Ply Paper Towel Triple Rolls,2 rolls,7.49,,7.49
2026-02-17T11:20:42Z,paper towels,70100655,Port Orchard,WA,98366,FRED,00655,0003600056535,0003600056535,00003600056535,003600056535,Viva,Viva Signature Cloth Paper Towels Double Rolls,12 rolls,23.49,,23.49
2026-02-17T11:20:42Z,paper towels,70100655,Port Orchard,WA,98366,FRED,00655,0003600052499,0003600052499,00003600052499,003600052499,Viva,Viva Multi-Surface Cloth Paper Towels Double Rolls,8 rolls,16.99,14.49,14.49
2026-02-17T11:20:42Z,paper towels,70100655,Port Orchard,WA,98366,FRED,00655,0004200044658,0004200044658,00004200044658,004200044658,Brawny,Brawny® Full Sheet 3-Ply Paper Towel Double Rolls,6 rolls,13.29,11.99,11.99
2026-02-17T11:20:42Z,paper towels,70100655,Port Orchard,WA,98366,FRED,00655,0004200044579,0004200044579,00004200044579,004200044579,Brawny,Brawny® Tear-A-Square® 3-Ply Paper Towel Double Rolls,4 rolls,10.29,7.49,7.49
2026-02-17T11:20:42Z,paper towels,70100655,Port Orchard,WA,98366,FRED,00655,0001111016086,0001111016086,00001111016086,001111016086,Kroger,Kroger® Rugged + Reliable Paper Towels Double Rolls,4 rolls,7.29,,7.29
2026-02-17T11:20:42Z,paper towels,70100655,Port Orchard,WA,98366,FRED,00655,0001111016087,0001111016087,00001111016087,001111016087,Kroger,Kroger® Rugged + Reliable Paper Towels Giant Rolls,10 rolls,13.79,,13.79
2026-02-17T11:20:42Z,paper towels,70100655,Port Orchard,WA,98366,FRED,00655,0001111014184,0001111014184,00001111014184,001111014184,Kroger,Kroger® Ultra Paper Towels With Absorbing Power Triple Rolls,2 rolls,6.29,,6.29
2026-02-17T11:20:42Z,paper towels,70100655,Port Orchard,WA,98366,FRED,00655,0001111014185,0001111014185,00001111014185,001111014185,Kroger,Kroger® Ultra Paper Towels With Absorbing Power Double Rolls,4 rolls,8.49,,8.49
2026-02-17T11:20:42Z,paper towels,70100655,Port Orchard,WA,98366,FRED,00655,0001111016088,0001111016088,00001111016088,001111016088,Kroger,Kroger® Rugged + Reliable Paper Towels Double Plus Rolls BIG DEAL!,12 ct,19.99,,19.99
2026-02-17T11:20:42Z,paper towels,70100655,Port Orchard,WA,98366,FRED,00655,0001111014186,0001111014186,00001111014186,001111014186,Kroger,Kroger® Ultra Paper Towels With Absorbing Power Double Rolls,6 rolls,11.29,,11.29
2026-02-17T11:20:42Z,paper towels,70100655,Port Orchard,WA,98366,FRED,00655,0003077216014,0003077216014,00003077216014,003077216014,Bounty,"Bounty Paper Towels Select-A-Size White, 8 Triple Rolls, 123 Sheets Per Roll",8 rolls,26.99,23.99,23.99
2026-02-17T11:20:42Z,paper towels,70100655,Port Orchard,WA,98366,FRED,00655,0001111014187,0001111014187,00001111014187,001111014187,Kroger,Kroger® Ultra Absorbing Power Paper Towels Triple Rolls,8 ct,19.29,,19.29
2026-02-17T11:20:42Z,paper towels,70100655,Port Orchard,WA,98366,FRED,00655,0003077215664,0003077215664,00003077215664,003077215664,Bounty,Bounty Paper Towels Select-A-Size White 12 Double Plus Rolls,12 rolls,30.99,29.99,29.99
2026-02-17T11:20:42Z,paper towels,70100655,Port Orchard,WA,98366,FRED,00655,0071981207833,0071981207833,00071981207833,071981207833,Softworks,Softworks Simply Tear Paper Towel Holder,1 ct,29.99,,29.99
2026-02-17T11:20:42Z,paper towels,70100655,Port Orchard,WA,98366,FRED,00655,0003040022241,0003040022241,00003040022241,003040022241,Sparkle,Sparkle® Pick-A-Size® Paper Towel Double Rolls,8 rolls,11.99,,11.99
2026-02-17T11:20:42Z,paper towels,70100655,Port Orchard,WA,98366,FRED,00655,0003077216071,0003077216071,00003077216071,003077216071,Bounty,Bounty Paper Towels Select-A-Size White 6 Mega Rolls,6 rolls,26.99,23.99,23.99
2026-02-17T11:20:42Z,paper towels,70100655,Port Orchard,WA,98366,FRED,00655,0001111010621,0001111010621,00001111010621,001111010621,Kroger,Kroger® Glimmer Select-A-Sheet Paper Towels Double Rolls,2 rolls,2.99,,2.99
2026-02-17T11:20:42Z,paper towels,70100655,Port Orchard,WA,98366,FRED,00655,0088877707647,0088877707647,00088877707647,088877707647,SDS for HD Designs,SDS for HD Designs Acacia & Brass Paper Towel Holder,14 in,16.99,11.89,11.89
2026-02-17T11:20:42Z,paper towels,70100655,Port Orchard,WA,98366,FRED,00655,0001111012026,0001111012026,00001111012026,001111012026,Kroger,Kroger® Rugged + Reliable Paper Towels Double Plus Rolls BIG DEAL!,12 rolls,19.99,,19.99
2026-02-17T11:20:42Z,paper towels,70100655,Port Orchard,WA,98366,FRED,00655,0073291313722,0073291313722,00073291313722,073291313722,Seventh Generation,Seventh Generation 100% Recycled Paper Jumbo Paper Towels,1 roll / 156 ct,4.79,,4.79
2026-02-17T11:20:42Z,paper towels,70100655,Port Orchard,WA,98366,FRED,00655,0004200044588,0004200044588,00004200044588,004200044588,Brawny,Brawny® Tear-A-Square® 3-Ply Paper Towel Double Rolls,6 rolls,13.29,11.99,11.99
2026-02-17T11:20:42Z,paper towels,70100655,Port Orchard,WA,98366,FRED,00655,0003077215703,0003077215703,00003077215703,003077215703,Bounty,Bounty Paper Towels Select-A-Size White 6 Double Rolls,6 rolls,14.99,,14.99
2026-02-17T11:20:42Z,paper towels,70100655,Port Orchard,WA,98366,FRED,00655,0071981261343,0071981261343,00071981261343,071981261343,Softworks,Softworks Steady Paper Towel Holder,1 ct,25.99,,25.99
2026-02-17T11:20:42Z,paper towels,70100655,Port Orchard,WA,98366,FRED,00655,0004200044600,0004200044600,00004200044600,004200044600,Brawny,Brawny® Tear-A-Square® 3-Ply Paper Towel Double Rolls,8 rolls,16.79,16.29,16.29
2026-02-17T11:20:42Z,paper towels,70100265,Puyallup,WA,98371,FRED,00265,0003600049413,0003600049413,00003600049413,003600049413,Viva,Viva® Multi-Surface Cloth™ Paper Towels Single Rolls,6 rolls,12.49,10.99,10.99
2026-02-17T11:20:42Z,paper towels,70100265,Puyallup,WA,98371,FRED,00265,0003077216009,0003077216009,00003077216009,003077216009,Bounty,Bounty Paper Towels Select-A-Size White 4 Triple Rolls,4 rolls,14.99,,14.99
2026-02-17T11:20:42Z,paper towels,70100265,Puyallup,WA,98371,FRED,00265,0003077215712,0003077215712,00003077215712,003077215712,Bounty,Bounty Paper Towels Select-A-Size White 4 Double Rolls,4 rolls,11.29,,11.29
2026-02-17T11:20:42Z,paper towels,70100265,Puyallup,WA,98371,FRED,00265,0005400075130,0005400075130,00005400075130,005400075130,Scott,Scott® Original Multipurpose Shop Towels - Blue,55ct,3.99,,3.99
2026-02-17T11:20:42Z,paper towels,70100265,Puyallup,WA,98371,FRED,00265,0003040022272,0003040022272,00003040022272,003040022272,Sparkle,Sparkle® Tear-A-Square® Customizable Sheet Size Paper Towels Double Rolls,2 rolls,3.79,,3.79
2026-02-17T11:20:42Z,paper towels,70100265,Puyallup,WA,98371,FRED,00265,0003077216021,0003077216021,00003077216021,003077216021,Bounty,Bounty Paper Towels Full Sheet White 6 Double Rolls,6 rolls,14.99,,14.99
2026-02-17T11:20:42Z,paper towels,70100265,Puyallup,WA,98371,FRED,00265,0003077216020,0003077216020,00003077216020,003077216020,Bounty,Bounty Paper Towels Select-A-Size White 6 Triple Rolls,6 rolls,21.99,19.99,19.99
2026-02-17T11:20:42Z,paper towels,70100265,Puyallup,WA,98371,FRED,00265,0003077216042,0003077216042,00003077216042,003077216042,Bounty,Bounty Paper Towels Select-A-Size White 2 Triple Rolls,2 rolls,7.99,,7.99
2026-02-17T11:20:42Z,paper towels,70100265,Puyallup,WA,98371,FRED,00265,0003040022276,0003040022276,00003040022276,003040022276,Sparkle,Sparkle® Tear-A-Square® Paper Towel Double Rolls,6 rolls,9.29,7.49,7.49
2026-02-17T11:20:42Z,paper towels,70100265,Puyallup,WA,98371,FRED,00265,0003077219274,0003077219274,00003077219274,003077219274,Bounty,Bounty Paper Towels Select-A-Size White 8 Double Plus Rolls,8 rolls,21.49,,21.49
2026-02-17T11:20:42Z,paper towels,70100265,Puyallup,WA,98371,FRED,00265,0006366836203,0006366836203,00006366836203,006366836203,Green Forest,Green Forest 100% Recycled Size-Your-Own Paper Towels,3 pk,6.29,,6.29
2026-02-17T11:20:42Z,paper towels,70100265,Puyallup,WA,98371,FRED,00265,0076427107702,0076427107702,00076427107702,076427107702,OGGI,OGGI Stainless Steel Paper Towel Holder,1 ct,17.99,,17.99
2026-02-17T11:20:42Z,paper towels,70100265,Puyallup,WA,98371,FRED,00265,0076427177011,0076427177011,00076427177011,076427177011,Oggi,OGGI Wallmount Paper Towel Holder,1 ct,11.99,,11.99
2026-02-17T11:20:42Z,paper towels,70100265,Puyallup,WA,98371,FRED,00265,0086001113900,0086001113900,00086001113900,086001113900,Reel,Reel® Premium Bamboo Paper Towel Triple Rolls,2 rolls,7.99,,7.99
2026-02-17T11:20:42Z,paper towels,70100265,Puyallup,WA,98371,FRED,00265,0073291313737,0073291313737,00073291313737,073291313737,Seventh Generation,Seventh Generation Unbleached Chlorine Free Paper Towel Rolls,6 rolls,21.99,,21.99
2026-02-17T11:20:42Z,paper towels,70100265,Puyallup,WA,98371,FRED,00265,0001111011984,0001111011984,00001111011984,001111011984,Kroger,Kroger® Rugged and Reliable Paper Towels Giant Rolls,10 rolls,13.49,,13.49
2026-02-17T11:20:42Z,paper towels,70100265,Puyallup,WA,98371,FRED,00265,0019655708688,0019655708688,00019655708688,019655708688,Core,Core Kitchen Paper Towel Holder,1 ct,8.99,,8.99
2026-02-17T11:20:42Z,paper towels,70100265,Puyallup,WA,98371,FRED,00265,0003600038587,0003600038587,00003600038587,003600038587,Kleenex,"Kleenex® Disposable Paper Hand Towels, 1 Box, 60 Towels per Box",60 count,4.29,,4.29
2026-02-17T11:20:42Z,paper towels,70100265,Puyallup,WA,98371,FRED,00265,0003600056532,0003600056532,00003600056532,003600056532,Viva,Viva® Signature Cloth™ Paper Towels Double Rolls,6 rolls,14.29,,14.29
2026-02-17T11:20:42Z,paper towels,70100265,Puyallup,WA,98371,FRED,00265,0004200044576,0004200044576,00004200044576,004200044576,Brawny,Brawny® Tear-A-Square® 3-Ply Paper Towel Triple Rolls,2 rolls,7.49,,7.49
2026-02-17T11:20:42Z,paper towels,70100265,Puyallup,WA,98371,FRED,00265,0003600056535,0003600056535,00003600056535,003600056535,Viva,Viva Signature Cloth Paper Towels Double Rolls,12 rolls,23.49,,23.49
2026-02-17T11:20:42Z,paper towels,70100265,Puyallup,WA,98371,FRED,00265,0003600052499,0003600052499,00003600052499,003600052499,Viva,Viva Multi-Surface Cloth Paper Towels Double Rolls,8 rolls,16.99,14.49,14.49
2026-02-17T11:20:42Z,paper towels,70100265,Puyallup,WA,98371,FRED,00265,0004200044658,0004200044658,00004200044658,004200044658,Brawny,Brawny® Full Sheet 3-Ply Paper Towel Double Rolls,6 rolls,13.29,11.99,11.99
2026-02-17T11:20:42Z,paper towels,70100265,Puyallup,WA,98371,FRED,00265,0004200044579,0004200044579,00004200044579,004200044579,Brawny,Brawny® Tear-A-Square® 3-Ply Paper Towel Double Rolls,4 rolls,10.29,7.49,7.49
2026-02-17T11:20:42Z,paper towels,70100265,Puyallup,WA,98371,FRED,00265,0001111016086,0001111016086,00001111016086,001111016086,Kroger,Kroger® Rugged + Reliable Paper Towels Double Rolls,4 rolls,7.29,,7.29
2026-02-17T11:20:42Z,paper towels,70100265,Puyallup,WA,98371,FRED,00265,0001111016087,0001111016087,00001111016087,001111016087,Kroger,Kroger® Rugged + Reliable Paper Towels Giant Rolls,10 rolls,13.79,,13.79
2026-02-17T11:20:42Z,paper towels,70100265,Puyallup,WA,98371,FRED,00265,0001111014184,0001111014184,00001111014184,001111014184,Kroger,Kroger® Ultra Paper Towels With Absorbing Power Triple Rolls,2 rolls,6.29,,6.29
2026-02-17T11:20:42Z,paper towels,70100265,Puyallup,WA,98371,FRED,00265,0001111014185,0001111014185,00001111014185,001111014185,Kroger,Kroger® Ultra Paper Towels With Absorbing Power Double Rolls,4 rolls,8.49,,8.49
2026-02-17T11:20:42Z,paper towels,70100265,Puyallup,WA,98371,FRED,00265,0001111016088,0001111016088,00001111016088,001111016088,Kroger,Kroger® Rugged + Reliable Paper Towels Double Plus Rolls BIG DEAL!,12 ct,19.99,,19.99
2026-02-17T11:20:42Z,paper towels,70100265,Puyallup,WA,98371,FRED,00265,0001111014186,0001111014186,00001111014186,001111014186,Kroger,Kroger® Ultra Paper Towels With Absorbing Power Double Rolls,6 rolls,11.29,,11.29
2026-02-17T11:20:42Z,paper towels,70100265,Puyallup,WA,98371,FRED,00265,0003077216014,0003077216014,00003077216014,003077216014,Bounty,"Bounty Paper Towels Select-A-Size White, 8 Triple Rolls, 123 Sheets Per Roll",8 rolls,26.99,23.99,23.99
2026-02-17T11:20:42Z,paper towels,70100265,Puyallup,WA,98371,FRED,00265,0001111014187,0001111014187,00001111014187,001111014187,Kroger,Kroger® Ultra Absorbing Power Paper Towels Triple Rolls,8 ct,19.29,,19.29
2026-02-17T11:20:42Z,paper towels,70100265,Puyallup,WA,98371,FRED,00265,0003077215664,0003077215664,00003077215664,003077215664,Bounty,Bounty Paper Towels Select-A-Size White 12 Double Plus Rolls,12 rolls,30.99,29.99,29.99
2026-02-17T11:20:42Z,paper towels,70100265,Puyallup,WA,98371,FRED,00265,0071981207833,0071981207833,00071981207833,071981207833,Softworks,Softworks Simply Tear Paper Towel Holder,1 ct,29.99,,29.99
2026-02-17T11:20:42Z,paper towels,70100265,Puyallup,WA,98371,FRED,00265,0003040022241,0003040022241,00003040022241,003040022241,Sparkle,Sparkle® Pick-A-Size® Paper Towel Double Rolls,8 rolls,11.99,,11.99
2026-02-17T11:20:42Z,paper towels,70100265,Puyallup,WA,98371,FRED,00265,0003077216071,0003077216071,00003077216071,003077216071,Bounty,Bounty Paper Towels Select-A-Size White 6 Mega Rolls,6 rolls,26.99,23.99,23.99
2026-02-17T11:20:42Z,paper towels,70100265,Puyallup,WA,98371,FRED,00265,0001111010621,0001111010621,00001111010621,001111010621,Kroger,Kroger® Glimmer Select-A-Sheet Paper Towels Double Rolls,2 rolls,2.99,,2.99
2026-02-17T11:20:42Z,paper towels,70100265,Puyallup,WA,98371,FRED,00265,0088877707647,0088877707647,00088877707647,088877707647,SDS for HD Designs,SDS for HD Designs Acacia & Brass Paper Towel Holder,14 in,16.99,11.89,11.89
2026-02-17T11:20:42Z,paper towels,70100265,Puyallup,WA,98371,FRED,00265,0001111013577,0001111013577,00001111013577,001111013577,Kroger,Kroger® Rugged + Reliable Paper Towels Double Rolls,4 rolls,7.29,,7.29
2026-02-17T11:20:42Z,paper towels,70100265,Puyallup,WA,98371,FRED,00265,0001111012026,0001111012026,00001111012026,001111012026,Kroger,Kroger® Rugged + Reliable Paper Towels Double Plus Rolls BIG DEAL!,12 rolls,19.99,,19.99
2026-02-17T11:20:42Z,paper towels,70100265,Puyallup,WA,98371,FRED,00265,0073291313722,0073291313722,00073291313722,073291313722,Seventh Generation,Seventh Generation 100% Recycled Paper Jumbo Paper Towels,1 roll / 156 ct,4.79,,4.79
2026-02-17T11:20:42Z,paper towels,70100265,Puyallup,WA,98371,FRED,00265,0004200044588,0004200044588,00004200044588,004200044588,Brawny,Brawny® Tear-A-Square® 3-Ply Paper Towel Double Rolls,6 rolls,13.29,11.99,11.99
2026-02-17T11:20:42Z,paper towels,70100265,Puyallup,WA,98371,FRED,00265,0003077215703,0003077215703,00003077215703,003077215703,Bounty,Bounty Paper Towels Select-A-Size White 6 Double Rolls,6 rolls,14.99,,14.99
2026-02-17T11:20:42Z,paper towels,70100265,Puyallup,WA,98371,FRED,00265,0001111014646,0001111014646,00001111014646,001111014646,Simple Truth,Simple Truth® Hypoallergenic Strong and Absorbent 100% Recycled Paper Towels Big Rolls,6 rolls,,,
2026-02-17T11:20:42Z,paper towels,70100265,Puyallup,WA,98371,FRED,00265,0071981261343,0071981261343,00071981261343,071981261343,Softworks,Softworks Steady Paper Towel Holder,1 ct,25.99,,25.99
2026-02-17T11:20:42Z,paper towels,70100265,Puyallup,WA,98371,FRED,00265,0004200044600,0004200044600,00004200044600,004200044600,Brawny,Brawny® Tear-A-Square® 3-Ply Paper Towel Double Rolls,8 rolls,16.79,16.29,16.29
2026-02-17T11:20:42Z,paper towels,70100424,Puyallup,WA,98375,FRED,00424,0003600049413,0003600049413,00003600049413,003600049413,Viva,Viva® Multi-Surface Cloth™ Paper Towels Single Rolls,6 rolls,12.49,10.99,10.99
2026-02-17T11:20:42Z,paper towels,70100424,Puyallup,WA,98375,FRED,00424,0003077215712,0003077215712,00003077215712,003077215712,Bounty,Bounty Paper Towels Select-A-Size White 4 Double Rolls,4 rolls,11.29,,11.29
2026-02-17T11:20:42Z,paper towels,70100424,Puyallup,WA,98375,FRED,00424,0003077216009,0003077216009,00003077216009,003077216009,Bounty,Bounty Paper Towels Select-A-Size White 4 Triple Rolls,4 rolls,14.99,,14.99
2026-02-17T11:20:42Z,paper towels,70100424,Puyallup,WA,98375,FRED,00424,0003040022272,0003040022272,00003040022272,003040022272,Sparkle,Sparkle® Tear-A-Square® Customizable Sheet Size Paper Towels Double Rolls,2 rolls,3.79,,3.79
2026-02-17T11:20:42Z,paper towels,70100424,Puyallup,WA,98375,FRED,00424,0005400075130,0005400075130,00005400075130,005400075130,Scott,Scott® Original Multipurpose Shop Towels - Blue,55ct,3.99,,3.99
2026-02-17T11:20:42Z,paper towels,70100424,Puyallup,WA,98375,FRED,00424,0003077216021,0003077216021,00003077216021,003077216021,Bounty,Bounty Paper Towels Full Sheet White 6 Double Rolls,6 rolls,14.99,,14.99
2026-02-17T11:20:42Z,paper towels,70100424,Puyallup,WA,98375,FRED,00424,0003077216042,0003077216042,00003077216042,003077216042,Bounty,Bounty Paper Towels Select-A-Size White 2 Triple Rolls,2 rolls,7.99,,7.99
2026-02-17T11:20:42Z,paper towels,70100424,Puyallup,WA,98375,FRED,00424,0003077216020,0003077216020,00003077216020,003077216020,Bounty,Bounty Paper Towels Select-A-Size White 6 Triple Rolls,6 rolls,21.99,19.99,19.99
2026-02-17T11:20:42Z,paper towels,70100424,Puyallup,WA,98375,FRED,00424,0003040022276,0003040022276,00003040022276,003040022276,Sparkle,Sparkle® Tear-A-Square® Paper Towel Double Rolls,6 rolls,9.29,7.49,7.49
2026-02-17T11:20:42Z,paper towels,70100424,Puyallup,WA,98375,FRED,00424,0003077219274,0003077219274,00003077219274,003077219274,Bounty,Bounty Paper Towels Select-A-Size White 8 Double Plus Rolls,8 rolls,21.49,,21.49
2026-02-17T11:20:42Z,paper towels,70100424,Puyallup,WA,98375,FRED,00424,0006366836203,0006366836203,00006366836203,006366836203,Green Forest,Green Forest 100% Recycled Size-Your-Own Paper Towels,3 pk,6.29,,6.29
2026-02-17T11:20:42Z,paper towels,70100424,Puyallup,WA,98375,FRED,00424,0076427107702,0076427107702,00076427107702,076427107702,OGGI,OGGI Stainless Steel Paper Towel Holder,1 ct,17.99,,17.99
2026-02-17T11:20:42Z,paper towels,70100424,Puyallup,WA,98375,FRED,00424,0076427177011,0076427177011,00076427177011,076427177011,Oggi,OGGI Wallmount Paper Towel Holder,1 ct,11.99,,11.99
2026-02-17T11:20:42Z,paper towels,70100424,Puyallup,WA,98375,FRED,00424,0086001113901,0086001113901,00086001113901,086001113901,Reel,Reel® Premium Bamboo Paper Towels,6 ct,19.49,,19.49
2026-02-17T11:20:42Z,paper towels,70100424,Puyallup,WA,98375,FRED,00424,0086001113900,0086001113900,00086001113900,086001113900,Reel,Reel® Premium Bamboo Paper Towel Triple Rolls,2 rolls,7.99,,7.99
2026-02-17T11:20:42Z,paper towels,70100424,Puyallup,WA,98375,FRED,00424,0073291313737,0073291313737,00073291313737,073291313737,Seventh Generation,Seventh Generation Unbleached Chlorine Free Paper Towel Rolls,6 rolls,21.99,,21.99
2026-02-17T11:20:42Z,paper towels,70100424,Puyallup,WA,98375,FRED,00424,0001111011984,0001111011984,00001111011984,001111011984,Kroger,Kroger® Rugged and Reliable Paper Towels Giant Rolls,10 rolls,13.49,,13.49
2026-02-17T11:20:42Z,paper towels,70100424,Puyallup,WA,98375,FRED,00424,0019655708688,0019655708688,00019655708688,019655708688,Core,Core Kitchen Paper Towel Holder,1 ct,8.99,,8.99
2026-02-17T11:20:42Z,paper towels,70100424,Puyallup,WA,98375,FRED,00424,0003600056532,0003600056532,00003600056532,003600056532,Viva,Viva® Signature Cloth™ Paper Towels Double Rolls,6 rolls,14.29,,14.29
2026-02-17T11:20:42Z,paper towels,70100424,Puyallup,WA,98375,FRED,00424,0003600038587,0003600038587,00003600038587,003600038587,Kleenex,"Kleenex® Disposable Paper Hand Towels, 1 Box, 60 Towels per Box",60 count,4.29,,4.29
2026-02-17T11:20:42Z,paper towels,70100424,Puyallup,WA,98375,FRED,00424,0004200044576,0004200044576,00004200044576,004200044576,Brawny,Brawny® Tear-A-Square® 3-Ply Paper Towel Triple Rolls,2 rolls,7.49,,7.49
2026-02-17T11:20:42Z,paper towels,70100424,Puyallup,WA,98375,FRED,00424,0003600056535,0003600056535,00003600056535,003600056535,Viva,Viva Signature Cloth Paper Towels Double Rolls,12 rolls,23.49,,23.49
2026-02-17T11:20:42Z,paper towels,70100424,Puyallup,WA,98375,FRED,00424,0003600052499,0003600052499,00003600052499,003600052499,Viva,Viva Multi-Surface Cloth Paper Towels Double Rolls,8 rolls,16.99,14.49,14.49
2026-02-17T11:20:42Z,paper towels,70100424,Puyallup,WA,98375,FRED,00424,0004200044658,0004200044658,00004200044658,004200044658,Brawny,Brawny® Full Sheet 3-Ply Paper Towel Double Rolls,6 rolls,13.29,11.99,11.99
2026-02-17T11:20:42Z,paper towels,70100424,Puyallup,WA,98375,FRED,00424,0004200044579,0004200044579,00004200044579,004200044579,Brawny,Brawny® Tear-A-Square® 3-Ply Paper Towel Double Rolls,4 rolls,10.29,7.49,7.49
2026-02-17T11:20:42Z,paper towels,70100424,Puyallup,WA,98375,FRED,00424,0001111016086,0001111016086,00001111016086,001111016086,Kroger,Kroger® Rugged + Reliable Paper Towels Double Rolls,4 rolls,7.29,,7.29
2026-02-17T11:20:42Z,paper towels,70100424,Puyallup,WA,98375,FRED,00424,0001111016087,0001111016087,00001111016087,001111016087,Kroger,Kroger® Rugged + Reliable Paper Towels Giant Rolls,10 rolls,13.79,,13.79
2026-02-17T11:20:42Z,paper towels,70100424,Puyallup,WA,98375,FRED,00424,0001111014184,0001111014184,00001111014184,001111014184,Kroger,Kroger® Ultra Paper Towels With Absorbing Power Triple Rolls,2 rolls,6.29,,6.29
2026-02-17T11:20:42Z,paper towels,70100424,Puyallup,WA,98375,FRED,00424,0001111014185,0001111014185,00001111014185,001111014185,Kroger,Kroger® Ultra Paper Towels With Absorbing Power Double Rolls,4 rolls,8.49,,8.49
2026-02-17T11:20:42Z,paper towels,70100424,Puyallup,WA,98375,FRED,00424,0001111016088,0001111016088,00001111016088,001111016088,Kroger,Kroger® Rugged + Reliable Paper Towels Double Plus Rolls BIG DEAL!,12 ct,19.99,,19.99
2026-02-17T11:20:42Z,paper towels,70100424,Puyallup,WA,98375,FRED,00424,0001111014186,0001111014186,00001111014186,001111014186,Kroger,Kroger® Ultra Paper Towels With Absorbing Power Double Rolls,6 rolls,11.29,,11.29
2026-02-17T11:20:42Z,paper towels,70100424,Puyallup,WA,98375,FRED,00424,0003077216014,0003077216014,00003077216014,003077216014,Bounty,"Bounty Paper Towels Select-A-Size White, 8 Triple Rolls, 123 Sheets Per Roll",8 rolls,26.99,23.99,23.99
2026-02-17T11:20:42Z,paper towels,70100424,Puyallup,WA,98375,FRED,00424,0001111014187,0001111014187,00001111014187,001111014187,Kroger,Kroger® Ultra Absorbing Power Paper Towels Triple Rolls,8 ct,19.29,,19.29
2026-02-17T11:20:42Z,paper towels,70100424,Puyallup,WA,98375,FRED,00424,0071981207833,0071981207833,00071981207833,071981207833,Softworks,Softworks Simply Tear Paper Towel Holder,1 ct,29.99,,29.99
2026-02-17T11:20:42Z,paper towels,70100424,Puyallup,WA,98375,FRED,00424,0003077215664,0003077215664,00003077215664,003077215664,Bounty,Bounty Paper Towels Select-A-Size White 12 Double Plus Rolls,12 rolls,30.99,29.99,29.99
2026-02-17T11:20:42Z,paper towels,70100424,Puyallup,WA,98375,FRED,00424,0003040022241,0003040022241,00003040022241,003040022241,Sparkle,Sparkle® Pick-A-Size® Paper Towel Double Rolls,8 rolls,11.99,,11.99
2026-02-17T11:20:42Z,paper towels,70100424,Puyallup,WA,98375,FRED,00424,0003077216071,0003077216071,00003077216071,003077216071,Bounty,Bounty Paper Towels Select-A-Size White 6 Mega Rolls,6 rolls,26.99,23.99,23.99
2026-02-17T11:20:42Z,paper towels,70100424,Puyallup,WA,98375,FRED,00424,0001111010621,0001111010621,00001111010621,001111010621,Kroger,Kroger® Glimmer Select-A-Sheet Paper Towels Double Rolls,2 rolls,2.99,,2.99
2026-02-17T11:20:42Z,paper towels,70100424,Puyallup,WA,98375,FRED,00424,0088877707647,0088877707647,00088877707647,088877707647,SDS for HD Designs,SDS for HD Designs Acacia & Brass Paper Towel Holder,14 in,16.99,11.89,11.89
2026-02-17T11:20:42Z,paper towels,70100424,Puyallup,WA,98375,FRED,00424,0001111013577,0001111013577,00001111013577,001111013577,Kroger,Kroger® Rugged + Reliable Paper Towels Double Rolls,4 rolls,7.29,,7.29
2026-02-17T11:20:42Z,paper towels,70100424,Puyallup,WA,98375,FRED,00424,0001111012026,0001111012026,00001111012026,001111012026,Kroger,Kroger® Rugged + Reliable Paper Towels Double Plus Rolls BIG DEAL!,12 rolls,19.99,,19.99
2026-02-17T11:20:42Z,paper towels,70100424,Puyallup,WA,98375,FRED,00424,0073291313722,0073291313722,00073291313722,073291313722,Seventh Generation,Seventh Generation 100% Recycled Paper Jumbo Paper Towels,1 roll / 156 ct,4.79,,4.79
2026-02-17T11:20:42Z,paper towels,70100424,Puyallup,WA,98375,FRED,00424,0003077215703,0003077215703,00003077215703,003077215703,Bounty,Bounty Paper Towels Select-A-Size White 6 Double Rolls,6 rolls,14.99,,14.99
2026-02-17T11:20:42Z,paper towels,70100424,Puyallup,WA,98375,FRED,00424,0071981261343,0071981261343,00071981261343,071981261343,Softworks,Softworks Steady Paper Towel Holder,1 ct,25.99,,25.99
2026-02-17T11:20:42Z,paper towels,70100424,Puyallup,WA,98375,FRED,00424,0004200044600,0004200044600,00004200044600,004200044600,Brawny,Brawny® Tear-A-Square® 3-Ply Paper Towel Double Rolls,8 rolls,16.79,16.29,16.29
2026-02-17T11:20:42Z,paper towels,70100031,Renton,WA,98055,FRED,00031,0003600049413,0003600049413,00003600049413,003600049413,Viva,Viva® Multi-Surface Cloth™ Paper Towels Single Rolls,6 rolls,12.49,10.99,10.99
2026-02-17T11:20:42Z,paper towels,70100031,Renton,WA,98055,FRED,00031,0003077215712,0003077215712,00003077215712,003077215712,Bounty,Bounty Paper Towels Select-A-Size White 4 Double Rolls,4 rolls,11.29,,11.29
2026-02-17T11:20:42Z,paper towels,70100031,Renton,WA,98055,FRED,00031,0003040022272,0003040022272,00003040022272,003040022272,Sparkle,Sparkle® Tear-A-Square® Customizable Sheet Size Paper Towels Double Rolls,2 rolls,3.79,,3.79
2026-02-17T11:20:42Z,paper towels,70100031,Renton,WA,98055,FRED,00031,0005400075130,0005400075130,00005400075130,005400075130,Scott,Scott® Original Multipurpose Shop Towels - Blue,55ct,3.99,,3.99
2026-02-17T11:20:42Z,paper towels,70100031,Renton,WA,98055,FRED,00031,0003077216021,0003077216021,00003077216021,003077216021,Bounty,Bounty Paper Towels Full Sheet White 6 Double Rolls,6 rolls,14.99,,14.99
2026-02-17T11:20:42Z,paper towels,70100031,Renton,WA,98055,FRED,00031,0003077216042,0003077216042,00003077216042,003077216042,Bounty,Bounty Paper Towels Select-A-Size White 2 Triple Rolls,2 rolls,7.99,,7.99
2026-02-17T11:20:42Z,paper towels,70100031,Renton,WA,98055,FRED,00031,0003077216020,0003077216020,00003077216020,003077216020,Bounty,Bounty Paper Towels Select-A-Size White 6 Triple Rolls,6 rolls,21.99,19.99,19.99
2026-02-17T11:20:42Z,paper towels,70100031,Renton,WA,98055,FRED,00031,0003040022276,0003040022276,00003040022276,003040022276,Sparkle,Sparkle® Tear-A-Square® Paper Towel Double Rolls,6 rolls,9.29,7.49,7.49
2026-02-17T11:20:42Z,paper towels,70100031,Renton,WA,98055,FRED,00031,0003077219274,0003077219274,00003077219274,003077219274,Bounty,Bounty Paper Towels Select-A-Size White 8 Double Plus Rolls,8 rolls,21.49,,21.49
2026-02-17T11:20:42Z,paper towels,70100031,Renton,WA,98055,FRED,00031,0076427177011,0076427177011,00076427177011,076427177011,Oggi,OGGI Wallmount Paper Towel Holder,1 ct,11.99,,11.99
2026-02-17T11:20:42Z,paper towels,70100031,Renton,WA,98055,FRED,00031,0076427107702,0076427107702,00076427107702,076427107702,OGGI,OGGI Stainless Steel Paper Towel Holder,1 ct,17.99,,17.99
2026-02-17T11:20:42Z,paper towels,70100031,Renton,WA,98055,FRED,00031,0003040022238,0003040022238,00003040022238,003040022238,Sparkle,Sparkle® Pick-A-Size® Paper Towels Double Rolls,6 rolls,9.29,7.49,7.49
2026-02-17T11:20:42Z,paper towels,70100031,Renton,WA,98055,FRED,00031,0073291313737,0073291313737,00073291313737,073291313737,Seventh Generation,Seventh Generation Unbleached Chlorine Free Paper Towel Rolls,6 rolls,21.99,,21.99
2026-02-17T11:20:42Z,paper towels,70100031,Renton,WA,98055,FRED,00031,0001111011984,0001111011984,00001111011984,001111011984,Kroger,Kroger® Rugged and Reliable Paper Towels Giant Rolls,10 rolls,13.49,,13.49
2026-02-17T11:20:42Z,paper towels,70100031,Renton,WA,98055,FRED,00031,0019655708688,0019655708688,00019655708688,019655708688,Core,Core Kitchen Paper Towel Holder,1 ct,8.99,,8.99
2026-02-17T11:20:42Z,paper towels,70100031,Renton,WA,98055,FRED,00031,0003600038587,0003600038587,00003600038587,003600038587,Kleenex,"Kleenex® Disposable Paper Hand Towels, 1 Box, 60 Towels per Box",60 count,4.29,,4.29
2026-02-17T11:20:42Z,paper towels,70100031,Renton,WA,98055,FRED,00031,0003600056532,0003600056532,00003600056532,003600056532,Viva,Viva® Signature Cloth™ Paper Towels Double Rolls,6 rolls,14.29,,14.29
2026-02-17T11:20:42Z,paper towels,70100031,Renton,WA,98055,FRED,00031,0004200044576,0004200044576,00004200044576,004200044576,Brawny,Brawny® Tear-A-Square® 3-Ply Paper Towel Triple Rolls,2 rolls,7.49,,7.49
2026-02-17T11:20:42Z,paper towels,70100031,Renton,WA,98055,FRED,00031,0003600056535,0003600056535,00003600056535,003600056535,Viva,Viva Signature Cloth Paper Towels Double Rolls,12 rolls,23.49,,23.49
2026-02-17T11:20:42Z,paper towels,70100031,Renton,WA,98055,FRED,00031,0003600052499,0003600052499,00003600052499,003600052499,Viva,Viva Multi-Surface Cloth Paper Towels Double Rolls,8 rolls,16.99,14.49,14.49
2026-02-17T11:20:42Z,paper towels,70100031,Renton,WA,98055,FRED,00031,0004200044658,0004200044658,00004200044658,004200044658,Brawny,Brawny® Full Sheet 3-Ply Paper Towel Double Rolls,6 rolls,13.29,11.99,11.99
2026-02-17T11:20:42Z,paper towels,70100031,Renton,WA,98055,FRED,00031,0004200044579,0004200044579,00004200044579,004200044579,Brawny,Brawny® Tear-A-Square® 3-Ply Paper Towel Double Rolls,4 rolls,10.29,7.49,7.49
2026-02-17T11:20:42Z,paper towels,70100031,Renton,WA,98055,FRED,00031,0001111016086,0001111016086,00001111016086,001111016086,Kroger,Kroger® Rugged + Reliable Paper Towels Double Rolls,4 rolls,7.29,,7.29
2026-02-17T11:20:42Z,paper towels,70100031,Renton,WA,98055,FRED,00031,0001111014184,0001111014184,00001111014184,001111014184,Kroger,Kroger® Ultra Paper Towels With Absorbing Power Triple Rolls,2 rolls,6.29,,6.29
2026-02-17T11:20:42Z,paper towels,70100031,Renton,WA,98055,FRED,00031,0001111016087,0001111016087,00001111016087,001111016087,Kroger,Kroger® Rugged + Reliable Paper Towels Giant Rolls,10 rolls,13.79,,13.79
2026-02-17T11:20:42Z,paper towels,70100031,Renton,WA,98055,FRED,00031,0001111014185,0001111014185,00001111014185,001111014185,Kroger,Kroger® Ultra Paper Towels With Absorbing Power Double Rolls,4 rolls,8.49,,8.49
2026-02-17T11:20:42Z,paper towels,70100031,Renton,WA,98055,FRED,00031,0001111016088,0001111016088,00001111016088,001111016088,Kroger,Kroger® Rugged + Reliable Paper Towels Double Plus Rolls BIG DEAL!,12 ct,19.99,,19.99
2026-02-17T11:20:42Z,paper towels,70100031,Renton,WA,98055,FRED,00031,0001111014186,0001111014186,00001111014186,001111014186,Kroger,Kroger® Ultra Paper Towels With Absorbing Power Double Rolls,6 rolls,11.29,,11.29
2026-02-17T11:20:42Z,paper towels,70100031,Renton,WA,98055,FRED,00031,0003077216014,0003077216014,00003077216014,003077216014,Bounty,"Bounty Paper Towels Select-A-Size White, 8 Triple Rolls, 123 Sheets Per Roll",8 rolls,26.99,23.99,23.99
2026-02-17T11:20:42Z,paper towels,70100031,Renton,WA,98055,FRED,00031,0001111014187,0001111014187,00001111014187,001111014187,Kroger,Kroger® Ultra Absorbing Power Paper Towels Triple Rolls,8 ct,19.29,,19.29
2026-02-17T11:20:42Z,paper towels,70100031,Renton,WA,98055,FRED,00031,0003077215664,0003077215664,00003077215664,003077215664,Bounty,Bounty Paper Towels Select-A-Size White 12 Double Plus Rolls,12 rolls,30.99,29.99,29.99
2026-02-17T11:20:42Z,paper towels,70100031,Renton,WA,98055,FRED,00031,0071981207833,0071981207833,00071981207833,071981207833,Softworks,Softworks Simply Tear Paper Towel Holder,1 ct,29.99,,29.99
2026-02-17T11:20:42Z,paper towels,70100031,Renton,WA,98055,FRED,00031,0003040022241,0003040022241,00003040022241,003040022241,Sparkle,Sparkle® Pick-A-Size® Paper Towel Double Rolls,8 rolls,11.99,,11.99
2026-02-17T11:20:42Z,paper towels,70100031,Renton,WA,98055,FRED,00031,0003077216071,0003077216071,00003077216071,003077216071,Bounty,Bounty Paper Towels Select-A-Size White 6 Mega Rolls,6 rolls,26.99,23.99,23.99
2026-02-17T11:20:42Z,paper towels,70100031,Renton,WA,98055,FRED,00031,0001111010621,0001111010621,00001111010621,001111010621,Kroger,Kroger® Glimmer Select-A-Sheet Paper Towels Double Rolls,2 rolls,2.99,,2.99
2026-02-17T11:20:42Z,paper towels,70100031,Renton,WA,98055,FRED,00031,0003600055195,0003600055195,00003600055195,003600055195,Scott,Scott® On-The-Go™ Pop-Up!® Cloths,70 ct,5.99,,5.99
2026-02-17T11:20:42Z,paper towels,70100031,Renton,WA,98055,FRED,00031,0088877707647,0088877707647,00088877707647,088877707647,SDS for HD Designs,SDS for HD Designs Acacia & Brass Paper Towel Holder,14 in,16.99,11.89,11.89
2026-02-17T11:20:42Z,paper towels,70100031,Renton,WA,98055,FRED,00031,0001111012026,0001111012026,00001111012026,001111012026,Kroger,Kroger® Rugged + Reliable Paper Towels Double Plus Rolls BIG DEAL!,12 rolls,19.99,,19.99
2026-02-17T11:20:42Z,paper towels,70100031,Renton,WA,98055,FRED,00031,0001111013577,0001111013577,00001111013577,001111013577,Kroger,Kroger® Rugged + Reliable Paper Towels Double Rolls,4 rolls,7.29,,7.29
2026-02-17T11:20:42Z,paper towels,70100031,Renton,WA,98055,FRED,00031,0073291313722,0073291313722,00073291313722,073291313722,Seventh Generation,Seventh Generation 100% Recycled Paper Jumbo Paper Towels,1 roll / 156 ct,4.79,,4.79
2026-02-17T11:20:42Z,paper towels,70100031,Renton,WA,98055,FRED,00031,0004200044588,0004200044588,00004200044588,004200044588,Brawny,Brawny® Tear-A-Square® 3-Ply Paper Towel Double Rolls,6 rolls,13.29,11.99,11.99
2026-02-17T11:20:42Z,paper towels,70100031,Renton,WA,98055,FRED,00031,0003077215703,0003077215703,00003077215703,003077215703,Bounty,Bounty Paper Towels Select-A-Size White 6 Double Rolls,6 rolls,14.99,,14.99
2026-02-17T11:20:42Z,paper towels,70100031,Renton,WA,98055,FRED,00031,0071981261343,0071981261343,00071981261343,071981261343,Softworks,Softworks Steady Paper Towel Holder,1 ct,25.99,,25.99
2026-02-17T11:20:42Z,paper towels,70100031,Renton,WA,98055,FRED,00031,0004200044600,0004200044600,00004200044600,004200044600,Brawny,Brawny® Tear-A-Square® 3-Ply Paper Towel Double Rolls,8 rolls,16.79,16.29,16.29
2026-02-17T11:20:42Z,paper towels,70100459,Renton,WA,98057,FRED,00459,0003600049413,0003600049413,00003600049413,003600049413,Viva,Viva® Multi-Surface Cloth™ Paper Towels Single Rolls,6 rolls,12.49,10.99,10.99
2026-02-17T11:20:42Z,paper towels,70100459,Renton,WA,98057,FRED,00459,0003077215712,0003077215712,00003077215712,003077215712,Bounty,Bounty Paper Towels Select-A-Size White 4 Double Rolls,4 rolls,11.29,,11.29
2026-02-17T11:20:42Z,paper towels,70100459,Renton,WA,98057,FRED,00459,0005400075130,0005400075130,00005400075130,005400075130,Scott,Scott® Original Multipurpose Shop Towels - Blue,55ct,3.99,,3.99
2026-02-17T11:20:42Z,paper towels,70100459,Renton,WA,98057,FRED,00459,0003040022272,0003040022272,00003040022272,003040022272,Sparkle,Sparkle® Tear-A-Square® Customizable Sheet Size Paper Towels Double Rolls,2 rolls,3.79,,3.79
2026-02-17T11:20:42Z,paper towels,70100459,Renton,WA,98057,FRED,00459,0003077216021,0003077216021,00003077216021,003077216021,Bounty,Bounty Paper Towels Full Sheet White 6 Double Rolls,6 rolls,14.99,,14.99
2026-02-17T11:20:42Z,paper towels,70100459,Renton,WA,98057,FRED,00459,0003077216042,0003077216042,00003077216042,003077216042,Bounty,Bounty Paper Towels Select-A-Size White 2 Triple Rolls,2 rolls,7.99,,7.99
2026-02-17T11:20:42Z,paper towels,70100459,Renton,WA,98057,FRED,00459,0003077216020,0003077216020,00003077216020,003077216020,Bounty,Bounty Paper Towels Select-A-Size White 6 Triple Rolls,6 rolls,21.99,19.99,19.99
2026-02-17T11:20:42Z,paper towels,70100459,Renton,WA,98057,FRED,00459,0003040022276,0003040022276,00003040022276,003040022276,Sparkle,Sparkle® Tear-A-Square® Paper Towel Double Rolls,6 rolls,9.29,7.49,7.49
2026-02-17T11:20:42Z,paper towels,70100459,Renton,WA,98057,FRED,00459,0003077219274,0003077219274,00003077219274,003077219274,Bounty,Bounty Paper Towels Select-A-Size White 8 Double Plus Rolls,8 rolls,21.49,,21.49
2026-02-17T11:20:42Z,paper towels,70100459,Renton,WA,98057,FRED,00459,0076427107702,0076427107702,00076427107702,076427107702,OGGI,OGGI Stainless Steel Paper Towel Holder,1 ct,17.99,,17.99
2026-02-17T11:20:42Z,paper towels,70100459,Renton,WA,98057,FRED,00459,0076427177011,0076427177011,00076427177011,076427177011,Oggi,OGGI Wallmount Paper Towel Holder,1 ct,11.99,,11.99
2026-02-17T11:20:42Z,paper towels,70100459,Renton,WA,98057,FRED,00459,0003040022238,0003040022238,00003040022238,003040022238,Sparkle,Sparkle® Pick-A-Size® Paper Towels Double Rolls,6 rolls,9.29,7.49,7.49
2026-02-17T11:20:42Z,paper towels,70100459,Renton,WA,98057,FRED,00459,0073291313737,0073291313737,00073291313737,073291313737,Seventh Generation,Seventh Generation Unbleached Chlorine Free Paper Towel Rolls,6 rolls,21.99,,21.99
2026-02-17T11:20:42Z,paper towels,70100459,Renton,WA,98057,FRED,00459,0001111011984,0001111011984,00001111011984,001111011984,Kroger,Kroger® Rugged and Reliable Paper Towels Giant Rolls,10 rolls,13.49,,13.49
2026-02-17T11:20:42Z,paper towels,70100459,Renton,WA,98057,FRED,00459,0019655708688,0019655708688,00019655708688,019655708688,Core,Core Kitchen Paper Towel Holder,1 ct,8.99,,8.99
2026-02-17T11:20:42Z,paper towels,70100459,Renton,WA,98057,FRED,00459,0003600056532,0003600056532,00003600056532,003600056532,Viva,Viva® Signature Cloth™ Paper Towels Double Rolls,6 rolls,14.29,,14.29
2026-02-17T11:20:42Z,paper towels,70100459,Renton,WA,98057,FRED,00459,0003600038587,0003600038587,00003600038587,003600038587,Kleenex,"Kleenex® Disposable Paper Hand Towels, 1 Box, 60 Towels per Box",60 count,4.29,,4.29
2026-02-17T11:20:42Z,paper towels,70100459,Renton,WA,98057,FRED,00459,0004200044576,0004200044576,00004200044576,004200044576,Brawny,Brawny® Tear-A-Square® 3-Ply Paper Towel Triple Rolls,2 rolls,7.49,,7.49
2026-02-17T11:20:42Z,paper towels,70100459,Renton,WA,98057,FRED,00459,0003600056535,0003600056535,00003600056535,003600056535,Viva,Viva Signature Cloth Paper Towels Double Rolls,12 rolls,23.49,,23.49
2026-02-17T11:20:42Z,paper towels,70100459,Renton,WA,98057,FRED,00459,0003600052499,0003600052499,00003600052499,003600052499,Viva,Viva Multi-Surface Cloth Paper Towels Double Rolls,8 rolls,16.99,14.49,14.49
2026-02-17T11:20:42Z,paper towels,70100459,Renton,WA,98057,FRED,00459,0004200044658,0004200044658,00004200044658,004200044658,Brawny,Brawny® Full Sheet 3-Ply Paper Towel Double Rolls,6 rolls,13.29,11.99,11.99
2026-02-17T11:20:42Z,paper towels,70100459,Renton,WA,98057,FRED,00459,0004200044579,0004200044579,00004200044579,004200044579,Brawny,Brawny® Tear-A-Square® 3-Ply Paper Towel Double Rolls,4 rolls,10.29,7.49,7.49
2026-02-17T11:20:42Z,paper towels,70100459,Renton,WA,98057,FRED,00459,0001111016086,0001111016086,00001111016086,001111016086,Kroger,Kroger® Rugged + Reliable Paper Towels Double Rolls,4 rolls,7.29,,7.29
2026-02-17T11:20:42Z,paper towels,70100459,Renton,WA,98057,FRED,00459,0001111016087,0001111016087,00001111016087,001111016087,Kroger,Kroger® Rugged + Reliable Paper Towels Giant Rolls,10 rolls,13.79,,13.79
2026-02-17T11:20:42Z,paper towels,70100459,Renton,WA,98057,FRED,00459,0001111014184,0001111014184,00001111014184,001111014184,Kroger,Kroger® Ultra Paper Towels With Absorbing Power Triple Rolls,2 rolls,6.29,,6.29
2026-02-17T11:20:42Z,paper towels,70100459,Renton,WA,98057,FRED,00459,0001111014185,0001111014185,00001111014185,001111014185,Kroger,Kroger® Ultra Paper Towels With Absorbing Power Double Rolls,4 rolls,8.49,,8.49
2026-02-17T11:20:42Z,paper towels,70100459,Renton,WA,98057,FRED,00459,0001111016088,0001111016088,00001111016088,001111016088,Kroger,Kroger® Rugged + Reliable Paper Towels Double Plus Rolls BIG DEAL!,12 ct,19.99,,19.99
2026-02-17T11:20:42Z,paper towels,70100459,Renton,WA,98057,FRED,00459,0003077216014,0003077216014,00003077216014,003077216014,Bounty,"Bounty Paper Towels Select-A-Size White, 8 Triple Rolls, 123 Sheets Per Roll",8 rolls,26.99,23.99,23.99
2026-02-17T11:20:42Z,paper towels,70100459,Renton,WA,98057,FRED,00459,0001111014186,0001111014186,00001111014186,001111014186,Kroger,Kroger® Ultra Paper Towels With Absorbing Power Double Rolls,6 rolls,11.29,,11.29
2026-02-17T11:20:42Z,paper towels,70100459,Renton,WA,98057,FRED,00459,0001111014187,0001111014187,00001111014187,001111014187,Kroger,Kroger® Ultra Absorbing Power Paper Towels Triple Rolls,8 ct,19.29,,19.29
2026-02-17T11:20:42Z,paper towels,70100459,Renton,WA,98057,FRED,00459,0071981207833,0071981207833,00071981207833,071981207833,Softworks,Softworks Simply Tear Paper Towel Holder,1 ct,29.99,,29.99
2026-02-17T11:20:42Z,paper towels,70100459,Renton,WA,98057,FRED,00459,0003077215664,0003077215664,00003077215664,003077215664,Bounty,Bounty Paper Towels Select-A-Size White 12 Double Plus Rolls,12 rolls,30.99,29.99,29.99
2026-02-17T11:20:42Z,paper towels,70100459,Renton,WA,98057,FRED,00459,0003040022241,0003040022241,00003040022241,003040022241,Sparkle,Sparkle® Pick-A-Size® Paper Towel Double Rolls,8 rolls,11.99,,11.99
2026-02-17T11:20:42Z,paper towels,70100459,Renton,WA,98057,FRED,00459,0003077216071,0003077216071,00003077216071,003077216071,Bounty,Bounty Paper Towels Select-A-Size White 6 Mega Rolls,6 rolls,26.99,23.99,23.99
2026-02-17T11:20:42Z,paper towels,70100459,Renton,WA,98057,FRED,00459,0001111010621,0001111010621,00001111010621,001111010621,Kroger,Kroger® Glimmer Select-A-Sheet Paper Towels Double Rolls,2 rolls,2.99,,2.99
2026-02-17T11:20:42Z,paper towels,70100459,Renton,WA,98057,FRED,00459,0003600055195,0003600055195,00003600055195,003600055195,Scott,Scott® On-The-Go™ Pop-Up!® Cloths,70 ct,5.99,,5.99
2026-02-17T11:20:42Z,paper towels,70100459,Renton,WA,98057,FRED,00459,0088877707647,0088877707647,00088877707647,088877707647,SDS for HD Designs,SDS for HD Designs Acacia & Brass Paper Towel Holder,14 in,16.99,11.89,11.89
2026-02-17T11:20:42Z,paper towels,70100459,Renton,WA,98057,FRED,00459,0001111012026,0001111012026,00001111012026,001111012026,Kroger,Kroger® Rugged + Reliable Paper Towels Double Plus Rolls BIG DEAL!,12 rolls,19.99,,19.99
2026-02-17T11:20:42Z,paper towels,70100459,Renton,WA,98057,FRED,00459,0001111013577,0001111013577,00001111013577,001111013577,Kroger,Kroger® Rugged + Reliable Paper Towels Double Rolls,4 rolls,7.29,,7.29
2026-02-17T11:20:42Z,paper towels,70100459,Renton,WA,98057,FRED,00459,0073291313722,0073291313722,00073291313722,073291313722,Seventh Generation,Seventh Generation 100% Recycled Paper Jumbo Paper Towels,1 roll / 156 ct,4.79,,4.79
2026-02-17T11:20:42Z,paper towels,70100459,Renton,WA,98057,FRED,00459,0004200044588,0004200044588,00004200044588,004200044588,Brawny,Brawny® Tear-A-Square® 3-Ply Paper Towel Double Rolls,6 rolls,13.29,11.99,11.99
2026-02-17T11:20:42Z,paper towels,70100459,Renton,WA,98057,FRED,00459,0003077215703,0003077215703,00003077215703,003077215703,Bounty,Bounty Paper Towels Select-A-Size White 6 Double Rolls,6 rolls,14.99,,14.99
2026-02-17T11:20:42Z,paper towels,70100459,Renton,WA,98057,FRED,00459,0071981261343,0071981261343,00071981261343,071981261343,Softworks,Softworks Steady Paper Towel Holder,1 ct,25.99,,25.99
2026-02-17T11:20:42Z,paper towels,70100459,Renton,WA,98057,FRED,00459,0004200044600,0004200044600,00004200044600,004200044600,Brawny,Brawny® Tear-A-Square® 3-Ply Paper Towel Double Rolls,8 rolls,16.79,16.29,16.29
2026-02-17T11:20:42Z,paper towels,70100286,Richland,WA,99352,FRED,00286,0003077215712,0003077215712,00003077215712,003077215712,Bounty,Bounty Paper Towels Select-A-Size White 4 Double Rolls,4 rolls,10.99,,10.99
2026-02-17T11:20:42Z,paper towels,70100286,Richland,WA,99352,FRED,00286,0003077216009,0003077216009,00003077216009,003077216009,Bounty,Bounty Paper Towels Select-A-Size White 4 Triple Rolls,4 rolls,14.99,,14.99
2026-02-17T11:20:42Z,paper towels,70100286,Richland,WA,99352,FRED,00286,0003600049413,0003600049413,00003600049413,003600049413,Viva,Viva® Multi-Surface Cloth™ Paper Towels Single Rolls,6 rolls,12.29,10.79,10.79
2026-02-17T11:20:42Z,paper towels,70100286,Richland,WA,99352,FRED,00286,0003040022272,0003040022272,00003040022272,003040022272,Sparkle,Sparkle® Tear-A-Square® Customizable Sheet Size Paper Towels Double Rolls,2 rolls,3.69,,3.69
2026-02-17T11:20:42Z,paper towels,70100286,Richland,WA,99352,FRED,00286,0005400075130,0005400075130,00005400075130,005400075130,Scott,Scott® Original Multipurpose Shop Towels - Blue,55ct,3.99,,3.99
2026-02-17T11:20:42Z,paper towels,70100286,Richland,WA,99352,FRED,00286,0003077216021,0003077216021,00003077216021,003077216021,Bounty,Bounty Paper Towels Full Sheet White 6 Double Rolls,6 rolls,14.99,,14.99
2026-02-17T11:20:42Z,paper towels,70100286,Richland,WA,99352,FRED,00286,0003077216042,0003077216042,00003077216042,003077216042,Bounty,Bounty Paper Towels Select-A-Size White 2 Triple Rolls,2 rolls,7.99,,7.99
2026-02-17T11:20:42Z,paper towels,70100286,Richland,WA,99352,FRED,00286,0003077216020,0003077216020,00003077216020,003077216020,Bounty,Bounty Paper Towels Select-A-Size White 6 Triple Rolls,6 rolls,21.49,19.49,19.49
2026-02-17T11:20:42Z,paper towels,70100286,Richland,WA,99352,FRED,00286,0003040022276,0003040022276,00003040022276,003040022276,Sparkle,Sparkle® Tear-A-Square® Paper Towel Double Rolls,6 rolls,8.99,7.49,7.49
2026-02-17T11:20:42Z,paper towels,70100286,Richland,WA,99352,FRED,00286,0003077219274,0003077219274,00003077219274,003077219274,Bounty,Bounty Paper Towels Select-A-Size White 8 Double Plus Rolls,8 rolls,20.99,,20.99
2026-02-17T11:20:42Z,paper towels,70100286,Richland,WA,99352,FRED,00286,0006366836203,0006366836203,00006366836203,006366836203,Green Forest,Green Forest 100% Recycled Size-Your-Own Paper Towels,3 pk,,,
2026-02-17T11:20:42Z,paper towels,70100286,Richland,WA,99352,FRED,00286,0076427107702,0076427107702,00076427107702,076427107702,OGGI,OGGI Stainless Steel Paper Towel Holder,1 ct,17.99,,17.99
2026-02-17T11:20:42Z,paper towels,70100286,Richland,WA,99352,FRED,00286,0076427177011,0076427177011,00076427177011,076427177011,Oggi,OGGI Wallmount Paper Towel Holder,1 ct,11.99,,11.99
2026-02-17T11:20:42Z,paper towels,70100286,Richland,WA,99352,FRED,00286,0086001113901,0086001113901,00086001113901,086001113901,Reel,Reel® Premium Bamboo Paper Towels,6 ct,19.29,,19.29
2026-02-17T11:20:42Z,paper towels,70100286,Richland,WA,99352,FRED,00286,0086001113900,0086001113900,00086001113900,086001113900,Reel,Reel® Premium Bamboo Paper Towel Triple Rolls,2 rolls,7.99,,7.99
2026-02-17T11:20:42Z,paper towels,70100286,Richland,WA,99352,FRED,00286,0073291313737,0073291313737,00073291313737,073291313737,Seventh Generation,Seventh Generation Unbleached Chlorine Free Paper Towel Rolls,6 rolls,21.99,,21.99
2026-02-17T11:20:42Z,paper towels,70100286,Richland,WA,99352,FRED,00286,0001111011984,0001111011984,00001111011984,001111011984,Kroger,Kroger® Rugged and Reliable Paper Towels Giant Rolls,10 rolls,13.49,,13.49
2026-02-17T11:20:42Z,paper towels,70100286,Richland,WA,99352,FRED,00286,0019655708688,0019655708688,00019655708688,019655708688,Core,Core Kitchen Paper Towel Holder,1 ct,8.99,,8.99
2026-02-17T11:20:42Z,paper towels,70100286,Richland,WA,99352,FRED,00286,0003600038587,0003600038587,00003600038587,003600038587,Kleenex,"Kleenex® Disposable Paper Hand Towels, 1 Box, 60 Towels per Box",60 count,4.19,,4.19
2026-02-17T11:20:42Z,paper towels,70100286,Richland,WA,99352,FRED,00286,0003600056532,0003600056532,00003600056532,003600056532,Viva,Viva® Signature Cloth™ Paper Towels Double Rolls,6 rolls,14.29,,14.29
2026-02-17T11:20:42Z,paper towels,70100286,Richland,WA,99352,FRED,00286,0003077206135,0003077206135,00003077206135,003077206135,Bounty,Bounty Select-A-Size Paper Towels Prints Double Rolls,6 rolls,,,
2026-02-17T11:20:42Z,paper towels,70100286,Richland,WA,99352,FRED,00286,0004200044576,0004200044576,00004200044576,004200044576,Brawny,Brawny® Tear-A-Square® 3-Ply Paper Towel Triple Rolls,2 rolls,7.49,,7.49
2026-02-17T11:20:42Z,paper towels,70100286,Richland,WA,99352,FRED,00286,0003600056535,0003600056535,00003600056535,003600056535,Viva,Viva Signature Cloth Paper Towels Double Rolls,12 rolls,23.49,,23.49
2026-02-17T11:20:42Z,paper towels,70100286,Richland,WA,99352,FRED,00286,0003600052499,0003600052499,00003600052499,003600052499,Viva,Viva Multi-Surface Cloth Paper Towels Double Rolls,8 rolls,16.79,14.49,14.49
2026-02-17T11:20:42Z,paper towels,70100286,Richland,WA,99352,FRED,00286,0004200044658,0004200044658,00004200044658,004200044658,Brawny,Brawny® Full Sheet 3-Ply Paper Towel Double Rolls,6 rolls,12.99,11.99,11.99
2026-02-17T11:20:42Z,paper towels,70100286,Richland,WA,99352,FRED,00286,0004200044579,0004200044579,00004200044579,004200044579,Brawny,Brawny® Tear-A-Square® 3-Ply Paper Towel Double Rolls,4 rolls,9.99,7.49,7.49
2026-02-17T11:20:42Z,paper towels,70100286,Richland,WA,99352,FRED,00286,0001111016086,0001111016086,00001111016086,001111016086,Kroger,Kroger® Rugged + Reliable Paper Towels Double Rolls,4 rolls,7.29,,7.29
2026-02-17T11:20:42Z,paper towels,70100286,Richland,WA,99352,FRED,00286,0001111014184,0001111014184,00001111014184,001111014184,Kroger,Kroger® Ultra Paper Towels With Absorbing Power Triple Rolls,2 rolls,6.29,,6.29
2026-02-17T11:20:42Z,paper towels,70100286,Richland,WA,99352,FRED,00286,0001111016087,0001111016087,00001111016087,001111016087,Kroger,Kroger® Rugged + Reliable Paper Towels Giant Rolls,10 rolls,13.49,,13.49
2026-02-17T11:20:42Z,paper towels,70100286,Richland,WA,99352,FRED,00286,0001111014185,0001111014185,00001111014185,001111014185,Kroger,Kroger® Ultra Paper Towels With Absorbing Power Double Rolls,4 rolls,8.29,,8.29
2026-02-17T11:20:42Z,paper towels,70100286,Richland,WA,99352,FRED,00286,0001111016088,0001111016088,00001111016088,001111016088,Kroger,Kroger® Rugged + Reliable Paper Towels Double Plus Rolls BIG DEAL!,12 ct,19.99,,19.99
2026-02-17T11:20:42Z,paper towels,70100286,Richland,WA,99352,FRED,00286,0001111014186,0001111014186,00001111014186,001111014186,Kroger,Kroger® Ultra Paper Towels With Absorbing Power Double Rolls,6 rolls,10.99,,10.99
2026-02-17T11:20:42Z,paper towels,70100286,Richland,WA,99352,FRED,00286,0003077216014,0003077216014,00003077216014,003077216014,Bounty,"Bounty Paper Towels Select-A-Size White, 8 Triple Rolls, 123 Sheets Per Roll",8 rolls,26.99,23.99,23.99
2026-02-17T11:20:42Z,paper towels,70100286,Richland,WA,99352,FRED,00286,0001111014187,0001111014187,00001111014187,001111014187,Kroger,Kroger® Ultra Absorbing Power Paper Towels Triple Rolls,8 ct,18.99,,18.99
2026-02-17T11:20:42Z,paper towels,70100286,Richland,WA,99352,FRED,00286,0071981207833,0071981207833,00071981207833,071981207833,Softworks,Softworks Simply Tear Paper Towel Holder,1 ct,29.99,,29.99
2026-02-17T11:20:42Z,paper towels,70100286,Richland,WA,99352,FRED,00286,0003077215664,0003077215664,00003077215664,003077215664,Bounty,Bounty Paper Towels Select-A-Size White 12 Double Plus Rolls,12 rolls,29.99,,29.99
2026-02-17T11:20:42Z,paper towels,70100286,Richland,WA,99352,FRED,00286,0003040022241,0003040022241,00003040022241,003040022241,Sparkle,Sparkle® Pick-A-Size® Paper Towel Double Rolls,8 rolls,11.79,,11.79
2026-02-17T11:20:42Z,paper towels,70100286,Richland,WA,99352,FRED,00286,0003077216071,0003077216071,00003077216071,003077216071,Bounty,Bounty Paper Towels Select-A-Size White 6 Mega Rolls,6 rolls,26.99,23.99,23.99
2026-02-17T11:20:42Z,paper towels,70100286,Richland,WA,99352,FRED,00286,0001111010621,0001111010621,00001111010621,001111010621,Kroger,Kroger® Glimmer Select-A-Sheet Paper Towels Double Rolls,2 rolls,2.99,,2.99
2026-02-17T11:20:42Z,paper towels,70100286,Richland,WA,99352,FRED,00286,0003600055195,0003600055195,00003600055195,003600055195,Scott,Scott® On-The-Go™ Pop-Up!® Cloths,70 ct,5.99,,5.99
2026-02-17T11:20:42Z,paper towels,70100286,Richland,WA,99352,FRED,00286,0088877707647,0088877707647,00088877707647,088877707647,SDS for HD Designs,SDS for HD Designs Acacia & Brass Paper Towel Holder,14 in,16.99,11.89,11.89
2026-02-17T11:20:42Z,paper towels,70100286,Richland,WA,99352,FRED,00286,0001111013577,0001111013577,00001111013577,001111013577,Kroger,Kroger® Rugged + Reliable Paper Towels Double Rolls,4 rolls,7.29,,7.29
2026-02-17T11:20:42Z,paper towels,70100286,Richland,WA,99352,FRED,00286,0001111012026,0001111012026,00001111012026,001111012026,Kroger,Kroger® Rugged + Reliable Paper Towels Double Plus Rolls BIG DEAL!,12 rolls,19.99,,19.99
2026-02-17T11:20:42Z,paper towels,70100286,Richland,WA,99352,FRED,00286,0073291313722,0073291313722,00073291313722,073291313722,Seventh Generation,Seventh Generation 100% Recycled Paper Jumbo Paper Towels,1 roll / 156 ct,4.79,,4.79
2026-02-17T11:20:42Z,paper towels,70100286,Richland,WA,99352,FRED,00286,0004200044588,0004200044588,00004200044588,004200044588,Brawny,Brawny® Tear-A-Square® 3-Ply Paper Towel Double Rolls,6 rolls,12.99,11.99,11.99
2026-02-17T11:20:42Z,paper towels,70100286,Richland,WA,99352,FRED,00286,0003077215703,0003077215703,00003077215703,003077215703,Bounty,Bounty Paper Towels Select-A-Size White 6 Double Rolls,6 rolls,14.99,,14.99
2026-02-17T11:20:42Z,paper towels,70100286,Richland,WA,99352,FRED,00286,0071981261343,0071981261343,00071981261343,071981261343,Softworks,Softworks Steady Paper Towel Holder,1 ct,25.99,,25.99
2026-02-17T11:20:42Z,paper towels,70100286,Richland,WA,99352,FRED,00286,0004200044600,0004200044600,00004200044600,004200044600,Brawny,Brawny® Tear-A-Square® 3-Ply Paper Towel Double Rolls,8 rolls,16.49,15.99,15.99
2026-02-17T11:20:42Z,paper towels,70100122,Seattle,WA,98117,FRED,00122,0003600049413,0003600049413,00003600049413,003600049413,Viva,Viva® Multi-Surface Cloth™ Paper Towels Single Rolls,6 rolls,12.49,10.99,10.99
2026-02-17T11:20:42Z,paper towels,70100122,Seattle,WA,98117,FRED,00122,0003077215712,0003077215712,00003077215712,003077215712,Bounty,Bounty Paper Towels Select-A-Size White 4 Double Rolls,4 rolls,11.29,,11.29
2026-02-17T11:20:42Z,paper towels,70100122,Seattle,WA,98117,FRED,00122,0003077216009,0003077216009,00003077216009,003077216009,Bounty,Bounty Paper Towels Select-A-Size White 4 Triple Rolls,4 rolls,14.99,,14.99
2026-02-17T11:20:42Z,paper towels,70100122,Seattle,WA,98117,FRED,00122,0003040022272,0003040022272,00003040022272,003040022272,Sparkle,Sparkle® Tear-A-Square® Customizable Sheet Size Paper Towels Double Rolls,2 rolls,3.79,,3.79
2026-02-17T11:20:42Z,paper towels,70100122,Seattle,WA,98117,FRED,00122,0005400075130,0005400075130,00005400075130,005400075130,Scott,Scott® Original Multipurpose Shop Towels - Blue,55ct,3.99,,3.99
2026-02-17T11:20:42Z,paper towels,70100122,Seattle,WA,98117,FRED,00122,0003077216021,0003077216021,00003077216021,003077216021,Bounty,Bounty Paper Towels Full Sheet White 6 Double Rolls,6 rolls,14.99,,14.99
2026-02-17T11:20:42Z,paper towels,70100122,Seattle,WA,98117,FRED,00122,0003077216042,0003077216042,00003077216042,003077216042,Bounty,Bounty Paper Towels Select-A-Size White 2 Triple Rolls,2 rolls,7.99,,7.99
2026-02-17T11:20:42Z,paper towels,70100122,Seattle,WA,98117,FRED,00122,0003077216020,0003077216020,00003077216020,003077216020,Bounty,Bounty Paper Towels Select-A-Size White 6 Triple Rolls,6 rolls,21.99,19.99,19.99
2026-02-17T11:20:42Z,paper towels,70100122,Seattle,WA,98117,FRED,00122,0003040022276,0003040022276,00003040022276,003040022276,Sparkle,Sparkle® Tear-A-Square® Paper Towel Double Rolls,6 rolls,9.29,7.49,7.49
2026-02-17T11:20:42Z,paper towels,70100122,Seattle,WA,98117,FRED,00122,0003077219274,0003077219274,00003077219274,003077219274,Bounty,Bounty Paper Towels Select-A-Size White 8 Double Plus Rolls,8 rolls,21.49,,21.49
2026-02-17T11:20:42Z,paper towels,70100122,Seattle,WA,98117,FRED,00122,0006366836203,0006366836203,00006366836203,006366836203,Green Forest,Green Forest 100% Recycled Size-Your-Own Paper Towels,3 pk,6.29,,6.29
2026-02-17T11:20:42Z,paper towels,70100122,Seattle,WA,98117,FRED,00122,0076427107702,0076427107702,00076427107702,076427107702,OGGI,OGGI Stainless Steel Paper Towel Holder,1 ct,17.99,,17.99
2026-02-17T11:20:42Z,paper towels,70100122,Seattle,WA,98117,FRED,00122,0076427177011,0076427177011,00076427177011,076427177011,Oggi,OGGI Wallmount Paper Towel Holder,1 ct,11.99,,11.99
2026-02-17T11:20:42Z,paper towels,70100122,Seattle,WA,98117,FRED,00122,0086001113901,0086001113901,00086001113901,086001113901,Reel,Reel® Premium Bamboo Paper Towels,6 ct,19.49,,19.49
2026-02-17T11:20:42Z,paper towels,70100122,Seattle,WA,98117,FRED,00122,0086001113900,0086001113900,00086001113900,086001113900,Reel,Reel® Premium Bamboo Paper Towel Triple Rolls,2 rolls,7.99,,7.99
2026-02-17T11:20:42Z,paper towels,70100122,Seattle,WA,98117,FRED,00122,0001111011984,0001111011984,00001111011984,001111011984,Kroger,Kroger® Rugged and Reliable Paper Towels Giant Rolls,10 rolls,13.49,,13.49
2026-02-17T11:20:42Z,paper towels,70100122,Seattle,WA,98117,FRED,00122,0073291313737,0073291313737,00073291313737,073291313737,Seventh Generation,Seventh Generation Unbleached Chlorine Free Paper Towel Rolls,6 rolls,21.99,,21.99
2026-02-17T11:20:42Z,paper towels,70100122,Seattle,WA,98117,FRED,00122,0019655708688,0019655708688,00019655708688,019655708688,Core,Core Kitchen Paper Towel Holder,1 ct,8.99,,8.99
2026-02-17T11:20:42Z,paper towels,70100122,Seattle,WA,98117,FRED,00122,0003600038587,0003600038587,00003600038587,003600038587,Kleenex,"Kleenex® Disposable Paper Hand Towels, 1 Box, 60 Towels per Box",60 count,4.29,,4.29
2026-02-17T11:20:42Z,paper towels,70100122,Seattle,WA,98117,FRED,00122,0003600056532,0003600056532,00003600056532,003600056532,Viva,Viva® Signature Cloth™ Paper Towels Double Rolls,6 rolls,14.29,,14.29
2026-02-17T11:20:42Z,paper towels,70100122,Seattle,WA,98117,FRED,00122,0004200044576,0004200044576,00004200044576,004200044576,Brawny,Brawny® Tear-A-Square® 3-Ply Paper Towel Triple Rolls,2 rolls,7.49,,7.49
2026-02-17T11:20:42Z,paper towels,70100122,Seattle,WA,98117,FRED,00122,0003600056535,0003600056535,00003600056535,003600056535,Viva,Viva Signature Cloth Paper Towels Double Rolls,12 rolls,23.49,,23.49
2026-02-17T11:20:42Z,paper towels,70100122,Seattle,WA,98117,FRED,00122,0003600052499,0003600052499,00003600052499,003600052499,Viva,Viva Multi-Surface Cloth Paper Towels Double Rolls,8 rolls,16.99,14.49,14.49
2026-02-17T11:20:42Z,paper towels,70100122,Seattle,WA,98117,FRED,00122,0004200044658,0004200044658,00004200044658,004200044658,Brawny,Brawny® Full Sheet 3-Ply Paper Towel Double Rolls,6 rolls,13.29,11.99,11.99
2026-02-17T11:20:42Z,paper towels,70100122,Seattle,WA,98117,FRED,00122,0004200044579,0004200044579,00004200044579,004200044579,Brawny,Brawny® Tear-A-Square® 3-Ply Paper Towel Double Rolls,4 rolls,10.29,7.49,7.49
2026-02-17T11:20:42Z,paper towels,70100122,Seattle,WA,98117,FRED,00122,0001111016086,0001111016086,00001111016086,001111016086,Kroger,Kroger® Rugged + Reliable Paper Towels Double Rolls,4 rolls,7.29,,7.29
2026-02-17T11:20:42Z,paper towels,70100122,Seattle,WA,98117,FRED,00122,0001111016087,0001111016087,00001111016087,001111016087,Kroger,Kroger® Rugged + Reliable Paper Towels Giant Rolls,10 rolls,13.79,,13.79
2026-02-17T11:20:42Z,paper towels,70100122,Seattle,WA,98117,FRED,00122,0001111014184,0001111014184,00001111014184,001111014184,Kroger,Kroger® Ultra Paper Towels With Absorbing Power Triple Rolls,2 rolls,6.29,,6.29
2026-02-17T11:20:42Z,paper towels,70100122,Seattle,WA,98117,FRED,00122,0001111014185,0001111014185,00001111014185,001111014185,Kroger,Kroger® Ultra Paper Towels With Absorbing Power Double Rolls,4 rolls,8.49,,8.49
2026-02-17T11:20:42Z,paper towels,70100122,Seattle,WA,98117,FRED,00122,0001111016088,0001111016088,00001111016088,001111016088,Kroger,Kroger® Rugged + Reliable Paper Towels Double Plus Rolls BIG DEAL!,12 ct,19.99,,19.99
2026-02-17T11:20:42Z,paper towels,70100122,Seattle,WA,98117,FRED,00122,0003077216014,0003077216014,00003077216014,003077216014,Bounty,"Bounty Paper Towels Select-A-Size White, 8 Triple Rolls, 123 Sheets Per Roll",8 rolls,26.99,23.99,23.99
2026-02-17T11:20:42Z,paper towels,70100122,Seattle,WA,98117,FRED,00122,0001111014186,0001111014186,00001111014186,001111014186,Kroger,Kroger® Ultra Paper Towels With Absorbing Power Double Rolls,6 rolls,11.29,,11.29
2026-02-17T11:20:42Z,paper towels,70100122,Seattle,WA,98117,FRED,00122,0001111014187,0001111014187,00001111014187,001111014187,Kroger,Kroger® Ultra Absorbing Power Paper Towels Triple Rolls,8 ct,19.29,,19.29
2026-02-17T11:20:42Z,paper towels,70100122,Seattle,WA,98117,FRED,00122,0003077215664,0003077215664,00003077215664,003077215664,Bounty,Bounty Paper Towels Select-A-Size White 12 Double Plus Rolls,12 rolls,30.99,29.99,29.99
2026-02-17T11:20:42Z,paper towels,70100122,Seattle,WA,98117,FRED,00122,0071981207833,0071981207833,00071981207833,071981207833,Softworks,Softworks Simply Tear Paper Towel Holder,1 ct,29.99,,29.99
2026-02-17T11:20:42Z,paper towels,70100122,Seattle,WA,98117,FRED,00122,0003040022241,0003040022241,00003040022241,003040022241,Sparkle,Sparkle® Pick-A-Size® Paper Towel Double Rolls,8 rolls,11.99,,11.99
2026-02-17T11:20:42Z,paper towels,70100122,Seattle,WA,98117,FRED,00122,0003077216071,0003077216071,00003077216071,003077216071,Bounty,Bounty Paper Towels Select-A-Size White 6 Mega Rolls,6 rolls,26.99,23.99,23.99
2026-02-17T11:20:42Z,paper towels,70100122,Seattle,WA,98117,FRED,00122,0001111010621,0001111010621,00001111010621,001111010621,Kroger,Kroger® Glimmer Select-A-Sheet Paper Towels Double Rolls,2 rolls,2.99,,2.99
2026-02-17T11:20:42Z,paper towels,70100122,Seattle,WA,98117,FRED,00122,0003600055195,0003600055195,00003600055195,003600055195,Scott,Scott® On-The-Go™ Pop-Up!® Cloths,70 ct,5.99,,5.99
2026-02-17T11:20:42Z,paper towels,70100122,Seattle,WA,98117,FRED,00122,0088877707647,0088877707647,00088877707647,088877707647,SDS for HD Designs,SDS for HD Designs Acacia & Brass Paper Towel Holder,14 in,16.99,11.89,11.89
2026-02-17T11:20:42Z,paper towels,70100122,Seattle,WA,98117,FRED,00122,0001111013577,0001111013577,00001111013577,001111013577,Kroger,Kroger® Rugged + Reliable Paper Towels Double Rolls,4 rolls,7.29,,7.29
2026-02-17T11:20:42Z,paper towels,70100122,Seattle,WA,98117,FRED,00122,0001111012026,0001111012026,00001111012026,001111012026,Kroger,Kroger® Rugged + Reliable Paper Towels Double Plus Rolls BIG DEAL!,12 rolls,19.99,,19.99
2026-02-17T11:20:42Z,paper towels,70100122,Seattle,WA,98117,FRED,00122,0073291313722,0073291313722,00073291313722,073291313722,Seventh Generation,Seventh Generation 100% Recycled Paper Jumbo Paper Towels,1 roll / 156 ct,4.79,,4.79
2026-02-17T11:20:42Z,paper towels,70100122,Seattle,WA,98117,FRED,00122,0004200044588,0004200044588,00004200044588,004200044588,Brawny,Brawny® Tear-A-Square® 3-Ply Paper Towel Double Rolls,6 rolls,13.29,11.99,11.99
2026-02-17T11:20:42Z,paper towels,70100122,Seattle,WA,98117,FRED,00122,0003077215703,0003077215703,00003077215703,003077215703,Bounty,Bounty Paper Towels Select-A-Size White 6 Double Rolls,6 rolls,14.99,,14.99
2026-02-17T11:20:42Z,paper towels,70100122,Seattle,WA,98117,FRED,00122,0071981261343,0071981261343,00071981261343,071981261343,Softworks,Softworks Steady Paper Towel Holder,1 ct,25.99,,25.99
2026-02-17T11:20:42Z,paper towels,70100122,Seattle,WA,98117,FRED,00122,0004200044600,0004200044600,00004200044600,004200044600,Brawny,Brawny® Tear-A-Square® 3-Ply Paper Towel Double Rolls,8 rolls,16.79,16.29,16.29
2026-02-17T11:20:42Z,paper towels,70100608,Seattle,WA,98107,FRED,00608,0003600049413,0003600049413,00003600049413,003600049413,Viva,Viva® Multi-Surface Cloth™ Paper Towels Single Rolls,6 rolls,12.49,10.99,10.99
2026-02-17T11:20:42Z,paper towels,70100608,Seattle,WA,98107,FRED,00608,0003077216009,0003077216009,00003077216009,003077216009,Bounty,Bounty Paper Towels Select-A-Size White 4 Triple Rolls,4 rolls,14.99,,14.99
2026-02-17T11:20:42Z,paper towels,70100608,Seattle,WA,98107,FRED,00608,0003077215712,0003077215712,00003077215712,003077215712,Bounty,Bounty Paper Towels Select-A-Size White 4 Double Rolls,4 rolls,11.29,,11.29
2026-02-17T11:20:42Z,paper towels,70100608,Seattle,WA,98107,FRED,00608,0005400075130,0005400075130,00005400075130,005400075130,Scott,Scott® Original Multipurpose Shop Towels - Blue,55ct,3.99,,3.99
2026-02-17T11:20:42Z,paper towels,70100608,Seattle,WA,98107,FRED,00608,0003040022272,0003040022272,00003040022272,003040022272,Sparkle,Sparkle® Tear-A-Square® Customizable Sheet Size Paper Towels Double Rolls,2 rolls,3.79,,3.79
2026-02-17T11:20:42Z,paper towels,70100608,Seattle,WA,98107,FRED,00608,0003077216021,0003077216021,00003077216021,003077216021,Bounty,Bounty Paper Towels Full Sheet White 6 Double Rolls,6 rolls,14.99,,14.99
2026-02-17T11:20:42Z,paper towels,70100608,Seattle,WA,98107,FRED,00608,0003077216020,0003077216020,00003077216020,003077216020,Bounty,Bounty Paper Towels Select-A-Size White 6 Triple Rolls,6 rolls,21.99,19.99,19.99
2026-02-17T11:20:42Z,paper towels,70100608,Seattle,WA,98107,FRED,00608,0003077216042,0003077216042,00003077216042,003077216042,Bounty,Bounty Paper Towels Select-A-Size White 2 Triple Rolls,2 rolls,7.99,,7.99
2026-02-17T11:20:42Z,paper towels,70100608,Seattle,WA,98107,FRED,00608,0003040022276,0003040022276,00003040022276,003040022276,Sparkle,Sparkle® Tear-A-Square® Paper Towel Double Rolls,6 rolls,9.29,7.49,7.49
2026-02-17T11:20:42Z,paper towels,70100608,Seattle,WA,98107,FRED,00608,0003077219274,0003077219274,00003077219274,003077219274,Bounty,Bounty Paper Towels Select-A-Size White 8 Double Plus Rolls,8 rolls,21.49,,21.49
2026-02-17T11:20:42Z,paper towels,70100608,Seattle,WA,98107,FRED,00608,0006366836203,0006366836203,00006366836203,006366836203,Green Forest,Green Forest 100% Recycled Size-Your-Own Paper Towels,3 pk,6.29,,6.29
2026-02-17T11:20:42Z,paper towels,70100608,Seattle,WA,98107,FRED,00608,0076427107702,0076427107702,00076427107702,076427107702,OGGI,OGGI Stainless Steel Paper Towel Holder,1 ct,17.99,,17.99
2026-02-17T11:20:42Z,paper towels,70100608,Seattle,WA,98107,FRED,00608,0076427177011,0076427177011,00076427177011,076427177011,Oggi,OGGI Wallmount Paper Towel Holder,1 ct,11.99,,11.99
2026-02-17T11:20:42Z,paper towels,70100608,Seattle,WA,98107,FRED,00608,0086001113901,0086001113901,00086001113901,086001113901,Reel,Reel® Premium Bamboo Paper Towels,6 ct,19.49,,19.49
2026-02-17T11:20:42Z,paper towels,70100608,Seattle,WA,98107,FRED,00608,0086001113900,0086001113900,00086001113900,086001113900,Reel,Reel® Premium Bamboo Paper Towel Triple Rolls,2 rolls,7.99,,7.99
2026-02-17T11:20:42Z,paper towels,70100608,Seattle,WA,98107,FRED,00608,0073291313737,0073291313737,00073291313737,073291313737,Seventh Generation,Seventh Generation Unbleached Chlorine Free Paper Towel Rolls,6 rolls,21.99,,21.99
2026-02-17T11:20:42Z,paper towels,70100608,Seattle,WA,98107,FRED,00608,0001111011984,0001111011984,00001111011984,001111011984,Kroger,Kroger® Rugged and Reliable Paper Towels Giant Rolls,10 rolls,13.49,,13.49
2026-02-17T11:20:42Z,paper towels,70100608,Seattle,WA,98107,FRED,00608,0019655708688,0019655708688,00019655708688,019655708688,Core,Core Kitchen Paper Towel Holder,1 ct,8.99,,8.99
2026-02-17T11:20:42Z,paper towels,70100608,Seattle,WA,98107,FRED,00608,0003600056532,0003600056532,00003600056532,003600056532,Viva,Viva® Signature Cloth™ Paper Towels Double Rolls,6 rolls,14.29,,14.29
2026-02-17T11:20:42Z,paper towels,70100608,Seattle,WA,98107,FRED,00608,0003600038587,0003600038587,00003600038587,003600038587,Kleenex,"Kleenex® Disposable Paper Hand Towels, 1 Box, 60 Towels per Box",60 count,4.29,,4.29
2026-02-17T11:20:42Z,paper towels,70100608,Seattle,WA,98107,FRED,00608,0004200044576,0004200044576,00004200044576,004200044576,Brawny,Brawny® Tear-A-Square® 3-Ply Paper Towel Triple Rolls,2 rolls,7.49,,7.49
2026-02-17T11:20:42Z,paper towels,70100608,Seattle,WA,98107,FRED,00608,0003600056535,0003600056535,00003600056535,003600056535,Viva,Viva Signature Cloth Paper Towels Double Rolls,12 rolls,23.49,,23.49
2026-02-17T11:20:42Z,paper towels,70100608,Seattle,WA,98107,FRED,00608,0003600052499,0003600052499,00003600052499,003600052499,Viva,Viva Multi-Surface Cloth Paper Towels Double Rolls,8 rolls,16.99,14.49,14.49
2026-02-17T11:20:42Z,paper towels,70100608,Seattle,WA,98107,FRED,00608,0004200044658,0004200044658,00004200044658,004200044658,Brawny,Brawny® Full Sheet 3-Ply Paper Towel Double Rolls,6 rolls,13.29,11.99,11.99
2026-02-17T11:20:42Z,paper towels,70100608,Seattle,WA,98107,FRED,00608,0004200044579,0004200044579,00004200044579,004200044579,Brawny,Brawny® Tear-A-Square® 3-Ply Paper Towel Double Rolls,4 rolls,10.29,7.49,7.49
2026-02-17T11:20:42Z,paper towels,70100608,Seattle,WA,98107,FRED,00608,0001111016086,0001111016086,00001111016086,001111016086,Kroger,Kroger® Rugged + Reliable Paper Towels Double Rolls,4 rolls,7.29,,7.29
2026-02-17T11:20:42Z,paper towels,70100608,Seattle,WA,98107,FRED,00608,0001111016087,0001111016087,00001111016087,001111016087,Kroger,Kroger® Rugged + Reliable Paper Towels Giant Rolls,10 rolls,13.79,,13.79
2026-02-17T11:20:42Z,paper towels,70100608,Seattle,WA,98107,FRED,00608,0001111014184,0001111014184,00001111014184,001111014184,Kroger,Kroger® Ultra Paper Towels With Absorbing Power Triple Rolls,2 rolls,6.29,,6.29
2026-02-17T11:20:42Z,paper towels,70100608,Seattle,WA,98107,FRED,00608,0001111014185,0001111014185,00001111014185,001111014185,Kroger,Kroger® Ultra Paper Towels With Absorbing Power Double Rolls,4 rolls,8.49,,8.49
2026-02-17T11:20:42Z,paper towels,70100608,Seattle,WA,98107,FRED,00608,0001111016088,0001111016088,00001111016088,001111016088,Kroger,Kroger® Rugged + Reliable Paper Towels Double Plus Rolls BIG DEAL!,12 ct,19.99,,19.99
2026-02-17T11:20:42Z,paper towels,70100608,Seattle,WA,98107,FRED,00608,0003077216014,0003077216014,00003077216014,003077216014,Bounty,"Bounty Paper Towels Select-A-Size White, 8 Triple Rolls, 123 Sheets Per Roll",8 rolls,26.99,23.99,23.99
2026-02-17T11:20:42Z,paper towels,70100608,Seattle,WA,98107,FRED,00608,0001111014186,0001111014186,00001111014186,001111014186,Kroger,Kroger® Ultra Paper Towels With Absorbing Power Double Rolls,6 rolls,11.29,,11.29
2026-02-17T11:20:42Z,paper towels,70100608,Seattle,WA,98107,FRED,00608,0001111014187,0001111014187,00001111014187,001111014187,Kroger,Kroger® Ultra Absorbing Power Paper Towels Triple Rolls,8 ct,19.29,,19.29
2026-02-17T11:20:42Z,paper towels,70100608,Seattle,WA,98107,FRED,00608,0003077215664,0003077215664,00003077215664,003077215664,Bounty,Bounty Paper Towels Select-A-Size White 12 Double Plus Rolls,12 rolls,30.99,29.99,29.99
2026-02-17T11:20:42Z,paper towels,70100608,Seattle,WA,98107,FRED,00608,0071981207833,0071981207833,00071981207833,071981207833,Softworks,Softworks Simply Tear Paper Towel Holder,1 ct,29.99,,29.99
2026-02-17T11:20:42Z,paper towels,70100608,Seattle,WA,98107,FRED,00608,0003040022241,0003040022241,00003040022241,003040022241,Sparkle,Sparkle® Pick-A-Size® Paper Towel Double Rolls,8 rolls,11.99,,11.99
2026-02-17T11:20:42Z,paper towels,70100608,Seattle,WA,98107,FRED,00608,0003077216071,0003077216071,00003077216071,003077216071,Bounty,Bounty Paper Towels Select-A-Size White 6 Mega Rolls,6 rolls,26.99,23.99,23.99
2026-02-17T11:20:42Z,paper towels,70100608,Seattle,WA,98107,FRED,00608,0001111010621,0001111010621,00001111010621,001111010621,Kroger,Kroger® Glimmer Select-A-Sheet Paper Towels Double Rolls,2 rolls,2.99,,2.99
2026-02-17T11:20:42Z,paper towels,70100608,Seattle,WA,98107,FRED,00608,0003600055195,0003600055195,00003600055195,003600055195,Scott,Scott® On-The-Go™ Pop-Up!® Cloths,70 ct,5.99,,5.99
2026-02-17T11:20:42Z,paper towels,70100608,Seattle,WA,98107,FRED,00608,0088877707647,0088877707647,00088877707647,088877707647,SDS for HD Designs,SDS for HD Designs Acacia & Brass Paper Towel Holder,14 in,16.99,11.89,11.89
2026-02-17T11:20:42Z,paper towels,70100608,Seattle,WA,98107,FRED,00608,0001111012026,0001111012026,00001111012026,001111012026,Kroger,Kroger® Rugged + Reliable Paper Towels Double Plus Rolls BIG DEAL!,12 rolls,19.99,,19.99
2026-02-17T11:20:42Z,paper towels,70100608,Seattle,WA,98107,FRED,00608,0001111013577,0001111013577,00001111013577,001111013577,Kroger,Kroger® Rugged + Reliable Paper Towels Double Rolls,4 rolls,7.29,,7.29
2026-02-17T11:20:42Z,paper towels,70100608,Seattle,WA,98107,FRED,00608,0073291313722,0073291313722,00073291313722,073291313722,Seventh Generation,Seventh Generation 100% Recycled Paper Jumbo Paper Towels,1 roll / 156 ct,4.79,,4.79
2026-02-17T11:20:42Z,paper towels,70100608,Seattle,WA,98107,FRED,00608,0004200044588,0004200044588,00004200044588,004200044588,Brawny,Brawny® Tear-A-Square® 3-Ply Paper Towel Double Rolls,6 rolls,13.29,11.99,11.99
2026-02-17T11:20:42Z,paper towels,70100608,Seattle,WA,98107,FRED,00608,0003077215703,0003077215703,00003077215703,003077215703,Bounty,Bounty Paper Towels Select-A-Size White 6 Double Rolls,6 rolls,14.99,,14.99
2026-02-17T11:20:42Z,paper towels,70100608,Seattle,WA,98107,FRED,00608,0071981261343,0071981261343,00071981261343,071981261343,Softworks,Softworks Steady Paper Towel Holder,1 ct,25.99,,25.99
2026-02-17T11:20:42Z,paper towels,70100608,Seattle,WA,98107,FRED,00608,0004200044600,0004200044600,00004200044600,004200044600,Brawny,Brawny® Tear-A-Square® 3-Ply Paper Towel Double Rolls,8 rolls,16.79,16.29,16.29
2026-02-17T11:20:42Z,paper towels,70100603,Shelton,WA,98584,FRED,00603,0003077216009,0003077216009,00003077216009,003077216009,Bounty,Bounty Paper Towels Select-A-Size White 4 Triple Rolls,4 rolls,14.99,,14.99
2026-02-17T11:20:42Z,paper towels,70100603,Shelton,WA,98584,FRED,00603,0003600049413,0003600049413,00003600049413,003600049413,Viva,Viva® Multi-Surface Cloth™ Paper Towels Single Rolls,6 rolls,12.29,10.79,10.79
2026-02-17T11:20:42Z,paper towels,70100603,Shelton,WA,98584,FRED,00603,0003077215712,0003077215712,00003077215712,003077215712,Bounty,Bounty Paper Towels Select-A-Size White 4 Double Rolls,4 rolls,10.99,,10.99
2026-02-17T11:20:42Z,paper towels,70100603,Shelton,WA,98584,FRED,00603,0005400075130,0005400075130,00005400075130,005400075130,Scott,Scott® Original Multipurpose Shop Towels - Blue,55ct,3.99,,3.99
2026-02-17T11:20:42Z,paper towels,70100603,Shelton,WA,98584,FRED,00603,0003040022272,0003040022272,00003040022272,003040022272,Sparkle,Sparkle® Tear-A-Square® Customizable Sheet Size Paper Towels Double Rolls,2 rolls,3.69,,3.69
2026-02-17T11:20:42Z,paper towels,70100603,Shelton,WA,98584,FRED,00603,0003077216021,0003077216021,00003077216021,003077216021,Bounty,Bounty Paper Towels Full Sheet White 6 Double Rolls,6 rolls,14.99,,14.99
2026-02-17T11:20:42Z,paper towels,70100603,Shelton,WA,98584,FRED,00603,0003077216020,0003077216020,00003077216020,003077216020,Bounty,Bounty Paper Towels Select-A-Size White 6 Triple Rolls,6 rolls,21.49,19.49,19.49
2026-02-17T11:20:42Z,paper towels,70100603,Shelton,WA,98584,FRED,00603,0003077216042,0003077216042,00003077216042,003077216042,Bounty,Bounty Paper Towels Select-A-Size White 2 Triple Rolls,2 rolls,7.99,,7.99
2026-02-17T11:20:42Z,paper towels,70100603,Shelton,WA,98584,FRED,00603,0003040022276,0003040022276,00003040022276,003040022276,Sparkle,Sparkle® Tear-A-Square® Paper Towel Double Rolls,6 rolls,8.99,7.49,7.49
2026-02-17T11:20:42Z,paper towels,70100603,Shelton,WA,98584,FRED,00603,0003077219274,0003077219274,00003077219274,003077219274,Bounty,Bounty Paper Towels Select-A-Size White 8 Double Plus Rolls,8 rolls,20.99,,20.99
2026-02-17T11:20:42Z,paper towels,70100603,Shelton,WA,98584,FRED,00603,0006366836203,0006366836203,00006366836203,006366836203,Green Forest,Green Forest 100% Recycled Size-Your-Own Paper Towels,3 pk,6.29,,6.29
2026-02-17T11:20:42Z,paper towels,70100603,Shelton,WA,98584,FRED,00603,0076427177011,0076427177011,00076427177011,076427177011,Oggi,OGGI Wallmount Paper Towel Holder,1 ct,11.99,,11.99
2026-02-17T11:20:42Z,paper towels,70100603,Shelton,WA,98584,FRED,00603,0076427107702,0076427107702,00076427107702,076427107702,OGGI,OGGI Stainless Steel Paper Towel Holder,1 ct,17.99,,17.99
2026-02-17T11:20:42Z,paper towels,70100603,Shelton,WA,98584,FRED,00603,0086001113901,0086001113901,00086001113901,086001113901,Reel,Reel® Premium Bamboo Paper Towels,6 ct,19.29,,19.29
2026-02-17T11:20:42Z,paper towels,70100603,Shelton,WA,98584,FRED,00603,0086001113900,0086001113900,00086001113900,086001113900,Reel,Reel® Premium Bamboo Paper Towel Triple Rolls,2 rolls,7.99,,7.99
2026-02-17T11:20:42Z,paper towels,70100603,Shelton,WA,98584,FRED,00603,0001111011984,0001111011984,00001111011984,001111011984,Kroger,Kroger® Rugged and Reliable Paper Towels Giant Rolls,10 rolls,13.49,,13.49
2026-02-17T11:20:42Z,paper towels,70100603,Shelton,WA,98584,FRED,00603,0073291313737,0073291313737,00073291313737,073291313737,Seventh Generation,Seventh Generation Unbleached Chlorine Free Paper Towel Rolls,6 rolls,21.99,,21.99
2026-02-17T11:20:42Z,paper towels,70100603,Shelton,WA,98584,FRED,00603,0019655708688,0019655708688,00019655708688,019655708688,Core,Core Kitchen Paper Towel Holder,1 ct,8.99,,8.99
2026-02-17T11:20:42Z,paper towels,70100603,Shelton,WA,98584,FRED,00603,0003600038587,0003600038587,00003600038587,003600038587,Kleenex,"Kleenex® Disposable Paper Hand Towels, 1 Box, 60 Towels per Box",60 count,4.19,,4.19
2026-02-17T11:20:42Z,paper towels,70100603,Shelton,WA,98584,FRED,00603,0003600056532,0003600056532,00003600056532,003600056532,Viva,Viva® Signature Cloth™ Paper Towels Double Rolls,6 rolls,14.29,,14.29
2026-02-17T11:20:42Z,paper towels,70100603,Shelton,WA,98584,FRED,00603,0004200044576,0004200044576,00004200044576,004200044576,Brawny,Brawny® Tear-A-Square® 3-Ply Paper Towel Triple Rolls,2 rolls,7.49,,7.49
2026-02-17T11:20:42Z,paper towels,70100603,Shelton,WA,98584,FRED,00603,0003600056535,0003600056535,00003600056535,003600056535,Viva,Viva Signature Cloth Paper Towels Double Rolls,12 rolls,23.49,,23.49
2026-02-17T11:20:42Z,paper towels,70100603,Shelton,WA,98584,FRED,00603,0003600052499,0003600052499,00003600052499,003600052499,Viva,Viva Multi-Surface Cloth Paper Towels Double Rolls,8 rolls,16.79,14.49,14.49
2026-02-17T11:20:42Z,paper towels,70100603,Shelton,WA,98584,FRED,00603,0004200044658,0004200044658,00004200044658,004200044658,Brawny,Brawny® Full Sheet 3-Ply Paper Towel Double Rolls,6 rolls,12.99,11.99,11.99
2026-02-17T11:20:42Z,paper towels,70100603,Shelton,WA,98584,FRED,00603,0004200044579,0004200044579,00004200044579,004200044579,Brawny,Brawny® Tear-A-Square® 3-Ply Paper Towel Double Rolls,4 rolls,9.99,7.49,7.49
2026-02-17T11:20:42Z,paper towels,70100603,Shelton,WA,98584,FRED,00603,0001111016086,0001111016086,00001111016086,001111016086,Kroger,Kroger® Rugged + Reliable Paper Towels Double Rolls,4 rolls,7.29,,7.29
2026-02-17T11:20:42Z,paper towels,70100603,Shelton,WA,98584,FRED,00603,0001111014184,0001111014184,00001111014184,001111014184,Kroger,Kroger® Ultra Paper Towels With Absorbing Power Triple Rolls,2 rolls,6.29,,6.29
2026-02-17T11:20:42Z,paper towels,70100603,Shelton,WA,98584,FRED,00603,0001111016087,0001111016087,00001111016087,001111016087,Kroger,Kroger® Rugged + Reliable Paper Towels Giant Rolls,10 rolls,13.49,,13.49
2026-02-17T11:20:42Z,paper towels,70100603,Shelton,WA,98584,FRED,00603,0001111016088,0001111016088,00001111016088,001111016088,Kroger,Kroger® Rugged + Reliable Paper Towels Double Plus Rolls BIG DEAL!,12 ct,19.99,,19.99
2026-02-17T11:20:42Z,paper towels,70100603,Shelton,WA,98584,FRED,00603,0001111014185,0001111014185,00001111014185,001111014185,Kroger,Kroger® Ultra Paper Towels With Absorbing Power Double Rolls,4 rolls,8.29,,8.29
2026-02-17T11:20:42Z,paper towels,70100603,Shelton,WA,98584,FRED,00603,0003077216014,0003077216014,00003077216014,003077216014,Bounty,"Bounty Paper Towels Select-A-Size White, 8 Triple Rolls, 123 Sheets Per Roll",8 rolls,26.99,23.99,23.99
2026-02-17T11:20:42Z,paper towels,70100603,Shelton,WA,98584,FRED,00603,0001111014186,0001111014186,00001111014186,001111014186,Kroger,Kroger® Ultra Paper Towels With Absorbing Power Double Rolls,6 rolls,10.99,,10.99
2026-02-17T11:20:42Z,paper towels,70100603,Shelton,WA,98584,FRED,00603,0001111014187,0001111014187,00001111014187,001111014187,Kroger,Kroger® Ultra Absorbing Power Paper Towels Triple Rolls,8 ct,18.99,,18.99
2026-02-17T11:20:42Z,paper towels,70100603,Shelton,WA,98584,FRED,00603,0071981207833,0071981207833,00071981207833,071981207833,Softworks,Softworks Simply Tear Paper Towel Holder,1 ct,29.99,,29.99
2026-02-17T11:20:42Z,paper towels,70100603,Shelton,WA,98584,FRED,00603,0003077215664,0003077215664,00003077215664,003077215664,Bounty,Bounty Paper Towels Select-A-Size White 12 Double Plus Rolls,12 rolls,29.99,,29.99
2026-02-17T11:20:42Z,paper towels,70100603,Shelton,WA,98584,FRED,00603,0003040022241,0003040022241,00003040022241,003040022241,Sparkle,Sparkle® Pick-A-Size® Paper Towel Double Rolls,8 rolls,11.79,,11.79
2026-02-17T11:20:42Z,paper towels,70100603,Shelton,WA,98584,FRED,00603,0003077216071,0003077216071,00003077216071,003077216071,Bounty,Bounty Paper Towels Select-A-Size White 6 Mega Rolls,6 rolls,26.99,23.99,23.99
2026-02-17T11:20:42Z,paper towels,70100603,Shelton,WA,98584,FRED,00603,0001111010621,0001111010621,00001111010621,001111010621,Kroger,Kroger® Glimmer Select-A-Sheet Paper Towels Double Rolls,2 rolls,2.99,,2.99
2026-02-17T11:20:42Z,paper towels,70100603,Shelton,WA,98584,FRED,00603,0003600055195,0003600055195,00003600055195,003600055195,Scott,Scott® On-The-Go™ Pop-Up!® Cloths,70 ct,5.99,,5.99
2026-02-17T11:20:42Z,paper towels,70100603,Shelton,WA,98584,FRED,00603,0088877707647,0088877707647,00088877707647,088877707647,SDS for HD Designs,SDS for HD Designs Acacia & Brass Paper Towel Holder,14 in,16.99,11.89,11.89
2026-02-17T11:20:42Z,paper towels,70100603,Shelton,WA,98584,FRED,00603,0001111012026,0001111012026,00001111012026,001111012026,Kroger,Kroger® Rugged + Reliable Paper Towels Double Plus Rolls BIG DEAL!,12 rolls,19.99,,19.99
2026-02-17T11:20:42Z,paper towels,70100603,Shelton,WA,98584,FRED,00603,0073291313722,0073291313722,00073291313722,073291313722,Seventh Generation,Seventh Generation 100% Recycled Paper Jumbo Paper Towels,1 roll / 156 ct,4.79,,4.79
2026-02-17T11:20:42Z,paper towels,70100603,Shelton,WA,98584,FRED,00603,0003077215703,0003077215703,00003077215703,003077215703,Bounty,Bounty Paper Towels Select-A-Size White 6 Double Rolls,6 rolls,14.99,,14.99
2026-02-17T11:20:42Z,paper towels,70100603,Shelton,WA,98584,FRED,00603,0071981261343,0071981261343,00071981261343,071981261343,Softworks,Softworks Steady Paper Towel Holder,1 ct,25.99,,25.99
2026-02-17T11:20:42Z,paper towels,70100603,Shelton,WA,98584,FRED,00603,0004200044600,0004200044600,00004200044600,004200044600,Brawny,Brawny® Tear-A-Square® 3-Ply Paper Towel Double Rolls,8 rolls,16.49,15.99,15.99
2026-02-17T11:20:42Z,paper towels,70100013,Shoreline,WA,98133,FRED,00013,0003600049413,0003600049413,00003600049413,003600049413,Viva,Viva® Multi-Surface Cloth™ Paper Towels Single Rolls,6 rolls,12.49,10.99,10.99
2026-02-17T11:20:42Z,paper towels,70100013,Shoreline,WA,98133,FRED,00013,0003077216009,0003077216009,00003077216009,003077216009,Bounty,Bounty Paper Towels Select-A-Size White 4 Triple Rolls,4 rolls,14.99,,14.99
2026-02-17T11:20:42Z,paper towels,70100013,Shoreline,WA,98133,FRED,00013,0003077215712,0003077215712,00003077215712,003077215712,Bounty,Bounty Paper Towels Select-A-Size White 4 Double Rolls,4 rolls,11.29,,11.29
2026-02-17T11:20:42Z,paper towels,70100013,Shoreline,WA,98133,FRED,00013,0003040022272,0003040022272,00003040022272,003040022272,Sparkle,Sparkle® Tear-A-Square® Customizable Sheet Size Paper Towels Double Rolls,2 rolls,3.79,,3.79
2026-02-17T11:20:42Z,paper towels,70100013,Shoreline,WA,98133,FRED,00013,0005400075130,0005400075130,00005400075130,005400075130,Scott,Scott® Original Multipurpose Shop Towels - Blue,55ct,3.99,,3.99
2026-02-17T11:20:42Z,paper towels,70100013,Shoreline,WA,98133,FRED,00013,0003077216021,0003077216021,00003077216021,003077216021,Bounty,Bounty Paper Towels Full Sheet White 6 Double Rolls,6 rolls,14.99,,14.99
2026-02-17T11:20:42Z,paper towels,70100013,Shoreline,WA,98133,FRED,00013,0003077216020,0003077216020,00003077216020,003077216020,Bounty,Bounty Paper Towels Select-A-Size White 6 Triple Rolls,6 rolls,21.99,19.99,19.99
2026-02-17T11:20:42Z,paper towels,70100013,Shoreline,WA,98133,FRED,00013,0003077216042,0003077216042,00003077216042,003077216042,Bounty,Bounty Paper Towels Select-A-Size White 2 Triple Rolls,2 rolls,7.99,,7.99
2026-02-17T11:20:42Z,paper towels,70100013,Shoreline,WA,98133,FRED,00013,0003040022276,0003040022276,00003040022276,003040022276,Sparkle,Sparkle® Tear-A-Square® Paper Towel Double Rolls,6 rolls,9.29,7.49,7.49
2026-02-17T11:20:42Z,paper towels,70100013,Shoreline,WA,98133,FRED,00013,0003077219274,0003077219274,00003077219274,003077219274,Bounty,Bounty Paper Towels Select-A-Size White 8 Double Plus Rolls,8 rolls,21.49,,21.49
2026-02-17T11:20:42Z,paper towels,70100013,Shoreline,WA,98133,FRED,00013,0006366836203,0006366836203,00006366836203,006366836203,Green Forest,Green Forest 100% Recycled Size-Your-Own Paper Towels,3 pk,6.29,,6.29
2026-02-17T11:20:42Z,paper towels,70100013,Shoreline,WA,98133,FRED,00013,0076427107702,0076427107702,00076427107702,076427107702,OGGI,OGGI Stainless Steel Paper Towel Holder,1 ct,17.99,,17.99
2026-02-17T11:20:42Z,paper towels,70100013,Shoreline,WA,98133,FRED,00013,0076427177011,0076427177011,00076427177011,076427177011,Oggi,OGGI Wallmount Paper Towel Holder,1 ct,11.99,,11.99
2026-02-17T11:20:42Z,paper towels,70100013,Shoreline,WA,98133,FRED,00013,0086001113901,0086001113901,00086001113901,086001113901,Reel,Reel® Premium Bamboo Paper Towels,6 ct,19.49,,19.49
2026-02-17T11:20:42Z,paper towels,70100013,Shoreline,WA,98133,FRED,00013,0086001113900,0086001113900,00086001113900,086001113900,Reel,Reel® Premium Bamboo Paper Towel Triple Rolls,2 rolls,7.99,,7.99
2026-02-17T11:20:42Z,paper towels,70100013,Shoreline,WA,98133,FRED,00013,0001111011984,0001111011984,00001111011984,001111011984,Kroger,Kroger® Rugged and Reliable Paper Towels Giant Rolls,10 rolls,13.49,,13.49
2026-02-17T11:20:42Z,paper towels,70100013,Shoreline,WA,98133,FRED,00013,0073291313737,0073291313737,00073291313737,073291313737,Seventh Generation,Seventh Generation Unbleached Chlorine Free Paper Towel Rolls,6 rolls,21.99,,21.99
2026-02-17T11:20:42Z,paper towels,70100013,Shoreline,WA,98133,FRED,00013,0019655708688,0019655708688,00019655708688,019655708688,Core,Core Kitchen Paper Towel Holder,1 ct,8.99,,8.99
2026-02-17T11:20:42Z,paper towels,70100013,Shoreline,WA,98133,FRED,00013,0003600038587,0003600038587,00003600038587,003600038587,Kleenex,"Kleenex® Disposable Paper Hand Towels, 1 Box, 60 Towels per Box",60 count,4.29,,4.29
2026-02-17T11:20:42Z,paper towels,70100013,Shoreline,WA,98133,FRED,00013,0003600056532,0003600056532,00003600056532,003600056532,Viva,Viva® Signature Cloth™ Paper Towels Double Rolls,6 rolls,14.29,,14.29
2026-02-17T11:20:42Z,paper towels,70100013,Shoreline,WA,98133,FRED,00013,0004200044576,0004200044576,00004200044576,004200044576,Brawny,Brawny® Tear-A-Square® 3-Ply Paper Towel Triple Rolls,2 rolls,7.49,,7.49
2026-02-17T11:20:42Z,paper towels,70100013,Shoreline,WA,98133,FRED,00013,0003600056535,0003600056535,00003600056535,003600056535,Viva,Viva Signature Cloth Paper Towels Double Rolls,12 rolls,23.49,,23.49
2026-02-17T11:20:42Z,paper towels,70100013,Shoreline,WA,98133,FRED,00013,0003600052499,0003600052499,00003600052499,003600052499,Viva,Viva Multi-Surface Cloth Paper Towels Double Rolls,8 rolls,16.99,14.49,14.49
2026-02-17T11:20:42Z,paper towels,70100013,Shoreline,WA,98133,FRED,00013,0004200044658,0004200044658,00004200044658,004200044658,Brawny,Brawny® Full Sheet 3-Ply Paper Towel Double Rolls,6 rolls,13.29,11.99,11.99
2026-02-17T11:20:42Z,paper towels,70100013,Shoreline,WA,98133,FRED,00013,0004200044579,0004200044579,00004200044579,004200044579,Brawny,Brawny® Tear-A-Square® 3-Ply Paper Towel Double Rolls,4 rolls,10.29,7.49,7.49
2026-02-17T11:20:42Z,paper towels,70100013,Shoreline,WA,98133,FRED,00013,0001111016086,0001111016086,00001111016086,001111016086,Kroger,Kroger® Rugged + Reliable Paper Towels Double Rolls,4 rolls,7.29,,7.29
2026-02-17T11:20:42Z,paper towels,70100013,Shoreline,WA,98133,FRED,00013,0001111016087,0001111016087,00001111016087,001111016087,Kroger,Kroger® Rugged + Reliable Paper Towels Giant Rolls,10 rolls,13.79,,13.79
2026-02-17T11:20:42Z,paper towels,70100013,Shoreline,WA,98133,FRED,00013,0001111014184,0001111014184,00001111014184,001111014184,Kroger,Kroger® Ultra Paper Towels With Absorbing Power Triple Rolls,2 rolls,6.29,,6.29
2026-02-17T11:20:42Z,paper towels,70100013,Shoreline,WA,98133,FRED,00013,0001111016088,0001111016088,00001111016088,001111016088,Kroger,Kroger® Rugged + Reliable Paper Towels Double Plus Rolls BIG DEAL!,12 ct,19.99,,19.99
2026-02-17T11:20:42Z,paper towels,70100013,Shoreline,WA,98133,FRED,00013,0001111014185,0001111014185,00001111014185,001111014185,Kroger,Kroger® Ultra Paper Towels With Absorbing Power Double Rolls,4 rolls,8.49,,8.49
2026-02-17T11:20:42Z,paper towels,70100013,Shoreline,WA,98133,FRED,00013,0001111014186,0001111014186,00001111014186,001111014186,Kroger,Kroger® Ultra Paper Towels With Absorbing Power Double Rolls,6 rolls,11.29,,11.29
2026-02-17T11:20:42Z,paper towels,70100013,Shoreline,WA,98133,FRED,00013,0003077216014,0003077216014,00003077216014,003077216014,Bounty,"Bounty Paper Towels Select-A-Size White, 8 Triple Rolls, 123 Sheets Per Roll",8 rolls,26.99,23.99,23.99
2026-02-17T11:20:42Z,paper towels,70100013,Shoreline,WA,98133,FRED,00013,0001111014187,0001111014187,00001111014187,001111014187,Kroger,Kroger® Ultra Absorbing Power Paper Towels Triple Rolls,8 ct,19.29,,19.29
2026-02-17T11:20:42Z,paper towels,70100013,Shoreline,WA,98133,FRED,00013,0003077215664,0003077215664,00003077215664,003077215664,Bounty,Bounty Paper Towels Select-A-Size White 12 Double Plus Rolls,12 rolls,30.99,29.99,29.99
2026-02-17T11:20:42Z,paper towels,70100013,Shoreline,WA,98133,FRED,00013,0071981207833,0071981207833,00071981207833,071981207833,Softworks,Softworks Simply Tear Paper Towel Holder,1 ct,29.99,,29.99
2026-02-17T11:20:42Z,paper towels,70100013,Shoreline,WA,98133,FRED,00013,0003040022241,0003040022241,00003040022241,003040022241,Sparkle,Sparkle® Pick-A-Size® Paper Towel Double Rolls,8 rolls,11.99,,11.99
2026-02-17T11:20:42Z,paper towels,70100013,Shoreline,WA,98133,FRED,00013,0003077216071,0003077216071,00003077216071,003077216071,Bounty,Bounty Paper Towels Select-A-Size White 6 Mega Rolls,6 rolls,26.99,23.99,23.99
2026-02-17T11:20:42Z,paper towels,70100013,Shoreline,WA,98133,FRED,00013,0001111010621,0001111010621,00001111010621,001111010621,Kroger,Kroger® Glimmer Select-A-Sheet Paper Towels Double Rolls,2 rolls,2.99,,2.99
2026-02-17T11:20:42Z,paper towels,70100013,Shoreline,WA,98133,FRED,00013,0003600055195,0003600055195,00003600055195,003600055195,Scott,Scott® On-The-Go™ Pop-Up!® Cloths,70 ct,5.99,,5.99
2026-02-17T11:20:42Z,paper towels,70100013,Shoreline,WA,98133,FRED,00013,0088877707647,0088877707647,00088877707647,088877707647,SDS for HD Designs,SDS for HD Designs Acacia & Brass Paper Towel Holder,14 in,16.99,11.89,11.89
2026-02-17T11:20:42Z,paper towels,70100013,Shoreline,WA,98133,FRED,00013,0001111012026,0001111012026,00001111012026,001111012026,Kroger,Kroger® Rugged + Reliable Paper Towels Double Plus Rolls BIG DEAL!,12 rolls,19.99,,19.99
2026-02-17T11:20:42Z,paper towels,70100013,Shoreline,WA,98133,FRED,00013,0001111013577,0001111013577,00001111013577,001111013577,Kroger,Kroger® Rugged + Reliable Paper Towels Double Rolls,4 rolls,7.29,,7.29
2026-02-17T11:20:42Z,paper towels,70100013,Shoreline,WA,98133,FRED,00013,0073291313722,0073291313722,00073291313722,073291313722,Seventh Generation,Seventh Generation 100% Recycled Paper Jumbo Paper Towels,1 roll / 156 ct,4.79,,4.79
2026-02-17T11:20:42Z,paper towels,70100013,Shoreline,WA,98133,FRED,00013,0004200044588,0004200044588,00004200044588,004200044588,Brawny,Brawny® Tear-A-Square® 3-Ply Paper Towel Double Rolls,6 rolls,13.29,11.99,11.99
2026-02-17T11:20:42Z,paper towels,70100013,Shoreline,WA,98133,FRED,00013,0003077215703,0003077215703,00003077215703,003077215703,Bounty,Bounty Paper Towels Select-A-Size White 6 Double Rolls,6 rolls,14.99,,14.99
2026-02-17T11:20:42Z,paper towels,70100013,Shoreline,WA,98133,FRED,00013,0071981261343,0071981261343,00071981261343,071981261343,Softworks,Softworks Steady Paper Towel Holder,1 ct,25.99,,25.99
2026-02-17T11:20:42Z,paper towels,70100013,Shoreline,WA,98133,FRED,00013,0004200044600,0004200044600,00004200044600,004200044600,Brawny,Brawny® Tear-A-Square® 3-Ply Paper Towel Double Rolls,8 rolls,16.79,16.29,16.29
2026-02-17T11:20:42Z,paper towels,70100681,Snohomish,WA,98290,FRED,00681,0003600049413,0003600049413,00003600049413,003600049413,Viva,Viva® Multi-Surface Cloth™ Paper Towels Single Rolls,6 rolls,12.49,10.99,10.99
2026-02-17T11:20:42Z,paper towels,70100681,Snohomish,WA,98290,FRED,00681,0003077215712,0003077215712,00003077215712,003077215712,Bounty,Bounty Paper Towels Select-A-Size White 4 Double Rolls,4 rolls,11.29,,11.29
2026-02-17T11:20:42Z,paper towels,70100681,Snohomish,WA,98290,FRED,00681,0003077216009,0003077216009,00003077216009,003077216009,Bounty,Bounty Paper Towels Select-A-Size White 4 Triple Rolls,4 rolls,14.99,,14.99
2026-02-17T11:20:42Z,paper towels,70100681,Snohomish,WA,98290,FRED,00681,0003040022272,0003040022272,00003040022272,003040022272,Sparkle,Sparkle® Tear-A-Square® Customizable Sheet Size Paper Towels Double Rolls,2 rolls,3.79,,3.79
2026-02-17T11:20:42Z,paper towels,70100681,Snohomish,WA,98290,FRED,00681,0005400075130,0005400075130,00005400075130,005400075130,Scott,Scott® Original Multipurpose Shop Towels - Blue,55ct,3.99,,3.99
2026-02-17T11:20:42Z,paper towels,70100681,Snohomish,WA,98290,FRED,00681,0003077216021,0003077216021,00003077216021,003077216021,Bounty,Bounty Paper Towels Full Sheet White 6 Double Rolls,6 rolls,14.99,,14.99
2026-02-17T11:20:42Z,paper towels,70100681,Snohomish,WA,98290,FRED,00681,0003077216020,0003077216020,00003077216020,003077216020,Bounty,Bounty Paper Towels Select-A-Size White 6 Triple Rolls,6 rolls,21.99,19.99,19.99
2026-02-17T11:20:42Z,paper towels,70100681,Snohomish,WA,98290,FRED,00681,0003077216042,0003077216042,00003077216042,003077216042,Bounty,Bounty Paper Towels Select-A-Size White 2 Triple Rolls,2 rolls,7.99,,7.99
2026-02-17T11:20:42Z,paper towels,70100681,Snohomish,WA,98290,FRED,00681,0003040022276,0003040022276,00003040022276,003040022276,Sparkle,Sparkle® Tear-A-Square® Paper Towel Double Rolls,6 rolls,9.29,7.49,7.49
2026-02-17T11:20:42Z,paper towels,70100681,Snohomish,WA,98290,FRED,00681,0003077219274,0003077219274,00003077219274,003077219274,Bounty,Bounty Paper Towels Select-A-Size White 8 Double Plus Rolls,8 rolls,21.49,,21.49
2026-02-17T11:20:42Z,paper towels,70100681,Snohomish,WA,98290,FRED,00681,0006366836203,0006366836203,00006366836203,006366836203,Green Forest,Green Forest 100% Recycled Size-Your-Own Paper Towels,3 pk,6.29,,6.29
2026-02-17T11:20:42Z,paper towels,70100681,Snohomish,WA,98290,FRED,00681,0076427177011,0076427177011,00076427177011,076427177011,Oggi,OGGI Wallmount Paper Towel Holder,1 ct,11.99,,11.99
2026-02-17T11:20:42Z,paper towels,70100681,Snohomish,WA,98290,FRED,00681,0076427107702,0076427107702,00076427107702,076427107702,OGGI,OGGI Stainless Steel Paper Towel Holder,1 ct,17.99,,17.99
2026-02-17T11:20:42Z,paper towels,70100681,Snohomish,WA,98290,FRED,00681,0086001113901,0086001113901,00086001113901,086001113901,Reel,Reel® Premium Bamboo Paper Towels,6 ct,19.49,,19.49
2026-02-17T11:20:42Z,paper towels,70100681,Snohomish,WA,98290,FRED,00681,0086001113900,0086001113900,00086001113900,086001113900,Reel,Reel® Premium Bamboo Paper Towel Triple Rolls,2 rolls,7.99,,7.99
2026-02-17T11:20:42Z,paper towels,70100681,Snohomish,WA,98290,FRED,00681,0001111011984,0001111011984,00001111011984,001111011984,Kroger,Kroger® Rugged and Reliable Paper Towels Giant Rolls,10 rolls,13.49,,13.49
2026-02-17T11:20:42Z,paper towels,70100681,Snohomish,WA,98290,FRED,00681,0073291313737,0073291313737,00073291313737,073291313737,Seventh Generation,Seventh Generation Unbleached Chlorine Free Paper Towel Rolls,6 rolls,21.99,,21.99
2026-02-17T11:20:42Z,paper towels,70100681,Snohomish,WA,98290,FRED,00681,0019655708688,0019655708688,00019655708688,019655708688,Core,Core Kitchen Paper Towel Holder,1 ct,8.99,,8.99
2026-02-17T11:20:42Z,paper towels,70100681,Snohomish,WA,98290,FRED,00681,0003600038587,0003600038587,00003600038587,003600038587,Kleenex,"Kleenex® Disposable Paper Hand Towels, 1 Box, 60 Towels per Box",60 count,4.29,,4.29
2026-02-17T11:20:42Z,paper towels,70100681,Snohomish,WA,98290,FRED,00681,0003600056532,0003600056532,00003600056532,003600056532,Viva,Viva® Signature Cloth™ Paper Towels Double Rolls,6 rolls,14.29,,14.29
2026-02-17T11:20:42Z,paper towels,70100681,Snohomish,WA,98290,FRED,00681,0004200044576,0004200044576,00004200044576,004200044576,Brawny,Brawny® Tear-A-Square® 3-Ply Paper Towel Triple Rolls,2 rolls,7.49,,7.49
2026-02-17T11:20:42Z,paper towels,70100681,Snohomish,WA,98290,FRED,00681,0003600056535,0003600056535,00003600056535,003600056535,Viva,Viva Signature Cloth Paper Towels Double Rolls,12 rolls,23.49,,23.49
2026-02-17T11:20:42Z,paper towels,70100681,Snohomish,WA,98290,FRED,00681,0003600052499,0003600052499,00003600052499,003600052499,Viva,Viva Multi-Surface Cloth Paper Towels Double Rolls,8 rolls,16.99,14.49,14.49
2026-02-17T11:20:42Z,paper towels,70100681,Snohomish,WA,98290,FRED,00681,0004200044658,0004200044658,00004200044658,004200044658,Brawny,Brawny® Full Sheet 3-Ply Paper Towel Double Rolls,6 rolls,13.29,11.99,11.99
2026-02-17T11:20:42Z,paper towels,70100681,Snohomish,WA,98290,FRED,00681,0004200044579,0004200044579,00004200044579,004200044579,Brawny,Brawny® Tear-A-Square® 3-Ply Paper Towel Double Rolls,4 rolls,10.29,7.49,7.49
2026-02-17T11:20:42Z,paper towels,70100681,Snohomish,WA,98290,FRED,00681,0001111016086,0001111016086,00001111016086,001111016086,Kroger,Kroger® Rugged + Reliable Paper Towels Double Rolls,4 rolls,7.29,,7.29
2026-02-17T11:20:42Z,paper towels,70100681,Snohomish,WA,98290,FRED,00681,0001111016087,0001111016087,00001111016087,001111016087,Kroger,Kroger® Rugged + Reliable Paper Towels Giant Rolls,10 rolls,13.79,,13.79
2026-02-17T11:20:42Z,paper towels,70100681,Snohomish,WA,98290,FRED,00681,0001111014184,0001111014184,00001111014184,001111014184,Kroger,Kroger® Ultra Paper Towels With Absorbing Power Triple Rolls,2 rolls,6.29,,6.29
2026-02-17T11:20:42Z,paper towels,70100681,Snohomish,WA,98290,FRED,00681,0001111016088,0001111016088,00001111016088,001111016088,Kroger,Kroger® Rugged + Reliable Paper Towels Double Plus Rolls BIG DEAL!,12 ct,19.99,,19.99
2026-02-17T11:20:42Z,paper towels,70100681,Snohomish,WA,98290,FRED,00681,0001111014185,0001111014185,00001111014185,001111014185,Kroger,Kroger® Ultra Paper Towels With Absorbing Power Double Rolls,4 rolls,8.49,,8.49
2026-02-17T11:20:42Z,paper towels,70100681,Snohomish,WA,98290,FRED,00681,0003077216014,0003077216014,00003077216014,003077216014,Bounty,"Bounty Paper Towels Select-A-Size White, 8 Triple Rolls, 123 Sheets Per Roll",8 rolls,26.99,23.99,23.99
2026-02-17T11:20:42Z,paper towels,70100681,Snohomish,WA,98290,FRED,00681,0001111014186,0001111014186,00001111014186,001111014186,Kroger,Kroger® Ultra Paper Towels With Absorbing Power Double Rolls,6 rolls,11.29,,11.29
2026-02-17T11:20:42Z,paper towels,70100681,Snohomish,WA,98290,FRED,00681,0001111014187,0001111014187,00001111014187,001111014187,Kroger,Kroger® Ultra Absorbing Power Paper Towels Triple Rolls,8 ct,19.29,,19.29
2026-02-17T11:20:42Z,paper towels,70100681,Snohomish,WA,98290,FRED,00681,0003077215664,0003077215664,00003077215664,003077215664,Bounty,Bounty Paper Towels Select-A-Size White 12 Double Plus Rolls,12 rolls,30.99,29.99,29.99
2026-02-17T11:20:42Z,paper towels,70100681,Snohomish,WA,98290,FRED,00681,0071981207833,0071981207833,00071981207833,071981207833,Softworks,Softworks Simply Tear Paper Towel Holder,1 ct,29.99,,29.99
2026-02-17T11:20:42Z,paper towels,70100681,Snohomish,WA,98290,FRED,00681,0003040022241,0003040022241,00003040022241,003040022241,Sparkle,Sparkle® Pick-A-Size® Paper Towel Double Rolls,8 rolls,11.99,,11.99
2026-02-17T11:20:42Z,paper towels,70100681,Snohomish,WA,98290,FRED,00681,0003077216071,0003077216071,00003077216071,003077216071,Bounty,Bounty Paper Towels Select-A-Size White 6 Mega Rolls,6 rolls,26.99,23.99,23.99
2026-02-17T11:20:42Z,paper towels,70100681,Snohomish,WA,98290,FRED,00681,0001111010621,0001111010621,00001111010621,001111010621,Kroger,Kroger® Glimmer Select-A-Sheet Paper Towels Double Rolls,2 rolls,2.99,,2.99
2026-02-17T11:20:42Z,paper towels,70100681,Snohomish,WA,98290,FRED,00681,0003600055195,0003600055195,00003600055195,003600055195,Scott,Scott® On-The-Go™ Pop-Up!® Cloths,70 ct,5.99,,5.99
2026-02-17T11:20:42Z,paper towels,70100681,Snohomish,WA,98290,FRED,00681,0088877707647,0088877707647,00088877707647,088877707647,SDS for HD Designs,SDS for HD Designs Acacia & Brass Paper Towel Holder,14 in,16.99,11.89,11.89
2026-02-17T11:20:42Z,paper towels,70100681,Snohomish,WA,98290,FRED,00681,0001111012026,0001111012026,00001111012026,001111012026,Kroger,Kroger® Rugged + Reliable Paper Towels Double Plus Rolls BIG DEAL!,12 rolls,19.99,,19.99
2026-02-17T11:20:42Z,paper towels,70100681,Snohomish,WA,98290,FRED,00681,0073291313722,0073291313722,00073291313722,073291313722,Seventh Generation,Seventh Generation 100% Recycled Paper Jumbo Paper Towels,1 roll / 156 ct,4.79,,4.79
2026-02-17T11:20:42Z,paper towels,70100681,Snohomish,WA,98290,FRED,00681,0004200044588,0004200044588,00004200044588,004200044588,Brawny,Brawny® Tear-A-Square® 3-Ply Paper Towel Double Rolls,6 rolls,13.29,11.99,11.99
2026-02-17T11:20:42Z,paper towels,70100681,Snohomish,WA,98290,FRED,00681,0003077215703,0003077215703,00003077215703,003077215703,Bounty,Bounty Paper Towels Select-A-Size White 6 Double Rolls,6 rolls,14.99,,14.99
2026-02-17T11:20:42Z,paper towels,70100681,Snohomish,WA,98290,FRED,00681,0071981261343,0071981261343,00071981261343,071981261343,Softworks,Softworks Steady Paper Towel Holder,1 ct,25.99,,25.99
2026-02-17T11:20:42Z,paper towels,70100681,Snohomish,WA,98290,FRED,00681,0004200044600,0004200044600,00004200044600,004200044600,Brawny,Brawny® Tear-A-Square® 3-Ply Paper Towel Double Rolls,8 rolls,16.79,16.29,16.29
2026-02-17T11:20:42Z,paper towels,70100604,Spanaway,WA,98387,FRED,00604,0003077216009,0003077216009,00003077216009,003077216009,Bounty,Bounty Paper Towels Select-A-Size White 4 Triple Rolls,4 rolls,14.99,,14.99
2026-02-17T11:20:42Z,paper towels,70100604,Spanaway,WA,98387,FRED,00604,0003600049413,0003600049413,00003600049413,003600049413,Viva,Viva® Multi-Surface Cloth™ Paper Towels Single Rolls,6 rolls,12.49,10.99,10.99
2026-02-17T11:20:42Z,paper towels,70100604,Spanaway,WA,98387,FRED,00604,0003077215712,0003077215712,00003077215712,003077215712,Bounty,Bounty Paper Towels Select-A-Size White 4 Double Rolls,4 rolls,11.29,,11.29
2026-02-17T11:20:42Z,paper towels,70100604,Spanaway,WA,98387,FRED,00604,0005400075130,0005400075130,00005400075130,005400075130,Scott,Scott® Original Multipurpose Shop Towels - Blue,55ct,1.99,,1.99
2026-02-17T11:20:42Z,paper towels,70100604,Spanaway,WA,98387,FRED,00604,0003040022272,0003040022272,00003040022272,003040022272,Sparkle,Sparkle® Tear-A-Square® Customizable Sheet Size Paper Towels Double Rolls,2 rolls,3.79,,3.79
2026-02-17T11:20:42Z,paper towels,70100604,Spanaway,WA,98387,FRED,00604,0003077216021,0003077216021,00003077216021,003077216021,Bounty,Bounty Paper Towels Full Sheet White 6 Double Rolls,6 rolls,14.99,,14.99
2026-02-17T11:20:42Z,paper towels,70100604,Spanaway,WA,98387,FRED,00604,0003077216042,0003077216042,00003077216042,003077216042,Bounty,Bounty Paper Towels Select-A-Size White 2 Triple Rolls,2 rolls,7.99,,7.99
2026-02-17T11:20:42Z,paper towels,70100604,Spanaway,WA,98387,FRED,00604,0003077216020,0003077216020,00003077216020,003077216020,Bounty,Bounty Paper Towels Select-A-Size White 6 Triple Rolls,6 rolls,21.99,19.99,19.99
2026-02-17T11:20:42Z,paper towels,70100604,Spanaway,WA,98387,FRED,00604,0003040022276,0003040022276,00003040022276,003040022276,Sparkle,Sparkle® Tear-A-Square® Paper Towel Double Rolls,6 rolls,9.29,7.49,7.49
2026-02-17T11:20:42Z,paper towels,70100604,Spanaway,WA,98387,FRED,00604,0003077219274,0003077219274,00003077219274,003077219274,Bounty,Bounty Paper Towels Select-A-Size White 8 Double Plus Rolls,8 rolls,21.49,,21.49
2026-02-17T11:20:42Z,paper towels,70100604,Spanaway,WA,98387,FRED,00604,0006366836203,0006366836203,00006366836203,006366836203,Green Forest,Green Forest 100% Recycled Size-Your-Own Paper Towels,3 pk,6.29,,6.29
2026-02-17T11:20:42Z,paper towels,70100604,Spanaway,WA,98387,FRED,00604,0076427107702,0076427107702,00076427107702,076427107702,OGGI,OGGI Stainless Steel Paper Towel Holder,1 ct,17.99,,17.99
2026-02-17T11:20:42Z,paper towels,70100604,Spanaway,WA,98387,FRED,00604,0076427177011,0076427177011,00076427177011,076427177011,Oggi,OGGI Wallmount Paper Towel Holder,1 ct,11.99,,11.99
2026-02-17T11:20:42Z,paper towels,70100604,Spanaway,WA,98387,FRED,00604,0086001113901,0086001113901,00086001113901,086001113901,Reel,Reel® Premium Bamboo Paper Towels,6 ct,19.49,,19.49
2026-02-17T11:20:42Z,paper towels,70100604,Spanaway,WA,98387,FRED,00604,0086001113900,0086001113900,00086001113900,086001113900,Reel,Reel® Premium Bamboo Paper Towel Triple Rolls,2 rolls,7.99,,7.99
2026-02-17T11:20:42Z,paper towels,70100604,Spanaway,WA,98387,FRED,00604,0001111011984,0001111011984,00001111011984,001111011984,Kroger,Kroger® Rugged and Reliable Paper Towels Giant Rolls,10 rolls,13.49,,13.49
2026-02-17T11:20:42Z,paper towels,70100604,Spanaway,WA,98387,FRED,00604,0073291313737,0073291313737,00073291313737,073291313737,Seventh Generation,Seventh Generation Unbleached Chlorine Free Paper Towel Rolls,6 rolls,21.99,,21.99
2026-02-17T11:20:42Z,paper towels,70100604,Spanaway,WA,98387,FRED,00604,0019655708688,0019655708688,00019655708688,019655708688,Core,Core Kitchen Paper Towel Holder,1 ct,8.99,,8.99
2026-02-17T11:20:42Z,paper towels,70100604,Spanaway,WA,98387,FRED,00604,0003600056532,0003600056532,00003600056532,003600056532,Viva,Viva® Signature Cloth™ Paper Towels Double Rolls,6 rolls,14.29,,14.29
2026-02-17T11:20:42Z,paper towels,70100604,Spanaway,WA,98387,FRED,00604,0003600038587,0003600038587,00003600038587,003600038587,Kleenex,"Kleenex® Disposable Paper Hand Towels, 1 Box, 60 Towels per Box",60 count,4.29,,4.29
2026-02-17T11:20:42Z,paper towels,70100604,Spanaway,WA,98387,FRED,00604,0004200044576,0004200044576,00004200044576,004200044576,Brawny,Brawny® Tear-A-Square® 3-Ply Paper Towel Triple Rolls,2 rolls,7.49,,7.49
2026-02-17T11:20:42Z,paper towels,70100604,Spanaway,WA,98387,FRED,00604,0003600056535,0003600056535,00003600056535,003600056535,Viva,Viva Signature Cloth Paper Towels Double Rolls,12 rolls,23.49,,23.49
2026-02-17T11:20:42Z,paper towels,70100604,Spanaway,WA,98387,FRED,00604,0003600052499,0003600052499,00003600052499,003600052499,Viva,Viva Multi-Surface Cloth Paper Towels Double Rolls,8 rolls,16.99,14.49,14.49
2026-02-17T11:20:42Z,paper towels,70100604,Spanaway,WA,98387,FRED,00604,0004200044658,0004200044658,00004200044658,004200044658,Brawny,Brawny® Full Sheet 3-Ply Paper Towel Double Rolls,6 rolls,13.29,11.99,11.99
2026-02-17T11:20:42Z,paper towels,70100604,Spanaway,WA,98387,FRED,00604,0004200044579,0004200044579,00004200044579,004200044579,Brawny,Brawny® Tear-A-Square® 3-Ply Paper Towel Double Rolls,4 rolls,10.29,7.49,7.49
2026-02-17T11:20:42Z,paper towels,70100604,Spanaway,WA,98387,FRED,00604,0001111016086,0001111016086,00001111016086,001111016086,Kroger,Kroger® Rugged + Reliable Paper Towels Double Rolls,4 rolls,7.29,,7.29
2026-02-17T11:20:42Z,paper towels,70100604,Spanaway,WA,98387,FRED,00604,0001111016087,0001111016087,00001111016087,001111016087,Kroger,Kroger® Rugged + Reliable Paper Towels Giant Rolls,10 rolls,13.79,,13.79
2026-02-17T11:20:42Z,paper towels,70100604,Spanaway,WA,98387,FRED,00604,0001111014184,0001111014184,00001111014184,001111014184,Kroger,Kroger® Ultra Paper Towels With Absorbing Power Triple Rolls,2 rolls,6.29,,6.29
2026-02-17T11:20:42Z,paper towels,70100604,Spanaway,WA,98387,FRED,00604,0001111016088,0001111016088,00001111016088,001111016088,Kroger,Kroger® Rugged + Reliable Paper Towels Double Plus Rolls BIG DEAL!,12 ct,19.99,,19.99
2026-02-17T11:20:42Z,paper towels,70100604,Spanaway,WA,98387,FRED,00604,0001111014185,0001111014185,00001111014185,001111014185,Kroger,Kroger® Ultra Paper Towels With Absorbing Power Double Rolls,4 rolls,8.49,,8.49
2026-02-17T11:20:42Z,paper towels,70100604,Spanaway,WA,98387,FRED,00604,0001111014186,0001111014186,00001111014186,001111014186,Kroger,Kroger® Ultra Paper Towels With Absorbing Power Double Rolls,6 rolls,11.29,,11.29
2026-02-17T11:20:42Z,paper towels,70100604,Spanaway,WA,98387,FRED,00604,0003077216014,0003077216014,00003077216014,003077216014,Bounty,"Bounty Paper Towels Select-A-Size White, 8 Triple Rolls, 123 Sheets Per Roll",8 rolls,26.99,23.99,23.99
2026-02-17T11:20:42Z,paper towels,70100604,Spanaway,WA,98387,FRED,00604,0001111014187,0001111014187,00001111014187,001111014187,Kroger,Kroger® Ultra Absorbing Power Paper Towels Triple Rolls,8 ct,19.29,,19.29
2026-02-17T11:20:42Z,paper towels,70100604,Spanaway,WA,98387,FRED,00604,0003077215664,0003077215664,00003077215664,003077215664,Bounty,Bounty Paper Towels Select-A-Size White 12 Double Plus Rolls,12 rolls,30.99,29.99,29.99
2026-02-17T11:20:42Z,paper towels,70100604,Spanaway,WA,98387,FRED,00604,0071981207833,0071981207833,00071981207833,071981207833,Softworks,Softworks Simply Tear Paper Towel Holder,1 ct,29.99,,29.99
2026-02-17T11:20:42Z,paper towels,70100604,Spanaway,WA,98387,FRED,00604,0003040022241,0003040022241,00003040022241,003040022241,Sparkle,Sparkle® Pick-A-Size® Paper Towel Double Rolls,8 rolls,11.99,,11.99
2026-02-17T11:20:42Z,paper towels,70100604,Spanaway,WA,98387,FRED,00604,0003077216071,0003077216071,00003077216071,003077216071,Bounty,Bounty Paper Towels Select-A-Size White 6 Mega Rolls,6 rolls,26.99,23.99,23.99
2026-02-17T11:20:42Z,paper towels,70100604,Spanaway,WA,98387,FRED,00604,0001111010621,0001111010621,00001111010621,001111010621,Kroger,Kroger® Glimmer Select-A-Sheet Paper Towels Double Rolls,2 rolls,2.99,,2.99
2026-02-17T11:20:42Z,paper towels,70100604,Spanaway,WA,98387,FRED,00604,0088877707647,0088877707647,00088877707647,088877707647,SDS for HD Designs,SDS for HD Designs Acacia & Brass Paper Towel Holder,14 in,16.99,11.89,11.89
2026-02-17T11:20:42Z,paper towels,70100604,Spanaway,WA,98387,FRED,00604,0001111013577,0001111013577,00001111013577,001111013577,Kroger,Kroger® Rugged + Reliable Paper Towels Double Rolls,4 rolls,7.29,,7.29
2026-02-17T11:20:42Z,paper towels,70100604,Spanaway,WA,98387,FRED,00604,0001111012026,0001111012026,00001111012026,001111012026,Kroger,Kroger® Rugged + Reliable Paper Towels Double Plus Rolls BIG DEAL!,12 rolls,19.99,,19.99
2026-02-17T11:20:42Z,paper towels,70100604,Spanaway,WA,98387,FRED,00604,0073291313722,0073291313722,00073291313722,073291313722,Seventh Generation,Seventh Generation 100% Recycled Paper Jumbo Paper Towels,1 roll / 156 ct,4.79,,4.79
2026-02-17T11:20:42Z,paper towels,70100604,Spanaway,WA,98387,FRED,00604,0004200044588,0004200044588,00004200044588,004200044588,Brawny,Brawny® Tear-A-Square® 3-Ply Paper Towel Double Rolls,6 rolls,13.29,11.99,11.99
2026-02-17T11:20:42Z,paper towels,70100604,Spanaway,WA,98387,FRED,00604,0003077215703,0003077215703,00003077215703,003077215703,Bounty,Bounty Paper Towels Select-A-Size White 6 Double Rolls,6 rolls,14.99,,14.99
2026-02-17T11:20:42Z,paper towels,70100604,Spanaway,WA,98387,FRED,00604,0071981261343,0071981261343,00071981261343,071981261343,Softworks,Softworks Steady Paper Towel Holder,1 ct,25.99,,25.99
2026-02-17T11:20:42Z,paper towels,70100604,Spanaway,WA,98387,FRED,00604,0004200044600,0004200044600,00004200044600,004200044600,Brawny,Brawny® Tear-A-Square® 3-Ply Paper Towel Double Rolls,8 rolls,16.79,16.29,16.29
2026-02-17T11:20:42Z,paper towels,70100214,Spokane,WA,99218,FRED,00214,0003600049413,0003600049413,00003600049413,003600049413,Viva,Viva® Multi-Surface Cloth™ Paper Towels Single Rolls,6 rolls,12.29,10.79,10.79
2026-02-17T11:20:42Z,paper towels,70100214,Spokane,WA,99218,FRED,00214,0003077215712,0003077215712,00003077215712,003077215712,Bounty,Bounty Paper Towels Select-A-Size White 4 Double Rolls,4 rolls,10.99,,10.99
2026-02-17T11:20:42Z,paper towels,70100214,Spokane,WA,99218,FRED,00214,0003077216009,0003077216009,00003077216009,003077216009,Bounty,Bounty Paper Towels Select-A-Size White 4 Triple Rolls,4 rolls,14.99,,14.99
2026-02-17T11:20:42Z,paper towels,70100214,Spokane,WA,99218,FRED,00214,0003040022272,0003040022272,00003040022272,003040022272,Sparkle,Sparkle® Tear-A-Square® Customizable Sheet Size Paper Towels Double Rolls,2 rolls,3.69,,3.69
2026-02-17T11:20:42Z,paper towels,70100214,Spokane,WA,99218,FRED,00214,0005400075130,0005400075130,00005400075130,005400075130,Scott,Scott® Original Multipurpose Shop Towels - Blue,55ct,3.99,,3.99
2026-02-17T11:20:42Z,paper towels,70100214,Spokane,WA,99218,FRED,00214,0003077216021,0003077216021,00003077216021,003077216021,Bounty,Bounty Paper Towels Full Sheet White 6 Double Rolls,6 rolls,14.99,,14.99
2026-02-17T11:20:42Z,paper towels,70100214,Spokane,WA,99218,FRED,00214,0003077216020,0003077216020,00003077216020,003077216020,Bounty,Bounty Paper Towels Select-A-Size White 6 Triple Rolls,6 rolls,21.49,19.49,19.49
2026-02-17T11:20:42Z,paper towels,70100214,Spokane,WA,99218,FRED,00214,0003077216042,0003077216042,00003077216042,003077216042,Bounty,Bounty Paper Towels Select-A-Size White 2 Triple Rolls,2 rolls,7.99,,7.99
2026-02-17T11:20:42Z,paper towels,70100214,Spokane,WA,99218,FRED,00214,0003040022276,0003040022276,00003040022276,003040022276,Sparkle,Sparkle® Tear-A-Square® Paper Towel Double Rolls,6 rolls,8.99,7.49,7.49
2026-02-17T11:20:42Z,paper towels,70100214,Spokane,WA,99218,FRED,00214,0003077219274,0003077219274,00003077219274,003077219274,Bounty,Bounty Paper Towels Select-A-Size White 8 Double Plus Rolls,8 rolls,20.99,,20.99
2026-02-17T11:20:42Z,paper towels,70100214,Spokane,WA,99218,FRED,00214,0006366836203,0006366836203,00006366836203,006366836203,Green Forest,Green Forest 100% Recycled Size-Your-Own Paper Towels,3 pk,6.29,,6.29
2026-02-17T11:20:42Z,paper towels,70100214,Spokane,WA,99218,FRED,00214,0076427177011,0076427177011,00076427177011,076427177011,Oggi,OGGI Wallmount Paper Towel Holder,1 ct,11.99,,11.99
2026-02-17T11:20:42Z,paper towels,70100214,Spokane,WA,99218,FRED,00214,0076427107702,0076427107702,00076427107702,076427107702,OGGI,OGGI Stainless Steel Paper Towel Holder,1 ct,17.99,,17.99
2026-02-17T11:20:42Z,paper towels,70100214,Spokane,WA,99218,FRED,00214,0086001113901,0086001113901,00086001113901,086001113901,Reel,Reel® Premium Bamboo Paper Towels,6 ct,19.29,,19.29
2026-02-17T11:20:42Z,paper towels,70100214,Spokane,WA,99218,FRED,00214,0086001113900,0086001113900,00086001113900,086001113900,Reel,Reel® Premium Bamboo Paper Towel Triple Rolls,2 rolls,7.99,,7.99
2026-02-17T11:20:42Z,paper towels,70100214,Spokane,WA,99218,FRED,00214,0073291313737,0073291313737,00073291313737,073291313737,Seventh Generation,Seventh Generation Unbleached Chlorine Free Paper Towel Rolls,6 rolls,21.99,,21.99
2026-02-17T11:20:42Z,paper towels,70100214,Spokane,WA,99218,FRED,00214,0001111011984,0001111011984,00001111011984,001111011984,Kroger,Kroger® Rugged and Reliable Paper Towels Giant Rolls,10 rolls,13.49,,13.49
2026-02-17T11:20:42Z,paper towels,70100214,Spokane,WA,99218,FRED,00214,0019655708688,0019655708688,00019655708688,019655708688,Core,Core Kitchen Paper Towel Holder,1 ct,8.99,,8.99
2026-02-17T11:20:42Z,paper towels,70100214,Spokane,WA,99218,FRED,00214,0003600056532,0003600056532,00003600056532,003600056532,Viva,Viva® Signature Cloth™ Paper Towels Double Rolls,6 rolls,14.29,,14.29
2026-02-17T11:20:42Z,paper towels,70100214,Spokane,WA,99218,FRED,00214,0003600038587,0003600038587,00003600038587,003600038587,Kleenex,"Kleenex® Disposable Paper Hand Towels, 1 Box, 60 Towels per Box",60 count,4.19,,4.19
2026-02-17T11:20:42Z,paper towels,70100214,Spokane,WA,99218,FRED,00214,0004200044576,0004200044576,00004200044576,004200044576,Brawny,Brawny® Tear-A-Square® 3-Ply Paper Towel Triple Rolls,2 rolls,7.49,,7.49
2026-02-17T11:20:42Z,paper towels,70100214,Spokane,WA,99218,FRED,00214,0003600056535,0003600056535,00003600056535,003600056535,Viva,Viva Signature Cloth Paper Towels Double Rolls,12 rolls,23.49,,23.49
2026-02-17T11:20:42Z,paper towels,70100214,Spokane,WA,99218,FRED,00214,0003600052499,0003600052499,00003600052499,003600052499,Viva,Viva Multi-Surface Cloth Paper Towels Double Rolls,8 rolls,16.79,14.49,14.49
2026-02-17T11:20:42Z,paper towels,70100214,Spokane,WA,99218,FRED,00214,0004200044658,0004200044658,00004200044658,004200044658,Brawny,Brawny® Full Sheet 3-Ply Paper Towel Double Rolls,6 rolls,12.99,11.99,11.99
2026-02-17T11:20:42Z,paper towels,70100214,Spokane,WA,99218,FRED,00214,0004200044579,0004200044579,00004200044579,004200044579,Brawny,Brawny® Tear-A-Square® 3-Ply Paper Towel Double Rolls,4 rolls,9.99,7.49,7.49
2026-02-17T11:20:42Z,paper towels,70100214,Spokane,WA,99218,FRED,00214,0001111016086,0001111016086,00001111016086,001111016086,Kroger,Kroger® Rugged + Reliable Paper Towels Double Rolls,4 rolls,7.29,,7.29
2026-02-17T11:20:42Z,paper towels,70100214,Spokane,WA,99218,FRED,00214,0001111014184,0001111014184,00001111014184,001111014184,Kroger,Kroger® Ultra Paper Towels With Absorbing Power Triple Rolls,2 rolls,6.29,,6.29
2026-02-17T11:20:42Z,paper towels,70100214,Spokane,WA,99218,FRED,00214,0001111016087,0001111016087,00001111016087,001111016087,Kroger,Kroger® Rugged + Reliable Paper Towels Giant Rolls,10 rolls,13.49,,13.49
2026-02-17T11:20:42Z,paper towels,70100214,Spokane,WA,99218,FRED,00214,0001111016088,0001111016088,00001111016088,001111016088,Kroger,Kroger® Rugged + Reliable Paper Towels Double Plus Rolls BIG DEAL!,12 ct,19.99,,19.99
2026-02-17T11:20:42Z,paper towels,70100214,Spokane,WA,99218,FRED,00214,0001111014185,0001111014185,00001111014185,001111014185,Kroger,Kroger® Ultra Paper Towels With Absorbing Power Double Rolls,4 rolls,8.29,,8.29
2026-02-17T11:20:42Z,paper towels,70100214,Spokane,WA,99218,FRED,00214,0003077216014,0003077216014,00003077216014,003077216014,Bounty,"Bounty Paper Towels Select-A-Size White, 8 Triple Rolls, 123 Sheets Per Roll",8 rolls,26.99,23.99,23.99
2026-02-17T11:20:42Z,paper towels,70100214,Spokane,WA,99218,FRED,00214,0001111014186,0001111014186,00001111014186,001111014186,Kroger,Kroger® Ultra Paper Towels With Absorbing Power Double Rolls,6 rolls,10.99,,10.99
2026-02-17T11:20:42Z,paper towels,70100214,Spokane,WA,99218,FRED,00214,0001111014187,0001111014187,00001111014187,001111014187,Kroger,Kroger® Ultra Absorbing Power Paper Towels Triple Rolls,8 ct,18.99,,18.99
2026-02-17T11:20:42Z,paper towels,70100214,Spokane,WA,99218,FRED,00214,0071981207833,0071981207833,00071981207833,071981207833,Softworks,Softworks Simply Tear Paper Towel Holder,1 ct,29.99,,29.99
2026-02-17T11:20:42Z,paper towels,70100214,Spokane,WA,99218,FRED,00214,0003077215664,0003077215664,00003077215664,003077215664,Bounty,Bounty Paper Towels Select-A-Size White 12 Double Plus Rolls,12 rolls,29.99,,29.99
2026-02-17T11:20:42Z,paper towels,70100214,Spokane,WA,99218,FRED,00214,0003040022241,0003040022241,00003040022241,003040022241,Sparkle,Sparkle® Pick-A-Size® Paper Towel Double Rolls,8 rolls,11.79,,11.79
2026-02-17T11:20:42Z,paper towels,70100214,Spokane,WA,99218,FRED,00214,0003077216071,0003077216071,00003077216071,003077216071,Bounty,Bounty Paper Towels Select-A-Size White 6 Mega Rolls,6 rolls,26.99,23.99,23.99
2026-02-17T11:20:42Z,paper towels,70100214,Spokane,WA,99218,FRED,00214,0001111010621,0001111010621,00001111010621,001111010621,Kroger,Kroger® Glimmer Select-A-Sheet Paper Towels Double Rolls,2 rolls,2.99,,2.99
2026-02-17T11:20:42Z,paper towels,70100214,Spokane,WA,99218,FRED,00214,0003600055195,0003600055195,00003600055195,003600055195,Scott,Scott® On-The-Go™ Pop-Up!® Cloths,70 ct,5.99,,5.99
2026-02-17T11:20:42Z,paper towels,70100214,Spokane,WA,99218,FRED,00214,0088877707647,0088877707647,00088877707647,088877707647,SDS for HD Designs,SDS for HD Designs Acacia & Brass Paper Towel Holder,14 in,16.99,11.89,11.89
2026-02-17T11:20:42Z,paper towels,70100214,Spokane,WA,99218,FRED,00214,0001111012026,0001111012026,00001111012026,001111012026,Kroger,Kroger® Rugged + Reliable Paper Towels Double Plus Rolls BIG DEAL!,12 rolls,19.99,,19.99
2026-02-17T11:20:42Z,paper towels,70100214,Spokane,WA,99218,FRED,00214,0073291313722,0073291313722,00073291313722,073291313722,Seventh Generation,Seventh Generation 100% Recycled Paper Jumbo Paper Towels,1 roll / 156 ct,4.79,,4.79
2026-02-17T11:20:42Z,paper towels,70100214,Spokane,WA,99218,FRED,00214,0004200044588,0004200044588,00004200044588,004200044588,Brawny,Brawny® Tear-A-Square® 3-Ply Paper Towel Double Rolls,6 rolls,12.99,11.99,11.99
2026-02-17T11:20:42Z,paper towels,70100214,Spokane,WA,99218,FRED,00214,0003077215703,0003077215703,00003077215703,003077215703,Bounty,Bounty Paper Towels Select-A-Size White 6 Double Rolls,6 rolls,14.99,,14.99
2026-02-17T11:20:42Z,paper towels,70100214,Spokane,WA,99218,FRED,00214,0071981261343,0071981261343,00071981261343,071981261343,Softworks,Softworks Steady Paper Towel Holder,1 ct,25.99,,25.99
2026-02-17T11:20:42Z,paper towels,70100214,Spokane,WA,99218,FRED,00214,0004200044600,0004200044600,00004200044600,004200044600,Brawny,Brawny® Tear-A-Square® 3-Ply Paper Towel Double Rolls,8 rolls,16.49,15.99,15.99
2026-02-17T11:20:42Z,paper towels,70100657,Spokane,WA,99202,FRED,00657,0003077215712,0003077215712,00003077215712,003077215712,Bounty,Bounty Paper Towels Select-A-Size White 4 Double Rolls,4 rolls,10.99,,10.99
2026-02-17T11:20:42Z,paper towels,70100657,Spokane,WA,99202,FRED,00657,0003077216009,0003077216009,00003077216009,003077216009,Bounty,Bounty Paper Towels Select-A-Size White 4 Triple Rolls,4 rolls,14.99,,14.99
2026-02-17T11:20:42Z,paper towels,70100657,Spokane,WA,99202,FRED,00657,0003600049413,0003600049413,00003600049413,003600049413,Viva,Viva® Multi-Surface Cloth™ Paper Towels Single Rolls,6 rolls,12.29,10.79,10.79
2026-02-17T11:20:42Z,paper towels,70100657,Spokane,WA,99202,FRED,00657,0003040022272,0003040022272,00003040022272,003040022272,Sparkle,Sparkle® Tear-A-Square® Customizable Sheet Size Paper Towels Double Rolls,2 rolls,3.69,,3.69
2026-02-17T11:20:42Z,paper towels,70100657,Spokane,WA,99202,FRED,00657,0005400075130,0005400075130,00005400075130,005400075130,Scott,Scott® Original Multipurpose Shop Towels - Blue,55ct,3.99,,3.99
2026-02-17T11:20:42Z,paper towels,70100657,Spokane,WA,99202,FRED,00657,0003077216021,0003077216021,00003077216021,003077216021,Bounty,Bounty Paper Towels Full Sheet White 6 Double Rolls,6 rolls,14.99,,14.99
2026-02-17T11:20:42Z,paper towels,70100657,Spokane,WA,99202,FRED,00657,0003077216042,0003077216042,00003077216042,003077216042,Bounty,Bounty Paper Towels Select-A-Size White 2 Triple Rolls,2 rolls,7.99,,7.99
2026-02-17T11:20:42Z,paper towels,70100657,Spokane,WA,99202,FRED,00657,0003077216020,0003077216020,00003077216020,003077216020,Bounty,Bounty Paper Towels Select-A-Size White 6 Triple Rolls,6 rolls,21.49,19.49,19.49
2026-02-17T11:20:42Z,paper towels,70100657,Spokane,WA,99202,FRED,00657,0003040022276,0003040022276,00003040022276,003040022276,Sparkle,Sparkle® Tear-A-Square® Paper Towel Double Rolls,6 rolls,8.99,7.49,7.49
2026-02-17T11:20:42Z,paper towels,70100657,Spokane,WA,99202,FRED,00657,0003077219274,0003077219274,00003077219274,003077219274,Bounty,Bounty Paper Towels Select-A-Size White 8 Double Plus Rolls,8 rolls,20.99,,20.99
2026-02-17T11:20:42Z,paper towels,70100657,Spokane,WA,99202,FRED,00657,0006366836203,0006366836203,00006366836203,006366836203,Green Forest,Green Forest 100% Recycled Size-Your-Own Paper Towels,3 pk,6.29,,6.29
2026-02-17T11:20:42Z,paper towels,70100657,Spokane,WA,99202,FRED,00657,0076427177011,0076427177011,00076427177011,076427177011,Oggi,OGGI Wallmount Paper Towel Holder,1 ct,11.99,,11.99
2026-02-17T11:20:42Z,paper towels,70100657,Spokane,WA,99202,FRED,00657,0076427107702,0076427107702,00076427107702,076427107702,OGGI,OGGI Stainless Steel Paper Towel Holder,1 ct,17.99,,17.99
2026-02-17T11:20:42Z,paper towels,70100657,Spokane,WA,99202,FRED,00657,0086001113901,0086001113901,00086001113901,086001113901,Reel,Reel® Premium Bamboo Paper Towels,6 ct,19.29,,19.29
2026-02-17T11:20:42Z,paper towels,70100657,Spokane,WA,99202,FRED,00657,0086001113900,0086001113900,00086001113900,086001113900,Reel,Reel® Premium Bamboo Paper Towel Triple Rolls,2 rolls,7.99,,7.99
2026-02-17T11:20:42Z,paper towels,70100657,Spokane,WA,99202,FRED,00657,0001111011984,0001111011984,00001111011984,001111011984,Kroger,Kroger® Rugged and Reliable Paper Towels Giant Rolls,10 rolls,13.49,,13.49
2026-02-17T11:20:42Z,paper towels,70100657,Spokane,WA,99202,FRED,00657,0073291313737,0073291313737,00073291313737,073291313737,Seventh Generation,Seventh Generation Unbleached Chlorine Free Paper Towel Rolls,6 rolls,21.99,,21.99
2026-02-17T11:20:42Z,paper towels,70100657,Spokane,WA,99202,FRED,00657,0019655708688,0019655708688,00019655708688,019655708688,Core,Core Kitchen Paper Towel Holder,1 ct,8.99,,8.99
2026-02-17T11:20:42Z,paper towels,70100657,Spokane,WA,99202,FRED,00657,0003600038587,0003600038587,00003600038587,003600038587,Kleenex,"Kleenex® Disposable Paper Hand Towels, 1 Box, 60 Towels per Box",60 count,4.19,,4.19
2026-02-17T11:20:42Z,paper towels,70100657,Spokane,WA,99202,FRED,00657,0003600056532,0003600056532,00003600056532,003600056532,Viva,Viva® Signature Cloth™ Paper Towels Double Rolls,6 rolls,14.29,,14.29
2026-02-17T11:20:42Z,paper towels,70100657,Spokane,WA,99202,FRED,00657,0004200044576,0004200044576,00004200044576,004200044576,Brawny,Brawny® Tear-A-Square® 3-Ply Paper Towel Triple Rolls,2 rolls,7.49,,7.49
2026-02-17T11:20:42Z,paper towels,70100657,Spokane,WA,99202,FRED,00657,0003600056535,0003600056535,00003600056535,003600056535,Viva,Viva Signature Cloth Paper Towels Double Rolls,12 rolls,23.49,,23.49
2026-02-17T11:20:42Z,paper towels,70100657,Spokane,WA,99202,FRED,00657,0003600052499,0003600052499,00003600052499,003600052499,Viva,Viva Multi-Surface Cloth Paper Towels Double Rolls,8 rolls,16.79,14.49,14.49
2026-02-17T11:20:42Z,paper towels,70100657,Spokane,WA,99202,FRED,00657,0004200044658,0004200044658,00004200044658,004200044658,Brawny,Brawny® Full Sheet 3-Ply Paper Towel Double Rolls,6 rolls,12.99,11.99,11.99
2026-02-17T11:20:42Z,paper towels,70100657,Spokane,WA,99202,FRED,00657,0004200044579,0004200044579,00004200044579,004200044579,Brawny,Brawny® Tear-A-Square® 3-Ply Paper Towel Double Rolls,4 rolls,9.99,7.49,7.49
2026-02-17T11:20:42Z,paper towels,70100657,Spokane,WA,99202,FRED,00657,0001111016086,0001111016086,00001111016086,001111016086,Kroger,Kroger® Rugged + Reliable Paper Towels Double Rolls,4 rolls,7.29,,7.29
2026-02-17T11:20:42Z,paper towels,70100657,Spokane,WA,99202,FRED,00657,0001111014184,0001111014184,00001111014184,001111014184,Kroger,Kroger® Ultra Paper Towels With Absorbing Power Triple Rolls,2 rolls,6.29,,6.29
2026-02-17T11:20:42Z,paper towels,70100657,Spokane,WA,99202,FRED,00657,0001111016087,0001111016087,00001111016087,001111016087,Kroger,Kroger® Rugged + Reliable Paper Towels Giant Rolls,10 rolls,13.49,,13.49
2026-02-17T11:20:42Z,paper towels,70100657,Spokane,WA,99202,FRED,00657,0001111014185,0001111014185,00001111014185,001111014185,Kroger,Kroger® Ultra Paper Towels With Absorbing Power Double Rolls,4 rolls,8.29,,8.29
2026-02-17T11:20:42Z,paper towels,70100657,Spokane,WA,99202,FRED,00657,0001111016088,0001111016088,00001111016088,001111016088,Kroger,Kroger® Rugged + Reliable Paper Towels Double Plus Rolls BIG DEAL!,12 ct,19.99,,19.99
2026-02-17T11:20:42Z,paper towels,70100657,Spokane,WA,99202,FRED,00657,0003077216014,0003077216014,00003077216014,003077216014,Bounty,"Bounty Paper Towels Select-A-Size White, 8 Triple Rolls, 123 Sheets Per Roll",8 rolls,26.99,23.99,23.99
2026-02-17T11:20:42Z,paper towels,70100657,Spokane,WA,99202,FRED,00657,0001111014186,0001111014186,00001111014186,001111014186,Kroger,Kroger® Ultra Paper Towels With Absorbing Power Double Rolls,6 rolls,10.99,,10.99
2026-02-17T11:20:42Z,paper towels,70100657,Spokane,WA,99202,FRED,00657,0001111014187,0001111014187,00001111014187,001111014187,Kroger,Kroger® Ultra Absorbing Power Paper Towels Triple Rolls,8 ct,18.99,,18.99
2026-02-17T11:20:42Z,paper towels,70100657,Spokane,WA,99202,FRED,00657,0071981207833,0071981207833,00071981207833,071981207833,Softworks,Softworks Simply Tear Paper Towel Holder,1 ct,29.99,,29.99
2026-02-17T11:20:42Z,paper towels,70100657,Spokane,WA,99202,FRED,00657,0003077215664,0003077215664,00003077215664,003077215664,Bounty,Bounty Paper Towels Select-A-Size White 12 Double Plus Rolls,12 rolls,29.99,,29.99
2026-02-17T11:20:42Z,paper towels,70100657,Spokane,WA,99202,FRED,00657,0003040022241,0003040022241,00003040022241,003040022241,Sparkle,Sparkle® Pick-A-Size® Paper Towel Double Rolls,8 rolls,11.79,,11.79
2026-02-17T11:20:42Z,paper towels,70100657,Spokane,WA,99202,FRED,00657,0003077216071,0003077216071,00003077216071,003077216071,Bounty,Bounty Paper Towels Select-A-Size White 6 Mega Rolls,6 rolls,26.99,23.99,23.99
2026-02-17T11:20:42Z,paper towels,70100657,Spokane,WA,99202,FRED,00657,0001111010621,0001111010621,00001111010621,001111010621,Kroger,Kroger® Glimmer Select-A-Sheet Paper Towels Double Rolls,2 rolls,2.99,,2.99
2026-02-17T11:20:42Z,paper towels,70100657,Spokane,WA,99202,FRED,00657,0088877707647,0088877707647,00088877707647,088877707647,SDS for HD Designs,SDS for HD Designs Acacia & Brass Paper Towel Holder,14 in,16.99,11.89,11.89
2026-02-17T11:20:42Z,paper towels,70100657,Spokane,WA,99202,FRED,00657,0001111012026,0001111012026,00001111012026,001111012026,Kroger,Kroger® Rugged + Reliable Paper Towels Double Plus Rolls BIG DEAL!,12 rolls,19.99,,19.99
2026-02-17T11:20:42Z,paper towels,70100657,Spokane,WA,99202,FRED,00657,0073291313722,0073291313722,00073291313722,073291313722,Seventh Generation,Seventh Generation 100% Recycled Paper Jumbo Paper Towels,1 roll / 156 ct,4.79,,4.79
2026-02-17T11:20:42Z,paper towels,70100657,Spokane,WA,99202,FRED,00657,0004200044588,0004200044588,00004200044588,004200044588,Brawny,Brawny® Tear-A-Square® 3-Ply Paper Towel Double Rolls,6 rolls,12.99,11.99,11.99
2026-02-17T11:20:42Z,paper towels,70100657,Spokane,WA,99202,FRED,00657,0003077215703,0003077215703,00003077215703,003077215703,Bounty,Bounty Paper Towels Select-A-Size White 6 Double Rolls,6 rolls,14.99,,14.99
2026-02-17T11:20:42Z,paper towels,70100657,Spokane,WA,99202,FRED,00657,0071981261343,0071981261343,00071981261343,071981261343,Softworks,Softworks Steady Paper Towel Holder,1 ct,25.99,,25.99
2026-02-17T11:20:42Z,paper towels,70100657,Spokane,WA,99202,FRED,00657,0004200044600,0004200044600,00004200044600,004200044600,Brawny,Brawny® Tear-A-Square® 3-Ply Paper Towel Double Rolls,8 rolls,16.49,15.99,15.99
2026-02-17T11:20:42Z,paper towels,70100351,Spokane Valley,WA,99037,FRED,00351,0003077216009,0003077216009,00003077216009,003077216009,Bounty,Bounty Paper Towels Select-A-Size White 4 Triple Rolls,4 rolls,14.99,,14.99
2026-02-17T11:20:42Z,paper towels,70100351,Spokane Valley,WA,99037,FRED,00351,0003600049413,0003600049413,00003600049413,003600049413,Viva,Viva® Multi-Surface Cloth™ Paper Towels Single Rolls,6 rolls,12.29,10.79,10.79
2026-02-17T11:20:42Z,paper towels,70100351,Spokane Valley,WA,99037,FRED,00351,0003077215712,0003077215712,00003077215712,003077215712,Bounty,Bounty Paper Towels Select-A-Size White 4 Double Rolls,4 rolls,10.99,,10.99
2026-02-17T11:20:42Z,paper towels,70100351,Spokane Valley,WA,99037,FRED,00351,0003040022272,0003040022272,00003040022272,003040022272,Sparkle,Sparkle® Tear-A-Square® Customizable Sheet Size Paper Towels Double Rolls,2 rolls,3.69,,3.69
2026-02-17T11:20:42Z,paper towels,70100351,Spokane Valley,WA,99037,FRED,00351,0005400075130,0005400075130,00005400075130,005400075130,Scott,Scott® Original Multipurpose Shop Towels - Blue,55ct,3.99,,3.99
2026-02-17T11:20:42Z,paper towels,70100351,Spokane Valley,WA,99037,FRED,00351,0003077216021,0003077216021,00003077216021,003077216021,Bounty,Bounty Paper Towels Full Sheet White 6 Double Rolls,6 rolls,14.99,,14.99
2026-02-17T11:20:42Z,paper towels,70100351,Spokane Valley,WA,99037,FRED,00351,0003077216020,0003077216020,00003077216020,003077216020,Bounty,Bounty Paper Towels Select-A-Size White 6 Triple Rolls,6 rolls,21.49,19.49,19.49
2026-02-17T11:20:42Z,paper towels,70100351,Spokane Valley,WA,99037,FRED,00351,0003077216042,0003077216042,00003077216042,003077216042,Bounty,Bounty Paper Towels Select-A-Size White 2 Triple Rolls,2 rolls,7.99,,7.99
2026-02-17T11:20:42Z,paper towels,70100351,Spokane Valley,WA,99037,FRED,00351,0003040022276,0003040022276,00003040022276,003040022276,Sparkle,Sparkle® Tear-A-Square® Paper Towel Double Rolls,6 rolls,8.99,7.49,7.49
2026-02-17T11:20:42Z,paper towels,70100351,Spokane Valley,WA,99037,FRED,00351,0003077219274,0003077219274,00003077219274,003077219274,Bounty,Bounty Paper Towels Select-A-Size White 8 Double Plus Rolls,8 rolls,20.99,,20.99
2026-02-17T11:20:42Z,paper towels,70100351,Spokane Valley,WA,99037,FRED,00351,0006366836203,0006366836203,00006366836203,006366836203,Green Forest,Green Forest 100% Recycled Size-Your-Own Paper Towels,3 pk,6.29,,6.29
2026-02-17T11:20:42Z,paper towels,70100351,Spokane Valley,WA,99037,FRED,00351,0076427107702,0076427107702,00076427107702,076427107702,OGGI,OGGI Stainless Steel Paper Towel Holder,1 ct,17.99,,17.99
2026-02-17T11:20:42Z,paper towels,70100351,Spokane Valley,WA,99037,FRED,00351,0076427177011,0076427177011,00076427177011,076427177011,Oggi,OGGI Wallmount Paper Towel Holder,1 ct,11.99,,11.99
2026-02-17T11:20:42Z,paper towels,70100351,Spokane Valley,WA,99037,FRED,00351,0086001113901,0086001113901,00086001113901,086001113901,Reel,Reel® Premium Bamboo Paper Towels,6 ct,19.29,,19.29
2026-02-17T11:20:42Z,paper towels,70100351,Spokane Valley,WA,99037,FRED,00351,0086001113900,0086001113900,00086001113900,086001113900,Reel,Reel® Premium Bamboo Paper Towel Triple Rolls,2 rolls,7.99,,7.99
2026-02-17T11:20:42Z,paper towels,70100351,Spokane Valley,WA,99037,FRED,00351,0073291313737,0073291313737,00073291313737,073291313737,Seventh Generation,Seventh Generation Unbleached Chlorine Free Paper Towel Rolls,6 rolls,21.99,,21.99
2026-02-17T11:20:42Z,paper towels,70100351,Spokane Valley,WA,99037,FRED,00351,0001111011984,0001111011984,00001111011984,001111011984,Kroger,Kroger® Rugged and Reliable Paper Towels Giant Rolls,10 rolls,13.49,,13.49
2026-02-17T11:20:42Z,paper towels,70100351,Spokane Valley,WA,99037,FRED,00351,0019655708688,0019655708688,00019655708688,019655708688,Core,Core Kitchen Paper Towel Holder,1 ct,8.99,,8.99
2026-02-17T11:20:42Z,paper towels,70100351,Spokane Valley,WA,99037,FRED,00351,0003600038587,0003600038587,00003600038587,003600038587,Kleenex,"Kleenex® Disposable Paper Hand Towels, 1 Box, 60 Towels per Box",60 count,4.19,,4.19
2026-02-17T11:20:42Z,paper towels,70100351,Spokane Valley,WA,99037,FRED,00351,0003600056532,0003600056532,00003600056532,003600056532,Viva,Viva® Signature Cloth™ Paper Towels Double Rolls,6 rolls,14.29,,14.29
2026-02-17T11:20:42Z,paper towels,70100351,Spokane Valley,WA,99037,FRED,00351,0004200044576,0004200044576,00004200044576,004200044576,Brawny,Brawny® Tear-A-Square® 3-Ply Paper Towel Triple Rolls,2 rolls,7.49,,7.49
2026-02-17T11:20:42Z,paper towels,70100351,Spokane Valley,WA,99037,FRED,00351,0003600056535,0003600056535,00003600056535,003600056535,Viva,Viva Signature Cloth Paper Towels Double Rolls,12 rolls,23.49,,23.49
2026-02-17T11:20:42Z,paper towels,70100351,Spokane Valley,WA,99037,FRED,00351,0003600052499,0003600052499,00003600052499,003600052499,Viva,Viva Multi-Surface Cloth Paper Towels Double Rolls,8 rolls,16.79,14.49,14.49
2026-02-17T11:20:42Z,paper towels,70100351,Spokane Valley,WA,99037,FRED,00351,0004200044658,0004200044658,00004200044658,004200044658,Brawny,Brawny® Full Sheet 3-Ply Paper Towel Double Rolls,6 rolls,12.99,11.99,11.99
2026-02-17T11:20:42Z,paper towels,70100351,Spokane Valley,WA,99037,FRED,00351,0004200044579,0004200044579,00004200044579,004200044579,Brawny,Brawny® Tear-A-Square® 3-Ply Paper Towel Double Rolls,4 rolls,9.99,7.49,7.49
2026-02-17T11:20:42Z,paper towels,70100351,Spokane Valley,WA,99037,FRED,00351,0001111016086,0001111016086,00001111016086,001111016086,Kroger,Kroger® Rugged + Reliable Paper Towels Double Rolls,4 rolls,7.29,,7.29
2026-02-17T11:20:42Z,paper towels,70100351,Spokane Valley,WA,99037,FRED,00351,0001111016087,0001111016087,00001111016087,001111016087,Kroger,Kroger® Rugged + Reliable Paper Towels Giant Rolls,10 rolls,13.49,,13.49
2026-02-17T11:20:42Z,paper towels,70100351,Spokane Valley,WA,99037,FRED,00351,0001111014184,0001111014184,00001111014184,001111014184,Kroger,Kroger® Ultra Paper Towels With Absorbing Power Triple Rolls,2 rolls,6.29,,6.29
2026-02-17T11:20:42Z,paper towels,70100351,Spokane Valley,WA,99037,FRED,00351,0001111014185,0001111014185,00001111014185,001111014185,Kroger,Kroger® Ultra Paper Towels With Absorbing Power Double Rolls,4 rolls,8.29,,8.29
2026-02-17T11:20:42Z,paper towels,70100351,Spokane Valley,WA,99037,FRED,00351,0001111016088,0001111016088,00001111016088,001111016088,Kroger,Kroger® Rugged + Reliable Paper Towels Double Plus Rolls BIG DEAL!,12 ct,19.99,,19.99
2026-02-17T11:20:42Z,paper towels,70100351,Spokane Valley,WA,99037,FRED,00351,0001111014186,0001111014186,00001111014186,001111014186,Kroger,Kroger® Ultra Paper Towels With Absorbing Power Double Rolls,6 rolls,10.99,,10.99
2026-02-17T11:20:42Z,paper towels,70100351,Spokane Valley,WA,99037,FRED,00351,0003077216014,0003077216014,00003077216014,003077216014,Bounty,"Bounty Paper Towels Select-A-Size White, 8 Triple Rolls, 123 Sheets Per Roll",8 rolls,26.99,23.99,23.99
2026-02-17T11:20:42Z,paper towels,70100351,Spokane Valley,WA,99037,FRED,00351,0001111014187,0001111014187,00001111014187,001111014187,Kroger,Kroger® Ultra Absorbing Power Paper Towels Triple Rolls,8 ct,18.99,,18.99
2026-02-17T11:20:42Z,paper towels,70100351,Spokane Valley,WA,99037,FRED,00351,0003077215664,0003077215664,00003077215664,003077215664,Bounty,Bounty Paper Towels Select-A-Size White 12 Double Plus Rolls,12 rolls,29.99,,29.99
2026-02-17T11:20:42Z,paper towels,70100351,Spokane Valley,WA,99037,FRED,00351,0071981207833,0071981207833,00071981207833,071981207833,Softworks,Softworks Simply Tear Paper Towel Holder,1 ct,29.99,,29.99
2026-02-17T11:20:42Z,paper towels,70100351,Spokane Valley,WA,99037,FRED,00351,0003040022241,0003040022241,00003040022241,003040022241,Sparkle,Sparkle® Pick-A-Size® Paper Towel Double Rolls,8 rolls,11.79,,11.79
2026-02-17T11:20:42Z,paper towels,70100351,Spokane Valley,WA,99037,FRED,00351,0003077216071,0003077216071,00003077216071,003077216071,Bounty,Bounty Paper Towels Select-A-Size White 6 Mega Rolls,6 rolls,26.99,23.99,23.99
2026-02-17T11:20:42Z,paper towels,70100351,Spokane Valley,WA,99037,FRED,00351,0001111010621,0001111010621,00001111010621,001111010621,Kroger,Kroger® Glimmer Select-A-Sheet Paper Towels Double Rolls,2 rolls,2.99,,2.99
2026-02-17T11:20:42Z,paper towels,70100351,Spokane Valley,WA,99037,FRED,00351,0088877707647,0088877707647,00088877707647,088877707647,SDS for HD Designs,SDS for HD Designs Acacia & Brass Paper Towel Holder,14 in,16.99,11.89,11.89
2026-02-17T11:20:42Z,paper towels,70100351,Spokane Valley,WA,99037,FRED,00351,0001111012026,0001111012026,00001111012026,001111012026,Kroger,Kroger® Rugged + Reliable Paper Towels Double Plus Rolls BIG DEAL!,12 rolls,19.99,,19.99
2026-02-17T11:20:42Z,paper towels,70100351,Spokane Valley,WA,99037,FRED,00351,0073291313722,0073291313722,00073291313722,073291313722,Seventh Generation,Seventh Generation 100% Recycled Paper Jumbo Paper Towels,1 roll / 156 ct,4.79,,4.79
2026-02-17T11:20:42Z,paper towels,70100351,Spokane Valley,WA,99037,FRED,00351,0004200044588,0004200044588,00004200044588,004200044588,Brawny,Brawny® Tear-A-Square® 3-Ply Paper Towel Double Rolls,6 rolls,12.99,11.99,11.99
2026-02-17T11:20:42Z,paper towels,70100351,Spokane Valley,WA,99037,FRED,00351,0003077215703,0003077215703,00003077215703,003077215703,Bounty,Bounty Paper Towels Select-A-Size White 6 Double Rolls,6 rolls,14.99,,14.99
2026-02-17T11:20:42Z,paper towels,70100351,Spokane Valley,WA,99037,FRED,00351,0071981261343,0071981261343,00071981261343,071981261343,Softworks,Softworks Steady Paper Towel Holder,1 ct,25.99,,25.99
2026-02-17T11:20:42Z,paper towels,70100351,Spokane Valley,WA,99037,FRED,00351,0004200044600,0004200044600,00004200044600,004200044600,Brawny,Brawny® Tear-A-Square® 3-Ply Paper Towel Double Rolls,8 rolls,16.49,15.99,15.99
2026-02-17T11:20:42Z,paper towels,70100665,Sumner,WA,98390,FRED,00665,0003077216009,0003077216009,00003077216009,003077216009,Bounty,Bounty Paper Towels Select-A-Size White 4 Triple Rolls,4 rolls,14.99,,14.99
2026-02-17T11:20:42Z,paper towels,70100665,Sumner,WA,98390,FRED,00665,0003077215712,0003077215712,00003077215712,003077215712,Bounty,Bounty Paper Towels Select-A-Size White 4 Double Rolls,4 rolls,11.29,,11.29
2026-02-17T11:20:42Z,paper towels,70100665,Sumner,WA,98390,FRED,00665,0003600049413,0003600049413,00003600049413,003600049413,Viva,Viva® Multi-Surface Cloth™ Paper Towels Single Rolls,6 rolls,12.49,10.99,10.99
2026-02-17T11:20:42Z,paper towels,70100665,Sumner,WA,98390,FRED,00665,0003040022272,0003040022272,00003040022272,003040022272,Sparkle,Sparkle® Tear-A-Square® Customizable Sheet Size Paper Towels Double Rolls,2 rolls,3.79,,3.79
2026-02-17T11:20:42Z,paper towels,70100665,Sumner,WA,98390,FRED,00665,0005400075130,0005400075130,00005400075130,005400075130,Scott,Scott® Original Multipurpose Shop Towels - Blue,55ct,3.99,,3.99
2026-02-17T11:20:42Z,paper towels,70100665,Sumner,WA,98390,FRED,00665,0003077216021,0003077216021,00003077216021,003077216021,Bounty,Bounty Paper Towels Full Sheet White 6 Double Rolls,6 rolls,14.99,,14.99
2026-02-17T11:20:42Z,paper towels,70100665,Sumner,WA,98390,FRED,00665,0003077216020,0003077216020,00003077216020,003077216020,Bounty,Bounty Paper Towels Select-A-Size White 6 Triple Rolls,6 rolls,21.99,19.99,19.99
2026-02-17T11:20:42Z,paper towels,70100665,Sumner,WA,98390,FRED,00665,0003077216042,0003077216042,00003077216042,003077216042,Bounty,Bounty Paper Towels Select-A-Size White 2 Triple Rolls,2 rolls,7.99,,7.99
2026-02-17T11:20:42Z,paper towels,70100665,Sumner,WA,98390,FRED,00665,0003040022276,0003040022276,00003040022276,003040022276,Sparkle,Sparkle® Tear-A-Square® Paper Towel Double Rolls,6 rolls,9.29,7.49,7.49
2026-02-17T11:20:42Z,paper towels,70100665,Sumner,WA,98390,FRED,00665,0003077219274,0003077219274,00003077219274,003077219274,Bounty,Bounty Paper Towels Select-A-Size White 8 Double Plus Rolls,8 rolls,21.49,,21.49
2026-02-17T11:20:42Z,paper towels,70100665,Sumner,WA,98390,FRED,00665,0006366836203,0006366836203,00006366836203,006366836203,Green Forest,Green Forest 100% Recycled Size-Your-Own Paper Towels,3 pk,6.29,,6.29
2026-02-17T11:20:42Z,paper towels,70100665,Sumner,WA,98390,FRED,00665,0076427177011,0076427177011,00076427177011,076427177011,Oggi,OGGI Wallmount Paper Towel Holder,1 ct,11.99,,11.99
2026-02-17T11:20:42Z,paper towels,70100665,Sumner,WA,98390,FRED,00665,0076427107702,0076427107702,00076427107702,076427107702,OGGI,OGGI Stainless Steel Paper Towel Holder,1 ct,17.99,,17.99
2026-02-17T11:20:42Z,paper towels,70100665,Sumner,WA,98390,FRED,00665,0086001113900,0086001113900,00086001113900,086001113900,Reel,Reel® Premium Bamboo Paper Towel Triple Rolls,2 rolls,7.99,,7.99
2026-02-17T11:20:42Z,paper towels,70100665,Sumner,WA,98390,FRED,00665,0001111011984,0001111011984,00001111011984,001111011984,Kroger,Kroger® Rugged and Reliable Paper Towels Giant Rolls,10 rolls,13.49,,13.49
2026-02-17T11:20:42Z,paper towels,70100665,Sumner,WA,98390,FRED,00665,0073291313737,0073291313737,00073291313737,073291313737,Seventh Generation,Seventh Generation Unbleached Chlorine Free Paper Towel Rolls,6 rolls,21.99,,21.99
2026-02-17T11:20:42Z,paper towels,70100665,Sumner,WA,98390,FRED,00665,0019655708688,0019655708688,00019655708688,019655708688,Core,Core Kitchen Paper Towel Holder,1 ct,8.99,,8.99
2026-02-17T11:20:42Z,paper towels,70100665,Sumner,WA,98390,FRED,00665,0003600056532,0003600056532,00003600056532,003600056532,Viva,Viva® Signature Cloth™ Paper Towels Double Rolls,6 rolls,14.29,,14.29
2026-02-17T11:20:42Z,paper towels,70100665,Sumner,WA,98390,FRED,00665,0003600038587,0003600038587,00003600038587,003600038587,Kleenex,"Kleenex® Disposable Paper Hand Towels, 1 Box, 60 Towels per Box",60 count,4.29,,4.29
2026-02-17T11:20:42Z,paper towels,70100665,Sumner,WA,98390,FRED,00665,0004200044576,0004200044576,00004200044576,004200044576,Brawny,Brawny® Tear-A-Square® 3-Ply Paper Towel Triple Rolls,2 rolls,7.49,,7.49
2026-02-17T11:20:42Z,paper towels,70100665,Sumner,WA,98390,FRED,00665,0003600056535,0003600056535,00003600056535,003600056535,Viva,Viva Signature Cloth Paper Towels Double Rolls,12 rolls,23.49,,23.49
2026-02-17T11:20:42Z,paper towels,70100665,Sumner,WA,98390,FRED,00665,0003600052499,0003600052499,00003600052499,003600052499,Viva,Viva Multi-Surface Cloth Paper Towels Double Rolls,8 rolls,16.99,14.49,14.49
2026-02-17T11:20:42Z,paper towels,70100665,Sumner,WA,98390,FRED,00665,0004200044658,0004200044658,00004200044658,004200044658,Brawny,Brawny® Full Sheet 3-Ply Paper Towel Double Rolls,6 rolls,13.29,11.99,11.99
2026-02-17T11:20:42Z,paper towels,70100665,Sumner,WA,98390,FRED,00665,0004200044579,0004200044579,00004200044579,004200044579,Brawny,Brawny® Tear-A-Square® 3-Ply Paper Towel Double Rolls,4 rolls,10.29,7.49,7.49
2026-02-17T11:20:42Z,paper towels,70100665,Sumner,WA,98390,FRED,00665,0001111016086,0001111016086,00001111016086,001111016086,Kroger,Kroger® Rugged + Reliable Paper Towels Double Rolls,4 rolls,7.29,,7.29
2026-02-17T11:20:42Z,paper towels,70100665,Sumner,WA,98390,FRED,00665,0001111014184,0001111014184,00001111014184,001111014184,Kroger,Kroger® Ultra Paper Towels With Absorbing Power Triple Rolls,2 rolls,6.29,,6.29
2026-02-17T11:20:42Z,paper towels,70100665,Sumner,WA,98390,FRED,00665,0001111016087,0001111016087,00001111016087,001111016087,Kroger,Kroger® Rugged + Reliable Paper Towels Giant Rolls,10 rolls,13.79,,13.79
2026-02-17T11:20:42Z,paper towels,70100665,Sumner,WA,98390,FRED,00665,0001111016088,0001111016088,00001111016088,001111016088,Kroger,Kroger® Rugged + Reliable Paper Towels Double Plus Rolls BIG DEAL!,12 ct,19.99,,19.99
2026-02-17T11:20:42Z,paper towels,70100665,Sumner,WA,98390,FRED,00665,0001111014185,0001111014185,00001111014185,001111014185,Kroger,Kroger® Ultra Paper Towels With Absorbing Power Double Rolls,4 rolls,8.49,,8.49
2026-02-17T11:20:42Z,paper towels,70100665,Sumner,WA,98390,FRED,00665,0001111014186,0001111014186,00001111014186,001111014186,Kroger,Kroger® Ultra Paper Towels With Absorbing Power Double Rolls,6 rolls,11.29,,11.29
2026-02-17T11:20:42Z,paper towels,70100665,Sumner,WA,98390,FRED,00665,0003077216014,0003077216014,00003077216014,003077216014,Bounty,"Bounty Paper Towels Select-A-Size White, 8 Triple Rolls, 123 Sheets Per Roll",8 rolls,26.99,23.99,23.99
2026-02-17T11:20:42Z,paper towels,70100665,Sumner,WA,98390,FRED,00665,0001111014187,0001111014187,00001111014187,001111014187,Kroger,Kroger® Ultra Absorbing Power Paper Towels Triple Rolls,8 ct,19.29,,19.29
2026-02-17T11:20:42Z,paper towels,70100665,Sumner,WA,98390,FRED,00665,0003077215664,0003077215664,00003077215664,003077215664,Bounty,Bounty Paper Towels Select-A-Size White 12 Double Plus Rolls,12 rolls,30.99,29.99,29.99
2026-02-17T11:20:42Z,paper towels,70100665,Sumner,WA,98390,FRED,00665,0071981207833,0071981207833,00071981207833,071981207833,Softworks,Softworks Simply Tear Paper Towel Holder,1 ct,29.99,,29.99
2026-02-17T11:20:42Z,paper towels,70100665,Sumner,WA,98390,FRED,00665,0003040022241,0003040022241,00003040022241,003040022241,Sparkle,Sparkle® Pick-A-Size® Paper Towel Double Rolls,8 rolls,11.99,,11.99
2026-02-17T11:20:42Z,paper towels,70100665,Sumner,WA,98390,FRED,00665,0003077216071,0003077216071,00003077216071,003077216071,Bounty,Bounty Paper Towels Select-A-Size White 6 Mega Rolls,6 rolls,26.99,23.99,23.99
2026-02-17T11:20:42Z,paper towels,70100665,Sumner,WA,98390,FRED,00665,0001111010621,0001111010621,00001111010621,001111010621,Kroger,Kroger® Glimmer Select-A-Sheet Paper Towels Double Rolls,2 rolls,2.99,,2.99
2026-02-17T11:20:42Z,paper towels,70100665,Sumner,WA,98390,FRED,00665,0088877707647,0088877707647,00088877707647,088877707647,SDS for HD Designs,SDS for HD Designs Acacia & Brass Paper Towel Holder,14 in,16.99,11.89,11.89
2026-02-17T11:20:42Z,paper towels,70100665,Sumner,WA,98390,FRED,00665,0001111012026,0001111012026,00001111012026,001111012026,Kroger,Kroger® Rugged + Reliable Paper Towels Double Plus Rolls BIG DEAL!,12 rolls,19.99,,19.99
2026-02-17T11:20:42Z,paper towels,70100665,Sumner,WA,98390,FRED,00665,0001111013577,0001111013577,00001111013577,001111013577,Kroger,Kroger® Rugged + Reliable Paper Towels Double Rolls,4 rolls,7.29,,7.29
2026-02-17T11:20:42Z,paper towels,70100665,Sumner,WA,98390,FRED,00665,0073291313722,0073291313722,00073291313722,073291313722,Seventh Generation,Seventh Generation 100% Recycled Paper Jumbo Paper Towels,1 roll / 156 ct,4.79,,4.79
2026-02-17T11:20:42Z,paper towels,70100665,Sumner,WA,98390,FRED,00665,0004200044588,0004200044588,00004200044588,004200044588,Brawny,Brawny® Tear-A-Square® 3-Ply Paper Towel Double Rolls,6 rolls,13.29,11.99,11.99
2026-02-17T11:20:42Z,paper towels,70100665,Sumner,WA,98390,FRED,00665,0003077215703,0003077215703,00003077215703,003077215703,Bounty,Bounty Paper Towels Select-A-Size White 6 Double Rolls,6 rolls,14.99,,14.99
2026-02-17T11:20:42Z,paper towels,70100665,Sumner,WA,98390,FRED,00665,0001111014646,0001111014646,00001111014646,001111014646,Simple Truth,Simple Truth® Hypoallergenic Strong and Absorbent 100% Recycled Paper Towels Big Rolls,6 rolls,,,
2026-02-17T11:20:42Z,paper towels,70100665,Sumner,WA,98390,FRED,00665,0071981261343,0071981261343,00071981261343,071981261343,Softworks,Softworks Steady Paper Towel Holder,1 ct,25.99,,25.99
2026-02-17T11:20:42Z,paper towels,70100665,Sumner,WA,98390,FRED,00665,0004200044600,0004200044600,00004200044600,004200044600,Brawny,Brawny® Tear-A-Square® 3-Ply Paper Towel Double Rolls,8 rolls,16.79,16.29,16.29
2026-02-17T11:20:42Z,paper towels,70100390,Tacoma,WA,98405,FRED,00390,0003600049413,0003600049413,00003600049413,003600049413,Viva,Viva® Multi-Surface Cloth™ Paper Towels Single Rolls,6 rolls,12.49,10.99,10.99
2026-02-17T11:20:42Z,paper towels,70100390,Tacoma,WA,98405,FRED,00390,0003077216009,0003077216009,00003077216009,003077216009,Bounty,Bounty Paper Towels Select-A-Size White 4 Triple Rolls,4 rolls,14.99,,14.99
2026-02-17T11:20:42Z,paper towels,70100390,Tacoma,WA,98405,FRED,00390,0003077215712,0003077215712,00003077215712,003077215712,Bounty,Bounty Paper Towels Select-A-Size White 4 Double Rolls,4 rolls,11.29,,11.29
2026-02-17T11:20:42Z,paper towels,70100390,Tacoma,WA,98405,FRED,00390,0003040022272,0003040022272,00003040022272,003040022272,Sparkle,Sparkle® Tear-A-Square® Customizable Sheet Size Paper Towels Double Rolls,2 rolls,3.79,,3.79
2026-02-17T11:20:42Z,paper towels,70100390,Tacoma,WA,98405,FRED,00390,0005400075130,0005400075130,00005400075130,005400075130,Scott,Scott® Original Multipurpose Shop Towels - Blue,55ct,3.99,,3.99
2026-02-17T11:20:42Z,paper towels,70100390,Tacoma,WA,98405,FRED,00390,0003077216021,0003077216021,00003077216021,003077216021,Bounty,Bounty Paper Towels Full Sheet White 6 Double Rolls,6 rolls,14.99,,14.99
2026-02-17T11:20:42Z,paper towels,70100390,Tacoma,WA,98405,FRED,00390,0003077216042,0003077216042,00003077216042,003077216042,Bounty,Bounty Paper Towels Select-A-Size White 2 Triple Rolls,2 rolls,7.99,,7.99
2026-02-17T11:20:42Z,paper towels,70100390,Tacoma,WA,98405,FRED,00390,0003077216020,0003077216020,00003077216020,003077216020,Bounty,Bounty Paper Towels Select-A-Size White 6 Triple Rolls,6 rolls,21.99,19.99,19.99
2026-02-17T11:20:42Z,paper towels,70100390,Tacoma,WA,98405,FRED,00390,0003040022276,0003040022276,00003040022276,003040022276,Sparkle,Sparkle® Tear-A-Square® Paper Towel Double Rolls,6 rolls,9.29,7.49,7.49
2026-02-17T11:20:42Z,paper towels,70100390,Tacoma,WA,98405,FRED,00390,0003077219274,0003077219274,00003077219274,003077219274,Bounty,Bounty Paper Towels Select-A-Size White 8 Double Plus Rolls,8 rolls,21.49,,21.49
2026-02-17T11:20:42Z,paper towels,70100390,Tacoma,WA,98405,FRED,00390,0076427107702,0076427107702,00076427107702,076427107702,OGGI,OGGI Stainless Steel Paper Towel Holder,1 ct,17.99,,17.99
2026-02-17T11:20:42Z,paper towels,70100390,Tacoma,WA,98405,FRED,00390,0076427177011,0076427177011,00076427177011,076427177011,Oggi,OGGI Wallmount Paper Towel Holder,1 ct,11.99,,11.99
2026-02-17T11:20:42Z,paper towels,70100390,Tacoma,WA,98405,FRED,00390,0001111011984,0001111011984,00001111011984,001111011984,Kroger,Kroger® Rugged and Reliable Paper Towels Giant Rolls,10 rolls,13.49,,13.49
2026-02-17T11:20:42Z,paper towels,70100390,Tacoma,WA,98405,FRED,00390,0073291313737,0073291313737,00073291313737,073291313737,Seventh Generation,Seventh Generation Unbleached Chlorine Free Paper Towel Rolls,6 rolls,21.99,,21.99
2026-02-17T11:20:42Z,paper towels,70100390,Tacoma,WA,98405,FRED,00390,0019655708688,0019655708688,00019655708688,019655708688,Core,Core Kitchen Paper Towel Holder,1 ct,8.99,,8.99
2026-02-17T11:20:42Z,paper towels,70100390,Tacoma,WA,98405,FRED,00390,0003600056532,0003600056532,00003600056532,003600056532,Viva,Viva® Signature Cloth™ Paper Towels Double Rolls,6 rolls,14.29,,14.29
2026-02-17T11:20:42Z,paper towels,70100390,Tacoma,WA,98405,FRED,00390,0003600038587,0003600038587,00003600038587,003600038587,Kleenex,"Kleenex® Disposable Paper Hand Towels, 1 Box, 60 Towels per Box",60 count,4.29,,4.29
2026-02-17T11:20:42Z,paper towels,70100390,Tacoma,WA,98405,FRED,00390,0004200044576,0004200044576,00004200044576,004200044576,Brawny,Brawny® Tear-A-Square® 3-Ply Paper Towel Triple Rolls,2 rolls,7.49,,7.49
2026-02-17T11:20:42Z,paper towels,70100390,Tacoma,WA,98405,FRED,00390,0003600056535,0003600056535,00003600056535,003600056535,Viva,Viva Signature Cloth Paper Towels Double Rolls,12 rolls,23.49,,23.49
2026-02-17T11:20:42Z,paper towels,70100390,Tacoma,WA,98405,FRED,00390,0003600052499,0003600052499,00003600052499,003600052499,Viva,Viva Multi-Surface Cloth Paper Towels Double Rolls,8 rolls,16.99,14.49,14.49
2026-02-17T11:20:42Z,paper towels,70100390,Tacoma,WA,98405,FRED,00390,0004200044658,0004200044658,00004200044658,004200044658,Brawny,Brawny® Full Sheet 3-Ply Paper Towel Double Rolls,6 rolls,13.29,11.99,11.99
2026-02-17T11:20:42Z,paper towels,70100390,Tacoma,WA,98405,FRED,00390,0004200044579,0004200044579,00004200044579,004200044579,Brawny,Brawny® Tear-A-Square® 3-Ply Paper Towel Double Rolls,4 rolls,10.29,7.49,7.49
2026-02-17T11:20:42Z,paper towels,70100390,Tacoma,WA,98405,FRED,00390,0001111016086,0001111016086,00001111016086,001111016086,Kroger,Kroger® Rugged + Reliable Paper Towels Double Rolls,4 rolls,7.29,,7.29
2026-02-17T11:20:42Z,paper towels,70100390,Tacoma,WA,98405,FRED,00390,0001111014184,0001111014184,00001111014184,001111014184,Kroger,Kroger® Ultra Paper Towels With Absorbing Power Triple Rolls,2 rolls,6.29,,6.29
2026-02-17T11:20:42Z,paper towels,70100390,Tacoma,WA,98405,FRED,00390,0001111016087,0001111016087,00001111016087,001111016087,Kroger,Kroger® Rugged + Reliable Paper Towels Giant Rolls,10 rolls,13.79,,13.79
2026-02-17T11:20:42Z,paper towels,70100390,Tacoma,WA,98405,FRED,00390,0001111016088,0001111016088,00001111016088,001111016088,Kroger,Kroger® Rugged + Reliable Paper Towels Double Plus Rolls BIG DEAL!,12 ct,19.99,,19.99
2026-02-17T11:20:42Z,paper towels,70100390,Tacoma,WA,98405,FRED,00390,0001111014185,0001111014185,00001111014185,001111014185,Kroger,Kroger® Ultra Paper Towels With Absorbing Power Double Rolls,4 rolls,8.49,,8.49
2026-02-17T11:20:42Z,paper towels,70100390,Tacoma,WA,98405,FRED,00390,0003077216014,0003077216014,00003077216014,003077216014,Bounty,"Bounty Paper Towels Select-A-Size White, 8 Triple Rolls, 123 Sheets Per Roll",8 rolls,26.99,23.99,23.99
2026-02-17T11:20:42Z,paper towels,70100390,Tacoma,WA,98405,FRED,00390,0001111014186,0001111014186,00001111014186,001111014186,Kroger,Kroger® Ultra Paper Towels With Absorbing Power Double Rolls,6 rolls,11.29,,11.29
2026-02-17T11:20:42Z,paper towels,70100390,Tacoma,WA,98405,FRED,00390,0001111014187,0001111014187,00001111014187,001111014187,Kroger,Kroger® Ultra Absorbing Power Paper Towels Triple Rolls,8 ct,19.29,,19.29
2026-02-17T11:20:42Z,paper towels,70100390,Tacoma,WA,98405,FRED,00390,0003077215664,0003077215664,00003077215664,003077215664,Bounty,Bounty Paper Towels Select-A-Size White 12 Double Plus Rolls,12 rolls,30.99,29.99,29.99
2026-02-17T11:20:42Z,paper towels,70100390,Tacoma,WA,98405,FRED,00390,0071981207833,0071981207833,00071981207833,071981207833,Softworks,Softworks Simply Tear Paper Towel Holder,1 ct,29.99,,29.99
2026-02-17T11:20:42Z,paper towels,70100390,Tacoma,WA,98405,FRED,00390,0003040022241,0003040022241,00003040022241,003040022241,Sparkle,Sparkle® Pick-A-Size® Paper Towel Double Rolls,8 rolls,11.99,,11.99
2026-02-17T11:20:42Z,paper towels,70100390,Tacoma,WA,98405,FRED,00390,0003077216071,0003077216071,00003077216071,003077216071,Bounty,Bounty Paper Towels Select-A-Size White 6 Mega Rolls,6 rolls,26.99,23.99,23.99
2026-02-17T11:20:42Z,paper towels,70100390,Tacoma,WA,98405,FRED,00390,0001111010621,0001111010621,00001111010621,001111010621,Kroger,Kroger® Glimmer Select-A-Sheet Paper Towels Double Rolls,2 rolls,2.99,,2.99
2026-02-17T11:20:42Z,paper towels,70100390,Tacoma,WA,98405,FRED,00390,0003600055195,0003600055195,00003600055195,003600055195,Scott,Scott® On-The-Go™ Pop-Up!® Cloths,70 ct,5.99,,5.99
2026-02-17T11:20:42Z,paper towels,70100390,Tacoma,WA,98405,FRED,00390,0088877707647,0088877707647,00088877707647,088877707647,SDS for HD Designs,SDS for HD Designs Acacia & Brass Paper Towel Holder,14 in,16.99,11.89,11.89
2026-02-17T11:20:42Z,paper towels,70100390,Tacoma,WA,98405,FRED,00390,0001111012026,0001111012026,00001111012026,001111012026,Kroger,Kroger® Rugged + Reliable Paper Towels Double Plus Rolls BIG DEAL!,12 rolls,19.99,,19.99
2026-02-17T11:20:42Z,paper towels,70100390,Tacoma,WA,98405,FRED,00390,0073291313722,0073291313722,00073291313722,073291313722,Seventh Generation,Seventh Generation 100% Recycled Paper Jumbo Paper Towels,1 roll / 156 ct,4.79,,4.79
2026-02-17T11:20:42Z,paper towels,70100390,Tacoma,WA,98405,FRED,00390,0004200044588,0004200044588,00004200044588,004200044588,Brawny,Brawny® Tear-A-Square® 3-Ply Paper Towel Double Rolls,6 rolls,13.29,11.99,11.99
2026-02-17T11:20:42Z,paper towels,70100390,Tacoma,WA,98405,FRED,00390,0003077215703,0003077215703,00003077215703,003077215703,Bounty,Bounty Paper Towels Select-A-Size White 6 Double Rolls,6 rolls,14.99,,14.99
2026-02-17T11:20:42Z,paper towels,70100390,Tacoma,WA,98405,FRED,00390,0071981261343,0071981261343,00071981261343,071981261343,Softworks,Softworks Steady Paper Towel Holder,1 ct,25.99,,25.99
2026-02-17T11:20:42Z,paper towels,70100390,Tacoma,WA,98405,FRED,00390,0004200044600,0004200044600,00004200044600,004200044600,Brawny,Brawny® Tear-A-Square® 3-Ply Paper Towel Double Rolls,8 rolls,16.79,16.29,16.29
2026-02-17T11:20:42Z,paper towels,70100605,Tacoma,WA,98466,FRED,00605,0003077216009,0003077216009,00003077216009,003077216009,Bounty,Bounty Paper Towels Select-A-Size White 4 Triple Rolls,4 rolls,14.99,,14.99
2026-02-17T11:20:42Z,paper towels,70100605,Tacoma,WA,98466,FRED,00605,0003077215712,0003077215712,00003077215712,003077215712,Bounty,Bounty Paper Towels Select-A-Size White 4 Double Rolls,4 rolls,11.29,,11.29
2026-02-17T11:20:42Z,paper towels,70100605,Tacoma,WA,98466,FRED,00605,0003600049413,0003600049413,00003600049413,003600049413,Viva,Viva® Multi-Surface Cloth™ Paper Towels Single Rolls,6 rolls,12.49,10.99,10.99
2026-02-17T11:20:42Z,paper towels,70100605,Tacoma,WA,98466,FRED,00605,0005400075130,0005400075130,00005400075130,005400075130,Scott,Scott® Original Multipurpose Shop Towels - Blue,55ct,1.99,,1.99
2026-02-17T11:20:42Z,paper towels,70100605,Tacoma,WA,98466,FRED,00605,0003040022272,0003040022272,00003040022272,003040022272,Sparkle,Sparkle® Tear-A-Square® Customizable Sheet Size Paper Towels Double Rolls,2 rolls,3.79,,3.79
2026-02-17T11:20:42Z,paper towels,70100605,Tacoma,WA,98466,FRED,00605,0003077216021,0003077216021,00003077216021,003077216021,Bounty,Bounty Paper Towels Full Sheet White 6 Double Rolls,6 rolls,14.99,,14.99
2026-02-17T11:20:42Z,paper towels,70100605,Tacoma,WA,98466,FRED,00605,0003077216042,0003077216042,00003077216042,003077216042,Bounty,Bounty Paper Towels Select-A-Size White 2 Triple Rolls,2 rolls,7.99,,7.99
2026-02-17T11:20:42Z,paper towels,70100605,Tacoma,WA,98466,FRED,00605,0003077216020,0003077216020,00003077216020,003077216020,Bounty,Bounty Paper Towels Select-A-Size White 6 Triple Rolls,6 rolls,21.99,19.99,19.99
2026-02-17T11:20:42Z,paper towels,70100605,Tacoma,WA,98466,FRED,00605,0003040022276,0003040022276,00003040022276,003040022276,Sparkle,Sparkle® Tear-A-Square® Paper Towel Double Rolls,6 rolls,9.29,7.49,7.49
2026-02-17T11:20:42Z,paper towels,70100605,Tacoma,WA,98466,FRED,00605,0003077219274,0003077219274,00003077219274,003077219274,Bounty,Bounty Paper Towels Select-A-Size White 8 Double Plus Rolls,8 rolls,21.49,,21.49
2026-02-17T11:20:42Z,paper towels,70100605,Tacoma,WA,98466,FRED,00605,0076427177011,0076427177011,00076427177011,076427177011,Oggi,OGGI Wallmount Paper Towel Holder,1 ct,11.99,,11.99
2026-02-17T11:20:42Z,paper towels,70100605,Tacoma,WA,98466,FRED,00605,0076427107702,0076427107702,00076427107702,076427107702,OGGI,OGGI Stainless Steel Paper Towel Holder,1 ct,17.99,,17.99
2026-02-17T11:20:42Z,paper towels,70100605,Tacoma,WA,98466,FRED,00605,0001111011984,0001111011984,00001111011984,001111011984,Kroger,Kroger® Rugged and Reliable Paper Towels Giant Rolls,10 rolls,13.49,,13.49
2026-02-17T11:20:42Z,paper towels,70100605,Tacoma,WA,98466,FRED,00605,0073291313737,0073291313737,00073291313737,073291313737,Seventh Generation,Seventh Generation Unbleached Chlorine Free Paper Towel Rolls,6 rolls,21.99,,21.99
2026-02-17T11:20:42Z,paper towels,70100605,Tacoma,WA,98466,FRED,00605,0019655708688,0019655708688,00019655708688,019655708688,Core,Core Kitchen Paper Towel Holder,1 ct,8.99,,8.99
2026-02-17T11:20:42Z,paper towels,70100605,Tacoma,WA,98466,FRED,00605,0003600056532,0003600056532,00003600056532,003600056532,Viva,Viva® Signature Cloth™ Paper Towels Double Rolls,6 rolls,14.29,,14.29
2026-02-17T11:20:42Z,paper towels,70100605,Tacoma,WA,98466,FRED,00605,0003600038587,0003600038587,00003600038587,003600038587,Kleenex,"Kleenex® Disposable Paper Hand Towels, 1 Box, 60 Towels per Box",60 count,4.29,,4.29
2026-02-17T11:20:42Z,paper towels,70100605,Tacoma,WA,98466,FRED,00605,0004200044576,0004200044576,00004200044576,004200044576,Brawny,Brawny® Tear-A-Square® 3-Ply Paper Towel Triple Rolls,2 rolls,7.49,,7.49
2026-02-17T11:20:42Z,paper towels,70100605,Tacoma,WA,98466,FRED,00605,0003600056535,0003600056535,00003600056535,003600056535,Viva,Viva Signature Cloth Paper Towels Double Rolls,12 rolls,23.49,,23.49
2026-02-17T11:20:42Z,paper towels,70100605,Tacoma,WA,98466,FRED,00605,0003600052499,0003600052499,00003600052499,003600052499,Viva,Viva Multi-Surface Cloth Paper Towels Double Rolls,8 rolls,16.99,14.49,14.49
2026-02-17T11:20:42Z,paper towels,70100605,Tacoma,WA,98466,FRED,00605,0004200044658,0004200044658,00004200044658,004200044658,Brawny,Brawny® Full Sheet 3-Ply Paper Towel Double Rolls,6 rolls,13.29,11.99,11.99
2026-02-17T11:20:42Z,paper towels,70100605,Tacoma,WA,98466,FRED,00605,0004200044579,0004200044579,00004200044579,004200044579,Brawny,Brawny® Tear-A-Square® 3-Ply Paper Towel Double Rolls,4 rolls,10.29,7.49,7.49
2026-02-17T11:20:42Z,paper towels,70100605,Tacoma,WA,98466,FRED,00605,0001111016086,0001111016086,00001111016086,001111016086,Kroger,Kroger® Rugged + Reliable Paper Towels Double Rolls,4 rolls,7.29,,7.29
2026-02-17T11:20:42Z,paper towels,70100605,Tacoma,WA,98466,FRED,00605,0001111014184,0001111014184,00001111014184,001111014184,Kroger,Kroger® Ultra Paper Towels With Absorbing Power Triple Rolls,2 rolls,6.29,,6.29
2026-02-17T11:20:42Z,paper towels,70100605,Tacoma,WA,98466,FRED,00605,0001111016087,0001111016087,00001111016087,001111016087,Kroger,Kroger® Rugged + Reliable Paper Towels Giant Rolls,10 rolls,13.79,,13.79
2026-02-17T11:20:42Z,paper towels,70100605,Tacoma,WA,98466,FRED,00605,0001111016088,0001111016088,00001111016088,001111016088,Kroger,Kroger® Rugged + Reliable Paper Towels Double Plus Rolls BIG DEAL!,12 ct,19.99,,19.99
2026-02-17T11:20:42Z,paper towels,70100605,Tacoma,WA,98466,FRED,00605,0001111014185,0001111014185,00001111014185,001111014185,Kroger,Kroger® Ultra Paper Towels With Absorbing Power Double Rolls,4 rolls,8.49,,8.49
2026-02-17T11:20:42Z,paper towels,70100605,Tacoma,WA,98466,FRED,00605,0001111014186,0001111014186,00001111014186,001111014186,Kroger,Kroger® Ultra Paper Towels With Absorbing Power Double Rolls,6 rolls,11.29,,11.29
2026-02-17T11:20:42Z,paper towels,70100605,Tacoma,WA,98466,FRED,00605,0003077216014,0003077216014,00003077216014,003077216014,Bounty,"Bounty Paper Towels Select-A-Size White, 8 Triple Rolls, 123 Sheets Per Roll",8 rolls,26.99,23.99,23.99
2026-02-17T11:20:42Z,paper towels,70100605,Tacoma,WA,98466,FRED,00605,0001111014187,0001111014187,00001111014187,001111014187,Kroger,Kroger® Ultra Absorbing Power Paper Towels Triple Rolls,8 ct,19.29,,19.29
2026-02-17T11:20:42Z,paper towels,70100605,Tacoma,WA,98466,FRED,00605,0071981207833,0071981207833,00071981207833,071981207833,Softworks,Softworks Simply Tear Paper Towel Holder,1 ct,29.99,,29.99
2026-02-17T11:20:42Z,paper towels,70100605,Tacoma,WA,98466,FRED,00605,0003077215664,0003077215664,00003077215664,003077215664,Bounty,Bounty Paper Towels Select-A-Size White 12 Double Plus Rolls,12 rolls,30.99,29.99,29.99
2026-02-17T11:20:42Z,paper towels,70100605,Tacoma,WA,98466,FRED,00605,0003040022241,0003040022241,00003040022241,003040022241,Sparkle,Sparkle® Pick-A-Size® Paper Towel Double Rolls,8 rolls,11.99,,11.99
2026-02-17T11:20:42Z,paper towels,70100605,Tacoma,WA,98466,FRED,00605,0003077216071,0003077216071,00003077216071,003077216071,Bounty,Bounty Paper Towels Select-A-Size White 6 Mega Rolls,6 rolls,26.99,23.99,23.99
2026-02-17T11:20:42Z,paper towels,70100605,Tacoma,WA,98466,FRED,00605,0001111010621,0001111010621,00001111010621,001111010621,Kroger,Kroger® Glimmer Select-A-Sheet Paper Towels Double Rolls,2 rolls,2.99,,2.99
2026-02-17T11:20:42Z,paper towels,70100605,Tacoma,WA,98466,FRED,00605,0003600055195,0003600055195,00003600055195,003600055195,Scott,Scott® On-The-Go™ Pop-Up!® Cloths,70 ct,5.99,,5.99
2026-02-17T11:20:42Z,paper towels,70100605,Tacoma,WA,98466,FRED,00605,0088877707647,0088877707647,00088877707647,088877707647,SDS for HD Designs,SDS for HD Designs Acacia & Brass Paper Towel Holder,14 in,16.99,11.89,11.89
2026-02-17T11:20:42Z,paper towels,70100605,Tacoma,WA,98466,FRED,00605,0001111012026,0001111012026,00001111012026,001111012026,Kroger,Kroger® Rugged + Reliable Paper Towels Double Plus Rolls BIG DEAL!,12 rolls,19.99,,19.99
2026-02-17T11:20:42Z,paper towels,70100605,Tacoma,WA,98466,FRED,00605,0073291313722,0073291313722,00073291313722,073291313722,Seventh Generation,Seventh Generation 100% Recycled Paper Jumbo Paper Towels,1 roll / 156 ct,4.79,,4.79
2026-02-17T11:20:42Z,paper towels,70100605,Tacoma,WA,98466,FRED,00605,0004200044588,0004200044588,00004200044588,004200044588,Brawny,Brawny® Tear-A-Square® 3-Ply Paper Towel Double Rolls,6 rolls,13.29,11.99,11.99
2026-02-17T11:20:42Z,paper towels,70100605,Tacoma,WA,98466,FRED,00605,0003077215703,0003077215703,00003077215703,003077215703,Bounty,Bounty Paper Towels Select-A-Size White 6 Double Rolls,6 rolls,14.99,,14.99
2026-02-17T11:20:42Z,paper towels,70100605,Tacoma,WA,98466,FRED,00605,0071981261343,0071981261343,00071981261343,071981261343,Softworks,Softworks Steady Paper Towel Holder,1 ct,25.99,,25.99
2026-02-17T11:20:42Z,paper towels,70100605,Tacoma,WA,98466,FRED,00605,0004200044600,0004200044600,00004200044600,004200044600,Brawny,Brawny® Tear-A-Square® 3-Ply Paper Towel Double Rolls,8 rolls,16.79,16.29,16.29
2026-02-17T11:20:42Z,paper towels,70100659,Tumwater,WA,98512,FRED,00659,0003077215712,0003077215712,00003077215712,003077215712,Bounty,Bounty Paper Towels Select-A-Size White 4 Double Rolls,4 rolls,11.29,,11.29
2026-02-17T11:20:42Z,paper towels,70100659,Tumwater,WA,98512,FRED,00659,0003600049413,0003600049413,00003600049413,003600049413,Viva,Viva® Multi-Surface Cloth™ Paper Towels Single Rolls,6 rolls,12.49,10.99,10.99
2026-02-17T11:20:42Z,paper towels,70100659,Tumwater,WA,98512,FRED,00659,0003077216009,0003077216009,00003077216009,003077216009,Bounty,Bounty Paper Towels Select-A-Size White 4 Triple Rolls,4 rolls,14.99,,14.99
2026-02-17T11:20:42Z,paper towels,70100659,Tumwater,WA,98512,FRED,00659,0003040022272,0003040022272,00003040022272,003040022272,Sparkle,Sparkle® Tear-A-Square® Customizable Sheet Size Paper Towels Double Rolls,2 rolls,3.79,,3.79
2026-02-17T11:20:42Z,paper towels,70100659,Tumwater,WA,98512,FRED,00659,0005400075130,0005400075130,00005400075130,005400075130,Scott,Scott® Original Multipurpose Shop Towels - Blue,55ct,3.99,,3.99
2026-02-17T11:20:42Z,paper towels,70100659,Tumwater,WA,98512,FRED,00659,0003077216021,0003077216021,00003077216021,003077216021,Bounty,Bounty Paper Towels Full Sheet White 6 Double Rolls,6 rolls,14.99,,14.99
2026-02-17T11:20:42Z,paper towels,70100659,Tumwater,WA,98512,FRED,00659,0003077216020,0003077216020,00003077216020,003077216020,Bounty,Bounty Paper Towels Select-A-Size White 6 Triple Rolls,6 rolls,21.99,19.99,19.99
2026-02-17T11:20:42Z,paper towels,70100659,Tumwater,WA,98512,FRED,00659,0003077216042,0003077216042,00003077216042,003077216042,Bounty,Bounty Paper Towels Select-A-Size White 2 Triple Rolls,2 rolls,7.99,,7.99
2026-02-17T11:20:42Z,paper towels,70100659,Tumwater,WA,98512,FRED,00659,0003040022276,0003040022276,00003040022276,003040022276,Sparkle,Sparkle® Tear-A-Square® Paper Towel Double Rolls,6 rolls,9.29,7.49,7.49
2026-02-17T11:20:42Z,paper towels,70100659,Tumwater,WA,98512,FRED,00659,0003077219274,0003077219274,00003077219274,003077219274,Bounty,Bounty Paper Towels Select-A-Size White 8 Double Plus Rolls,8 rolls,21.49,,21.49
2026-02-17T11:20:42Z,paper towels,70100659,Tumwater,WA,98512,FRED,00659,0006366836203,0006366836203,00006366836203,006366836203,Green Forest,Green Forest 100% Recycled Size-Your-Own Paper Towels,3 pk,6.29,,6.29
2026-02-17T11:20:42Z,paper towels,70100659,Tumwater,WA,98512,FRED,00659,0076427177011,0076427177011,00076427177011,076427177011,Oggi,OGGI Wallmount Paper Towel Holder,1 ct,11.99,,11.99
2026-02-17T11:20:42Z,paper towels,70100659,Tumwater,WA,98512,FRED,00659,0076427107702,0076427107702,00076427107702,076427107702,OGGI,OGGI Stainless Steel Paper Towel Holder,1 ct,17.99,,17.99
2026-02-17T11:20:42Z,paper towels,70100659,Tumwater,WA,98512,FRED,00659,0086001113901,0086001113901,00086001113901,086001113901,Reel,Reel® Premium Bamboo Paper Towels,6 ct,19.49,,19.49
2026-02-17T11:20:42Z,paper towels,70100659,Tumwater,WA,98512,FRED,00659,0086001113900,0086001113900,00086001113900,086001113900,Reel,Reel® Premium Bamboo Paper Towel Triple Rolls,2 rolls,7.99,,7.99
2026-02-17T11:20:42Z,paper towels,70100659,Tumwater,WA,98512,FRED,00659,0073291313737,0073291313737,00073291313737,073291313737,Seventh Generation,Seventh Generation Unbleached Chlorine Free Paper Towel Rolls,6 rolls,21.99,,21.99
2026-02-17T11:20:42Z,paper towels,70100659,Tumwater,WA,98512,FRED,00659,0001111011984,0001111011984,00001111011984,001111011984,Kroger,Kroger® Rugged and Reliable Paper Towels Giant Rolls,10 rolls,13.49,,13.49
2026-02-17T11:20:42Z,paper towels,70100659,Tumwater,WA,98512,FRED,00659,0019655708688,0019655708688,00019655708688,019655708688,Core,Core Kitchen Paper Towel Holder,1 ct,8.99,,8.99
2026-02-17T11:20:42Z,paper towels,70100659,Tumwater,WA,98512,FRED,00659,0003600056532,0003600056532,00003600056532,003600056532,Viva,Viva® Signature Cloth™ Paper Towels Double Rolls,6 rolls,14.29,,14.29
2026-02-17T11:20:42Z,paper towels,70100659,Tumwater,WA,98512,FRED,00659,0003600038587,0003600038587,00003600038587,003600038587,Kleenex,"Kleenex® Disposable Paper Hand Towels, 1 Box, 60 Towels per Box",60 count,4.29,,4.29
2026-02-17T11:20:42Z,paper towels,70100659,Tumwater,WA,98512,FRED,00659,0004200044576,0004200044576,00004200044576,004200044576,Brawny,Brawny® Tear-A-Square® 3-Ply Paper Towel Triple Rolls,2 rolls,7.49,,7.49
2026-02-17T11:20:42Z,paper towels,70100659,Tumwater,WA,98512,FRED,00659,0003600056535,0003600056535,00003600056535,003600056535,Viva,Viva Signature Cloth Paper Towels Double Rolls,12 rolls,23.49,,23.49
2026-02-17T11:20:42Z,paper towels,70100659,Tumwater,WA,98512,FRED,00659,0003600052499,0003600052499,00003600052499,003600052499,Viva,Viva Multi-Surface Cloth Paper Towels Double Rolls,8 rolls,16.99,14.49,14.49
2026-02-17T11:20:42Z,paper towels,70100659,Tumwater,WA,98512,FRED,00659,0004200044658,0004200044658,00004200044658,004200044658,Brawny,Brawny® Full Sheet 3-Ply Paper Towel Double Rolls,6 rolls,13.29,11.99,11.99
2026-02-17T11:20:42Z,paper towels,70100659,Tumwater,WA,98512,FRED,00659,0004200044579,0004200044579,00004200044579,004200044579,Brawny,Brawny® Tear-A-Square® 3-Ply Paper Towel Double Rolls,4 rolls,10.29,7.49,7.49
2026-02-17T11:20:42Z,paper towels,70100659,Tumwater,WA,98512,FRED,00659,0001111016086,0001111016086,00001111016086,001111016086,Kroger,Kroger® Rugged + Reliable Paper Towels Double Rolls,4 rolls,7.29,,7.29
2026-02-17T11:20:42Z,paper towels,70100659,Tumwater,WA,98512,FRED,00659,0001111014184,0001111014184,00001111014184,001111014184,Kroger,Kroger® Ultra Paper Towels With Absorbing Power Triple Rolls,2 rolls,6.29,,6.29
2026-02-17T11:20:42Z,paper towels,70100659,Tumwater,WA,98512,FRED,00659,0001111016087,0001111016087,00001111016087,001111016087,Kroger,Kroger® Rugged + Reliable Paper Towels Giant Rolls,10 rolls,13.79,,13.79
2026-02-17T11:20:42Z,paper towels,70100659,Tumwater,WA,98512,FRED,00659,0001111014185,0001111014185,00001111014185,001111014185,Kroger,Kroger® Ultra Paper Towels With Absorbing Power Double Rolls,4 rolls,8.49,,8.49
2026-02-17T11:20:42Z,paper towels,70100659,Tumwater,WA,98512,FRED,00659,0001111016088,0001111016088,00001111016088,001111016088,Kroger,Kroger® Rugged + Reliable Paper Towels Double Plus Rolls BIG DEAL!,12 ct,19.99,,19.99
2026-02-17T11:20:42Z,paper towels,70100659,Tumwater,WA,98512,FRED,00659,0001111014186,0001111014186,00001111014186,001111014186,Kroger,Kroger® Ultra Paper Towels With Absorbing Power Double Rolls,6 rolls,11.29,,11.29
2026-02-17T11:20:42Z,paper towels,70100659,Tumwater,WA,98512,FRED,00659,0003077216014,0003077216014,00003077216014,003077216014,Bounty,"Bounty Paper Towels Select-A-Size White, 8 Triple Rolls, 123 Sheets Per Roll",8 rolls,26.99,23.99,23.99
2026-02-17T11:20:42Z,paper towels,70100659,Tumwater,WA,98512,FRED,00659,0001111014187,0001111014187,00001111014187,001111014187,Kroger,Kroger® Ultra Absorbing Power Paper Towels Triple Rolls,8 ct,19.29,,19.29
2026-02-17T11:20:42Z,paper towels,70100659,Tumwater,WA,98512,FRED,00659,0003077215664,0003077215664,00003077215664,003077215664,Bounty,Bounty Paper Towels Select-A-Size White 12 Double Plus Rolls,12 rolls,30.99,29.99,29.99
2026-02-17T11:20:42Z,paper towels,70100659,Tumwater,WA,98512,FRED,00659,0071981207833,0071981207833,00071981207833,071981207833,Softworks,Softworks Simply Tear Paper Towel Holder,1 ct,29.99,,29.99
2026-02-17T11:20:42Z,paper towels,70100659,Tumwater,WA,98512,FRED,00659,0003040022241,0003040022241,00003040022241,003040022241,Sparkle,Sparkle® Pick-A-Size® Paper Towel Double Rolls,8 rolls,11.99,,11.99
2026-02-17T11:20:42Z,paper towels,70100659,Tumwater,WA,98512,FRED,00659,0003077216071,0003077216071,00003077216071,003077216071,Bounty,Bounty Paper Towels Select-A-Size White 6 Mega Rolls,6 rolls,26.99,23.99,23.99
2026-02-17T11:20:42Z,paper towels,70100659,Tumwater,WA,98512,FRED,00659,0001111010621,0001111010621,00001111010621,001111010621,Kroger,Kroger® Glimmer Select-A-Sheet Paper Towels Double Rolls,2 rolls,2.99,,2.99
2026-02-17T11:20:42Z,paper towels,70100659,Tumwater,WA,98512,FRED,00659,0003600055195,0003600055195,00003600055195,003600055195,Scott,Scott® On-The-Go™ Pop-Up!® Cloths,70 ct,5.99,,5.99
2026-02-17T11:20:42Z,paper towels,70100659,Tumwater,WA,98512,FRED,00659,0088877707647,0088877707647,00088877707647,088877707647,SDS for HD Designs,SDS for HD Designs Acacia & Brass Paper Towel Holder,14 in,16.99,11.89,11.89
2026-02-17T11:20:42Z,paper towels,70100659,Tumwater,WA,98512,FRED,00659,0001111012026,0001111012026,00001111012026,001111012026,Kroger,Kroger® Rugged + Reliable Paper Towels Double Plus Rolls BIG DEAL!,12 rolls,19.99,,19.99
2026-02-17T11:20:42Z,paper towels,70100659,Tumwater,WA,98512,FRED,00659,0073291313722,0073291313722,00073291313722,073291313722,Seventh Generation,Seventh Generation 100% Recycled Paper Jumbo Paper Towels,1 roll / 156 ct,4.79,,4.79
2026-02-17T11:20:42Z,paper towels,70100659,Tumwater,WA,98512,FRED,00659,0004200044588,0004200044588,00004200044588,004200044588,Brawny,Brawny® Tear-A-Square® 3-Ply Paper Towel Double Rolls,6 rolls,13.29,11.99,11.99
2026-02-17T11:20:42Z,paper towels,70100659,Tumwater,WA,98512,FRED,00659,0003077215703,0003077215703,00003077215703,003077215703,Bounty,Bounty Paper Towels Select-A-Size White 6 Double Rolls,6 rolls,14.99,,14.99
2026-02-17T11:20:42Z,paper towels,70100659,Tumwater,WA,98512,FRED,00659,0071981261343,0071981261343,00071981261343,071981261343,Softworks,Softworks Steady Paper Towel Holder,1 ct,25.99,,25.99
2026-02-17T11:20:42Z,paper towels,70100659,Tumwater,WA,98512,FRED,00659,0004200044600,0004200044600,00004200044600,004200044600,Brawny,Brawny® Tear-A-Square® 3-Ply Paper Towel Double Rolls,8 rolls,16.79,16.29,16.29
2026-02-17T11:20:42Z,paper towels,70100061,University Place,WA,98466,FRED,00061,0003077215712,0003077215712,00003077215712,003077215712,Bounty,Bounty Paper Towels Select-A-Size White 4 Double Rolls,4 rolls,,,
2026-02-17T11:20:42Z,paper towels,70100061,University Place,WA,98466,FRED,00061,0003600049413,0003600049413,00003600049413,003600049413,Viva,Viva® Multi-Surface Cloth™ Paper Towels Single Rolls,6 rolls,,,
2026-02-17T11:20:42Z,paper towels,70100061,University Place,WA,98466,FRED,00061,0003077216009,0003077216009,00003077216009,003077216009,Bounty,Bounty Paper Towels Select-A-Size White 4 Triple Rolls,4 rolls,,,
2026-02-17T11:20:42Z,paper towels,70100061,University Place,WA,98466,FRED,00061,0003040022272,0003040022272,00003040022272,003040022272,Sparkle,Sparkle® Tear-A-Square® Customizable Sheet Size Paper Towels Double Rolls,2 rolls,,,
2026-02-17T11:20:42Z,paper towels,70100061,University Place,WA,98466,FRED,00061,0005400075130,0005400075130,00005400075130,005400075130,Scott,Scott® Original Multipurpose Shop Towels - Blue,55ct,,,
2026-02-17T11:20:42Z,paper towels,70100061,University Place,WA,98466,FRED,00061,0003077216021,0003077216021,00003077216021,003077216021,Bounty,Bounty Paper Towels Full Sheet White 6 Double Rolls,6 rolls,,,
2026-02-17T11:20:42Z,paper towels,70100061,University Place,WA,98466,FRED,00061,0003077216042,0003077216042,00003077216042,003077216042,Bounty,Bounty Paper Towels Select-A-Size White 2 Triple Rolls,2 rolls,,,
2026-02-17T11:20:42Z,paper towels,70100061,University Place,WA,98466,FRED,00061,0003077216020,0003077216020,00003077216020,003077216020,Bounty,Bounty Paper Towels Select-A-Size White 6 Triple Rolls,6 rolls,,,
2026-02-17T11:20:42Z,paper towels,70100061,University Place,WA,98466,FRED,00061,0003040022276,0003040022276,00003040022276,003040022276,Sparkle,Sparkle® Tear-A-Square® Paper Towel Double Rolls,6 rolls,,,
2026-02-17T11:20:42Z,paper towels,70100061,University Place,WA,98466,FRED,00061,0003077219274,0003077219274,00003077219274,003077219274,Bounty,Bounty Paper Towels Select-A-Size White 8 Double Plus Rolls,8 rolls,,,
2026-02-17T11:20:42Z,paper towels,70100061,University Place,WA,98466,FRED,00061,0076427107702,0076427107702,00076427107702,076427107702,OGGI,OGGI Stainless Steel Paper Towel Holder,1 ct,,,
2026-02-17T11:20:42Z,paper towels,70100061,University Place,WA,98466,FRED,00061,0076427177011,0076427177011,00076427177011,076427177011,Oggi,OGGI Wallmount Paper Towel Holder,1 ct,,,
2026-02-17T11:20:42Z,paper towels,70100061,University Place,WA,98466,FRED,00061,0001111011984,0001111011984,00001111011984,001111011984,Kroger,Kroger® Rugged and Reliable Paper Towels Giant Rolls,10 rolls,,,
2026-02-17T11:20:42Z,paper towels,70100061,University Place,WA,98466,FRED,00061,0073291313737,0073291313737,00073291313737,073291313737,Seventh Generation,Seventh Generation Unbleached Chlorine Free Paper Towel Rolls,6 rolls,,,
2026-02-17T11:20:42Z,paper towels,70100061,University Place,WA,98466,FRED,00061,0019655708688,0019655708688,00019655708688,019655708688,Core,Core Kitchen Paper Towel Holder,1 ct,,,
2026-02-17T11:20:42Z,paper towels,70100061,University Place,WA,98466,FRED,00061,0003600038587,0003600038587,00003600038587,003600038587,Kleenex,"Kleenex® Disposable Paper Hand Towels, 1 Box, 60 Towels per Box",60 count,,,
2026-02-17T11:20:42Z,paper towels,70100061,University Place,WA,98466,FRED,00061,0003600056532,0003600056532,00003600056532,003600056532,Viva,Viva® Signature Cloth™ Paper Towels Double Rolls,6 rolls,,,
2026-02-17T11:20:42Z,paper towels,70100061,University Place,WA,98466,FRED,00061,0004200044576,0004200044576,00004200044576,004200044576,Brawny,Brawny® Tear-A-Square® 3-Ply Paper Towel Triple Rolls,2 rolls,,,
2026-02-17T11:20:42Z,paper towels,70100061,University Place,WA,98466,FRED,00061,0003600056535,0003600056535,00003600056535,003600056535,Viva,Viva Signature Cloth Paper Towels Double Rolls,12 rolls,,,
2026-02-17T11:20:42Z,paper towels,70100061,University Place,WA,98466,FRED,00061,0003600052499,0003600052499,00003600052499,003600052499,Viva,Viva Multi-Surface Cloth Paper Towels Double Rolls,8 rolls,,,
2026-02-17T11:20:42Z,paper towels,70100061,University Place,WA,98466,FRED,00061,0004200044658,0004200044658,00004200044658,004200044658,Brawny,Brawny® Full Sheet 3-Ply Paper Towel Double Rolls,6 rolls,,,
2026-02-17T11:20:42Z,paper towels,70100061,University Place,WA,98466,FRED,00061,0004200044579,0004200044579,00004200044579,004200044579,Brawny,Brawny® Tear-A-Square® 3-Ply Paper Towel Double Rolls,4 rolls,,,
2026-02-17T11:20:42Z,paper towels,70100061,University Place,WA,98466,FRED,00061,0001111016086,0001111016086,00001111016086,001111016086,Kroger,Kroger® Rugged + Reliable Paper Towels Double Rolls,4 rolls,,,
2026-02-17T11:20:42Z,paper towels,70100061,University Place,WA,98466,FRED,00061,0001111016087,0001111016087,00001111016087,001111016087,Kroger,Kroger® Rugged + Reliable Paper Towels Giant Rolls,10 rolls,,,
2026-02-17T11:20:42Z,paper towels,70100061,University Place,WA,98466,FRED,00061,0001111014184,0001111014184,00001111014184,001111014184,Kroger,Kroger® Ultra Paper Towels With Absorbing Power Triple Rolls,2 rolls,,,
2026-02-17T11:20:42Z,paper towels,70100061,University Place,WA,98466,FRED,00061,0001111014185,0001111014185,00001111014185,001111014185,Kroger,Kroger® Ultra Paper Towels With Absorbing Power Double Rolls,4 rolls,,,
2026-02-17T11:20:42Z,paper towels,70100061,University Place,WA,98466,FRED,00061,0001111016088,0001111016088,00001111016088,001111016088,Kroger,Kroger® Rugged + Reliable Paper Towels Double Plus Rolls BIG DEAL!,12 ct,,,
2026-02-17T11:20:42Z,paper towels,70100061,University Place,WA,98466,FRED,00061,0003077216014,0003077216014,00003077216014,003077216014,Bounty,"Bounty Paper Towels Select-A-Size White, 8 Triple Rolls, 123 Sheets Per Roll",8 rolls,,,
2026-02-17T11:20:42Z,paper towels,70100061,University Place,WA,98466,FRED,00061,0001111014186,0001111014186,00001111014186,001111014186,Kroger,Kroger® Ultra Paper Towels With Absorbing Power Double Rolls,6 rolls,,,
2026-02-17T11:20:42Z,paper towels,70100061,University Place,WA,98466,FRED,00061,0001111014187,0001111014187,00001111014187,001111014187,Kroger,Kroger® Ultra Absorbing Power Paper Towels Triple Rolls,8 ct,,,
2026-02-17T11:20:42Z,paper towels,70100061,University Place,WA,98466,FRED,00061,0071981207833,0071981207833,00071981207833,071981207833,Softworks,Softworks Simply Tear Paper Towel Holder,1 ct,,,
2026-02-17T11:20:42Z,paper towels,70100061,University Place,WA,98466,FRED,00061,0003077215664,0003077215664,00003077215664,003077215664,Bounty,Bounty Paper Towels Select-A-Size White 12 Double Plus Rolls,12 rolls,,,
2026-02-17T11:20:42Z,paper towels,70100061,University Place,WA,98466,FRED,00061,0003040022241,0003040022241,00003040022241,003040022241,Sparkle,Sparkle® Pick-A-Size® Paper Towel Double Rolls,8 rolls,,,
2026-02-17T11:20:42Z,paper towels,70100061,University Place,WA,98466,FRED,00061,0003077216071,0003077216071,00003077216071,003077216071,Bounty,Bounty Paper Towels Select-A-Size White 6 Mega Rolls,6 rolls,,,
2026-02-17T11:20:42Z,paper towels,70100061,University Place,WA,98466,FRED,00061,0001111010621,0001111010621,00001111010621,001111010621,Kroger,Kroger® Glimmer Select-A-Sheet Paper Towels Double Rolls,2 rolls,,,
2026-02-17T11:20:42Z,paper towels,70100061,University Place,WA,98466,FRED,00061,0003600055195,0003600055195,00003600055195,003600055195,Scott,Scott® On-The-Go™ Pop-Up!® Cloths,70 ct,,,
2026-02-17T11:20:42Z,paper towels,70100061,University Place,WA,98466,FRED,00061,0088877707647,0088877707647,00088877707647,088877707647,SDS for HD Designs,SDS for HD Designs Acacia & Brass Paper Towel Holder,14 in,,,
2026-02-17T11:20:42Z,paper towels,70100061,University Place,WA,98466,FRED,00061,0001111012026,0001111012026,00001111012026,001111012026,Kroger,Kroger® Rugged + Reliable Paper Towels Double Plus Rolls BIG DEAL!,12 rolls,,,
2026-02-17T11:20:42Z,paper towels,70100061,University Place,WA,98466,FRED,00061,0073291313722,0073291313722,00073291313722,073291313722,Seventh Generation,Seventh Generation 100% Recycled Paper Jumbo Paper Towels,1 roll / 156 ct,,,
2026-02-17T11:20:42Z,paper towels,70100061,University Place,WA,98466,FRED,00061,0004200044588,0004200044588,00004200044588,004200044588,Brawny,Brawny® Tear-A-Square® 3-Ply Paper Towel Double Rolls,6 rolls,,,
2026-02-17T11:20:42Z,paper towels,70100061,University Place,WA,98466,FRED,00061,0003077215703,0003077215703,00003077215703,003077215703,Bounty,Bounty Paper Towels Select-A-Size White 6 Double Rolls,6 rolls,,,
2026-02-17T11:20:42Z,paper towels,70100061,University Place,WA,98466,FRED,00061,0071981261343,0071981261343,00071981261343,071981261343,Softworks,Softworks Steady Paper Towel Holder,1 ct,,,
2026-02-17T11:20:42Z,paper towels,70100061,University Place,WA,98466,FRED,00061,0004200044600,0004200044600,00004200044600,004200044600,Brawny,Brawny® Tear-A-Square® 3-Ply Paper Towel Double Rolls,8 rolls,,,
2026-02-17T11:20:42Z,paper towels,70100615,University Place,WA,98467,FRED,00615,0003600049413,0003600049413,00003600049413,003600049413,Viva,Viva® Multi-Surface Cloth™ Paper Towels Single Rolls,6 rolls,12.49,10.99,10.99
2026-02-17T11:20:42Z,paper towels,70100615,University Place,WA,98467,FRED,00615,0003077216009,0003077216009,00003077216009,003077216009,Bounty,Bounty Paper Towels Select-A-Size White 4 Triple Rolls,4 rolls,14.99,,14.99
2026-02-17T11:20:42Z,paper towels,70100615,University Place,WA,98467,FRED,00615,0003077215712,0003077215712,00003077215712,003077215712,Bounty,Bounty Paper Towels Select-A-Size White 4 Double Rolls,4 rolls,11.29,,11.29
2026-02-17T11:20:42Z,paper towels,70100615,University Place,WA,98467,FRED,00615,0003040022272,0003040022272,00003040022272,003040022272,Sparkle,Sparkle® Tear-A-Square® Customizable Sheet Size Paper Towels Double Rolls,2 rolls,3.79,,3.79
2026-02-17T11:20:42Z,paper towels,70100615,University Place,WA,98467,FRED,00615,0005400075130,0005400075130,00005400075130,005400075130,Scott,Scott® Original Multipurpose Shop Towels - Blue,55ct,3.99,,3.99
2026-02-17T11:20:42Z,paper towels,70100615,University Place,WA,98467,FRED,00615,0003077216021,0003077216021,00003077216021,003077216021,Bounty,Bounty Paper Towels Full Sheet White 6 Double Rolls,6 rolls,14.99,,14.99
2026-02-17T11:20:42Z,paper towels,70100615,University Place,WA,98467,FRED,00615,0003077216020,0003077216020,00003077216020,003077216020,Bounty,Bounty Paper Towels Select-A-Size White 6 Triple Rolls,6 rolls,21.99,19.99,19.99
2026-02-17T11:20:42Z,paper towels,70100615,University Place,WA,98467,FRED,00615,0003077216042,0003077216042,00003077216042,003077216042,Bounty,Bounty Paper Towels Select-A-Size White 2 Triple Rolls,2 rolls,7.99,,7.99
2026-02-17T11:20:42Z,paper towels,70100615,University Place,WA,98467,FRED,00615,0003040022276,0003040022276,00003040022276,003040022276,Sparkle,Sparkle® Tear-A-Square® Paper Towel Double Rolls,6 rolls,9.29,7.49,7.49
2026-02-17T11:20:42Z,paper towels,70100615,University Place,WA,98467,FRED,00615,0003077219274,0003077219274,00003077219274,003077219274,Bounty,Bounty Paper Towels Select-A-Size White 8 Double Plus Rolls,8 rolls,21.49,,21.49
2026-02-17T11:20:42Z,paper towels,70100615,University Place,WA,98467,FRED,00615,0006366836203,0006366836203,00006366836203,006366836203,Green Forest,Green Forest 100% Recycled Size-Your-Own Paper Towels,3 pk,6.29,,6.29
2026-02-17T11:20:42Z,paper towels,70100615,University Place,WA,98467,FRED,00615,0076427107702,0076427107702,00076427107702,076427107702,OGGI,OGGI Stainless Steel Paper Towel Holder,1 ct,17.99,,17.99
2026-02-17T11:20:42Z,paper towels,70100615,University Place,WA,98467,FRED,00615,0076427177011,0076427177011,00076427177011,076427177011,Oggi,OGGI Wallmount Paper Towel Holder,1 ct,11.99,,11.99
2026-02-17T11:20:42Z,paper towels,70100615,University Place,WA,98467,FRED,00615,0086001113901,0086001113901,00086001113901,086001113901,Reel,Reel® Premium Bamboo Paper Towels,6 ct,19.49,,19.49
2026-02-17T11:20:42Z,paper towels,70100615,University Place,WA,98467,FRED,00615,0086001113900,0086001113900,00086001113900,086001113900,Reel,Reel® Premium Bamboo Paper Towel Triple Rolls,2 rolls,7.99,,7.99
2026-02-17T11:20:42Z,paper towels,70100615,University Place,WA,98467,FRED,00615,0001111011984,0001111011984,00001111011984,001111011984,Kroger,Kroger® Rugged and Reliable Paper Towels Giant Rolls,10 rolls,13.49,,13.49
2026-02-17T11:20:42Z,paper towels,70100615,University Place,WA,98467,FRED,00615,0073291313737,0073291313737,00073291313737,073291313737,Seventh Generation,Seventh Generation Unbleached Chlorine Free Paper Towel Rolls,6 rolls,21.99,,21.99
2026-02-17T11:20:42Z,paper towels,70100615,University Place,WA,98467,FRED,00615,0019655708688,0019655708688,00019655708688,019655708688,Core,Core Kitchen Paper Towel Holder,1 ct,8.99,,8.99
2026-02-17T11:20:42Z,paper towels,70100615,University Place,WA,98467,FRED,00615,0003600056532,0003600056532,00003600056532,003600056532,Viva,Viva® Signature Cloth™ Paper Towels Double Rolls,6 rolls,14.29,,14.29
2026-02-17T11:20:42Z,paper towels,70100615,University Place,WA,98467,FRED,00615,0003600038587,0003600038587,00003600038587,003600038587,Kleenex,"Kleenex® Disposable Paper Hand Towels, 1 Box, 60 Towels per Box",60 count,4.29,,4.29
2026-02-17T11:20:42Z,paper towels,70100615,University Place,WA,98467,FRED,00615,0004200044576,0004200044576,00004200044576,004200044576,Brawny,Brawny® Tear-A-Square® 3-Ply Paper Towel Triple Rolls,2 rolls,7.49,,7.49
2026-02-17T11:20:42Z,paper towels,70100615,University Place,WA,98467,FRED,00615,0003600056535,0003600056535,00003600056535,003600056535,Viva,Viva Signature Cloth Paper Towels Double Rolls,12 rolls,23.49,,23.49
2026-02-17T11:20:42Z,paper towels,70100615,University Place,WA,98467,FRED,00615,0003600052499,0003600052499,00003600052499,003600052499,Viva,Viva Multi-Surface Cloth Paper Towels Double Rolls,8 rolls,16.99,14.49,14.49
2026-02-17T11:20:42Z,paper towels,70100615,University Place,WA,98467,FRED,00615,0004200044658,0004200044658,00004200044658,004200044658,Brawny,Brawny® Full Sheet 3-Ply Paper Towel Double Rolls,6 rolls,13.29,11.99,11.99
2026-02-17T11:20:42Z,paper towels,70100615,University Place,WA,98467,FRED,00615,0004200044579,0004200044579,00004200044579,004200044579,Brawny,Brawny® Tear-A-Square® 3-Ply Paper Towel Double Rolls,4 rolls,10.29,7.49,7.49
2026-02-17T11:20:42Z,paper towels,70100615,University Place,WA,98467,FRED,00615,0001111016086,0001111016086,00001111016086,001111016086,Kroger,Kroger® Rugged + Reliable Paper Towels Double Rolls,4 rolls,7.29,,7.29
2026-02-17T11:20:42Z,paper towels,70100615,University Place,WA,98467,FRED,00615,0001111014184,0001111014184,00001111014184,001111014184,Kroger,Kroger® Ultra Paper Towels With Absorbing Power Triple Rolls,2 rolls,6.29,,6.29
2026-02-17T11:20:42Z,paper towels,70100615,University Place,WA,98467,FRED,00615,0001111016087,0001111016087,00001111016087,001111016087,Kroger,Kroger® Rugged + Reliable Paper Towels Giant Rolls,10 rolls,13.79,,13.79
2026-02-17T11:20:42Z,paper towels,70100615,University Place,WA,98467,FRED,00615,0001111014185,0001111014185,00001111014185,001111014185,Kroger,Kroger® Ultra Paper Towels With Absorbing Power Double Rolls,4 rolls,8.49,,8.49
2026-02-17T11:20:42Z,paper towels,70100615,University Place,WA,98467,FRED,00615,0001111016088,0001111016088,00001111016088,001111016088,Kroger,Kroger® Rugged + Reliable Paper Towels Double Plus Rolls BIG DEAL!,12 ct,19.99,,19.99
2026-02-17T11:20:42Z,paper towels,70100615,University Place,WA,98467,FRED,00615,0001111014186,0001111014186,00001111014186,001111014186,Kroger,Kroger® Ultra Paper Towels With Absorbing Power Double Rolls,6 rolls,11.29,,11.29
2026-02-17T11:20:42Z,paper towels,70100615,University Place,WA,98467,FRED,00615,0003077216014,0003077216014,00003077216014,003077216014,Bounty,"Bounty Paper Towels Select-A-Size White, 8 Triple Rolls, 123 Sheets Per Roll",8 rolls,26.99,23.99,23.99
2026-02-17T11:20:42Z,paper towels,70100615,University Place,WA,98467,FRED,00615,0001111014187,0001111014187,00001111014187,001111014187,Kroger,Kroger® Ultra Absorbing Power Paper Towels Triple Rolls,8 ct,19.29,,19.29
2026-02-17T11:20:42Z,paper towels,70100615,University Place,WA,98467,FRED,00615,0003077215664,0003077215664,00003077215664,003077215664,Bounty,Bounty Paper Towels Select-A-Size White 12 Double Plus Rolls,12 rolls,30.99,29.99,29.99
2026-02-17T11:20:42Z,paper towels,70100615,University Place,WA,98467,FRED,00615,0071981207833,0071981207833,00071981207833,071981207833,Softworks,Softworks Simply Tear Paper Towel Holder,1 ct,29.99,,29.99
2026-02-17T11:20:42Z,paper towels,70100615,University Place,WA,98467,FRED,00615,0003040022241,0003040022241,00003040022241,003040022241,Sparkle,Sparkle® Pick-A-Size® Paper Towel Double Rolls,8 rolls,11.99,,11.99
2026-02-17T11:20:42Z,paper towels,70100615,University Place,WA,98467,FRED,00615,0003077216071,0003077216071,00003077216071,003077216071,Bounty,Bounty Paper Towels Select-A-Size White 6 Mega Rolls,6 rolls,26.99,23.99,23.99
2026-02-17T11:20:42Z,paper towels,70100615,University Place,WA,98467,FRED,00615,0001111010621,0001111010621,00001111010621,001111010621,Kroger,Kroger® Glimmer Select-A-Sheet Paper Towels Double Rolls,2 rolls,2.99,,2.99
2026-02-17T11:20:42Z,paper towels,70100615,University Place,WA,98467,FRED,00615,0088877707647,0088877707647,00088877707647,088877707647,SDS for HD Designs,SDS for HD Designs Acacia & Brass Paper Towel Holder,14 in,16.99,11.89,11.89
2026-02-17T11:20:42Z,paper towels,70100615,University Place,WA,98467,FRED,00615,0001111012026,0001111012026,00001111012026,001111012026,Kroger,Kroger® Rugged + Reliable Paper Towels Double Plus Rolls BIG DEAL!,12 rolls,19.99,,19.99
2026-02-17T11:20:42Z,paper towels,70100615,University Place,WA,98467,FRED,00615,0073291313722,0073291313722,00073291313722,073291313722,Seventh Generation,Seventh Generation 100% Recycled Paper Jumbo Paper Towels,1 roll / 156 ct,4.79,,4.79
2026-02-17T11:20:42Z,paper towels,70100615,University Place,WA,98467,FRED,00615,0004200044588,0004200044588,00004200044588,004200044588,Brawny,Brawny® Tear-A-Square® 3-Ply Paper Towel Double Rolls,6 rolls,13.29,11.99,11.99
2026-02-17T11:20:42Z,paper towels,70100615,University Place,WA,98467,FRED,00615,0003077215703,0003077215703,00003077215703,003077215703,Bounty,Bounty Paper Towels Select-A-Size White 6 Double Rolls,6 rolls,14.99,,14.99
2026-02-17T11:20:42Z,paper towels,70100615,University Place,WA,98467,FRED,00615,0071981261343,0071981261343,00071981261343,071981261343,Softworks,Softworks Steady Paper Towel Holder,1 ct,25.99,,25.99
2026-02-17T11:20:42Z,paper towels,70100615,University Place,WA,98467,FRED,00615,0004200044600,0004200044600,00004200044600,004200044600,Brawny,Brawny® Tear-A-Square® 3-Ply Paper Towel Double Rolls,8 rolls,16.79,16.29,16.29
2026-02-17T11:20:42Z,paper towels,70100069,Vancouver,WA,98664,FRED,00069,0003077215712,0003077215712,00003077215712,003077215712,Bounty,Bounty Paper Towels Select-A-Size White 4 Double Rolls,4 rolls,,,
2026-02-17T11:20:42Z,paper towels,70100069,Vancouver,WA,98664,FRED,00069,0003600049413,0003600049413,00003600049413,003600049413,Viva,Viva® Multi-Surface Cloth™ Paper Towels Single Rolls,6 rolls,,,
2026-02-17T11:20:42Z,paper towels,70100069,Vancouver,WA,98664,FRED,00069,0003077216009,0003077216009,00003077216009,003077216009,Bounty,Bounty Paper Towels Select-A-Size White 4 Triple Rolls,4 rolls,,,
2026-02-17T11:20:42Z,paper towels,70100069,Vancouver,WA,98664,FRED,00069,0003040022272,0003040022272,00003040022272,003040022272,Sparkle,Sparkle® Tear-A-Square® Customizable Sheet Size Paper Towels Double Rolls,2 rolls,,,
2026-02-17T11:20:42Z,paper towels,70100069,Vancouver,WA,98664,FRED,00069,0005400075130,0005400075130,00005400075130,005400075130,Scott,Scott® Original Multipurpose Shop Towels - Blue,55ct,,,
2026-02-17T11:20:42Z,paper towels,70100069,Vancouver,WA,98664,FRED,00069,0003077216021,0003077216021,00003077216021,003077216021,Bounty,Bounty Paper Towels Full Sheet White 6 Double Rolls,6 rolls,,,
2026-02-17T11:20:42Z,paper towels,70100069,Vancouver,WA,98664,FRED,00069,0003077216042,0003077216042,00003077216042,003077216042,Bounty,Bounty Paper Towels Select-A-Size White 2 Triple Rolls,2 rolls,,,
2026-02-17T11:20:42Z,paper towels,70100069,Vancouver,WA,98664,FRED,00069,0003077216020,0003077216020,00003077216020,003077216020,Bounty,Bounty Paper Towels Select-A-Size White 6 Triple Rolls,6 rolls,,,
2026-02-17T11:20:42Z,paper towels,70100069,Vancouver,WA,98664,FRED,00069,0003040022276,0003040022276,00003040022276,003040022276,Sparkle,Sparkle® Tear-A-Square® Paper Towel Double Rolls,6 rolls,,,
2026-02-17T11:20:42Z,paper towels,70100069,Vancouver,WA,98664,FRED,00069,0003077219274,0003077219274,00003077219274,003077219274,Bounty,Bounty Paper Towels Select-A-Size White 8 Double Plus Rolls,8 rolls,,,
2026-02-17T11:20:42Z,paper towels,70100069,Vancouver,WA,98664,FRED,00069,0006366836203,0006366836203,00006366836203,006366836203,Green Forest,Green Forest 100% Recycled Size-Your-Own Paper Towels,3 pk,,,
2026-02-17T11:20:42Z,paper towels,70100069,Vancouver,WA,98664,FRED,00069,0076427177011,0076427177011,00076427177011,076427177011,Oggi,OGGI Wallmount Paper Towel Holder,1 ct,,,
2026-02-17T11:20:42Z,paper towels,70100069,Vancouver,WA,98664,FRED,00069,0086001113901,0086001113901,00086001113901,086001113901,Reel,Reel® Premium Bamboo Paper Towels,6 ct,,,
2026-02-17T11:20:42Z,paper towels,70100069,Vancouver,WA,98664,FRED,00069,0086001113900,0086001113900,00086001113900,086001113900,Reel,Reel® Premium Bamboo Paper Towel Triple Rolls,2 rolls,,,
2026-02-17T11:20:42Z,paper towels,70100069,Vancouver,WA,98664,FRED,00069,0001111011984,0001111011984,00001111011984,001111011984,Kroger,Kroger® Rugged and Reliable Paper Towels Giant Rolls,10 rolls,,,
2026-02-17T11:20:42Z,paper towels,70100069,Vancouver,WA,98664,FRED,00069,0073291313737,0073291313737,00073291313737,073291313737,Seventh Generation,Seventh Generation Unbleached Chlorine Free Paper Towel Rolls,6 rolls,,,
2026-02-17T11:20:42Z,paper towels,70100069,Vancouver,WA,98664,FRED,00069,0019655708688,0019655708688,00019655708688,019655708688,Core,Core Kitchen Paper Towel Holder,1 ct,,,
2026-02-17T11:20:42Z,paper towels,70100069,Vancouver,WA,98664,FRED,00069,0003600056532,0003600056532,00003600056532,003600056532,Viva,Viva® Signature Cloth™ Paper Towels Double Rolls,6 rolls,,,
2026-02-17T11:20:42Z,paper towels,70100069,Vancouver,WA,98664,FRED,00069,0003600038587,0003600038587,00003600038587,003600038587,Kleenex,"Kleenex® Disposable Paper Hand Towels, 1 Box, 60 Towels per Box",60 count,,,
2026-02-17T11:20:42Z,paper towels,70100069,Vancouver,WA,98664,FRED,00069,0004200044576,0004200044576,00004200044576,004200044576,Brawny,Brawny® Tear-A-Square® 3-Ply Paper Towel Triple Rolls,2 rolls,,,
2026-02-17T11:20:42Z,paper towels,70100069,Vancouver,WA,98664,FRED,00069,0003600056535,0003600056535,00003600056535,003600056535,Viva,Viva Signature Cloth Paper Towels Double Rolls,12 rolls,,,
2026-02-17T11:20:42Z,paper towels,70100069,Vancouver,WA,98664,FRED,00069,0003600052499,0003600052499,00003600052499,003600052499,Viva,Viva Multi-Surface Cloth Paper Towels Double Rolls,8 rolls,,,
2026-02-17T11:20:42Z,paper towels,70100069,Vancouver,WA,98664,FRED,00069,0004200044658,0004200044658,00004200044658,004200044658,Brawny,Brawny® Full Sheet 3-Ply Paper Towel Double Rolls,6 rolls,,,
2026-02-17T11:20:42Z,paper towels,70100069,Vancouver,WA,98664,FRED,00069,0004200044579,0004200044579,00004200044579,004200044579,Brawny,Brawny® Tear-A-Square® 3-Ply Paper Towel Double Rolls,4 rolls,,,
2026-02-17T11:20:42Z,paper towels,70100069,Vancouver,WA,98664,FRED,00069,0001111016086,0001111016086,00001111016086,001111016086,Kroger,Kroger® Rugged + Reliable Paper Towels Double Rolls,4 rolls,,,
2026-02-17T11:20:42Z,paper towels,70100069,Vancouver,WA,98664,FRED,00069,0001111016087,0001111016087,00001111016087,001111016087,Kroger,Kroger® Rugged + Reliable Paper Towels Giant Rolls,10 rolls,,,
2026-02-17T11:20:42Z,paper towels,70100069,Vancouver,WA,98664,FRED,00069,0001111014184,0001111014184,00001111014184,001111014184,Kroger,Kroger® Ultra Paper Towels With Absorbing Power Triple Rolls,2 rolls,,,
2026-02-17T11:20:42Z,paper towels,70100069,Vancouver,WA,98664,FRED,00069,0001111014185,0001111014185,00001111014185,001111014185,Kroger,Kroger® Ultra Paper Towels With Absorbing Power Double Rolls,4 rolls,,,
2026-02-17T11:20:42Z,paper towels,70100069,Vancouver,WA,98664,FRED,00069,0001111016088,0001111016088,00001111016088,001111016088,Kroger,Kroger® Rugged + Reliable Paper Towels Double Plus Rolls BIG DEAL!,12 ct,,,
2026-02-17T11:20:42Z,paper towels,70100069,Vancouver,WA,98664,FRED,00069,0001111014186,0001111014186,00001111014186,001111014186,Kroger,Kroger® Ultra Paper Towels With Absorbing Power Double Rolls,6 rolls,,,
2026-02-17T11:20:42Z,paper towels,70100069,Vancouver,WA,98664,FRED,00069,0003077216014,0003077216014,00003077216014,003077216014,Bounty,"Bounty Paper Towels Select-A-Size White, 8 Triple Rolls, 123 Sheets Per Roll",8 rolls,,,
2026-02-17T11:20:42Z,paper towels,70100069,Vancouver,WA,98664,FRED,00069,0001111014187,0001111014187,00001111014187,001111014187,Kroger,Kroger® Ultra Absorbing Power Paper Towels Triple Rolls,8 ct,,,
2026-02-17T11:20:42Z,paper towels,70100069,Vancouver,WA,98664,FRED,00069,0003077215664,0003077215664,00003077215664,003077215664,Bounty,Bounty Paper Towels Select-A-Size White 12 Double Plus Rolls,12 rolls,,,
2026-02-17T11:20:42Z,paper towels,70100069,Vancouver,WA,98664,FRED,00069,0071981207833,0071981207833,00071981207833,071981207833,Softworks,Softworks Simply Tear Paper Towel Holder,1 ct,,,
2026-02-17T11:20:42Z,paper towels,70100069,Vancouver,WA,98664,FRED,00069,0003040022241,0003040022241,00003040022241,003040022241,Sparkle,Sparkle® Pick-A-Size® Paper Towel Double Rolls,8 rolls,,,
2026-02-17T11:20:42Z,paper towels,70100069,Vancouver,WA,98664,FRED,00069,0003077216071,0003077216071,00003077216071,003077216071,Bounty,Bounty Paper Towels Select-A-Size White 6 Mega Rolls,6 rolls,,,
2026-02-17T11:20:42Z,paper towels,70100069,Vancouver,WA,98664,FRED,00069,0001111010621,0001111010621,00001111010621,001111010621,Kroger,Kroger® Glimmer Select-A-Sheet Paper Towels Double Rolls,2 rolls,,,
2026-02-17T11:20:42Z,paper towels,70100069,Vancouver,WA,98664,FRED,00069,0003600055195,0003600055195,00003600055195,003600055195,Scott,Scott® On-The-Go™ Pop-Up!® Cloths,70 ct,,,
2026-02-17T11:20:42Z,paper towels,70100069,Vancouver,WA,98664,FRED,00069,0088877707647,0088877707647,00088877707647,088877707647,SDS for HD Designs,SDS for HD Designs Acacia & Brass Paper Towel Holder,14 in,,,
2026-02-17T11:20:42Z,paper towels,70100069,Vancouver,WA,98664,FRED,00069,0001111012026,0001111012026,00001111012026,001111012026,Kroger,Kroger® Rugged + Reliable Paper Towels Double Plus Rolls BIG DEAL!,12 rolls,,,
2026-02-17T11:20:42Z,paper towels,70100069,Vancouver,WA,98664,FRED,00069,0073291313722,0073291313722,00073291313722,073291313722,Seventh Generation,Seventh Generation 100% Recycled Paper Jumbo Paper Towels,1 roll / 156 ct,,,
2026-02-17T11:20:42Z,paper towels,70100069,Vancouver,WA,98664,FRED,00069,0004200044588,0004200044588,00004200044588,004200044588,Brawny,Brawny® Tear-A-Square® 3-Ply Paper Towel Double Rolls,6 rolls,,,
2026-02-17T11:20:42Z,paper towels,70100069,Vancouver,WA,98664,FRED,00069,0003077215703,0003077215703,00003077215703,003077215703,Bounty,Bounty Paper Towels Select-A-Size White 6 Double Rolls,6 rolls,,,
2026-02-17T11:20:42Z,paper towels,70100069,Vancouver,WA,98664,FRED,00069,0071981261343,0071981261343,00071981261343,071981261343,Softworks,Softworks Steady Paper Towel Holder,1 ct,,,
2026-02-17T11:20:42Z,paper towels,70100069,Vancouver,WA,98664,FRED,00069,0004200044600,0004200044600,00004200044600,004200044600,Brawny,Brawny® Tear-A-Square® 3-Ply Paper Towel Double Rolls,8 rolls,,,
2026-02-17T11:20:42Z,paper towels,70100093,Vancouver,WA,98683,FRED,00093,0003077216009,0003077216009,00003077216009,003077216009,Bounty,Bounty Paper Towels Select-A-Size White 4 Triple Rolls,4 rolls,14.99,,14.99
2026-02-17T11:20:42Z,paper towels,70100093,Vancouver,WA,98683,FRED,00093,0003077215712,0003077215712,00003077215712,003077215712,Bounty,Bounty Paper Towels Select-A-Size White 4 Double Rolls,4 rolls,10.99,,10.99
2026-02-17T11:20:42Z,paper towels,70100093,Vancouver,WA,98683,FRED,00093,0003600049413,0003600049413,00003600049413,003600049413,Viva,Viva® Multi-Surface Cloth™ Paper Towels Single Rolls,6 rolls,12.29,10.79,10.79
2026-02-17T11:20:42Z,paper towels,70100093,Vancouver,WA,98683,FRED,00093,0003040022272,0003040022272,00003040022272,003040022272,Sparkle,Sparkle® Tear-A-Square® Customizable Sheet Size Paper Towels Double Rolls,2 rolls,3.69,,3.69
2026-02-17T11:20:42Z,paper towels,70100093,Vancouver,WA,98683,FRED,00093,0005400075130,0005400075130,00005400075130,005400075130,Scott,Scott® Original Multipurpose Shop Towels - Blue,55ct,3.99,,3.99
2026-02-17T11:20:42Z,paper towels,70100093,Vancouver,WA,98683,FRED,00093,0003077216021,0003077216021,00003077216021,003077216021,Bounty,Bounty Paper Towels Full Sheet White 6 Double Rolls,6 rolls,14.99,,14.99
2026-02-17T11:20:42Z,paper towels,70100093,Vancouver,WA,98683,FRED,00093,0003077216042,0003077216042,00003077216042,003077216042,Bounty,Bounty Paper Towels Select-A-Size White 2 Triple Rolls,2 rolls,7.99,,7.99
2026-02-17T11:20:42Z,paper towels,70100093,Vancouver,WA,98683,FRED,00093,0003077216020,0003077216020,00003077216020,003077216020,Bounty,Bounty Paper Towels Select-A-Size White 6 Triple Rolls,6 rolls,21.49,19.49,19.49
2026-02-17T11:20:42Z,paper towels,70100093,Vancouver,WA,98683,FRED,00093,0003040022276,0003040022276,00003040022276,003040022276,Sparkle,Sparkle® Tear-A-Square® Paper Towel Double Rolls,6 rolls,8.99,7.49,7.49
2026-02-17T11:20:42Z,paper towels,70100093,Vancouver,WA,98683,FRED,00093,0003077219274,0003077219274,00003077219274,003077219274,Bounty,Bounty Paper Towels Select-A-Size White 8 Double Plus Rolls,8 rolls,20.99,,20.99
2026-02-17T11:20:42Z,paper towels,70100093,Vancouver,WA,98683,FRED,00093,0006366836203,0006366836203,00006366836203,006366836203,Green Forest,Green Forest 100% Recycled Size-Your-Own Paper Towels,3 pk,,,
2026-02-17T11:20:42Z,paper towels,70100093,Vancouver,WA,98683,FRED,00093,0076427177011,0076427177011,00076427177011,076427177011,Oggi,OGGI Wallmount Paper Towel Holder,1 ct,11.99,,11.99
2026-02-17T11:20:42Z,paper towels,70100093,Vancouver,WA,98683,FRED,00093,0086001113901,0086001113901,00086001113901,086001113901,Reel,Reel® Premium Bamboo Paper Towels,6 ct,19.29,,19.29
2026-02-17T11:20:42Z,paper towels,70100093,Vancouver,WA,98683,FRED,00093,0086001113900,0086001113900,00086001113900,086001113900,Reel,Reel® Premium Bamboo Paper Towel Triple Rolls,2 rolls,7.99,,7.99
2026-02-17T11:20:42Z,paper towels,70100093,Vancouver,WA,98683,FRED,00093,0001111011984,0001111011984,00001111011984,001111011984,Kroger,Kroger® Rugged and Reliable Paper Towels Giant Rolls,10 rolls,13.49,,13.49
2026-02-17T11:20:42Z,paper towels,70100093,Vancouver,WA,98683,FRED,00093,0073291313737,0073291313737,00073291313737,073291313737,Seventh Generation,Seventh Generation Unbleached Chlorine Free Paper Towel Rolls,6 rolls,21.99,,21.99
2026-02-17T11:20:42Z,paper towels,70100093,Vancouver,WA,98683,FRED,00093,0019655708688,0019655708688,00019655708688,019655708688,Core,Core Kitchen Paper Towel Holder,1 ct,8.99,,8.99
2026-02-17T11:20:42Z,paper towels,70100093,Vancouver,WA,98683,FRED,00093,0003600056532,0003600056532,00003600056532,003600056532,Viva,Viva® Signature Cloth™ Paper Towels Double Rolls,6 rolls,14.29,,14.29
2026-02-17T11:20:42Z,paper towels,70100093,Vancouver,WA,98683,FRED,00093,0003600038587,0003600038587,00003600038587,003600038587,Kleenex,"Kleenex® Disposable Paper Hand Towels, 1 Box, 60 Towels per Box",60 count,4.19,,4.19
2026-02-17T11:20:42Z,paper towels,70100093,Vancouver,WA,98683,FRED,00093,0004200044576,0004200044576,00004200044576,004200044576,Brawny,Brawny® Tear-A-Square® 3-Ply Paper Towel Triple Rolls,2 rolls,7.49,,7.49
2026-02-17T11:20:42Z,paper towels,70100093,Vancouver,WA,98683,FRED,00093,0003600056535,0003600056535,00003600056535,003600056535,Viva,Viva Signature Cloth Paper Towels Double Rolls,12 rolls,23.49,,23.49
2026-02-17T11:20:42Z,paper towels,70100093,Vancouver,WA,98683,FRED,00093,0003600052499,0003600052499,00003600052499,003600052499,Viva,Viva Multi-Surface Cloth Paper Towels Double Rolls,8 rolls,16.79,14.49,14.49
2026-02-17T11:20:42Z,paper towels,70100093,Vancouver,WA,98683,FRED,00093,0004200044658,0004200044658,00004200044658,004200044658,Brawny,Brawny® Full Sheet 3-Ply Paper Towel Double Rolls,6 rolls,12.99,11.99,11.99
2026-02-17T11:20:42Z,paper towels,70100093,Vancouver,WA,98683,FRED,00093,0004200044579,0004200044579,00004200044579,004200044579,Brawny,Brawny® Tear-A-Square® 3-Ply Paper Towel Double Rolls,4 rolls,9.99,7.49,7.49
2026-02-17T11:20:42Z,paper towels,70100093,Vancouver,WA,98683,FRED,00093,0001111016086,0001111016086,00001111016086,001111016086,Kroger,Kroger® Rugged + Reliable Paper Towels Double Rolls,4 rolls,7.29,,7.29
2026-02-17T11:20:42Z,paper towels,70100093,Vancouver,WA,98683,FRED,00093,0001111016087,0001111016087,00001111016087,001111016087,Kroger,Kroger® Rugged + Reliable Paper Towels Giant Rolls,10 rolls,13.49,,13.49
2026-02-17T11:20:42Z,paper towels,70100093,Vancouver,WA,98683,FRED,00093,0001111014184,0001111014184,00001111014184,001111014184,Kroger,Kroger® Ultra Paper Towels With Absorbing Power Triple Rolls,2 rolls,6.29,,6.29
2026-02-17T11:20:42Z,paper towels,70100093,Vancouver,WA,98683,FRED,00093,0001111014185,0001111014185,00001111014185,001111014185,Kroger,Kroger® Ultra Paper Towels With Absorbing Power Double Rolls,4 rolls,8.29,,8.29
2026-02-17T11:20:42Z,paper towels,70100093,Vancouver,WA,98683,FRED,00093,0001111016088,0001111016088,00001111016088,001111016088,Kroger,Kroger® Rugged + Reliable Paper Towels Double Plus Rolls BIG DEAL!,12 ct,19.99,,19.99
2026-02-17T11:20:42Z,paper towels,70100093,Vancouver,WA,98683,FRED,00093,0003077216014,0003077216014,00003077216014,003077216014,Bounty,"Bounty Paper Towels Select-A-Size White, 8 Triple Rolls, 123 Sheets Per Roll",8 rolls,26.99,23.99,23.99
2026-02-17T11:20:42Z,paper towels,70100093,Vancouver,WA,98683,FRED,00093,0001111014186,0001111014186,00001111014186,001111014186,Kroger,Kroger® Ultra Paper Towels With Absorbing Power Double Rolls,6 rolls,10.99,,10.99
2026-02-17T11:20:42Z,paper towels,70100093,Vancouver,WA,98683,FRED,00093,0001111014187,0001111014187,00001111014187,001111014187,Kroger,Kroger® Ultra Absorbing Power Paper Towels Triple Rolls,8 ct,18.99,,18.99
2026-02-17T11:20:42Z,paper towels,70100093,Vancouver,WA,98683,FRED,00093,0003077215664,0003077215664,00003077215664,003077215664,Bounty,Bounty Paper Towels Select-A-Size White 12 Double Plus Rolls,12 rolls,29.99,,29.99
2026-02-17T11:20:42Z,paper towels,70100093,Vancouver,WA,98683,FRED,00093,0071981207833,0071981207833,00071981207833,071981207833,Softworks,Softworks Simply Tear Paper Towel Holder,1 ct,29.99,,29.99
2026-02-17T11:20:42Z,paper towels,70100093,Vancouver,WA,98683,FRED,00093,0003040022241,0003040022241,00003040022241,003040022241,Sparkle,Sparkle® Pick-A-Size® Paper Towel Double Rolls,8 rolls,11.79,,11.79
2026-02-17T11:20:42Z,paper towels,70100093,Vancouver,WA,98683,FRED,00093,0003077216071,0003077216071,00003077216071,003077216071,Bounty,Bounty Paper Towels Select-A-Size White 6 Mega Rolls,6 rolls,26.99,23.99,23.99
2026-02-17T11:20:42Z,paper towels,70100093,Vancouver,WA,98683,FRED,00093,0001111010621,0001111010621,00001111010621,001111010621,Kroger,Kroger® Glimmer Select-A-Sheet Paper Towels Double Rolls,2 rolls,2.99,,2.99
2026-02-17T11:20:42Z,paper towels,70100093,Vancouver,WA,98683,FRED,00093,0003600055195,0003600055195,00003600055195,003600055195,Scott,Scott® On-The-Go™ Pop-Up!® Cloths,70 ct,5.99,,5.99
2026-02-17T11:20:42Z,paper towels,70100093,Vancouver,WA,98683,FRED,00093,0088877707647,0088877707647,00088877707647,088877707647,SDS for HD Designs,SDS for HD Designs Acacia & Brass Paper Towel Holder,14 in,16.99,11.89,11.89
2026-02-17T11:20:42Z,paper towels,70100093,Vancouver,WA,98683,FRED,00093,0001111012026,0001111012026,00001111012026,001111012026,Kroger,Kroger® Rugged + Reliable Paper Towels Double Plus Rolls BIG DEAL!,12 rolls,19.99,,19.99
2026-02-17T11:20:42Z,paper towels,70100093,Vancouver,WA,98683,FRED,00093,0073291313722,0073291313722,00073291313722,073291313722,Seventh Generation,Seventh Generation 100% Recycled Paper Jumbo Paper Towels,1 roll / 156 ct,4.79,,4.79
2026-02-17T11:20:42Z,paper towels,70100093,Vancouver,WA,98683,FRED,00093,0004200044588,0004200044588,00004200044588,004200044588,Brawny,Brawny® Tear-A-Square® 3-Ply Paper Towel Double Rolls,6 rolls,12.99,11.99,11.99
2026-02-17T11:20:42Z,paper towels,70100093,Vancouver,WA,98683,FRED,00093,0003077215703,0003077215703,00003077215703,003077215703,Bounty,Bounty Paper Towels Select-A-Size White 6 Double Rolls,6 rolls,14.99,,14.99
2026-02-17T11:20:42Z,paper towels,70100093,Vancouver,WA,98683,FRED,00093,0071981261343,0071981261343,00071981261343,071981261343,Softworks,Softworks Steady Paper Towel Holder,1 ct,25.99,,25.99
2026-02-17T11:20:42Z,paper towels,70100093,Vancouver,WA,98683,FRED,00093,0004200044600,0004200044600,00004200044600,004200044600,Brawny,Brawny® Tear-A-Square® 3-Ply Paper Towel Double Rolls,8 rolls,16.49,15.99,15.99
2026-02-17T11:20:42Z,paper towels,70100140,Vancouver,WA,98665,FRED,00140,0003600049413,0003600049413,00003600049413,003600049413,Viva,Viva® Multi-Surface Cloth™ Paper Towels Single Rolls,6 rolls,12.29,10.79,10.79
2026-02-17T11:20:42Z,paper towels,70100140,Vancouver,WA,98665,FRED,00140,0003077216009,0003077216009,00003077216009,003077216009,Bounty,Bounty Paper Towels Select-A-Size White 4 Triple Rolls,4 rolls,14.99,,14.99
2026-02-17T11:20:42Z,paper towels,70100140,Vancouver,WA,98665,FRED,00140,0003077215712,0003077215712,00003077215712,003077215712,Bounty,Bounty Paper Towels Select-A-Size White 4 Double Rolls,4 rolls,10.99,,10.99
2026-02-17T11:20:42Z,paper towels,70100140,Vancouver,WA,98665,FRED,00140,0003040022272,0003040022272,00003040022272,003040022272,Sparkle,Sparkle® Tear-A-Square® Customizable Sheet Size Paper Towels Double Rolls,2 rolls,3.69,,3.69
2026-02-17T11:20:42Z,paper towels,70100140,Vancouver,WA,98665,FRED,00140,0003077216021,0003077216021,00003077216021,003077216021,Bounty,Bounty Paper Towels Full Sheet White 6 Double Rolls,6 rolls,14.99,,14.99
2026-02-17T11:20:42Z,paper towels,70100140,Vancouver,WA,98665,FRED,00140,0003077216020,0003077216020,00003077216020,003077216020,Bounty,Bounty Paper Towels Select-A-Size White 6 Triple Rolls,6 rolls,21.49,19.49,19.49
2026-02-17T11:20:42Z,paper towels,70100140,Vancouver,WA,98665,FRED,00140,0003077216042,0003077216042,00003077216042,003077216042,Bounty,Bounty Paper Towels Select-A-Size White 2 Triple Rolls,2 rolls,7.99,,7.99
2026-02-17T11:20:42Z,paper towels,70100140,Vancouver,WA,98665,FRED,00140,0003040022276,0003040022276,00003040022276,003040022276,Sparkle,Sparkle® Tear-A-Square® Paper Towel Double Rolls,6 rolls,8.99,7.49,7.49
2026-02-17T11:20:42Z,paper towels,70100140,Vancouver,WA,98665,FRED,00140,0003077219274,0003077219274,00003077219274,003077219274,Bounty,Bounty Paper Towels Select-A-Size White 8 Double Plus Rolls,8 rolls,20.99,,20.99
2026-02-17T11:20:42Z,paper towels,70100140,Vancouver,WA,98665,FRED,00140,0006366836203,0006366836203,00006366836203,006366836203,Green Forest,Green Forest 100% Recycled Size-Your-Own Paper Towels,3 pk,,,
2026-02-17T11:20:42Z,paper towels,70100140,Vancouver,WA,98665,FRED,00140,0076427177011,0076427177011,00076427177011,076427177011,Oggi,OGGI Wallmount Paper Towel Holder,1 ct,11.99,,11.99
2026-02-17T11:20:42Z,paper towels,70100140,Vancouver,WA,98665,FRED,00140,0076427107702,0076427107702,00076427107702,076427107702,OGGI,OGGI Stainless Steel Paper Towel Holder,1 ct,17.99,,17.99
2026-02-17T11:20:42Z,paper towels,70100140,Vancouver,WA,98665,FRED,00140,0086001113901,0086001113901,00086001113901,086001113901,Reel,Reel® Premium Bamboo Paper Towels,6 ct,19.29,,19.29
2026-02-17T11:20:42Z,paper towels,70100140,Vancouver,WA,98665,FRED,00140,0086001113900,0086001113900,00086001113900,086001113900,Reel,Reel® Premium Bamboo Paper Towel Triple Rolls,2 rolls,7.99,,7.99
2026-02-17T11:20:42Z,paper towels,70100140,Vancouver,WA,98665,FRED,00140,0001111011984,0001111011984,00001111011984,001111011984,Kroger,Kroger® Rugged and Reliable Paper Towels Giant Rolls,10 rolls,13.49,,13.49
2026-02-17T11:20:42Z,paper towels,70100140,Vancouver,WA,98665,FRED,00140,0073291313737,0073291313737,00073291313737,073291313737,Seventh Generation,Seventh Generation Unbleached Chlorine Free Paper Towel Rolls,6 rolls,21.99,,21.99
2026-02-17T11:20:42Z,paper towels,70100140,Vancouver,WA,98665,FRED,00140,0019655708688,0019655708688,00019655708688,019655708688,Core,Core Kitchen Paper Towel Holder,1 ct,8.99,,8.99
2026-02-17T11:20:42Z,paper towels,70100140,Vancouver,WA,98665,FRED,00140,0003600038587,0003600038587,00003600038587,003600038587,Kleenex,"Kleenex® Disposable Paper Hand Towels, 1 Box, 60 Towels per Box",60 count,4.19,,4.19
2026-02-17T11:20:42Z,paper towels,70100140,Vancouver,WA,98665,FRED,00140,0003600056532,0003600056532,00003600056532,003600056532,Viva,Viva® Signature Cloth™ Paper Towels Double Rolls,6 rolls,14.29,,14.29
2026-02-17T11:20:42Z,paper towels,70100140,Vancouver,WA,98665,FRED,00140,0004200044576,0004200044576,00004200044576,004200044576,Brawny,Brawny® Tear-A-Square® 3-Ply Paper Towel Triple Rolls,2 rolls,7.49,,7.49
2026-02-17T11:20:42Z,paper towels,70100140,Vancouver,WA,98665,FRED,00140,0003600056535,0003600056535,00003600056535,003600056535,Viva,Viva Signature Cloth Paper Towels Double Rolls,12 rolls,23.49,,23.49
2026-02-17T11:20:42Z,paper towels,70100140,Vancouver,WA,98665,FRED,00140,0003600052499,0003600052499,00003600052499,003600052499,Viva,Viva Multi-Surface Cloth Paper Towels Double Rolls,8 rolls,16.79,14.49,14.49
2026-02-17T11:20:42Z,paper towels,70100140,Vancouver,WA,98665,FRED,00140,0004200044658,0004200044658,00004200044658,004200044658,Brawny,Brawny® Full Sheet 3-Ply Paper Towel Double Rolls,6 rolls,12.99,11.99,11.99
2026-02-17T11:20:42Z,paper towels,70100140,Vancouver,WA,98665,FRED,00140,0004200044579,0004200044579,00004200044579,004200044579,Brawny,Brawny® Tear-A-Square® 3-Ply Paper Towel Double Rolls,4 rolls,9.99,7.49,7.49
2026-02-17T11:20:42Z,paper towels,70100140,Vancouver,WA,98665,FRED,00140,0001111016086,0001111016086,00001111016086,001111016086,Kroger,Kroger® Rugged + Reliable Paper Towels Double Rolls,4 rolls,7.29,,7.29
2026-02-17T11:20:42Z,paper towels,70100140,Vancouver,WA,98665,FRED,00140,0001111016087,0001111016087,00001111016087,001111016087,Kroger,Kroger® Rugged + Reliable Paper Towels Giant Rolls,10 rolls,13.49,,13.49
2026-02-17T11:20:42Z,paper towels,70100140,Vancouver,WA,98665,FRED,00140,0001111014184,0001111014184,00001111014184,001111014184,Kroger,Kroger® Ultra Paper Towels With Absorbing Power Triple Rolls,2 rolls,6.29,,6.29
2026-02-17T11:20:42Z,paper towels,70100140,Vancouver,WA,98665,FRED,00140,0001111014185,0001111014185,00001111014185,001111014185,Kroger,Kroger® Ultra Paper Towels With Absorbing Power Double Rolls,4 rolls,8.29,,8.29
2026-02-17T11:20:42Z,paper towels,70100140,Vancouver,WA,98665,FRED,00140,0001111016088,0001111016088,00001111016088,001111016088,Kroger,Kroger® Rugged + Reliable Paper Towels Double Plus Rolls BIG DEAL!,12 ct,19.99,,19.99
2026-02-17T11:20:42Z,paper towels,70100140,Vancouver,WA,98665,FRED,00140,0001111014186,0001111014186,00001111014186,001111014186,Kroger,Kroger® Ultra Paper Towels With Absorbing Power Double Rolls,6 rolls,10.99,,10.99
2026-02-17T11:20:42Z,paper towels,70100140,Vancouver,WA,98665,FRED,00140,0003077216014,0003077216014,00003077216014,003077216014,Bounty,"Bounty Paper Towels Select-A-Size White, 8 Triple Rolls, 123 Sheets Per Roll",8 rolls,26.99,23.99,23.99
2026-02-17T11:20:42Z,paper towels,70100140,Vancouver,WA,98665,FRED,00140,0001111014187,0001111014187,00001111014187,001111014187,Kroger,Kroger® Ultra Absorbing Power Paper Towels Triple Rolls,8 ct,18.99,,18.99
2026-02-17T11:20:42Z,paper towels,70100140,Vancouver,WA,98665,FRED,00140,0003077215664,0003077215664,00003077215664,003077215664,Bounty,Bounty Paper Towels Select-A-Size White 12 Double Plus Rolls,12 rolls,29.99,,29.99
2026-02-17T11:20:42Z,paper towels,70100140,Vancouver,WA,98665,FRED,00140,0071981207833,0071981207833,00071981207833,071981207833,Softworks,Softworks Simply Tear Paper Towel Holder,1 ct,29.99,,29.99
2026-02-17T11:20:42Z,paper towels,70100140,Vancouver,WA,98665,FRED,00140,0003040022241,0003040022241,00003040022241,003040022241,Sparkle,Sparkle® Pick-A-Size® Paper Towel Double Rolls,8 rolls,11.79,,11.79
2026-02-17T11:20:42Z,paper towels,70100140,Vancouver,WA,98665,FRED,00140,0003077216071,0003077216071,00003077216071,003077216071,Bounty,Bounty Paper Towels Select-A-Size White 6 Mega Rolls,6 rolls,26.99,23.99,23.99
2026-02-17T11:20:42Z,paper towels,70100140,Vancouver,WA,98665,FRED,00140,0001111010621,0001111010621,00001111010621,001111010621,Kroger,Kroger® Glimmer Select-A-Sheet Paper Towels Double Rolls,2 rolls,2.99,,2.99
2026-02-17T11:20:42Z,paper towels,70100140,Vancouver,WA,98665,FRED,00140,0003600055195,0003600055195,00003600055195,003600055195,Scott,Scott® On-The-Go™ Pop-Up!® Cloths,70 ct,5.99,,5.99
2026-02-17T11:20:42Z,paper towels,70100140,Vancouver,WA,98665,FRED,00140,0088877707647,0088877707647,00088877707647,088877707647,SDS for HD Designs,SDS for HD Designs Acacia & Brass Paper Towel Holder,14 in,16.99,11.89,11.89
2026-02-17T11:20:42Z,paper towels,70100140,Vancouver,WA,98665,FRED,00140,0001111012026,0001111012026,00001111012026,001111012026,Kroger,Kroger® Rugged + Reliable Paper Towels Double Plus Rolls BIG DEAL!,12 rolls,19.99,,19.99
2026-02-17T11:20:42Z,paper towels,70100140,Vancouver,WA,98665,FRED,00140,0073291313722,0073291313722,00073291313722,073291313722,Seventh Generation,Seventh Generation 100% Recycled Paper Jumbo Paper Towels,1 roll / 156 ct,4.79,,4.79
2026-02-17T11:20:42Z,paper towels,70100140,Vancouver,WA,98665,FRED,00140,0004200044588,0004200044588,00004200044588,004200044588,Brawny,Brawny® Tear-A-Square® 3-Ply Paper Towel Double Rolls,6 rolls,12.99,11.99,11.99
2026-02-17T11:20:42Z,paper towels,70100140,Vancouver,WA,98665,FRED,00140,0003077215703,0003077215703,00003077215703,003077215703,Bounty,Bounty Paper Towels Select-A-Size White 6 Double Rolls,6 rolls,14.99,,14.99
2026-02-17T11:20:42Z,paper towels,70100140,Vancouver,WA,98665,FRED,00140,0001111014646,0001111014646,00001111014646,001111014646,Simple Truth,Simple Truth® Hypoallergenic Strong and Absorbent 100% Recycled Paper Towels Big Rolls,6 rolls,9.99,,9.99
2026-02-17T11:20:42Z,paper towels,70100140,Vancouver,WA,98665,FRED,00140,0071981261343,0071981261343,00071981261343,071981261343,Softworks,Softworks Steady Paper Towel Holder,1 ct,25.99,,25.99
2026-02-17T11:20:42Z,paper towels,70100140,Vancouver,WA,98665,FRED,00140,0004200044600,0004200044600,00004200044600,004200044600,Brawny,Brawny® Tear-A-Square® 3-Ply Paper Towel Double Rolls,8 rolls,16.49,15.99,15.99
2026-02-17T11:20:42Z,paper towels,70100208,Vancouver,WA,98684,FRED,00208,0003077215712,0003077215712,00003077215712,003077215712,Bounty,Bounty Paper Towels Select-A-Size White 4 Double Rolls,4 rolls,10.99,,10.99
2026-02-17T11:20:42Z,paper towels,70100208,Vancouver,WA,98684,FRED,00208,0003077216009,0003077216009,00003077216009,003077216009,Bounty,Bounty Paper Towels Select-A-Size White 4 Triple Rolls,4 rolls,14.99,,14.99
2026-02-17T11:20:42Z,paper towels,70100208,Vancouver,WA,98684,FRED,00208,0003600049413,0003600049413,00003600049413,003600049413,Viva,Viva® Multi-Surface Cloth™ Paper Towels Single Rolls,6 rolls,12.29,10.79,10.79
2026-02-17T11:20:42Z,paper towels,70100208,Vancouver,WA,98684,FRED,00208,0003040022272,0003040022272,00003040022272,003040022272,Sparkle,Sparkle® Tear-A-Square® Customizable Sheet Size Paper Towels Double Rolls,2 rolls,3.69,,3.69
2026-02-17T11:20:42Z,paper towels,70100208,Vancouver,WA,98684,FRED,00208,0005400075130,0005400075130,00005400075130,005400075130,Scott,Scott® Original Multipurpose Shop Towels - Blue,55ct,3.99,,3.99
2026-02-17T11:20:42Z,paper towels,70100208,Vancouver,WA,98684,FRED,00208,0003077216021,0003077216021,00003077216021,003077216021,Bounty,Bounty Paper Towels Full Sheet White 6 Double Rolls,6 rolls,14.99,,14.99
2026-02-17T11:20:42Z,paper towels,70100208,Vancouver,WA,98684,FRED,00208,0003077216042,0003077216042,00003077216042,003077216042,Bounty,Bounty Paper Towels Select-A-Size White 2 Triple Rolls,2 rolls,7.99,,7.99
2026-02-17T11:20:42Z,paper towels,70100208,Vancouver,WA,98684,FRED,00208,0003077216020,0003077216020,00003077216020,003077216020,Bounty,Bounty Paper Towels Select-A-Size White 6 Triple Rolls,6 rolls,21.49,19.49,19.49
2026-02-17T11:20:42Z,paper towels,70100208,Vancouver,WA,98684,FRED,00208,0003040022276,0003040022276,00003040022276,003040022276,Sparkle,Sparkle® Tear-A-Square® Paper Towel Double Rolls,6 rolls,8.99,7.49,7.49
2026-02-17T11:20:42Z,paper towels,70100208,Vancouver,WA,98684,FRED,00208,0003077219274,0003077219274,00003077219274,003077219274,Bounty,Bounty Paper Towels Select-A-Size White 8 Double Plus Rolls,8 rolls,20.99,,20.99
2026-02-17T11:20:42Z,paper towels,70100208,Vancouver,WA,98684,FRED,00208,0006366836203,0006366836203,00006366836203,006366836203,Green Forest,Green Forest 100% Recycled Size-Your-Own Paper Towels,3 pk,,,
2026-02-17T11:20:42Z,paper towels,70100208,Vancouver,WA,98684,FRED,00208,0076427177011,0076427177011,00076427177011,076427177011,Oggi,OGGI Wallmount Paper Towel Holder,1 ct,11.99,,11.99
2026-02-17T11:20:42Z,paper towels,70100208,Vancouver,WA,98684,FRED,00208,0086001113901,0086001113901,00086001113901,086001113901,Reel,Reel® Premium Bamboo Paper Towels,6 ct,19.29,,19.29
2026-02-17T11:20:42Z,paper towels,70100208,Vancouver,WA,98684,FRED,00208,0086001113900,0086001113900,00086001113900,086001113900,Reel,Reel® Premium Bamboo Paper Towel Triple Rolls,2 rolls,7.99,,7.99
2026-02-17T11:20:42Z,paper towels,70100208,Vancouver,WA,98684,FRED,00208,0073291313737,0073291313737,00073291313737,073291313737,Seventh Generation,Seventh Generation Unbleached Chlorine Free Paper Towel Rolls,6 rolls,21.99,,21.99
2026-02-17T11:20:42Z,paper towels,70100208,Vancouver,WA,98684,FRED,00208,0001111011984,0001111011984,00001111011984,001111011984,Kroger,Kroger® Rugged and Reliable Paper Towels Giant Rolls,10 rolls,13.49,,13.49
2026-02-17T11:20:42Z,paper towels,70100208,Vancouver,WA,98684,FRED,00208,0019655708688,0019655708688,00019655708688,019655708688,Core,Core Kitchen Paper Towel Holder,1 ct,8.99,,8.99
2026-02-17T11:20:42Z,paper towels,70100208,Vancouver,WA,98684,FRED,00208,0003600056532,0003600056532,00003600056532,003600056532,Viva,Viva® Signature Cloth™ Paper Towels Double Rolls,6 rolls,14.29,,14.29
2026-02-17T11:20:42Z,paper towels,70100208,Vancouver,WA,98684,FRED,00208,0003600038587,0003600038587,00003600038587,003600038587,Kleenex,"Kleenex® Disposable Paper Hand Towels, 1 Box, 60 Towels per Box",60 count,4.19,,4.19
2026-02-17T11:20:42Z,paper towels,70100208,Vancouver,WA,98684,FRED,00208,0004200044576,0004200044576,00004200044576,004200044576,Brawny,Brawny® Tear-A-Square® 3-Ply Paper Towel Triple Rolls,2 rolls,7.49,,7.49
2026-02-17T11:20:42Z,paper towels,70100208,Vancouver,WA,98684,FRED,00208,0003600056535,0003600056535,00003600056535,003600056535,Viva,Viva Signature Cloth Paper Towels Double Rolls,12 rolls,23.49,,23.49
2026-02-17T11:20:42Z,paper towels,70100208,Vancouver,WA,98684,FRED,00208,0003600052499,0003600052499,00003600052499,003600052499,Viva,Viva Multi-Surface Cloth Paper Towels Double Rolls,8 rolls,16.79,14.49,14.49
2026-02-17T11:20:42Z,paper towels,70100208,Vancouver,WA,98684,FRED,00208,0004200044658,0004200044658,00004200044658,004200044658,Brawny,Brawny® Full Sheet 3-Ply Paper Towel Double Rolls,6 rolls,12.99,11.99,11.99
2026-02-17T11:20:42Z,paper towels,70100208,Vancouver,WA,98684,FRED,00208,0004200044579,0004200044579,00004200044579,004200044579,Brawny,Brawny® Tear-A-Square® 3-Ply Paper Towel Double Rolls,4 rolls,9.99,7.49,7.49
2026-02-17T11:20:42Z,paper towels,70100208,Vancouver,WA,98684,FRED,00208,0001111016086,0001111016086,00001111016086,001111016086,Kroger,Kroger® Rugged + Reliable Paper Towels Double Rolls,4 rolls,7.29,,7.29
2026-02-17T11:20:42Z,paper towels,70100208,Vancouver,WA,98684,FRED,00208,0001111016087,0001111016087,00001111016087,001111016087,Kroger,Kroger® Rugged + Reliable Paper Towels Giant Rolls,10 rolls,13.49,,13.49
2026-02-17T11:20:42Z,paper towels,70100208,Vancouver,WA,98684,FRED,00208,0001111014184,0001111014184,00001111014184,001111014184,Kroger,Kroger® Ultra Paper Towels With Absorbing Power Triple Rolls,2 rolls,6.29,,6.29
2026-02-17T11:20:42Z,paper towels,70100208,Vancouver,WA,98684,FRED,00208,0001111016088,0001111016088,00001111016088,001111016088,Kroger,Kroger® Rugged + Reliable Paper Towels Double Plus Rolls BIG DEAL!,12 ct,19.99,,19.99
2026-02-17T11:20:42Z,paper towels,70100208,Vancouver,WA,98684,FRED,00208,0001111014185,0001111014185,00001111014185,001111014185,Kroger,Kroger® Ultra Paper Towels With Absorbing Power Double Rolls,4 rolls,8.29,,8.29
2026-02-17T11:20:42Z,paper towels,70100208,Vancouver,WA,98684,FRED,00208,0001111014186,0001111014186,00001111014186,001111014186,Kroger,Kroger® Ultra Paper Towels With Absorbing Power Double Rolls,6 rolls,10.99,,10.99
2026-02-17T11:20:42Z,paper towels,70100208,Vancouver,WA,98684,FRED,00208,0003077216014,0003077216014,00003077216014,003077216014,Bounty,"Bounty Paper Towels Select-A-Size White, 8 Triple Rolls, 123 Sheets Per Roll",8 rolls,26.99,23.99,23.99
2026-02-17T11:20:42Z,paper towels,70100208,Vancouver,WA,98684,FRED,00208,0001111014187,0001111014187,00001111014187,001111014187,Kroger,Kroger® Ultra Absorbing Power Paper Towels Triple Rolls,8 ct,18.99,,18.99
2026-02-17T11:20:42Z,paper towels,70100208,Vancouver,WA,98684,FRED,00208,0003077215664,0003077215664,00003077215664,003077215664,Bounty,Bounty Paper Towels Select-A-Size White 12 Double Plus Rolls,12 rolls,29.99,,29.99
2026-02-17T11:20:42Z,paper towels,70100208,Vancouver,WA,98684,FRED,00208,0071981207833,0071981207833,00071981207833,071981207833,Softworks,Softworks Simply Tear Paper Towel Holder,1 ct,29.99,,29.99
2026-02-17T11:20:42Z,paper towels,70100208,Vancouver,WA,98684,FRED,00208,0003040022241,0003040022241,00003040022241,003040022241,Sparkle,Sparkle® Pick-A-Size® Paper Towel Double Rolls,8 rolls,11.79,,11.79
2026-02-17T11:20:42Z,paper towels,70100208,Vancouver,WA,98684,FRED,00208,0003077216071,0003077216071,00003077216071,003077216071,Bounty,Bounty Paper Towels Select-A-Size White 6 Mega Rolls,6 rolls,26.99,23.99,23.99
2026-02-17T11:20:42Z,paper towels,70100208,Vancouver,WA,98684,FRED,00208,0001111010621,0001111010621,00001111010621,001111010621,Kroger,Kroger® Glimmer Select-A-Sheet Paper Towels Double Rolls,2 rolls,2.99,,2.99
2026-02-17T11:20:42Z,paper towels,70100208,Vancouver,WA,98684,FRED,00208,0003600055195,0003600055195,00003600055195,003600055195,Scott,Scott® On-The-Go™ Pop-Up!® Cloths,70 ct,5.99,,5.99
2026-02-17T11:20:42Z,paper towels,70100208,Vancouver,WA,98684,FRED,00208,0088877707647,0088877707647,00088877707647,088877707647,SDS for HD Designs,SDS for HD Designs Acacia & Brass Paper Towel Holder,14 in,16.99,11.89,11.89
2026-02-17T11:20:42Z,paper towels,70100208,Vancouver,WA,98684,FRED,00208,0001111012026,0001111012026,00001111012026,001111012026,Kroger,Kroger® Rugged + Reliable Paper Towels Double Plus Rolls BIG DEAL!,12 rolls,19.99,,19.99
2026-02-17T11:20:42Z,paper towels,70100208,Vancouver,WA,98684,FRED,00208,0073291313722,0073291313722,00073291313722,073291313722,Seventh Generation,Seventh Generation 100% Recycled Paper Jumbo Paper Towels,1 roll / 156 ct,4.79,,4.79
2026-02-17T11:20:42Z,paper towels,70100208,Vancouver,WA,98684,FRED,00208,0004200044588,0004200044588,00004200044588,004200044588,Brawny,Brawny® Tear-A-Square® 3-Ply Paper Towel Double Rolls,6 rolls,12.99,11.99,11.99
2026-02-17T11:20:42Z,paper towels,70100208,Vancouver,WA,98684,FRED,00208,0003077215703,0003077215703,00003077215703,003077215703,Bounty,Bounty Paper Towels Select-A-Size White 6 Double Rolls,6 rolls,14.99,,14.99
2026-02-17T11:20:42Z,paper towels,70100208,Vancouver,WA,98684,FRED,00208,0071981261343,0071981261343,00071981261343,071981261343,Softworks,Softworks Steady Paper Towel Holder,1 ct,25.99,,25.99
2026-02-17T11:20:42Z,paper towels,70100208,Vancouver,WA,98684,FRED,00208,0004200044600,0004200044600,00004200044600,004200044600,Brawny,Brawny® Tear-A-Square® 3-Ply Paper Towel Double Rolls,8 rolls,16.49,15.99,15.99
2026-02-17T11:20:42Z,paper towels,70100236,Vancouver,WA,98662,FRED,00236,0003600049413,0003600049413,00003600049413,003600049413,Viva,Viva® Multi-Surface Cloth™ Paper Towels Single Rolls,6 rolls,12.29,10.79,10.79
2026-02-17T11:20:42Z,paper towels,70100236,Vancouver,WA,98662,FRED,00236,0003077215712,0003077215712,00003077215712,003077215712,Bounty,Bounty Paper Towels Select-A-Size White 4 Double Rolls,4 rolls,10.99,,10.99
2026-02-17T11:20:42Z,paper towels,70100236,Vancouver,WA,98662,FRED,00236,0003077216009,0003077216009,00003077216009,003077216009,Bounty,Bounty Paper Towels Select-A-Size White 4 Triple Rolls,4 rolls,14.99,,14.99
2026-02-17T11:20:42Z,paper towels,70100236,Vancouver,WA,98662,FRED,00236,0003040022272,0003040022272,00003040022272,003040022272,Sparkle,Sparkle® Tear-A-Square® Customizable Sheet Size Paper Towels Double Rolls,2 rolls,3.69,,3.69
2026-02-17T11:20:42Z,paper towels,70100236,Vancouver,WA,98662,FRED,00236,0005400075130,0005400075130,00005400075130,005400075130,Scott,Scott® Original Multipurpose Shop Towels - Blue,55ct,3.99,,3.99
2026-02-17T11:20:42Z,paper towels,70100236,Vancouver,WA,98662,FRED,00236,0003077216021,0003077216021,00003077216021,003077216021,Bounty,Bounty Paper Towels Full Sheet White 6 Double Rolls,6 rolls,14.99,,14.99
2026-02-17T11:20:42Z,paper towels,70100236,Vancouver,WA,98662,FRED,00236,0003077216020,0003077216020,00003077216020,003077216020,Bounty,Bounty Paper Towels Select-A-Size White 6 Triple Rolls,6 rolls,21.49,19.49,19.49
2026-02-17T11:20:42Z,paper towels,70100236,Vancouver,WA,98662,FRED,00236,0003077216042,0003077216042,00003077216042,003077216042,Bounty,Bounty Paper Towels Select-A-Size White 2 Triple Rolls,2 rolls,7.99,,7.99
2026-02-17T11:20:42Z,paper towels,70100236,Vancouver,WA,98662,FRED,00236,0003040022276,0003040022276,00003040022276,003040022276,Sparkle,Sparkle® Tear-A-Square® Paper Towel Double Rolls,6 rolls,8.99,7.49,7.49
2026-02-17T11:20:42Z,paper towels,70100236,Vancouver,WA,98662,FRED,00236,0003077219274,0003077219274,00003077219274,003077219274,Bounty,Bounty Paper Towels Select-A-Size White 8 Double Plus Rolls,8 rolls,20.99,,20.99
2026-02-17T11:20:42Z,paper towels,70100236,Vancouver,WA,98662,FRED,00236,0006366836203,0006366836203,00006366836203,006366836203,Green Forest,Green Forest 100% Recycled Size-Your-Own Paper Towels,3 pk,,,
2026-02-17T11:20:42Z,paper towels,70100236,Vancouver,WA,98662,FRED,00236,0076427107702,0076427107702,00076427107702,076427107702,OGGI,OGGI Stainless Steel Paper Towel Holder,1 ct,17.99,,17.99
2026-02-17T11:20:42Z,paper towels,70100236,Vancouver,WA,98662,FRED,00236,0076427177011,0076427177011,00076427177011,076427177011,Oggi,OGGI Wallmount Paper Towel Holder,1 ct,11.99,,11.99
2026-02-17T11:20:42Z,paper towels,70100236,Vancouver,WA,98662,FRED,00236,0086001113901,0086001113901,00086001113901,086001113901,Reel,Reel® Premium Bamboo Paper Towels,6 ct,19.29,,19.29
2026-02-17T11:20:42Z,paper towels,70100236,Vancouver,WA,98662,FRED,00236,0086001113900,0086001113900,00086001113900,086001113900,Reel,Reel® Premium Bamboo Paper Towel Triple Rolls,2 rolls,7.99,,7.99
2026-02-17T11:20:42Z,paper towels,70100236,Vancouver,WA,98662,FRED,00236,0001111011984,0001111011984,00001111011984,001111011984,Kroger,Kroger® Rugged and Reliable Paper Towels Giant Rolls,10 rolls,13.49,,13.49
2026-02-17T11:20:42Z,paper towels,70100236,Vancouver,WA,98662,FRED,00236,0073291313737,0073291313737,00073291313737,073291313737,Seventh Generation,Seventh Generation Unbleached Chlorine Free Paper Towel Rolls,6 rolls,21.99,,21.99
2026-02-17T11:20:42Z,paper towels,70100236,Vancouver,WA,98662,FRED,00236,0019655708688,0019655708688,00019655708688,019655708688,Core,Core Kitchen Paper Towel Holder,1 ct,8.99,,8.99
2026-02-17T11:20:42Z,paper towels,70100236,Vancouver,WA,98662,FRED,00236,0003600038587,0003600038587,00003600038587,003600038587,Kleenex,"Kleenex® Disposable Paper Hand Towels, 1 Box, 60 Towels per Box",60 count,4.19,,4.19
2026-02-17T11:20:42Z,paper towels,70100236,Vancouver,WA,98662,FRED,00236,0003600056532,0003600056532,00003600056532,003600056532,Viva,Viva® Signature Cloth™ Paper Towels Double Rolls,6 rolls,14.29,,14.29
2026-02-17T11:20:42Z,paper towels,70100236,Vancouver,WA,98662,FRED,00236,0004200044576,0004200044576,00004200044576,004200044576,Brawny,Brawny® Tear-A-Square® 3-Ply Paper Towel Triple Rolls,2 rolls,7.49,,7.49
2026-02-17T11:20:42Z,paper towels,70100236,Vancouver,WA,98662,FRED,00236,0003600056535,0003600056535,00003600056535,003600056535,Viva,Viva Signature Cloth Paper Towels Double Rolls,12 rolls,23.49,,23.49
2026-02-17T11:20:42Z,paper towels,70100236,Vancouver,WA,98662,FRED,00236,0003600052499,0003600052499,00003600052499,003600052499,Viva,Viva Multi-Surface Cloth Paper Towels Double Rolls,8 rolls,16.79,14.49,14.49
2026-02-17T11:20:42Z,paper towels,70100236,Vancouver,WA,98662,FRED,00236,0004200044658,0004200044658,00004200044658,004200044658,Brawny,Brawny® Full Sheet 3-Ply Paper Towel Double Rolls,6 rolls,12.99,11.99,11.99
2026-02-17T11:20:42Z,paper towels,70100236,Vancouver,WA,98662,FRED,00236,0004200044579,0004200044579,00004200044579,004200044579,Brawny,Brawny® Tear-A-Square® 3-Ply Paper Towel Double Rolls,4 rolls,9.99,7.49,7.49
2026-02-17T11:20:42Z,paper towels,70100236,Vancouver,WA,98662,FRED,00236,0001111016086,0001111016086,00001111016086,001111016086,Kroger,Kroger® Rugged + Reliable Paper Towels Double Rolls,4 rolls,7.29,,7.29
2026-02-17T11:20:42Z,paper towels,70100236,Vancouver,WA,98662,FRED,00236,0001111014184,0001111014184,00001111014184,001111014184,Kroger,Kroger® Ultra Paper Towels With Absorbing Power Triple Rolls,2 rolls,6.29,,6.29
2026-02-17T11:20:42Z,paper towels,70100236,Vancouver,WA,98662,FRED,00236,0001111016087,0001111016087,00001111016087,001111016087,Kroger,Kroger® Rugged + Reliable Paper Towels Giant Rolls,10 rolls,13.49,,13.49
2026-02-17T11:20:42Z,paper towels,70100236,Vancouver,WA,98662,FRED,00236,0001111014185,0001111014185,00001111014185,001111014185,Kroger,Kroger® Ultra Paper Towels With Absorbing Power Double Rolls,4 rolls,8.29,,8.29
2026-02-17T11:20:42Z,paper towels,70100236,Vancouver,WA,98662,FRED,00236,0001111016088,0001111016088,00001111016088,001111016088,Kroger,Kroger® Rugged + Reliable Paper Towels Double Plus Rolls BIG DEAL!,12 ct,19.99,,19.99
2026-02-17T11:20:42Z,paper towels,70100236,Vancouver,WA,98662,FRED,00236,0001111014186,0001111014186,00001111014186,001111014186,Kroger,Kroger® Ultra Paper Towels With Absorbing Power Double Rolls,6 rolls,10.99,,10.99
2026-02-17T11:20:42Z,paper towels,70100236,Vancouver,WA,98662,FRED,00236,0003077216014,0003077216014,00003077216014,003077216014,Bounty,"Bounty Paper Towels Select-A-Size White, 8 Triple Rolls, 123 Sheets Per Roll",8 rolls,26.99,23.99,23.99
2026-02-17T11:20:42Z,paper towels,70100236,Vancouver,WA,98662,FRED,00236,0001111014187,0001111014187,00001111014187,001111014187,Kroger,Kroger® Ultra Absorbing Power Paper Towels Triple Rolls,8 ct,18.99,,18.99
2026-02-17T11:20:42Z,paper towels,70100236,Vancouver,WA,98662,FRED,00236,0003077215664,0003077215664,00003077215664,003077215664,Bounty,Bounty Paper Towels Select-A-Size White 12 Double Plus Rolls,12 rolls,29.99,,29.99
2026-02-17T11:20:42Z,paper towels,70100236,Vancouver,WA,98662,FRED,00236,0071981207833,0071981207833,00071981207833,071981207833,Softworks,Softworks Simply Tear Paper Towel Holder,1 ct,29.99,,29.99
2026-02-17T11:20:42Z,paper towels,70100236,Vancouver,WA,98662,FRED,00236,0003040022241,0003040022241,00003040022241,003040022241,Sparkle,Sparkle® Pick-A-Size® Paper Towel Double Rolls,8 rolls,11.79,,11.79
2026-02-17T11:20:42Z,paper towels,70100236,Vancouver,WA,98662,FRED,00236,0003077216071,0003077216071,00003077216071,003077216071,Bounty,Bounty Paper Towels Select-A-Size White 6 Mega Rolls,6 rolls,26.99,23.99,23.99
2026-02-17T11:20:42Z,paper towels,70100236,Vancouver,WA,98662,FRED,00236,0001111010621,0001111010621,00001111010621,001111010621,Kroger,Kroger® Glimmer Select-A-Sheet Paper Towels Double Rolls,2 rolls,2.99,,2.99
2026-02-17T11:20:42Z,paper towels,70100236,Vancouver,WA,98662,FRED,00236,0003600055195,0003600055195,00003600055195,003600055195,Scott,Scott® On-The-Go™ Pop-Up!® Cloths,70 ct,5.99,2.99,2.99
2026-02-17T11:20:42Z,paper towels,70100236,Vancouver,WA,98662,FRED,00236,0088877707647,0088877707647,00088877707647,088877707647,SDS for HD Designs,SDS for HD Designs Acacia & Brass Paper Towel Holder,14 in,16.99,11.89,11.89
2026-02-17T11:20:42Z,paper towels,70100236,Vancouver,WA,98662,FRED,00236,0001111012026,0001111012026,00001111012026,001111012026,Kroger,Kroger® Rugged + Reliable Paper Towels Double Plus Rolls BIG DEAL!,12 rolls,19.99,,19.99
2026-02-17T11:20:42Z,paper towels,70100236,Vancouver,WA,98662,FRED,00236,0073291313722,0073291313722,00073291313722,073291313722,Seventh Generation,Seventh Generation 100% Recycled Paper Jumbo Paper Towels,1 roll / 156 ct,4.79,,4.79
2026-02-17T11:20:42Z,paper towels,70100236,Vancouver,WA,98662,FRED,00236,0004200044588,0004200044588,00004200044588,004200044588,Brawny,Brawny® Tear-A-Square® 3-Ply Paper Towel Double Rolls,6 rolls,12.99,11.99,11.99
2026-02-17T11:20:42Z,paper towels,70100236,Vancouver,WA,98662,FRED,00236,0003077215703,0003077215703,00003077215703,003077215703,Bounty,Bounty Paper Towels Select-A-Size White 6 Double Rolls,6 rolls,14.99,,14.99
2026-02-17T11:20:42Z,paper towels,70100236,Vancouver,WA,98662,FRED,00236,0071981261343,0071981261343,00071981261343,071981261343,Softworks,Softworks Steady Paper Towel Holder,1 ct,25.99,,25.99
2026-02-17T11:20:42Z,paper towels,70100236,Vancouver,WA,98662,FRED,00236,0004200044600,0004200044600,00004200044600,004200044600,Brawny,Brawny® Tear-A-Square® 3-Ply Paper Towel Double Rolls,8 rolls,16.49,15.99,15.99
2026-02-17T11:20:42Z,paper towels,70100460,Vancouver,WA,98685,FRED,00460,0003600049413,0003600049413,00003600049413,003600049413,Viva,Viva® Multi-Surface Cloth™ Paper Towels Single Rolls,6 rolls,12.29,10.79,10.79
2026-02-17T11:20:42Z,paper towels,70100460,Vancouver,WA,98685,FRED,00460,0003077215712,0003077215712,00003077215712,003077215712,Bounty,Bounty Paper Towels Select-A-Size White 4 Double Rolls,4 rolls,10.99,,10.99
2026-02-17T11:20:42Z,paper towels,70100460,Vancouver,WA,98685,FRED,00460,0003077216009,0003077216009,00003077216009,003077216009,Bounty,Bounty Paper Towels Select-A-Size White 4 Triple Rolls,4 rolls,14.99,,14.99
2026-02-17T11:20:42Z,paper towels,70100460,Vancouver,WA,98685,FRED,00460,0003040022272,0003040022272,00003040022272,003040022272,Sparkle,Sparkle® Tear-A-Square® Customizable Sheet Size Paper Towels Double Rolls,2 rolls,3.69,,3.69
2026-02-17T11:20:42Z,paper towels,70100460,Vancouver,WA,98685,FRED,00460,0003077216021,0003077216021,00003077216021,003077216021,Bounty,Bounty Paper Towels Full Sheet White 6 Double Rolls,6 rolls,14.99,,14.99
2026-02-17T11:20:42Z,paper towels,70100460,Vancouver,WA,98685,FRED,00460,0003077216020,0003077216020,00003077216020,003077216020,Bounty,Bounty Paper Towels Select-A-Size White 6 Triple Rolls,6 rolls,21.49,19.49,19.49
2026-02-17T11:20:42Z,paper towels,70100460,Vancouver,WA,98685,FRED,00460,0003077216042,0003077216042,00003077216042,003077216042,Bounty,Bounty Paper Towels Select-A-Size White 2 Triple Rolls,2 rolls,7.99,,7.99
2026-02-17T11:20:42Z,paper towels,70100460,Vancouver,WA,98685,FRED,00460,0003040022276,0003040022276,00003040022276,003040022276,Sparkle,Sparkle® Tear-A-Square® Paper Towel Double Rolls,6 rolls,8.99,7.49,7.49
2026-02-17T11:20:42Z,paper towels,70100460,Vancouver,WA,98685,FRED,00460,0003077219274,0003077219274,00003077219274,003077219274,Bounty,Bounty Paper Towels Select-A-Size White 8 Double Plus Rolls,8 rolls,20.99,,20.99
2026-02-17T11:20:42Z,paper towels,70100460,Vancouver,WA,98685,FRED,00460,0006366836203,0006366836203,00006366836203,006366836203,Green Forest,Green Forest 100% Recycled Size-Your-Own Paper Towels,3 pk,,,
2026-02-17T11:20:42Z,paper towels,70100460,Vancouver,WA,98685,FRED,00460,0076427107702,0076427107702,00076427107702,076427107702,OGGI,OGGI Stainless Steel Paper Towel Holder,1 ct,17.99,,17.99
2026-02-17T11:20:42Z,paper towels,70100460,Vancouver,WA,98685,FRED,00460,0076427177011,0076427177011,00076427177011,076427177011,Oggi,OGGI Wallmount Paper Towel Holder,1 ct,11.99,,11.99
2026-02-17T11:20:42Z,paper towels,70100460,Vancouver,WA,98685,FRED,00460,0086001113901,0086001113901,00086001113901,086001113901,Reel,Reel® Premium Bamboo Paper Towels,6 ct,19.29,,19.29
2026-02-17T11:20:42Z,paper towels,70100460,Vancouver,WA,98685,FRED,00460,0086001113900,0086001113900,00086001113900,086001113900,Reel,Reel® Premium Bamboo Paper Towel Triple Rolls,2 rolls,7.99,,7.99
2026-02-17T11:20:42Z,paper towels,70100460,Vancouver,WA,98685,FRED,00460,0073291313737,0073291313737,00073291313737,073291313737,Seventh Generation,Seventh Generation Unbleached Chlorine Free Paper Towel Rolls,6 rolls,21.99,,21.99
2026-02-17T11:20:42Z,paper towels,70100460,Vancouver,WA,98685,FRED,00460,0001111011984,0001111011984,00001111011984,001111011984,Kroger,Kroger® Rugged and Reliable Paper Towels Giant Rolls,10 rolls,13.49,,13.49
2026-02-17T11:20:42Z,paper towels,70100460,Vancouver,WA,98685,FRED,00460,0019655708688,0019655708688,00019655708688,019655708688,Core,Core Kitchen Paper Towel Holder,1 ct,8.99,,8.99
2026-02-17T11:20:42Z,paper towels,70100460,Vancouver,WA,98685,FRED,00460,0003600056532,0003600056532,00003600056532,003600056532,Viva,Viva® Signature Cloth™ Paper Towels Double Rolls,6 rolls,14.29,,14.29
2026-02-17T11:20:42Z,paper towels,70100460,Vancouver,WA,98685,FRED,00460,0003600038587,0003600038587,00003600038587,003600038587,Kleenex,"Kleenex® Disposable Paper Hand Towels, 1 Box, 60 Towels per Box",60 count,4.19,,4.19
2026-02-17T11:20:42Z,paper towels,70100460,Vancouver,WA,98685,FRED,00460,0004200044576,0004200044576,00004200044576,004200044576,Brawny,Brawny® Tear-A-Square® 3-Ply Paper Towel Triple Rolls,2 rolls,7.49,,7.49
2026-02-17T11:20:42Z,paper towels,70100460,Vancouver,WA,98685,FRED,00460,0003600056535,0003600056535,00003600056535,003600056535,Viva,Viva Signature Cloth Paper Towels Double Rolls,12 rolls,23.49,,23.49
2026-02-17T11:20:42Z,paper towels,70100460,Vancouver,WA,98685,FRED,00460,0003600052499,0003600052499,00003600052499,003600052499,Viva,Viva Multi-Surface Cloth Paper Towels Double Rolls,8 rolls,16.79,14.49,14.49
2026-02-17T11:20:42Z,paper towels,70100460,Vancouver,WA,98685,FRED,00460,0004200044658,0004200044658,00004200044658,004200044658,Brawny,Brawny® Full Sheet 3-Ply Paper Towel Double Rolls,6 rolls,12.99,11.99,11.99
2026-02-17T11:20:42Z,paper towels,70100460,Vancouver,WA,98685,FRED,00460,0004200044579,0004200044579,00004200044579,004200044579,Brawny,Brawny® Tear-A-Square® 3-Ply Paper Towel Double Rolls,4 rolls,9.99,7.49,7.49
2026-02-17T11:20:42Z,paper towels,70100460,Vancouver,WA,98685,FRED,00460,0001111016086,0001111016086,00001111016086,001111016086,Kroger,Kroger® Rugged + Reliable Paper Towels Double Rolls,4 rolls,7.29,,7.29
2026-02-17T11:20:42Z,paper towels,70100460,Vancouver,WA,98685,FRED,00460,0001111014184,0001111014184,00001111014184,001111014184,Kroger,Kroger® Ultra Paper Towels With Absorbing Power Triple Rolls,2 rolls,6.29,,6.29
2026-02-17T11:20:42Z,paper towels,70100460,Vancouver,WA,98685,FRED,00460,0001111016087,0001111016087,00001111016087,001111016087,Kroger,Kroger® Rugged + Reliable Paper Towels Giant Rolls,10 rolls,13.49,,13.49
2026-02-17T11:20:42Z,paper towels,70100460,Vancouver,WA,98685,FRED,00460,0001111014185,0001111014185,00001111014185,001111014185,Kroger,Kroger® Ultra Paper Towels With Absorbing Power Double Rolls,4 rolls,8.29,,8.29
2026-02-17T11:20:42Z,paper towels,70100460,Vancouver,WA,98685,FRED,00460,0001111016088,0001111016088,00001111016088,001111016088,Kroger,Kroger® Rugged + Reliable Paper Towels Double Plus Rolls BIG DEAL!,12 ct,19.99,,19.99
2026-02-17T11:20:42Z,paper towels,70100460,Vancouver,WA,98685,FRED,00460,0003077216014,0003077216014,00003077216014,003077216014,Bounty,"Bounty Paper Towels Select-A-Size White, 8 Triple Rolls, 123 Sheets Per Roll",8 rolls,26.99,23.99,23.99
2026-02-17T11:20:42Z,paper towels,70100460,Vancouver,WA,98685,FRED,00460,0001111014186,0001111014186,00001111014186,001111014186,Kroger,Kroger® Ultra Paper Towels With Absorbing Power Double Rolls,6 rolls,10.99,,10.99
2026-02-17T11:20:42Z,paper towels,70100460,Vancouver,WA,98685,FRED,00460,0001111014187,0001111014187,00001111014187,001111014187,Kroger,Kroger® Ultra Absorbing Power Paper Towels Triple Rolls,8 ct,18.99,,18.99
2026-02-17T11:20:42Z,paper towels,70100460,Vancouver,WA,98685,FRED,00460,0071981207833,0071981207833,00071981207833,071981207833,Softworks,Softworks Simply Tear Paper Towel Holder,1 ct,29.99,,29.99
2026-02-17T11:20:42Z,paper towels,70100460,Vancouver,WA,98685,FRED,00460,0003077215664,0003077215664,00003077215664,003077215664,Bounty,Bounty Paper Towels Select-A-Size White 12 Double Plus Rolls,12 rolls,29.99,,29.99
2026-02-17T11:20:42Z,paper towels,70100460,Vancouver,WA,98685,FRED,00460,0003040022241,0003040022241,00003040022241,003040022241,Sparkle,Sparkle® Pick-A-Size® Paper Towel Double Rolls,8 rolls,11.79,,11.79
2026-02-17T11:20:42Z,paper towels,70100460,Vancouver,WA,98685,FRED,00460,0003077216071,0003077216071,00003077216071,003077216071,Bounty,Bounty Paper Towels Select-A-Size White 6 Mega Rolls,6 rolls,26.99,23.99,23.99
2026-02-17T11:20:42Z,paper towels,70100460,Vancouver,WA,98685,FRED,00460,0001111010621,0001111010621,00001111010621,001111010621,Kroger,Kroger® Glimmer Select-A-Sheet Paper Towels Double Rolls,2 rolls,2.99,,2.99
2026-02-17T11:20:42Z,paper towels,70100460,Vancouver,WA,98685,FRED,00460,0003600055195,0003600055195,00003600055195,003600055195,Scott,Scott® On-The-Go™ Pop-Up!® Cloths,70 ct,5.99,,5.99
2026-02-17T11:20:42Z,paper towels,70100460,Vancouver,WA,98685,FRED,00460,0088877707647,0088877707647,00088877707647,088877707647,SDS for HD Designs,SDS for HD Designs Acacia & Brass Paper Towel Holder,14 in,16.99,11.89,11.89
2026-02-17T11:20:42Z,paper towels,70100460,Vancouver,WA,98685,FRED,00460,0001111012026,0001111012026,00001111012026,001111012026,Kroger,Kroger® Rugged + Reliable Paper Towels Double Plus Rolls BIG DEAL!,12 rolls,19.99,,19.99
2026-02-17T11:20:42Z,paper towels,70100460,Vancouver,WA,98685,FRED,00460,0073291313722,0073291313722,00073291313722,073291313722,Seventh Generation,Seventh Generation 100% Recycled Paper Jumbo Paper Towels,1 roll / 156 ct,4.79,,4.79
2026-02-17T11:20:42Z,paper towels,70100460,Vancouver,WA,98685,FRED,00460,0004200044588,0004200044588,00004200044588,004200044588,Brawny,Brawny® Tear-A-Square® 3-Ply Paper Towel Double Rolls,6 rolls,12.99,11.99,11.99
2026-02-17T11:20:42Z,paper towels,70100460,Vancouver,WA,98685,FRED,00460,0003077215703,0003077215703,00003077215703,003077215703,Bounty,Bounty Paper Towels Select-A-Size White 6 Double Rolls,6 rolls,14.99,,14.99
2026-02-17T11:20:42Z,paper towels,70100460,Vancouver,WA,98685,FRED,00460,0001111014646,0001111014646,00001111014646,001111014646,Simple Truth,Simple Truth® Hypoallergenic Strong and Absorbent 100% Recycled Paper Towels Big Rolls,6 rolls,9.99,,9.99
2026-02-17T11:20:42Z,paper towels,70100460,Vancouver,WA,98685,FRED,00460,0071981261343,0071981261343,00071981261343,071981261343,Softworks,Softworks Steady Paper Towel Holder,1 ct,25.99,,25.99
2026-02-17T11:20:42Z,paper towels,70100460,Vancouver,WA,98685,FRED,00460,0004200044600,0004200044600,00004200044600,004200044600,Brawny,Brawny® Tear-A-Square® 3-Ply Paper Towel Double Rolls,8 rolls,16.49,15.99,15.99
2026-02-17T11:20:42Z,paper towels,70100683,Vancouver,WA,98661,FRED,00683,0003600049413,0003600049413,00003600049413,003600049413,Viva,Viva® Multi-Surface Cloth™ Paper Towels Single Rolls,6 rolls,12.29,10.79,10.79
2026-02-17T11:20:42Z,paper towels,70100683,Vancouver,WA,98661,FRED,00683,0003077216009,0003077216009,00003077216009,003077216009,Bounty,Bounty Paper Towels Select-A-Size White 4 Triple Rolls,4 rolls,14.99,,14.99
2026-02-17T11:20:42Z,paper towels,70100683,Vancouver,WA,98661,FRED,00683,0003077215712,0003077215712,00003077215712,003077215712,Bounty,Bounty Paper Towels Select-A-Size White 4 Double Rolls,4 rolls,10.99,,10.99
2026-02-17T11:20:42Z,paper towels,70100683,Vancouver,WA,98661,FRED,00683,0003040022272,0003040022272,00003040022272,003040022272,Sparkle,Sparkle® Tear-A-Square® Customizable Sheet Size Paper Towels Double Rolls,2 rolls,3.69,,3.69
2026-02-17T11:20:42Z,paper towels,70100683,Vancouver,WA,98661,FRED,00683,0003077216021,0003077216021,00003077216021,003077216021,Bounty,Bounty Paper Towels Full Sheet White 6 Double Rolls,6 rolls,14.99,,14.99
2026-02-17T11:20:42Z,paper towels,70100683,Vancouver,WA,98661,FRED,00683,0003077216042,0003077216042,00003077216042,003077216042,Bounty,Bounty Paper Towels Select-A-Size White 2 Triple Rolls,2 rolls,7.99,,7.99
2026-02-17T11:20:42Z,paper towels,70100683,Vancouver,WA,98661,FRED,00683,0003077216020,0003077216020,00003077216020,003077216020,Bounty,Bounty Paper Towels Select-A-Size White 6 Triple Rolls,6 rolls,21.49,19.49,19.49
2026-02-17T11:20:42Z,paper towels,70100683,Vancouver,WA,98661,FRED,00683,0003040022276,0003040022276,00003040022276,003040022276,Sparkle,Sparkle® Tear-A-Square® Paper Towel Double Rolls,6 rolls,8.99,7.49,7.49
2026-02-17T11:20:42Z,paper towels,70100683,Vancouver,WA,98661,FRED,00683,0003077219274,0003077219274,00003077219274,003077219274,Bounty,Bounty Paper Towels Select-A-Size White 8 Double Plus Rolls,8 rolls,20.99,,20.99
2026-02-17T11:20:42Z,paper towels,70100683,Vancouver,WA,98661,FRED,00683,0006366836203,0006366836203,00006366836203,006366836203,Green Forest,Green Forest 100% Recycled Size-Your-Own Paper Towels,3 pk,,,
2026-02-17T11:20:42Z,paper towels,70100683,Vancouver,WA,98661,FRED,00683,0076427107702,0076427107702,00076427107702,076427107702,OGGI,OGGI Stainless Steel Paper Towel Holder,1 ct,17.99,,17.99
2026-02-17T11:20:42Z,paper towels,70100683,Vancouver,WA,98661,FRED,00683,0076427177011,0076427177011,00076427177011,076427177011,Oggi,OGGI Wallmount Paper Towel Holder,1 ct,11.99,,11.99
2026-02-17T11:20:42Z,paper towels,70100683,Vancouver,WA,98661,FRED,00683,0086001113901,0086001113901,00086001113901,086001113901,Reel,Reel® Premium Bamboo Paper Towels,6 ct,19.29,,19.29
2026-02-17T11:20:42Z,paper towels,70100683,Vancouver,WA,98661,FRED,00683,0086001113900,0086001113900,00086001113900,086001113900,Reel,Reel® Premium Bamboo Paper Towel Triple Rolls,2 rolls,7.99,,7.99
2026-02-17T11:20:42Z,paper towels,70100683,Vancouver,WA,98661,FRED,00683,0073291313737,0073291313737,00073291313737,073291313737,Seventh Generation,Seventh Generation Unbleached Chlorine Free Paper Towel Rolls,6 rolls,21.99,,21.99
2026-02-17T11:20:42Z,paper towels,70100683,Vancouver,WA,98661,FRED,00683,0001111011984,0001111011984,00001111011984,001111011984,Kroger,Kroger® Rugged and Reliable Paper Towels Giant Rolls,10 rolls,13.49,,13.49
2026-02-17T11:20:42Z,paper towels,70100683,Vancouver,WA,98661,FRED,00683,0019655708688,0019655708688,00019655708688,019655708688,Core,Core Kitchen Paper Towel Holder,1 ct,8.99,,8.99
2026-02-17T11:20:42Z,paper towels,70100683,Vancouver,WA,98661,FRED,00683,0003600056532,0003600056532,00003600056532,003600056532,Viva,Viva® Signature Cloth™ Paper Towels Double Rolls,6 rolls,14.29,,14.29
2026-02-17T11:20:42Z,paper towels,70100683,Vancouver,WA,98661,FRED,00683,0003600038587,0003600038587,00003600038587,003600038587,Kleenex,"Kleenex® Disposable Paper Hand Towels, 1 Box, 60 Towels per Box",60 count,4.19,,4.19
2026-02-17T11:20:42Z,paper towels,70100683,Vancouver,WA,98661,FRED,00683,0004200044576,0004200044576,00004200044576,004200044576,Brawny,Brawny® Tear-A-Square® 3-Ply Paper Towel Triple Rolls,2 rolls,7.49,,7.49
2026-02-17T11:20:42Z,paper towels,70100683,Vancouver,WA,98661,FRED,00683,0003600056535,0003600056535,00003600056535,003600056535,Viva,Viva Signature Cloth Paper Towels Double Rolls,12 rolls,23.49,,23.49
2026-02-17T11:20:42Z,paper towels,70100683,Vancouver,WA,98661,FRED,00683,0003600052499,0003600052499,00003600052499,003600052499,Viva,Viva Multi-Surface Cloth Paper Towels Double Rolls,8 rolls,16.79,14.49,14.49
2026-02-17T11:20:42Z,paper towels,70100683,Vancouver,WA,98661,FRED,00683,0004200044658,0004200044658,00004200044658,004200044658,Brawny,Brawny® Full Sheet 3-Ply Paper Towel Double Rolls,6 rolls,12.99,11.99,11.99
2026-02-17T11:20:42Z,paper towels,70100683,Vancouver,WA,98661,FRED,00683,0004200044579,0004200044579,00004200044579,004200044579,Brawny,Brawny® Tear-A-Square® 3-Ply Paper Towel Double Rolls,4 rolls,9.99,7.49,7.49
2026-02-17T11:20:42Z,paper towels,70100683,Vancouver,WA,98661,FRED,00683,0001111016086,0001111016086,00001111016086,001111016086,Kroger,Kroger® Rugged + Reliable Paper Towels Double Rolls,4 rolls,7.29,,7.29
2026-02-17T11:20:42Z,paper towels,70100683,Vancouver,WA,98661,FRED,00683,0001111016087,0001111016087,00001111016087,001111016087,Kroger,Kroger® Rugged + Reliable Paper Towels Giant Rolls,10 rolls,13.49,,13.49
2026-02-17T11:20:42Z,paper towels,70100683,Vancouver,WA,98661,FRED,00683,0001111014184,0001111014184,00001111014184,001111014184,Kroger,Kroger® Ultra Paper Towels With Absorbing Power Triple Rolls,2 rolls,6.29,,6.29
2026-02-17T11:20:42Z,paper towels,70100683,Vancouver,WA,98661,FRED,00683,0001111016088,0001111016088,00001111016088,001111016088,Kroger,Kroger® Rugged + Reliable Paper Towels Double Plus Rolls BIG DEAL!,12 ct,19.99,,19.99
2026-02-17T11:20:42Z,paper towels,70100683,Vancouver,WA,98661,FRED,00683,0001111014185,0001111014185,00001111014185,001111014185,Kroger,Kroger® Ultra Paper Towels With Absorbing Power Double Rolls,4 rolls,8.29,,8.29
2026-02-17T11:20:42Z,paper towels,70100683,Vancouver,WA,98661,FRED,00683,0003077216014,0003077216014,00003077216014,003077216014,Bounty,"Bounty Paper Towels Select-A-Size White, 8 Triple Rolls, 123 Sheets Per Roll",8 rolls,26.99,23.99,23.99
2026-02-17T11:20:42Z,paper towels,70100683,Vancouver,WA,98661,FRED,00683,0001111014186,0001111014186,00001111014186,001111014186,Kroger,Kroger® Ultra Paper Towels With Absorbing Power Double Rolls,6 rolls,10.99,,10.99
2026-02-17T11:20:42Z,paper towels,70100683,Vancouver,WA,98661,FRED,00683,0001111014187,0001111014187,00001111014187,001111014187,Kroger,Kroger® Ultra Absorbing Power Paper Towels Triple Rolls,8 ct,18.99,,18.99
2026-02-17T11:20:42Z,paper towels,70100683,Vancouver,WA,98661,FRED,00683,0071981207833,0071981207833,00071981207833,071981207833,Softworks,Softworks Simply Tear Paper Towel Holder,1 ct,29.99,,29.99
2026-02-17T11:20:42Z,paper towels,70100683,Vancouver,WA,98661,FRED,00683,0003077215664,0003077215664,00003077215664,003077215664,Bounty,Bounty Paper Towels Select-A-Size White 12 Double Plus Rolls,12 rolls,29.99,,29.99
2026-02-17T11:20:42Z,paper towels,70100683,Vancouver,WA,98661,FRED,00683,0003040022241,0003040022241,00003040022241,003040022241,Sparkle,Sparkle® Pick-A-Size® Paper Towel Double Rolls,8 rolls,11.79,,11.79
2026-02-17T11:20:42Z,paper towels,70100683,Vancouver,WA,98661,FRED,00683,0003077216071,0003077216071,00003077216071,003077216071,Bounty,Bounty Paper Towels Select-A-Size White 6 Mega Rolls,6 rolls,26.99,23.99,23.99
2026-02-17T11:20:42Z,paper towels,70100683,Vancouver,WA,98661,FRED,00683,0001111010621,0001111010621,00001111010621,001111010621,Kroger,Kroger® Glimmer Select-A-Sheet Paper Towels Double Rolls,2 rolls,2.99,,2.99
2026-02-17T11:20:42Z,paper towels,70100683,Vancouver,WA,98661,FRED,00683,0003600055195,0003600055195,00003600055195,003600055195,Scott,Scott® On-The-Go™ Pop-Up!® Cloths,70 ct,5.99,,5.99
2026-02-17T11:20:42Z,paper towels,70100683,Vancouver,WA,98661,FRED,00683,0088877707647,0088877707647,00088877707647,088877707647,SDS for HD Designs,SDS for HD Designs Acacia & Brass Paper Towel Holder,14 in,16.99,11.89,11.89
2026-02-17T11:20:42Z,paper towels,70100683,Vancouver,WA,98661,FRED,00683,0001111012026,0001111012026,00001111012026,001111012026,Kroger,Kroger® Rugged + Reliable Paper Towels Double Plus Rolls BIG DEAL!,12 rolls,19.99,,19.99
2026-02-17T11:20:42Z,paper towels,70100683,Vancouver,WA,98661,FRED,00683,0073291313722,0073291313722,00073291313722,073291313722,Seventh Generation,Seventh Generation 100% Recycled Paper Jumbo Paper Towels,1 roll / 156 ct,4.79,,4.79
2026-02-17T11:20:42Z,paper towels,70100683,Vancouver,WA,98661,FRED,00683,0004200044588,0004200044588,00004200044588,004200044588,Brawny,Brawny® Tear-A-Square® 3-Ply Paper Towel Double Rolls,6 rolls,12.99,11.99,11.99
2026-02-17T11:20:42Z,paper towels,70100683,Vancouver,WA,98661,FRED,00683,0003077215703,0003077215703,00003077215703,003077215703,Bounty,Bounty Paper Towels Select-A-Size White 6 Double Rolls,6 rolls,14.99,,14.99
2026-02-17T11:20:42Z,paper towels,70100683,Vancouver,WA,98661,FRED,00683,0001111014646,0001111014646,00001111014646,001111014646,Simple Truth,Simple Truth® Hypoallergenic Strong and Absorbent 100% Recycled Paper Towels Big Rolls,6 rolls,9.99,,9.99
2026-02-17T11:20:42Z,paper towels,70100683,Vancouver,WA,98661,FRED,00683,0071981261343,0071981261343,00071981261343,071981261343,Softworks,Softworks Steady Paper Towel Holder,1 ct,25.99,,25.99
2026-02-17T11:20:42Z,paper towels,70100683,Vancouver,WA,98661,FRED,00683,0004200044600,0004200044600,00004200044600,004200044600,Brawny,Brawny® Tear-A-Square® 3-Ply Paper Towel Double Rolls,8 rolls,16.49,15.99,15.99
2026-02-17T11:20:42Z,paper towels,70100486,Yakima,WA,98908,FRED,00486,0003600049413,0003600049413,00003600049413,003600049413,Viva,Viva® Multi-Surface Cloth™ Paper Towels Single Rolls,6 rolls,12.29,10.79,10.79
2026-02-17T11:20:42Z,paper towels,70100486,Yakima,WA,98908,FRED,00486,0003077216009,0003077216009,00003077216009,003077216009,Bounty,Bounty Paper Towels Select-A-Size White 4 Triple Rolls,4 rolls,14.99,,14.99
2026-02-17T11:20:42Z,paper towels,70100486,Yakima,WA,98908,FRED,00486,0003077215712,0003077215712,00003077215712,003077215712,Bounty,Bounty Paper Towels Select-A-Size White 4 Double Rolls,4 rolls,10.99,,10.99
2026-02-17T11:20:42Z,paper towels,70100486,Yakima,WA,98908,FRED,00486,0003040022272,0003040022272,00003040022272,003040022272,Sparkle,Sparkle® Tear-A-Square® Customizable Sheet Size Paper Towels Double Rolls,2 rolls,3.69,,3.69
2026-02-17T11:20:42Z,paper towels,70100486,Yakima,WA,98908,FRED,00486,0005400075130,0005400075130,00005400075130,005400075130,Scott,Scott® Original Multipurpose Shop Towels - Blue,55ct,3.99,,3.99
2026-02-17T11:20:42Z,paper towels,70100486,Yakima,WA,98908,FRED,00486,0003077216021,0003077216021,00003077216021,003077216021,Bounty,Bounty Paper Towels Full Sheet White 6 Double Rolls,6 rolls,14.99,,14.99
2026-02-17T11:20:42Z,paper towels,70100486,Yakima,WA,98908,FRED,00486,0003077216020,0003077216020,00003077216020,003077216020,Bounty,Bounty Paper Towels Select-A-Size White 6 Triple Rolls,6 rolls,21.49,19.49,19.49
2026-02-17T11:20:42Z,paper towels,70100486,Yakima,WA,98908,FRED,00486,0003077216042,0003077216042,00003077216042,003077216042,Bounty,Bounty Paper Towels Select-A-Size White 2 Triple Rolls,2 rolls,7.99,,7.99
2026-02-17T11:20:42Z,paper towels,70100486,Yakima,WA,98908,FRED,00486,0003040022276,0003040022276,00003040022276,003040022276,Sparkle,Sparkle® Tear-A-Square® Paper Towel Double Rolls,6 rolls,8.99,7.49,7.49
2026-02-17T11:20:42Z,paper towels,70100486,Yakima,WA,98908,FRED,00486,0003077219274,0003077219274,00003077219274,003077219274,Bounty,Bounty Paper Towels Select-A-Size White 8 Double Plus Rolls,8 rolls,20.99,,20.99
2026-02-17T11:20:42Z,paper towels,70100486,Yakima,WA,98908,FRED,00486,0006366836203,0006366836203,00006366836203,006366836203,Green Forest,Green Forest 100% Recycled Size-Your-Own Paper Towels,3 pk,,,
2026-02-17T11:20:42Z,paper towels,70100486,Yakima,WA,98908,FRED,00486,0076427107702,0076427107702,00076427107702,076427107702,OGGI,OGGI Stainless Steel Paper Towel Holder,1 ct,17.99,,17.99
2026-02-17T11:20:42Z,paper towels,70100486,Yakima,WA,98908,FRED,00486,0076427177011,0076427177011,00076427177011,076427177011,Oggi,OGGI Wallmount Paper Towel Holder,1 ct,11.99,,11.99
2026-02-17T11:20:42Z,paper towels,70100486,Yakima,WA,98908,FRED,00486,0086001113900,0086001113900,00086001113900,086001113900,Reel,Reel® Premium Bamboo Paper Towel Triple Rolls,2 rolls,7.99,,7.99
2026-02-17T11:20:42Z,paper towels,70100486,Yakima,WA,98908,FRED,00486,0073291313737,0073291313737,00073291313737,073291313737,Seventh Generation,Seventh Generation Unbleached Chlorine Free Paper Towel Rolls,6 rolls,21.99,,21.99
2026-02-17T11:20:42Z,paper towels,70100486,Yakima,WA,98908,FRED,00486,0001111011984,0001111011984,00001111011984,001111011984,Kroger,Kroger® Rugged and Reliable Paper Towels Giant Rolls,10 rolls,13.49,,13.49
2026-02-17T11:20:42Z,paper towels,70100486,Yakima,WA,98908,FRED,00486,0019655708688,0019655708688,00019655708688,019655708688,Core,Core Kitchen Paper Towel Holder,1 ct,8.99,,8.99
2026-02-17T11:20:42Z,paper towels,70100486,Yakima,WA,98908,FRED,00486,0003600038587,0003600038587,00003600038587,003600038587,Kleenex,"Kleenex® Disposable Paper Hand Towels, 1 Box, 60 Towels per Box",60 count,4.19,,4.19
2026-02-17T11:20:42Z,paper towels,70100486,Yakima,WA,98908,FRED,00486,0003600056532,0003600056532,00003600056532,003600056532,Viva,Viva® Signature Cloth™ Paper Towels Double Rolls,6 rolls,14.29,,14.29
2026-02-17T11:20:42Z,paper towels,70100486,Yakima,WA,98908,FRED,00486,0004200044576,0004200044576,00004200044576,004200044576,Brawny,Brawny® Tear-A-Square® 3-Ply Paper Towel Triple Rolls,2 rolls,7.49,,7.49
2026-02-17T11:20:42Z,paper towels,70100486,Yakima,WA,98908,FRED,00486,0003600056535,0003600056535,00003600056535,003600056535,Viva,Viva Signature Cloth Paper Towels Double Rolls,12 rolls,23.49,,23.49
2026-02-17T11:20:42Z,paper towels,70100486,Yakima,WA,98908,FRED,00486,0003600052499,0003600052499,00003600052499,003600052499,Viva,Viva Multi-Surface Cloth Paper Towels Double Rolls,8 rolls,16.79,14.49,14.49
2026-02-17T11:20:42Z,paper towels,70100486,Yakima,WA,98908,FRED,00486,0004200044658,0004200044658,00004200044658,004200044658,Brawny,Brawny® Full Sheet 3-Ply Paper Towel Double Rolls,6 rolls,12.99,11.99,11.99
2026-02-17T11:20:42Z,paper towels,70100486,Yakima,WA,98908,FRED,00486,0004200044579,0004200044579,00004200044579,004200044579,Brawny,Brawny® Tear-A-Square® 3-Ply Paper Towel Double Rolls,4 rolls,9.99,7.49,7.49
2026-02-17T11:20:42Z,paper towels,70100486,Yakima,WA,98908,FRED,00486,0001111016086,0001111016086,00001111016086,001111016086,Kroger,Kroger® Rugged + Reliable Paper Towels Double Rolls,4 rolls,7.29,,7.29
2026-02-17T11:20:42Z,paper towels,70100486,Yakima,WA,98908,FRED,00486,0001111014184,0001111014184,00001111014184,001111014184,Kroger,Kroger® Ultra Paper Towels With Absorbing Power Triple Rolls,2 rolls,6.29,,6.29
2026-02-17T11:20:42Z,paper towels,70100486,Yakima,WA,98908,FRED,00486,0001111016087,0001111016087,00001111016087,001111016087,Kroger,Kroger® Rugged + Reliable Paper Towels Giant Rolls,10 rolls,13.49,,13.49
2026-02-17T11:20:42Z,paper towels,70100486,Yakima,WA,98908,FRED,00486,0001111014185,0001111014185,00001111014185,001111014185,Kroger,Kroger® Ultra Paper Towels With Absorbing Power Double Rolls,4 rolls,8.29,,8.29
2026-02-17T11:20:42Z,paper towels,70100486,Yakima,WA,98908,FRED,00486,0001111016088,0001111016088,00001111016088,001111016088,Kroger,Kroger® Rugged + Reliable Paper Towels Double Plus Rolls BIG DEAL!,12 ct,19.99,,19.99
2026-02-17T11:20:42Z,paper towels,70100486,Yakima,WA,98908,FRED,00486,0003077216014,0003077216014,00003077216014,003077216014,Bounty,"Bounty Paper Towels Select-A-Size White, 8 Triple Rolls, 123 Sheets Per Roll",8 rolls,26.99,23.99,23.99
2026-02-17T11:20:42Z,paper towels,70100486,Yakima,WA,98908,FRED,00486,0001111014186,0001111014186,00001111014186,001111014186,Kroger,Kroger® Ultra Paper Towels With Absorbing Power Double Rolls,6 rolls,10.99,,10.99
2026-02-17T11:20:42Z,paper towels,70100486,Yakima,WA,98908,FRED,00486,0001111014187,0001111014187,00001111014187,001111014187,Kroger,Kroger® Ultra Absorbing Power Paper Towels Triple Rolls,8 ct,18.99,,18.99
2026-02-17T11:20:42Z,paper towels,70100486,Yakima,WA,98908,FRED,00486,0071981207833,0071981207833,00071981207833,071981207833,Softworks,Softworks Simply Tear Paper Towel Holder,1 ct,29.99,,29.99
2026-02-17T11:20:42Z,paper towels,70100486,Yakima,WA,98908,FRED,00486,0003077215664,0003077215664,00003077215664,003077215664,Bounty,Bounty Paper Towels Select-A-Size White 12 Double Plus Rolls,12 rolls,29.99,,29.99
2026-02-17T11:20:42Z,paper towels,70100486,Yakima,WA,98908,FRED,00486,0003040022241,0003040022241,00003040022241,003040022241,Sparkle,Sparkle® Pick-A-Size® Paper Towel Double Rolls,8 rolls,11.79,,11.79
2026-02-17T11:20:42Z,paper towels,70100486,Yakima,WA,98908,FRED,00486,0003077216071,0003077216071,00003077216071,003077216071,Bounty,Bounty Paper Towels Select-A-Size White 6 Mega Rolls,6 rolls,26.99,23.99,23.99
2026-02-17T11:20:42Z,paper towels,70100486,Yakima,WA,98908,FRED,00486,0001111010621,0001111010621,00001111010621,001111010621,Kroger,Kroger® Glimmer Select-A-Sheet Paper Towels Double Rolls,2 rolls,2.99,,2.99
2026-02-17T11:20:42Z,paper towels,70100486,Yakima,WA,98908,FRED,00486,0003600055195,0003600055195,00003600055195,003600055195,Scott,Scott® On-The-Go™ Pop-Up!® Cloths,70 ct,5.99,,5.99
2026-02-17T11:20:42Z,paper towels,70100486,Yakima,WA,98908,FRED,00486,0088877707647,0088877707647,00088877707647,088877707647,SDS for HD Designs,SDS for HD Designs Acacia & Brass Paper Towel Holder,14 in,16.99,11.89,11.89
2026-02-17T11:20:42Z,paper towels,70100486,Yakima,WA,98908,FRED,00486,0001111012026,0001111012026,00001111012026,001111012026,Kroger,Kroger® Rugged + Reliable Paper Towels Double Plus Rolls BIG DEAL!,12 rolls,19.99,,19.99
2026-02-17T11:20:42Z,paper towels,70100486,Yakima,WA,98908,FRED,00486,0073291313722,0073291313722,00073291313722,073291313722,Seventh Generation,Seventh Generation 100% Recycled Paper Jumbo Paper Towels,1 roll / 156 ct,4.79,,4.79
2026-02-17T11:20:42Z,paper towels,70100486,Yakima,WA,98908,FRED,00486,0004200044588,0004200044588,00004200044588,004200044588,Brawny,Brawny® Tear-A-Square® 3-Ply Paper Towel Double Rolls,6 rolls,12.99,11.99,11.99
2026-02-17T11:20:42Z,paper towels,70100486,Yakima,WA,98908,FRED,00486,0003077215703,0003077215703,00003077215703,003077215703,Bounty,Bounty Paper Towels Select-A-Size White 6 Double Rolls,6 rolls,14.99,,14.99
2026-02-17T11:20:42Z,paper towels,70100486,Yakima,WA,98908,FRED,00486,0071981261343,0071981261343,00071981261343,071981261343,Softworks,Softworks Steady Paper Towel Holder,1 ct,25.99,,25.99
2026-02-17T11:20:42Z,paper towels,70100486,Yakima,WA,98908,FRED,00486,0004200044600,0004200044600,00004200044600,004200044600,Brawny,Brawny® Tear-A-Square® 3-Ply Paper Towel Double Rolls,8 rolls,16.49,15.99,15.99
2026-02-17T11:20:42Z,paper towels,70500101,Belfair,WA,98528,QFC,00101,0003600049413,0003600049413,00003600049413,003600049413,Viva,Viva® Multi-Surface Cloth™ Paper Towels Single Rolls,6 rolls,12.49,9.49,9.49
2026-02-17T11:20:42Z,paper towels,70500101,Belfair,WA,98528,QFC,00101,0003077215712,0003077215712,00003077215712,003077215712,Bounty,Bounty Paper Towels Select-A-Size White 4 Double Rolls,4 rolls,11.99,,11.99
2026-02-17T11:20:42Z,paper towels,70500101,Belfair,WA,98528,QFC,00101,0003040022272,0003040022272,00003040022272,003040022272,Sparkle,Sparkle® Tear-A-Square® Customizable Sheet Size Paper Towels Double Rolls,2 rolls,4.99,,4.99
2026-02-17T11:20:42Z,paper towels,70500101,Belfair,WA,98528,QFC,00101,0003077216021,0003077216021,00003077216021,003077216021,Bounty,Bounty Paper Towels Full Sheet White 6 Double Rolls,6 rolls,14.99,,14.99
2026-02-17T11:20:42Z,paper towels,70500101,Belfair,WA,98528,QFC,00101,0003077216020,0003077216020,00003077216020,003077216020,Bounty,Bounty Paper Towels Select-A-Size White 6 Triple Rolls,6 rolls,23.99,19.99,19.99
2026-02-17T11:20:42Z,paper towels,70500101,Belfair,WA,98528,QFC,00101,0003077216042,0003077216042,00003077216042,003077216042,Bounty,Bounty Paper Towels Select-A-Size White 2 Triple Rolls,2 rolls,10.99,10.19,10.19
2026-02-17T11:20:42Z,paper towels,70500101,Belfair,WA,98528,QFC,00101,0003040022276,0003040022276,00003040022276,003040022276,Sparkle,Sparkle® Tear-A-Square® Paper Towel Double Rolls,6 rolls,10.99,7.49,7.49
2026-02-17T11:20:42Z,paper towels,70500101,Belfair,WA,98528,QFC,00101,0006366836201,0006366836201,00006366836201,006366836201,Green Forest,Green Forest Size-Your-Own Paper Towels 100% Recycled,1 roll,2.49,,2.49
2026-02-17T11:20:42Z,paper towels,70500101,Belfair,WA,98528,QFC,00101,0003077219274,0003077219274,00003077219274,003077219274,Bounty,Bounty Paper Towels Select-A-Size White 8 Double Plus Rolls,8 rolls,24.99,,24.99
2026-02-17T11:20:42Z,paper towels,70500101,Belfair,WA,98528,QFC,00101,0006366836203,0006366836203,00006366836203,006366836203,Green Forest,Green Forest 100% Recycled Size-Your-Own Paper Towels,3 pk,6.29,,6.29
2026-02-17T11:20:42Z,paper towels,70500101,Belfair,WA,98528,QFC,00101,0086001113901,0086001113901,00086001113901,086001113901,Reel,Reel® Premium Bamboo Paper Towels,6 ct,19.99,,19.99
2026-02-17T11:20:42Z,paper towels,70500101,Belfair,WA,98528,QFC,00101,0086001113900,0086001113900,00086001113900,086001113900,Reel,Reel® Premium Bamboo Paper Towel Triple Rolls,2 rolls,7.99,,7.99
2026-02-17T11:20:42Z,paper towels,70500101,Belfair,WA,98528,QFC,00101,0001111011984,0001111011984,00001111011984,001111011984,Kroger,Kroger® Rugged and Reliable Paper Towels Giant Rolls,10 rolls,13.49,,13.49
2026-02-17T11:20:42Z,paper towels,70500101,Belfair,WA,98528,QFC,00101,0003600038587,0003600038587,00003600038587,003600038587,Kleenex,"Kleenex® Disposable Paper Hand Towels, 1 Box, 60 Towels per Box",60 count,4.49,,4.49
2026-02-17T11:20:42Z,paper towels,70500101,Belfair,WA,98528,QFC,00101,0003600056532,0003600056532,00003600056532,003600056532,Viva,Viva® Signature Cloth™ Paper Towels Double Rolls,6 rolls,15.99,14.99,14.99
2026-02-17T11:20:42Z,paper towels,70500101,Belfair,WA,98528,QFC,00101,0004200044576,0004200044576,00004200044576,004200044576,Brawny,Brawny® Tear-A-Square® 3-Ply Paper Towel Triple Rolls,2 rolls,10.99,,10.99
2026-02-17T11:20:42Z,paper towels,70500101,Belfair,WA,98528,QFC,00101,0003600052499,0003600052499,00003600052499,003600052499,Viva,Viva Multi-Surface Cloth Paper Towels Double Rolls,8 rolls,17.99,15.99,15.99
2026-02-17T11:20:42Z,paper towels,70500101,Belfair,WA,98528,QFC,00101,0004200044658,0004200044658,00004200044658,004200044658,Brawny,Brawny® Full Sheet 3-Ply Paper Towel Double Rolls,6 rolls,16.99,11.99,11.99
2026-02-17T11:20:42Z,paper towels,70500101,Belfair,WA,98528,QFC,00101,0004200044579,0004200044579,00004200044579,004200044579,Brawny,Brawny® Tear-A-Square® 3-Ply Paper Towel Double Rolls,4 rolls,12.99,7.49,7.49
2026-02-17T11:20:42Z,paper towels,70500101,Belfair,WA,98528,QFC,00101,0001111016086,0001111016086,00001111016086,001111016086,Kroger,Kroger® Rugged + Reliable Paper Towels Double Rolls,4 rolls,7.99,,7.99
2026-02-17T11:20:42Z,paper towels,70500101,Belfair,WA,98528,QFC,00101,0001111016087,0001111016087,00001111016087,001111016087,Kroger,Kroger® Rugged + Reliable Paper Towels Giant Rolls,10 rolls,13.99,,13.99
2026-02-17T11:20:42Z,paper towels,70500101,Belfair,WA,98528,QFC,00101,0001111014184,0001111014184,00001111014184,001111014184,Kroger,Kroger® Ultra Paper Towels With Absorbing Power Triple Rolls,2 rolls,6.29,,6.29
2026-02-17T11:20:42Z,paper towels,70500101,Belfair,WA,98528,QFC,00101,0001111014185,0001111014185,00001111014185,001111014185,Kroger,Kroger® Ultra Paper Towels With Absorbing Power Double Rolls,4 rolls,10.99,,10.99
2026-02-17T11:20:42Z,paper towels,70500101,Belfair,WA,98528,QFC,00101,0001111016088,0001111016088,00001111016088,001111016088,Kroger,Kroger® Rugged + Reliable Paper Towels Double Plus Rolls BIG DEAL!,12 ct,21.99,,21.99
2026-02-17T11:20:42Z,paper towels,70500101,Belfair,WA,98528,QFC,00101,0001111014186,0001111014186,00001111014186,001111014186,Kroger,Kroger® Ultra Paper Towels With Absorbing Power Double Rolls,6 rolls,11.29,,11.29
2026-02-17T11:20:42Z,paper towels,70500101,Belfair,WA,98528,QFC,00101,0003077216014,0003077216014,00003077216014,003077216014,Bounty,"Bounty Paper Towels Select-A-Size White, 8 Triple Rolls, 123 Sheets Per Roll",8 rolls,27.99,26.99,26.99
2026-02-17T11:20:42Z,paper towels,70500101,Belfair,WA,98528,QFC,00101,0001111014187,0001111014187,00001111014187,001111014187,Kroger,Kroger® Ultra Absorbing Power Paper Towels Triple Rolls,8 ct,19.29,,19.29
2026-02-17T11:20:42Z,paper towels,70500101,Belfair,WA,98528,QFC,00101,0003077215664,0003077215664,00003077215664,003077215664,Bounty,Bounty Paper Towels Select-A-Size White 12 Double Plus Rolls,12 rolls,34.99,29.99,29.99
2026-02-17T11:20:42Z,paper towels,70500101,Belfair,WA,98528,QFC,00101,0071981207833,0071981207833,00071981207833,071981207833,Softworks,Softworks Simply Tear Paper Towel Holder,1 ct,29.99,,29.99
2026-02-17T11:20:42Z,paper towels,70500101,Belfair,WA,98528,QFC,00101,0003040022241,0003040022241,00003040022241,003040022241,Sparkle,Sparkle® Pick-A-Size® Paper Towel Double Rolls,8 rolls,14.99,,14.99
2026-02-17T11:20:42Z,paper towels,70500101,Belfair,WA,98528,QFC,00101,0003077216276,0003077216276,00003077216276,003077216276,Bounty,Bounty Paper Towels Select-A-Size Print 6 Double Rolls,6 rolls,14.99,,14.99
2026-02-17T11:20:42Z,paper towels,70500101,Belfair,WA,98528,QFC,00101,0001111010621,0001111010621,00001111010621,001111010621,Kroger,Kroger® Glimmer Select-A-Sheet Paper Towels Double Rolls,2 rolls,2.99,,2.99
2026-02-17T11:20:42Z,paper towels,70500101,Belfair,WA,98528,QFC,00101,0001111012026,0001111012026,00001111012026,001111012026,Kroger,Kroger® Rugged + Reliable Paper Towels Double Plus Rolls BIG DEAL!,12 rolls,20.99,,20.99
2026-02-17T11:20:42Z,paper towels,70500101,Belfair,WA,98528,QFC,00101,0003077215703,0003077215703,00003077215703,003077215703,Bounty,Bounty Paper Towels Select-A-Size White 6 Double Rolls,6 rolls,14.99,,14.99
2026-02-17T11:20:42Z,paper towels,70500101,Belfair,WA,98528,QFC,00101,0004200044600,0004200044600,00004200044600,004200044600,Brawny,Brawny® Tear-A-Square® 3-Ply Paper Towel Double Rolls,8 rolls,20.99,17.99,17.99
2026-02-17T11:20:42Z,paper towels,70500808,Bellevue,WA,98004,QFC,00808,0003600049413,0003600049413,00003600049413,003600049413,Viva,Viva® Multi-Surface Cloth™ Paper Towels Single Rolls,6 rolls,12.49,9.49,9.49
2026-02-17T11:20:42Z,paper towels,70500808,Bellevue,WA,98004,QFC,00808,0003077215712,0003077215712,00003077215712,003077215712,Bounty,Bounty Paper Towels Select-A-Size White 4 Double Rolls,4 rolls,11.99,,11.99
2026-02-17T11:20:42Z,paper towels,70500808,Bellevue,WA,98004,QFC,00808,0003040022272,0003040022272,00003040022272,003040022272,Sparkle,Sparkle® Tear-A-Square® Customizable Sheet Size Paper Towels Double Rolls,2 rolls,4.99,,4.99
2026-02-17T11:20:42Z,paper towels,70500808,Bellevue,WA,98004,QFC,00808,0003077216021,0003077216021,00003077216021,003077216021,Bounty,Bounty Paper Towels Full Sheet White 6 Double Rolls,6 rolls,14.99,,14.99
2026-02-17T11:20:42Z,paper towels,70500808,Bellevue,WA,98004,QFC,00808,0003077216020,0003077216020,00003077216020,003077216020,Bounty,Bounty Paper Towels Select-A-Size White 6 Triple Rolls,6 rolls,23.99,19.99,19.99
2026-02-17T11:20:42Z,paper towels,70500808,Bellevue,WA,98004,QFC,00808,0003077216042,0003077216042,00003077216042,003077216042,Bounty,Bounty Paper Towels Select-A-Size White 2 Triple Rolls,2 rolls,10.99,10.19,10.19
2026-02-17T11:20:42Z,paper towels,70500808,Bellevue,WA,98004,QFC,00808,0003040022276,0003040022276,00003040022276,003040022276,Sparkle,Sparkle® Tear-A-Square® Paper Towel Double Rolls,6 rolls,10.99,7.49,7.49
2026-02-17T11:20:42Z,paper towels,70500808,Bellevue,WA,98004,QFC,00808,0003077219274,0003077219274,00003077219274,003077219274,Bounty,Bounty Paper Towels Select-A-Size White 8 Double Plus Rolls,8 rolls,24.99,,24.99
2026-02-17T11:20:42Z,paper towels,70500808,Bellevue,WA,98004,QFC,00808,0006366836201,0006366836201,00006366836201,006366836201,Green Forest,Green Forest Size-Your-Own Paper Towels 100% Recycled,1 roll,2.49,,2.49
2026-02-17T11:20:42Z,paper towels,70500808,Bellevue,WA,98004,QFC,00808,0006366836203,0006366836203,00006366836203,006366836203,Green Forest,Green Forest 100% Recycled Size-Your-Own Paper Towels,3 pk,6.29,,6.29
2026-02-17T11:20:42Z,paper towels,70500808,Bellevue,WA,98004,QFC,00808,0086001113901,0086001113901,00086001113901,086001113901,Reel,Reel® Premium Bamboo Paper Towels,6 ct,19.99,,19.99
2026-02-17T11:20:42Z,paper towels,70500808,Bellevue,WA,98004,QFC,00808,0086001113900,0086001113900,00086001113900,086001113900,Reel,Reel® Premium Bamboo Paper Towel Triple Rolls,2 rolls,7.99,,7.99
2026-02-17T11:20:42Z,paper towels,70500808,Bellevue,WA,98004,QFC,00808,0001111011984,0001111011984,00001111011984,001111011984,Kroger,Kroger® Rugged and Reliable Paper Towels Giant Rolls,10 rolls,13.49,,13.49
2026-02-17T11:20:42Z,paper towels,70500808,Bellevue,WA,98004,QFC,00808,0003600056532,0003600056532,00003600056532,003600056532,Viva,Viva® Signature Cloth™ Paper Towels Double Rolls,6 rolls,15.99,14.99,14.99
2026-02-17T11:20:42Z,paper towels,70500808,Bellevue,WA,98004,QFC,00808,0003600038587,0003600038587,00003600038587,003600038587,Kleenex,"Kleenex® Disposable Paper Hand Towels, 1 Box, 60 Towels per Box",60 count,4.49,,4.49
2026-02-17T11:20:42Z,paper towels,70500808,Bellevue,WA,98004,QFC,00808,0004200044576,0004200044576,00004200044576,004200044576,Brawny,Brawny® Tear-A-Square® 3-Ply Paper Towel Triple Rolls,2 rolls,10.99,,10.99
2026-02-17T11:20:42Z,paper towels,70500808,Bellevue,WA,98004,QFC,00808,0003600052499,0003600052499,00003600052499,003600052499,Viva,Viva Multi-Surface Cloth Paper Towels Double Rolls,8 rolls,17.99,15.99,15.99
2026-02-17T11:20:42Z,paper towels,70500808,Bellevue,WA,98004,QFC,00808,0004200044658,0004200044658,00004200044658,004200044658,Brawny,Brawny® Full Sheet 3-Ply Paper Towel Double Rolls,6 rolls,16.99,11.99,11.99
2026-02-17T11:20:42Z,paper towels,70500808,Bellevue,WA,98004,QFC,00808,0004200044579,0004200044579,00004200044579,004200044579,Brawny,Brawny® Tear-A-Square® 3-Ply Paper Towel Double Rolls,4 rolls,12.99,7.49,7.49
2026-02-17T11:20:42Z,paper towels,70500808,Bellevue,WA,98004,QFC,00808,0001111016086,0001111016086,00001111016086,001111016086,Kroger,Kroger® Rugged + Reliable Paper Towels Double Rolls,4 rolls,7.99,,7.99
2026-02-17T11:20:42Z,paper towels,70500808,Bellevue,WA,98004,QFC,00808,0001111014184,0001111014184,00001111014184,001111014184,Kroger,Kroger® Ultra Paper Towels With Absorbing Power Triple Rolls,2 rolls,6.29,,6.29
2026-02-17T11:20:42Z,paper towels,70500808,Bellevue,WA,98004,QFC,00808,0001111016087,0001111016087,00001111016087,001111016087,Kroger,Kroger® Rugged + Reliable Paper Towels Giant Rolls,10 rolls,13.99,,13.99
2026-02-17T11:20:42Z,paper towels,70500808,Bellevue,WA,98004,QFC,00808,0001111014185,0001111014185,00001111014185,001111014185,Kroger,Kroger® Ultra Paper Towels With Absorbing Power Double Rolls,4 rolls,10.99,,10.99
2026-02-17T11:20:42Z,paper towels,70500808,Bellevue,WA,98004,QFC,00808,0001111016088,0001111016088,00001111016088,001111016088,Kroger,Kroger® Rugged + Reliable Paper Towels Double Plus Rolls BIG DEAL!,12 ct,21.99,,21.99
2026-02-17T11:20:42Z,paper towels,70500808,Bellevue,WA,98004,QFC,00808,0001111014186,0001111014186,00001111014186,001111014186,Kroger,Kroger® Ultra Paper Towels With Absorbing Power Double Rolls,6 rolls,11.29,,11.29
2026-02-17T11:20:42Z,paper towels,70500808,Bellevue,WA,98004,QFC,00808,0003077216014,0003077216014,00003077216014,003077216014,Bounty,"Bounty Paper Towels Select-A-Size White, 8 Triple Rolls, 123 Sheets Per Roll",8 rolls,27.99,26.99,26.99
2026-02-17T11:20:42Z,paper towels,70500808,Bellevue,WA,98004,QFC,00808,0001111014187,0001111014187,00001111014187,001111014187,Kroger,Kroger® Ultra Absorbing Power Paper Towels Triple Rolls,8 ct,19.29,,19.29
2026-02-17T11:20:42Z,paper towels,70500808,Bellevue,WA,98004,QFC,00808,0003077215664,0003077215664,00003077215664,003077215664,Bounty,Bounty Paper Towels Select-A-Size White 12 Double Plus Rolls,12 rolls,34.99,29.99,29.99
2026-02-17T11:20:42Z,paper towels,70500808,Bellevue,WA,98004,QFC,00808,0003040022241,0003040022241,00003040022241,003040022241,Sparkle,Sparkle® Pick-A-Size® Paper Towel Double Rolls,8 rolls,14.99,,14.99
2026-02-17T11:20:42Z,paper towels,70500808,Bellevue,WA,98004,QFC,00808,0003077216276,0003077216276,00003077216276,003077216276,Bounty,Bounty Paper Towels Select-A-Size Print 6 Double Rolls,6 rolls,14.99,,14.99
2026-02-17T11:20:42Z,paper towels,70500808,Bellevue,WA,98004,QFC,00808,0001111010621,0001111010621,00001111010621,001111010621,Kroger,Kroger® Glimmer Select-A-Sheet Paper Towels Double Rolls,2 rolls,2.99,,2.99
2026-02-17T11:20:42Z,paper towels,70500808,Bellevue,WA,98004,QFC,00808,0001111013577,0001111013577,00001111013577,001111013577,Kroger,Kroger® Rugged + Reliable Paper Towels Double Rolls,4 rolls,7.49,,7.49
2026-02-17T11:20:42Z,paper towels,70500808,Bellevue,WA,98004,QFC,00808,0001111012026,0001111012026,00001111012026,001111012026,Kroger,Kroger® Rugged + Reliable Paper Towels Double Plus Rolls BIG DEAL!,12 rolls,20.99,,20.99
2026-02-17T11:20:42Z,paper towels,70500808,Bellevue,WA,98004,QFC,00808,0004200044588,0004200044588,00004200044588,004200044588,Brawny,Brawny® Tear-A-Square® 3-Ply Paper Towel Double Rolls,6 rolls,16.99,11.99,11.99
2026-02-17T11:20:42Z,paper towels,70500808,Bellevue,WA,98004,QFC,00808,0005379640023,0005379640023,00005379640023,005379640023,RSVP,RSVP International Paper Towel Holder - Stainless Steel,5.9 x 5.9 x 14.2,26.99,,26.99
2026-02-17T11:20:42Z,paper towels,70500808,Bellevue,WA,98004,QFC,00808,0003077215703,0003077215703,00003077215703,003077215703,Bounty,Bounty Paper Towels Select-A-Size White 6 Double Rolls,6 rolls,14.99,,14.99
2026-02-17T11:20:42Z,paper towels,70500808,Bellevue,WA,98004,QFC,00808,0004200044600,0004200044600,00004200044600,004200044600,Brawny,Brawny® Tear-A-Square® 3-Ply Paper Towel Double Rolls,8 rolls,20.99,17.99,17.99
2026-02-17T11:20:42Z,paper towels,70500822,Bellevue,WA,98006,QFC,00822,0003077215712,0003077215712,00003077215712,003077215712,Bounty,Bounty Paper Towels Select-A-Size White 4 Double Rolls,4 rolls,11.99,,11.99
2026-02-17T11:20:42Z,paper towels,70500822,Bellevue,WA,98006,QFC,00822,0003600049413,0003600049413,00003600049413,003600049413,Viva,Viva® Multi-Surface Cloth™ Paper Towels Single Rolls,6 rolls,12.49,9.49,9.49
2026-02-17T11:20:42Z,paper towels,70500822,Bellevue,WA,98006,QFC,00822,0003040022272,0003040022272,00003040022272,003040022272,Sparkle,Sparkle® Tear-A-Square® Customizable Sheet Size Paper Towels Double Rolls,2 rolls,4.99,,4.99
2026-02-17T11:20:42Z,paper towels,70500822,Bellevue,WA,98006,QFC,00822,0003077216021,0003077216021,00003077216021,003077216021,Bounty,Bounty Paper Towels Full Sheet White 6 Double Rolls,6 rolls,14.99,,14.99
2026-02-17T11:20:42Z,paper towels,70500822,Bellevue,WA,98006,QFC,00822,0003077216020,0003077216020,00003077216020,003077216020,Bounty,Bounty Paper Towels Select-A-Size White 6 Triple Rolls,6 rolls,23.99,19.99,19.99
2026-02-17T11:20:42Z,paper towels,70500822,Bellevue,WA,98006,QFC,00822,0003077216042,0003077216042,00003077216042,003077216042,Bounty,Bounty Paper Towels Select-A-Size White 2 Triple Rolls,2 rolls,10.99,10.19,10.19
2026-02-17T11:20:42Z,paper towels,70500822,Bellevue,WA,98006,QFC,00822,0003040022276,0003040022276,00003040022276,003040022276,Sparkle,Sparkle® Tear-A-Square® Paper Towel Double Rolls,6 rolls,10.99,7.49,7.49
2026-02-17T11:20:42Z,paper towels,70500822,Bellevue,WA,98006,QFC,00822,0006366836201,0006366836201,00006366836201,006366836201,Green Forest,Green Forest Size-Your-Own Paper Towels 100% Recycled,1 roll,2.49,,2.49
2026-02-17T11:20:42Z,paper towels,70500822,Bellevue,WA,98006,QFC,00822,0006366836203,0006366836203,00006366836203,006366836203,Green Forest,Green Forest 100% Recycled Size-Your-Own Paper Towels,3 pk,6.29,,6.29
2026-02-17T11:20:42Z,paper towels,70500822,Bellevue,WA,98006,QFC,00822,0086001113901,0086001113901,00086001113901,086001113901,Reel,Reel® Premium Bamboo Paper Towels,6 ct,19.99,,19.99
2026-02-17T11:20:42Z,paper towels,70500822,Bellevue,WA,98006,QFC,00822,0086001113900,0086001113900,00086001113900,086001113900,Reel,Reel® Premium Bamboo Paper Towel Triple Rolls,2 rolls,7.99,,7.99
2026-02-17T11:20:42Z,paper towels,70500822,Bellevue,WA,98006,QFC,00822,0001111011984,0001111011984,00001111011984,001111011984,Kroger,Kroger® Rugged and Reliable Paper Towels Giant Rolls,10 rolls,13.49,,13.49
2026-02-17T11:20:42Z,paper towels,70500822,Bellevue,WA,98006,QFC,00822,0003600038587,0003600038587,00003600038587,003600038587,Kleenex,"Kleenex® Disposable Paper Hand Towels, 1 Box, 60 Towels per Box",60 count,4.49,,4.49
2026-02-17T11:20:42Z,paper towels,70500822,Bellevue,WA,98006,QFC,00822,0003600056532,0003600056532,00003600056532,003600056532,Viva,Viva® Signature Cloth™ Paper Towels Double Rolls,6 rolls,15.99,14.99,14.99
2026-02-17T11:20:42Z,paper towels,70500822,Bellevue,WA,98006,QFC,00822,0004200044579,0004200044579,00004200044579,004200044579,Brawny,Brawny® Tear-A-Square® 3-Ply Paper Towel Double Rolls,4 rolls,12.99,7.49,7.49
2026-02-17T11:20:42Z,paper towels,70500822,Bellevue,WA,98006,QFC,00822,0001111016086,0001111016086,00001111016086,001111016086,Kroger,Kroger® Rugged + Reliable Paper Towels Double Rolls,4 rolls,7.99,,7.99
2026-02-17T11:20:42Z,paper towels,70500822,Bellevue,WA,98006,QFC,00822,0001111014184,0001111014184,00001111014184,001111014184,Kroger,Kroger® Ultra Paper Towels With Absorbing Power Triple Rolls,2 rolls,6.29,,6.29
2026-02-17T11:20:42Z,paper towels,70500822,Bellevue,WA,98006,QFC,00822,0001111016087,0001111016087,00001111016087,001111016087,Kroger,Kroger® Rugged + Reliable Paper Towels Giant Rolls,10 rolls,13.99,,13.99
2026-02-17T11:20:42Z,paper towels,70500822,Bellevue,WA,98006,QFC,00822,0001111014185,0001111014185,00001111014185,001111014185,Kroger,Kroger® Ultra Paper Towels With Absorbing Power Double Rolls,4 rolls,10.99,,10.99
2026-02-17T11:20:42Z,paper towels,70500822,Bellevue,WA,98006,QFC,00822,0001111016088,0001111016088,00001111016088,001111016088,Kroger,Kroger® Rugged + Reliable Paper Towels Double Plus Rolls BIG DEAL!,12 ct,21.99,,21.99
2026-02-17T11:20:42Z,paper towels,70500822,Bellevue,WA,98006,QFC,00822,0003077216014,0003077216014,00003077216014,003077216014,Bounty,"Bounty Paper Towels Select-A-Size White, 8 Triple Rolls, 123 Sheets Per Roll",8 rolls,27.99,26.99,26.99
2026-02-17T11:20:42Z,paper towels,70500822,Bellevue,WA,98006,QFC,00822,0001111014186,0001111014186,00001111014186,001111014186,Kroger,Kroger® Ultra Paper Towels With Absorbing Power Double Rolls,6 rolls,11.29,,11.29
2026-02-17T11:20:42Z,paper towels,70500822,Bellevue,WA,98006,QFC,00822,0001111014187,0001111014187,00001111014187,001111014187,Kroger,Kroger® Ultra Absorbing Power Paper Towels Triple Rolls,8 ct,19.29,,19.29
2026-02-17T11:20:42Z,paper towels,70500822,Bellevue,WA,98006,QFC,00822,0003040022241,0003040022241,00003040022241,003040022241,Sparkle,Sparkle® Pick-A-Size® Paper Towel Double Rolls,8 rolls,14.99,,14.99
2026-02-17T11:20:42Z,paper towels,70500822,Bellevue,WA,98006,QFC,00822,0001111010621,0001111010621,00001111010621,001111010621,Kroger,Kroger® Glimmer Select-A-Sheet Paper Towels Double Rolls,2 rolls,2.99,,2.99
2026-02-17T11:20:42Z,paper towels,70500822,Bellevue,WA,98006,QFC,00822,0001111012026,0001111012026,00001111012026,001111012026,Kroger,Kroger® Rugged + Reliable Paper Towels Double Plus Rolls BIG DEAL!,12 rolls,,,
2026-02-17T11:20:42Z,paper towels,70500822,Bellevue,WA,98006,QFC,00822,0004200044588,0004200044588,00004200044588,004200044588,Brawny,Brawny® Tear-A-Square® 3-Ply Paper Towel Double Rolls,6 rolls,16.99,11.99,11.99
2026-02-17T11:20:42Z,paper towels,70500822,Bellevue,WA,98006,QFC,00822,0003077215703,0003077215703,00003077215703,003077215703,Bounty,Bounty Paper Towels Select-A-Size White 6 Double Rolls,6 rolls,14.99,,14.99
2026-02-17T11:20:42Z,paper towels,70500822,Bellevue,WA,98006,QFC,00822,0004200044600,0004200044600,00004200044600,004200044600,Brawny,Brawny® Tear-A-Square® 3-Ply Paper Towel Double Rolls,8 rolls,20.99,17.99,17.99
2026-02-17T11:20:42Z,paper towels,70500826,Bellevue,WA,98008,QFC,00826,0003600049413,0003600049413,00003600049413,003600049413,Viva,Viva® Multi-Surface Cloth™ Paper Towels Single Rolls,6 rolls,12.49,9.49,9.49
2026-02-17T11:20:42Z,paper towels,70500826,Bellevue,WA,98008,QFC,00826,0003077215712,0003077215712,00003077215712,003077215712,Bounty,Bounty Paper Towels Select-A-Size White 4 Double Rolls,4 rolls,11.99,,11.99
2026-02-17T11:20:42Z,paper towels,70500826,Bellevue,WA,98008,QFC,00826,0003040022272,0003040022272,00003040022272,003040022272,Sparkle,Sparkle® Tear-A-Square® Customizable Sheet Size Paper Towels Double Rolls,2 rolls,4.99,,4.99
2026-02-17T11:20:42Z,paper towels,70500826,Bellevue,WA,98008,QFC,00826,0003077216021,0003077216021,00003077216021,003077216021,Bounty,Bounty Paper Towels Full Sheet White 6 Double Rolls,6 rolls,14.99,,14.99
2026-02-17T11:20:42Z,paper towels,70500826,Bellevue,WA,98008,QFC,00826,0003077216020,0003077216020,00003077216020,003077216020,Bounty,Bounty Paper Towels Select-A-Size White 6 Triple Rolls,6 rolls,23.99,19.99,19.99
2026-02-17T11:20:42Z,paper towels,70500826,Bellevue,WA,98008,QFC,00826,0003077216042,0003077216042,00003077216042,003077216042,Bounty,Bounty Paper Towels Select-A-Size White 2 Triple Rolls,2 rolls,10.99,10.19,10.19
2026-02-17T11:20:42Z,paper towels,70500826,Bellevue,WA,98008,QFC,00826,0003040022276,0003040022276,00003040022276,003040022276,Sparkle,Sparkle® Tear-A-Square® Paper Towel Double Rolls,6 rolls,10.99,7.49,7.49
2026-02-17T11:20:42Z,paper towels,70500826,Bellevue,WA,98008,QFC,00826,0003077219274,0003077219274,00003077219274,003077219274,Bounty,Bounty Paper Towels Select-A-Size White 8 Double Plus Rolls,8 rolls,24.99,,24.99
2026-02-17T11:20:42Z,paper towels,70500826,Bellevue,WA,98008,QFC,00826,0006366836201,0006366836201,00006366836201,006366836201,Green Forest,Green Forest Size-Your-Own Paper Towels 100% Recycled,1 roll,2.49,,2.49
2026-02-17T11:20:42Z,paper towels,70500826,Bellevue,WA,98008,QFC,00826,0006366836203,0006366836203,00006366836203,006366836203,Green Forest,Green Forest 100% Recycled Size-Your-Own Paper Towels,3 pk,6.29,,6.29
2026-02-17T11:20:42Z,paper towels,70500826,Bellevue,WA,98008,QFC,00826,0086001113901,0086001113901,00086001113901,086001113901,Reel,Reel® Premium Bamboo Paper Towels,6 ct,19.99,,19.99
2026-02-17T11:20:42Z,paper towels,70500826,Bellevue,WA,98008,QFC,00826,0086001113900,0086001113900,00086001113900,086001113900,Reel,Reel® Premium Bamboo Paper Towel Triple Rolls,2 rolls,7.99,,7.99
2026-02-17T11:20:42Z,paper towels,70500826,Bellevue,WA,98008,QFC,00826,0001111011984,0001111011984,00001111011984,001111011984,Kroger,Kroger® Rugged and Reliable Paper Towels Giant Rolls,10 rolls,13.49,,13.49
2026-02-17T11:20:42Z,paper towels,70500826,Bellevue,WA,98008,QFC,00826,0003600056532,0003600056532,00003600056532,003600056532,Viva,Viva® Signature Cloth™ Paper Towels Double Rolls,6 rolls,15.99,14.99,14.99
2026-02-17T11:20:42Z,paper towels,70500826,Bellevue,WA,98008,QFC,00826,0003600038587,0003600038587,00003600038587,003600038587,Kleenex,"Kleenex® Disposable Paper Hand Towels, 1 Box, 60 Towels per Box",60 count,4.49,,4.49
2026-02-17T11:20:42Z,paper towels,70500826,Bellevue,WA,98008,QFC,00826,0004200044576,0004200044576,00004200044576,004200044576,Brawny,Brawny® Tear-A-Square® 3-Ply Paper Towel Triple Rolls,2 rolls,10.99,,10.99
2026-02-17T11:20:42Z,paper towels,70500826,Bellevue,WA,98008,QFC,00826,0003600052499,0003600052499,00003600052499,003600052499,Viva,Viva Multi-Surface Cloth Paper Towels Double Rolls,8 rolls,17.99,15.99,15.99
2026-02-17T11:20:42Z,paper towels,70500826,Bellevue,WA,98008,QFC,00826,0004200044658,0004200044658,00004200044658,004200044658,Brawny,Brawny® Full Sheet 3-Ply Paper Towel Double Rolls,6 rolls,16.99,11.99,11.99
2026-02-17T11:20:42Z,paper towels,70500826,Bellevue,WA,98008,QFC,00826,0004200044579,0004200044579,00004200044579,004200044579,Brawny,Brawny® Tear-A-Square® 3-Ply Paper Towel Double Rolls,4 rolls,12.99,7.49,7.49
2026-02-17T11:20:42Z,paper towels,70500826,Bellevue,WA,98008,QFC,00826,0001111016086,0001111016086,00001111016086,001111016086,Kroger,Kroger® Rugged + Reliable Paper Towels Double Rolls,4 rolls,7.99,,7.99
2026-02-17T11:20:42Z,paper towels,70500826,Bellevue,WA,98008,QFC,00826,0001111016087,0001111016087,00001111016087,001111016087,Kroger,Kroger® Rugged + Reliable Paper Towels Giant Rolls,10 rolls,13.99,,13.99
2026-02-17T11:20:42Z,paper towels,70500826,Bellevue,WA,98008,QFC,00826,0001111014184,0001111014184,00001111014184,001111014184,Kroger,Kroger® Ultra Paper Towels With Absorbing Power Triple Rolls,2 rolls,6.29,,6.29
2026-02-17T11:20:42Z,paper towels,70500826,Bellevue,WA,98008,QFC,00826,0001111016088,0001111016088,00001111016088,001111016088,Kroger,Kroger® Rugged + Reliable Paper Towels Double Plus Rolls BIG DEAL!,12 ct,21.99,,21.99
2026-02-17T11:20:42Z,paper towels,70500826,Bellevue,WA,98008,QFC,00826,0001111014185,0001111014185,00001111014185,001111014185,Kroger,Kroger® Ultra Paper Towels With Absorbing Power Double Rolls,4 rolls,10.99,,10.99
2026-02-17T11:20:42Z,paper towels,70500826,Bellevue,WA,98008,QFC,00826,0001111014186,0001111014186,00001111014186,001111014186,Kroger,Kroger® Ultra Paper Towels With Absorbing Power Double Rolls,6 rolls,11.29,,11.29
2026-02-17T11:20:42Z,paper towels,70500826,Bellevue,WA,98008,QFC,00826,0003077216014,0003077216014,00003077216014,003077216014,Bounty,"Bounty Paper Towels Select-A-Size White, 8 Triple Rolls, 123 Sheets Per Roll",8 rolls,27.99,26.99,26.99
2026-02-17T11:20:42Z,paper towels,70500826,Bellevue,WA,98008,QFC,00826,0001111014187,0001111014187,00001111014187,001111014187,Kroger,Kroger® Ultra Absorbing Power Paper Towels Triple Rolls,8 ct,19.29,,19.29
2026-02-17T11:20:42Z,paper towels,70500826,Bellevue,WA,98008,QFC,00826,0003077215664,0003077215664,00003077215664,003077215664,Bounty,Bounty Paper Towels Select-A-Size White 12 Double Plus Rolls,12 rolls,34.99,29.99,29.99
2026-02-17T11:20:42Z,paper towels,70500826,Bellevue,WA,98008,QFC,00826,0003040022241,0003040022241,00003040022241,003040022241,Sparkle,Sparkle® Pick-A-Size® Paper Towel Double Rolls,8 rolls,14.99,,14.99
2026-02-17T11:20:42Z,paper towels,70500826,Bellevue,WA,98008,QFC,00826,0003077216276,0003077216276,00003077216276,003077216276,Bounty,Bounty Paper Towels Select-A-Size Print 6 Double Rolls,6 rolls,14.99,,14.99
2026-02-17T11:20:42Z,paper towels,70500826,Bellevue,WA,98008,QFC,00826,0001111010621,0001111010621,00001111010621,001111010621,Kroger,Kroger® Glimmer Select-A-Sheet Paper Towels Double Rolls,2 rolls,2.99,,2.99
2026-02-17T11:20:42Z,paper towels,70500826,Bellevue,WA,98008,QFC,00826,0001111012026,0001111012026,00001111012026,001111012026,Kroger,Kroger® Rugged + Reliable Paper Towels Double Plus Rolls BIG DEAL!,12 rolls,20.99,,20.99
2026-02-17T11:20:42Z,paper towels,70500826,Bellevue,WA,98008,QFC,00826,0003077215703,0003077215703,00003077215703,003077215703,Bounty,Bounty Paper Towels Select-A-Size White 6 Double Rolls,6 rolls,14.99,,14.99
2026-02-17T11:20:42Z,paper towels,70500826,Bellevue,WA,98008,QFC,00826,0004200044600,0004200044600,00004200044600,004200044600,Brawny,Brawny® Tear-A-Square® 3-Ply Paper Towel Double Rolls,8 rolls,20.99,17.99,17.99
2026-02-17T11:20:42Z,paper towels,70500859,Bellevue,WA,98004,QFC,00859,0003600049413,0003600049413,00003600049413,003600049413,Viva,Viva® Multi-Surface Cloth™ Paper Towels Single Rolls,6 rolls,12.49,9.49,9.49
2026-02-17T11:20:42Z,paper towels,70500859,Bellevue,WA,98004,QFC,00859,0003077215712,0003077215712,00003077215712,003077215712,Bounty,Bounty Paper Towels Select-A-Size White 4 Double Rolls,4 rolls,11.99,,11.99
2026-02-17T11:20:42Z,paper towels,70500859,Bellevue,WA,98004,QFC,00859,0003040022272,0003040022272,00003040022272,003040022272,Sparkle,Sparkle® Tear-A-Square® Customizable Sheet Size Paper Towels Double Rolls,2 rolls,4.99,,4.99
2026-02-17T11:20:42Z,paper towels,70500859,Bellevue,WA,98004,QFC,00859,0003077216021,0003077216021,00003077216021,003077216021,Bounty,Bounty Paper Towels Full Sheet White 6 Double Rolls,6 rolls,14.99,,14.99
2026-02-17T11:20:42Z,paper towels,70500859,Bellevue,WA,98004,QFC,00859,0003077216020,0003077216020,00003077216020,003077216020,Bounty,Bounty Paper Towels Select-A-Size White 6 Triple Rolls,6 rolls,23.99,19.99,19.99
2026-02-17T11:20:42Z,paper towels,70500859,Bellevue,WA,98004,QFC,00859,0003077216042,0003077216042,00003077216042,003077216042,Bounty,Bounty Paper Towels Select-A-Size White 2 Triple Rolls,2 rolls,10.99,10.19,10.19
2026-02-17T11:20:42Z,paper towels,70500859,Bellevue,WA,98004,QFC,00859,0003040022276,0003040022276,00003040022276,003040022276,Sparkle,Sparkle® Tear-A-Square® Paper Towel Double Rolls,6 rolls,10.99,7.49,7.49
2026-02-17T11:20:42Z,paper towels,70500859,Bellevue,WA,98004,QFC,00859,0006366836201,0006366836201,00006366836201,006366836201,Green Forest,Green Forest Size-Your-Own Paper Towels 100% Recycled,1 roll,2.49,,2.49
2026-02-17T11:20:42Z,paper towels,70500859,Bellevue,WA,98004,QFC,00859,0003077219274,0003077219274,00003077219274,003077219274,Bounty,Bounty Paper Towels Select-A-Size White 8 Double Plus Rolls,8 rolls,24.99,,24.99
2026-02-17T11:20:42Z,paper towels,70500859,Bellevue,WA,98004,QFC,00859,0006366836203,0006366836203,00006366836203,006366836203,Green Forest,Green Forest 100% Recycled Size-Your-Own Paper Towels,3 pk,6.29,,6.29
2026-02-17T11:20:42Z,paper towels,70500859,Bellevue,WA,98004,QFC,00859,0086001113901,0086001113901,00086001113901,086001113901,Reel,Reel® Premium Bamboo Paper Towels,6 ct,19.99,,19.99
2026-02-17T11:20:42Z,paper towels,70500859,Bellevue,WA,98004,QFC,00859,0086001113900,0086001113900,00086001113900,086001113900,Reel,Reel® Premium Bamboo Paper Towel Triple Rolls,2 rolls,7.99,,7.99
2026-02-17T11:20:42Z,paper towels,70500859,Bellevue,WA,98004,QFC,00859,0001111011984,0001111011984,00001111011984,001111011984,Kroger,Kroger® Rugged and Reliable Paper Towels Giant Rolls,10 rolls,13.49,,13.49
2026-02-17T11:20:42Z,paper towels,70500859,Bellevue,WA,98004,QFC,00859,0003600038587,0003600038587,00003600038587,003600038587,Kleenex,"Kleenex® Disposable Paper Hand Towels, 1 Box, 60 Towels per Box",60 count,4.49,,4.49
2026-02-17T11:20:42Z,paper towels,70500859,Bellevue,WA,98004,QFC,00859,0003600056532,0003600056532,00003600056532,003600056532,Viva,Viva® Signature Cloth™ Paper Towels Double Rolls,6 rolls,15.99,14.99,14.99
2026-02-17T11:20:42Z,paper towels,70500859,Bellevue,WA,98004,QFC,00859,0004200044576,0004200044576,00004200044576,004200044576,Brawny,Brawny® Tear-A-Square® 3-Ply Paper Towel Triple Rolls,2 rolls,10.99,,10.99
2026-02-17T11:20:42Z,paper towels,70500859,Bellevue,WA,98004,QFC,00859,0003600052499,0003600052499,00003600052499,003600052499,Viva,Viva Multi-Surface Cloth Paper Towels Double Rolls,8 rolls,17.99,15.99,15.99
2026-02-17T11:20:42Z,paper towels,70500859,Bellevue,WA,98004,QFC,00859,0004200044658,0004200044658,00004200044658,004200044658,Brawny,Brawny® Full Sheet 3-Ply Paper Towel Double Rolls,6 rolls,16.99,11.99,11.99
2026-02-17T11:20:42Z,paper towels,70500859,Bellevue,WA,98004,QFC,00859,0004200044579,0004200044579,00004200044579,004200044579,Brawny,Brawny® Tear-A-Square® 3-Ply Paper Towel Double Rolls,4 rolls,12.99,7.49,7.49
2026-02-17T11:20:42Z,paper towels,70500859,Bellevue,WA,98004,QFC,00859,0001111016086,0001111016086,00001111016086,001111016086,Kroger,Kroger® Rugged + Reliable Paper Towels Double Rolls,4 rolls,7.99,,7.99
2026-02-17T11:20:42Z,paper towels,70500859,Bellevue,WA,98004,QFC,00859,0001111016087,0001111016087,00001111016087,001111016087,Kroger,Kroger® Rugged + Reliable Paper Towels Giant Rolls,10 rolls,13.99,,13.99
2026-02-17T11:20:42Z,paper towels,70500859,Bellevue,WA,98004,QFC,00859,0001111014184,0001111014184,00001111014184,001111014184,Kroger,Kroger® Ultra Paper Towels With Absorbing Power Triple Rolls,2 rolls,6.29,,6.29
2026-02-17T11:20:42Z,paper towels,70500859,Bellevue,WA,98004,QFC,00859,0001111016088,0001111016088,00001111016088,001111016088,Kroger,Kroger® Rugged + Reliable Paper Towels Double Plus Rolls BIG DEAL!,12 ct,21.99,,21.99
2026-02-17T11:20:42Z,paper towels,70500859,Bellevue,WA,98004,QFC,00859,0001111014185,0001111014185,00001111014185,001111014185,Kroger,Kroger® Ultra Paper Towels With Absorbing Power Double Rolls,4 rolls,10.99,,10.99
2026-02-17T11:20:42Z,paper towels,70500859,Bellevue,WA,98004,QFC,00859,0003077216014,0003077216014,00003077216014,003077216014,Bounty,"Bounty Paper Towels Select-A-Size White, 8 Triple Rolls, 123 Sheets Per Roll",8 rolls,27.99,26.99,26.99
2026-02-17T11:20:42Z,paper towels,70500859,Bellevue,WA,98004,QFC,00859,0001111014186,0001111014186,00001111014186,001111014186,Kroger,Kroger® Ultra Paper Towels With Absorbing Power Double Rolls,6 rolls,11.29,,11.29
2026-02-17T11:20:42Z,paper towels,70500859,Bellevue,WA,98004,QFC,00859,0001111014187,0001111014187,00001111014187,001111014187,Kroger,Kroger® Ultra Absorbing Power Paper Towels Triple Rolls,8 ct,19.29,,19.29
2026-02-17T11:20:42Z,paper towels,70500859,Bellevue,WA,98004,QFC,00859,0003077215664,0003077215664,00003077215664,003077215664,Bounty,Bounty Paper Towels Select-A-Size White 12 Double Plus Rolls,12 rolls,34.99,29.99,29.99
2026-02-17T11:20:42Z,paper towels,70500859,Bellevue,WA,98004,QFC,00859,0003040022241,0003040022241,00003040022241,003040022241,Sparkle,Sparkle® Pick-A-Size® Paper Towel Double Rolls,8 rolls,14.99,,14.99
2026-02-17T11:20:42Z,paper towels,70500859,Bellevue,WA,98004,QFC,00859,0003077216276,0003077216276,00003077216276,003077216276,Bounty,Bounty Paper Towels Select-A-Size Print 6 Double Rolls,6 rolls,14.99,,14.99
2026-02-17T11:20:42Z,paper towels,70500859,Bellevue,WA,98004,QFC,00859,0001111010621,0001111010621,00001111010621,001111010621,Kroger,Kroger® Glimmer Select-A-Sheet Paper Towels Double Rolls,2 rolls,2.99,,2.99
2026-02-17T11:20:42Z,paper towels,70500859,Bellevue,WA,98004,QFC,00859,0001111012026,0001111012026,00001111012026,001111012026,Kroger,Kroger® Rugged + Reliable Paper Towels Double Plus Rolls BIG DEAL!,12 rolls,,,
2026-02-17T11:20:42Z,paper towels,70500859,Bellevue,WA,98004,QFC,00859,0001111013577,0001111013577,00001111013577,001111013577,Kroger,Kroger® Rugged + Reliable Paper Towels Double Rolls,4 rolls,7.49,,7.49
2026-02-17T11:20:42Z,paper towels,70500859,Bellevue,WA,98004,QFC,00859,0004200044588,0004200044588,00004200044588,004200044588,Brawny,Brawny® Tear-A-Square® 3-Ply Paper Towel Double Rolls,6 rolls,16.99,11.99,11.99
2026-02-17T11:20:42Z,paper towels,70500859,Bellevue,WA,98004,QFC,00859,0005379640023,0005379640023,00005379640023,005379640023,RSVP,RSVP International Paper Towel Holder - Stainless Steel,5.9 x 5.9 x 14.2,26.99,,26.99
2026-02-17T11:20:42Z,paper towels,70500859,Bellevue,WA,98004,QFC,00859,0003077215703,0003077215703,00003077215703,003077215703,Bounty,Bounty Paper Towels Select-A-Size White 6 Double Rolls,6 rolls,14.99,,14.99
2026-02-17T11:20:42Z,paper towels,70500859,Bellevue,WA,98004,QFC,00859,0004200044600,0004200044600,00004200044600,004200044600,Brawny,Brawny® Tear-A-Square® 3-Ply Paper Towel Double Rolls,8 rolls,20.99,17.99,17.99
2026-02-17T11:20:42Z,paper towels,70500874,Bellevue,WA,98007,QFC,00874,0003600049413,0003600049413,00003600049413,003600049413,Viva,Viva® Multi-Surface Cloth™ Paper Towels Single Rolls,6 rolls,12.49,9.49,9.49
2026-02-17T11:20:42Z,paper towels,70500874,Bellevue,WA,98007,QFC,00874,0003077215712,0003077215712,00003077215712,003077215712,Bounty,Bounty Paper Towels Select-A-Size White 4 Double Rolls,4 rolls,11.99,,11.99
2026-02-17T11:20:42Z,paper towels,70500874,Bellevue,WA,98007,QFC,00874,0003040022272,0003040022272,00003040022272,003040022272,Sparkle,Sparkle® Tear-A-Square® Customizable Sheet Size Paper Towels Double Rolls,2 rolls,4.99,,4.99
2026-02-17T11:20:42Z,paper towels,70500874,Bellevue,WA,98007,QFC,00874,0003077216021,0003077216021,00003077216021,003077216021,Bounty,Bounty Paper Towels Full Sheet White 6 Double Rolls,6 rolls,14.99,,14.99
2026-02-17T11:20:42Z,paper towels,70500874,Bellevue,WA,98007,QFC,00874,0003077216042,0003077216042,00003077216042,003077216042,Bounty,Bounty Paper Towels Select-A-Size White 2 Triple Rolls,2 rolls,10.99,10.19,10.19
2026-02-17T11:20:42Z,paper towels,70500874,Bellevue,WA,98007,QFC,00874,0003077216020,0003077216020,00003077216020,003077216020,Bounty,Bounty Paper Towels Select-A-Size White 6 Triple Rolls,6 rolls,23.99,19.99,19.99
2026-02-17T11:20:42Z,paper towels,70500874,Bellevue,WA,98007,QFC,00874,0003040022276,0003040022276,00003040022276,003040022276,Sparkle,Sparkle® Tear-A-Square® Paper Towel Double Rolls,6 rolls,10.99,7.49,7.49
2026-02-17T11:20:42Z,paper towels,70500874,Bellevue,WA,98007,QFC,00874,0003077219274,0003077219274,00003077219274,003077219274,Bounty,Bounty Paper Towels Select-A-Size White 8 Double Plus Rolls,8 rolls,24.99,,24.99
2026-02-17T11:20:42Z,paper towels,70500874,Bellevue,WA,98007,QFC,00874,0006366836201,0006366836201,00006366836201,006366836201,Green Forest,Green Forest Size-Your-Own Paper Towels 100% Recycled,1 roll,2.49,,2.49
2026-02-17T11:20:42Z,paper towels,70500874,Bellevue,WA,98007,QFC,00874,0006366836203,0006366836203,00006366836203,006366836203,Green Forest,Green Forest 100% Recycled Size-Your-Own Paper Towels,3 pk,6.29,,6.29
2026-02-17T11:20:42Z,paper towels,70500874,Bellevue,WA,98007,QFC,00874,0086001113901,0086001113901,00086001113901,086001113901,Reel,Reel® Premium Bamboo Paper Towels,6 ct,19.99,,19.99
2026-02-17T11:20:42Z,paper towels,70500874,Bellevue,WA,98007,QFC,00874,0086001113900,0086001113900,00086001113900,086001113900,Reel,Reel® Premium Bamboo Paper Towel Triple Rolls,2 rolls,7.99,,7.99
2026-02-17T11:20:42Z,paper towels,70500874,Bellevue,WA,98007,QFC,00874,0001111011984,0001111011984,00001111011984,001111011984,Kroger,Kroger® Rugged and Reliable Paper Towels Giant Rolls,10 rolls,13.49,,13.49
2026-02-17T11:20:42Z,paper towels,70500874,Bellevue,WA,98007,QFC,00874,0003600056532,0003600056532,00003600056532,003600056532,Viva,Viva® Signature Cloth™ Paper Towels Double Rolls,6 rolls,15.99,14.99,14.99
2026-02-17T11:20:42Z,paper towels,70500874,Bellevue,WA,98007,QFC,00874,0003600038587,0003600038587,00003600038587,003600038587,Kleenex,"Kleenex® Disposable Paper Hand Towels, 1 Box, 60 Towels per Box",60 count,4.49,,4.49
2026-02-17T11:20:42Z,paper towels,70500874,Bellevue,WA,98007,QFC,00874,0004200044576,0004200044576,00004200044576,004200044576,Brawny,Brawny® Tear-A-Square® 3-Ply Paper Towel Triple Rolls,2 rolls,10.99,,10.99
2026-02-17T11:20:42Z,paper towels,70500874,Bellevue,WA,98007,QFC,00874,0003600052499,0003600052499,00003600052499,003600052499,Viva,Viva Multi-Surface Cloth Paper Towels Double Rolls,8 rolls,17.99,15.99,15.99
2026-02-17T11:20:42Z,paper towels,70500874,Bellevue,WA,98007,QFC,00874,0004200044658,0004200044658,00004200044658,004200044658,Brawny,Brawny® Full Sheet 3-Ply Paper Towel Double Rolls,6 rolls,16.99,11.99,11.99
2026-02-17T11:20:42Z,paper towels,70500874,Bellevue,WA,98007,QFC,00874,0004200044579,0004200044579,00004200044579,004200044579,Brawny,Brawny® Tear-A-Square® 3-Ply Paper Towel Double Rolls,4 rolls,12.99,7.49,7.49
2026-02-17T11:20:42Z,paper towels,70500874,Bellevue,WA,98007,QFC,00874,0001111016086,0001111016086,00001111016086,001111016086,Kroger,Kroger® Rugged + Reliable Paper Towels Double Rolls,4 rolls,7.99,,7.99
2026-02-17T11:20:42Z,paper towels,70500874,Bellevue,WA,98007,QFC,00874,0001111014184,0001111014184,00001111014184,001111014184,Kroger,Kroger® Ultra Paper Towels With Absorbing Power Triple Rolls,2 rolls,6.29,,6.29
2026-02-17T11:20:42Z,paper towels,70500874,Bellevue,WA,98007,QFC,00874,0001111016087,0001111016087,00001111016087,001111016087,Kroger,Kroger® Rugged + Reliable Paper Towels Giant Rolls,10 rolls,13.99,,13.99
2026-02-17T11:20:42Z,paper towels,70500874,Bellevue,WA,98007,QFC,00874,0001111016088,0001111016088,00001111016088,001111016088,Kroger,Kroger® Rugged + Reliable Paper Towels Double Plus Rolls BIG DEAL!,12 ct,21.99,,21.99
2026-02-17T11:20:42Z,paper towels,70500874,Bellevue,WA,98007,QFC,00874,0001111014185,0001111014185,00001111014185,001111014185,Kroger,Kroger® Ultra Paper Towels With Absorbing Power Double Rolls,4 rolls,10.99,,10.99
2026-02-17T11:20:42Z,paper towels,70500874,Bellevue,WA,98007,QFC,00874,0003077216014,0003077216014,00003077216014,003077216014,Bounty,"Bounty Paper Towels Select-A-Size White, 8 Triple Rolls, 123 Sheets Per Roll",8 rolls,27.99,26.99,26.99
2026-02-17T11:20:42Z,paper towels,70500874,Bellevue,WA,98007,QFC,00874,0001111014186,0001111014186,00001111014186,001111014186,Kroger,Kroger® Ultra Paper Towels With Absorbing Power Double Rolls,6 rolls,11.29,,11.29
2026-02-17T11:20:42Z,paper towels,70500874,Bellevue,WA,98007,QFC,00874,0001111014187,0001111014187,00001111014187,001111014187,Kroger,Kroger® Ultra Absorbing Power Paper Towels Triple Rolls,8 ct,19.29,,19.29
2026-02-17T11:20:42Z,paper towels,70500874,Bellevue,WA,98007,QFC,00874,0003077215664,0003077215664,00003077215664,003077215664,Bounty,Bounty Paper Towels Select-A-Size White 12 Double Plus Rolls,12 rolls,34.99,29.99,29.99
2026-02-17T11:20:42Z,paper towels,70500874,Bellevue,WA,98007,QFC,00874,0003040022241,0003040022241,00003040022241,003040022241,Sparkle,Sparkle® Pick-A-Size® Paper Towel Double Rolls,8 rolls,14.99,,14.99
2026-02-17T11:20:42Z,paper towels,70500874,Bellevue,WA,98007,QFC,00874,0003077216276,0003077216276,00003077216276,003077216276,Bounty,Bounty Paper Towels Select-A-Size Print 6 Double Rolls,6 rolls,14.99,,14.99
2026-02-17T11:20:42Z,paper towels,70500874,Bellevue,WA,98007,QFC,00874,0001111010621,0001111010621,00001111010621,001111010621,Kroger,Kroger® Glimmer Select-A-Sheet Paper Towels Double Rolls,2 rolls,2.99,,2.99
2026-02-17T11:20:42Z,paper towels,70500874,Bellevue,WA,98007,QFC,00874,0001111012026,0001111012026,00001111012026,001111012026,Kroger,Kroger® Rugged + Reliable Paper Towels Double Plus Rolls BIG DEAL!,12 rolls,20.99,,20.99
2026-02-17T11:20:42Z,paper towels,70500874,Bellevue,WA,98007,QFC,00874,0004200044588,0004200044588,00004200044588,004200044588,Brawny,Brawny® Tear-A-Square® 3-Ply Paper Towel Double Rolls,6 rolls,16.99,11.99,11.99
2026-02-17T11:20:42Z,paper towels,70500874,Bellevue,WA,98007,QFC,00874,0003077215703,0003077215703,00003077215703,003077215703,Bounty,Bounty Paper Towels Select-A-Size White 6 Double Rolls,6 rolls,14.99,,14.99
2026-02-17T11:20:42Z,paper towels,70500874,Bellevue,WA,98007,QFC,00874,0004200044600,0004200044600,00004200044600,004200044600,Brawny,Brawny® Tear-A-Square® 3-Ply Paper Towel Double Rolls,8 rolls,20.99,17.99,17.99
2026-02-17T11:20:42Z,paper towels,70500819,Bothell,WA,98011,QFC,00819,0003077215712,0003077215712,00003077215712,003077215712,Bounty,Bounty Paper Towels Select-A-Size White 4 Double Rolls,4 rolls,11.99,,11.99
2026-02-17T11:20:42Z,paper towels,70500819,Bothell,WA,98011,QFC,00819,0003600049413,0003600049413,00003600049413,003600049413,Viva,Viva® Multi-Surface Cloth™ Paper Towels Single Rolls,6 rolls,12.49,9.49,9.49
2026-02-17T11:20:42Z,paper towels,70500819,Bothell,WA,98011,QFC,00819,0003040022272,0003040022272,00003040022272,003040022272,Sparkle,Sparkle® Tear-A-Square® Customizable Sheet Size Paper Towels Double Rolls,2 rolls,4.99,,4.99
2026-02-17T11:20:42Z,paper towels,70500819,Bothell,WA,98011,QFC,00819,0003077216021,0003077216021,00003077216021,003077216021,Bounty,Bounty Paper Towels Full Sheet White 6 Double Rolls,6 rolls,14.99,,14.99
2026-02-17T11:20:42Z,paper towels,70500819,Bothell,WA,98011,QFC,00819,0003077216042,0003077216042,00003077216042,003077216042,Bounty,Bounty Paper Towels Select-A-Size White 2 Triple Rolls,2 rolls,10.99,10.19,10.19
2026-02-17T11:20:42Z,paper towels,70500819,Bothell,WA,98011,QFC,00819,0003077216020,0003077216020,00003077216020,003077216020,Bounty,Bounty Paper Towels Select-A-Size White 6 Triple Rolls,6 rolls,23.99,19.99,19.99
2026-02-17T11:20:42Z,paper towels,70500819,Bothell,WA,98011,QFC,00819,0003040022276,0003040022276,00003040022276,003040022276,Sparkle,Sparkle® Tear-A-Square® Paper Towel Double Rolls,6 rolls,10.99,7.49,7.49
2026-02-17T11:20:42Z,paper towels,70500819,Bothell,WA,98011,QFC,00819,0003077219274,0003077219274,00003077219274,003077219274,Bounty,Bounty Paper Towels Select-A-Size White 8 Double Plus Rolls,8 rolls,24.99,,24.99
2026-02-17T11:20:42Z,paper towels,70500819,Bothell,WA,98011,QFC,00819,0006366836201,0006366836201,00006366836201,006366836201,Green Forest,Green Forest Size-Your-Own Paper Towels 100% Recycled,1 roll,2.49,,2.49
2026-02-17T11:20:42Z,paper towels,70500819,Bothell,WA,98011,QFC,00819,0006366836203,0006366836203,00006366836203,006366836203,Green Forest,Green Forest 100% Recycled Size-Your-Own Paper Towels,3 pk,6.29,,6.29
2026-02-17T11:20:42Z,paper towels,70500819,Bothell,WA,98011,QFC,00819,0086001113901,0086001113901,00086001113901,086001113901,Reel,Reel® Premium Bamboo Paper Towels,6 ct,19.99,,19.99
2026-02-17T11:20:42Z,paper towels,70500819,Bothell,WA,98011,QFC,00819,0086001113900,0086001113900,00086001113900,086001113900,Reel,Reel® Premium Bamboo Paper Towel Triple Rolls,2 rolls,7.99,,7.99
2026-02-17T11:20:42Z,paper towels,70500819,Bothell,WA,98011,QFC,00819,0001111011984,0001111011984,00001111011984,001111011984,Kroger,Kroger® Rugged and Reliable Paper Towels Giant Rolls,10 rolls,13.49,,13.49
2026-02-17T11:20:42Z,paper towels,70500819,Bothell,WA,98011,QFC,00819,0003600056532,0003600056532,00003600056532,003600056532,Viva,Viva® Signature Cloth™ Paper Towels Double Rolls,6 rolls,15.99,14.99,14.99
2026-02-17T11:20:42Z,paper towels,70500819,Bothell,WA,98011,QFC,00819,0003600038587,0003600038587,00003600038587,003600038587,Kleenex,"Kleenex® Disposable Paper Hand Towels, 1 Box, 60 Towels per Box",60 count,4.49,,4.49
2026-02-17T11:20:42Z,paper towels,70500819,Bothell,WA,98011,QFC,00819,0004200044576,0004200044576,00004200044576,004200044576,Brawny,Brawny® Tear-A-Square® 3-Ply Paper Towel Triple Rolls,2 rolls,10.99,,10.99
2026-02-17T11:20:42Z,paper towels,70500819,Bothell,WA,98011,QFC,00819,0003600052499,0003600052499,00003600052499,003600052499,Viva,Viva Multi-Surface Cloth Paper Towels Double Rolls,8 rolls,17.99,15.99,15.99
2026-02-17T11:20:42Z,paper towels,70500819,Bothell,WA,98011,QFC,00819,0004200044658,0004200044658,00004200044658,004200044658,Brawny,Brawny® Full Sheet 3-Ply Paper Towel Double Rolls,6 rolls,16.99,11.99,11.99
2026-02-17T11:20:42Z,paper towels,70500819,Bothell,WA,98011,QFC,00819,0004200044579,0004200044579,00004200044579,004200044579,Brawny,Brawny® Tear-A-Square® 3-Ply Paper Towel Double Rolls,4 rolls,12.99,7.49,7.49
2026-02-17T11:20:42Z,paper towels,70500819,Bothell,WA,98011,QFC,00819,0001111016086,0001111016086,00001111016086,001111016086,Kroger,Kroger® Rugged + Reliable Paper Towels Double Rolls,4 rolls,7.99,,7.99
2026-02-17T11:20:42Z,paper towels,70500819,Bothell,WA,98011,QFC,00819,0001111014184,0001111014184,00001111014184,001111014184,Kroger,Kroger® Ultra Paper Towels With Absorbing Power Triple Rolls,2 rolls,6.29,,6.29
2026-02-17T11:20:42Z,paper towels,70500819,Bothell,WA,98011,QFC,00819,0001111016087,0001111016087,00001111016087,001111016087,Kroger,Kroger® Rugged + Reliable Paper Towels Giant Rolls,10 rolls,13.99,,13.99
2026-02-17T11:20:42Z,paper towels,70500819,Bothell,WA,98011,QFC,00819,0001111014185,0001111014185,00001111014185,001111014185,Kroger,Kroger® Ultra Paper Towels With Absorbing Power Double Rolls,4 rolls,10.99,,10.99
2026-02-17T11:20:42Z,paper towels,70500819,Bothell,WA,98011,QFC,00819,0001111016088,0001111016088,00001111016088,001111016088,Kroger,Kroger® Rugged + Reliable Paper Towels Double Plus Rolls BIG DEAL!,12 ct,21.99,,21.99
2026-02-17T11:20:42Z,paper towels,70500819,Bothell,WA,98011,QFC,00819,0003077216014,0003077216014,00003077216014,003077216014,Bounty,"Bounty Paper Towels Select-A-Size White, 8 Triple Rolls, 123 Sheets Per Roll",8 rolls,27.99,26.99,26.99
2026-02-17T11:20:42Z,paper towels,70500819,Bothell,WA,98011,QFC,00819,0001111014186,0001111014186,00001111014186,001111014186,Kroger,Kroger® Ultra Paper Towels With Absorbing Power Double Rolls,6 rolls,11.29,,11.29
2026-02-17T11:20:42Z,paper towels,70500819,Bothell,WA,98011,QFC,00819,0001111014187,0001111014187,00001111014187,001111014187,Kroger,Kroger® Ultra Absorbing Power Paper Towels Triple Rolls,8 ct,19.29,,19.29
2026-02-17T11:20:42Z,paper towels,70500819,Bothell,WA,98011,QFC,00819,0003077215664,0003077215664,00003077215664,003077215664,Bounty,Bounty Paper Towels Select-A-Size White 12 Double Plus Rolls,12 rolls,34.99,29.99,29.99
2026-02-17T11:20:42Z,paper towels,70500819,Bothell,WA,98011,QFC,00819,0003040022241,0003040022241,00003040022241,003040022241,Sparkle,Sparkle® Pick-A-Size® Paper Towel Double Rolls,8 rolls,14.99,,14.99
2026-02-17T11:20:42Z,paper towels,70500819,Bothell,WA,98011,QFC,00819,0003077216276,0003077216276,00003077216276,003077216276,Bounty,Bounty Paper Towels Select-A-Size Print 6 Double Rolls,6 rolls,14.99,,14.99
2026-02-17T11:20:42Z,paper towels,70500819,Bothell,WA,98011,QFC,00819,0001111010621,0001111010621,00001111010621,001111010621,Kroger,Kroger® Glimmer Select-A-Sheet Paper Towels Double Rolls,2 rolls,2.99,,2.99
2026-02-17T11:20:42Z,paper towels,70500819,Bothell,WA,98011,QFC,00819,0004200044588,0004200044588,00004200044588,004200044588,Brawny,Brawny® Tear-A-Square® 3-Ply Paper Towel Double Rolls,6 rolls,16.99,11.99,11.99
2026-02-17T11:20:42Z,paper towels,70500819,Bothell,WA,98011,QFC,00819,0003077215703,0003077215703,00003077215703,003077215703,Bounty,Bounty Paper Towels Select-A-Size White 6 Double Rolls,6 rolls,14.99,,14.99
2026-02-17T11:20:42Z,paper towels,70500819,Bothell,WA,98011,QFC,00819,0004200044600,0004200044600,00004200044600,004200044600,Brawny,Brawny® Tear-A-Square® 3-Ply Paper Towel Double Rolls,8 rolls,20.99,17.99,17.99
2026-02-17T11:20:42Z,paper towels,70500850,Bothell,WA,98021,QFC,00850,0003600049413,0003600049413,00003600049413,003600049413,Viva,Viva® Multi-Surface Cloth™ Paper Towels Single Rolls,6 rolls,12.49,9.49,9.49
2026-02-17T11:20:42Z,paper towels,70500850,Bothell,WA,98021,QFC,00850,0003077215712,0003077215712,00003077215712,003077215712,Bounty,Bounty Paper Towels Select-A-Size White 4 Double Rolls,4 rolls,11.99,,11.99
2026-02-17T11:20:42Z,paper towels,70500850,Bothell,WA,98021,QFC,00850,0003040022272,0003040022272,00003040022272,003040022272,Sparkle,Sparkle® Tear-A-Square® Customizable Sheet Size Paper Towels Double Rolls,2 rolls,4.99,,4.99
2026-02-17T11:20:42Z,paper towels,70500850,Bothell,WA,98021,QFC,00850,0003077216021,0003077216021,00003077216021,003077216021,Bounty,Bounty Paper Towels Full Sheet White 6 Double Rolls,6 rolls,14.99,,14.99
2026-02-17T11:20:42Z,paper towels,70500850,Bothell,WA,98021,QFC,00850,0003077216020,0003077216020,00003077216020,003077216020,Bounty,Bounty Paper Towels Select-A-Size White 6 Triple Rolls,6 rolls,23.99,19.99,19.99
2026-02-17T11:20:42Z,paper towels,70500850,Bothell,WA,98021,QFC,00850,0003077216042,0003077216042,00003077216042,003077216042,Bounty,Bounty Paper Towels Select-A-Size White 2 Triple Rolls,2 rolls,10.99,10.19,10.19
2026-02-17T11:20:42Z,paper towels,70500850,Bothell,WA,98021,QFC,00850,0003040022276,0003040022276,00003040022276,003040022276,Sparkle,Sparkle® Tear-A-Square® Paper Towel Double Rolls,6 rolls,10.99,7.49,7.49
2026-02-17T11:20:42Z,paper towels,70500850,Bothell,WA,98021,QFC,00850,0006366836201,0006366836201,00006366836201,006366836201,Green Forest,Green Forest Size-Your-Own Paper Towels 100% Recycled,1 roll,2.49,,2.49
2026-02-17T11:20:42Z,paper towels,70500850,Bothell,WA,98021,QFC,00850,0003077219274,0003077219274,00003077219274,003077219274,Bounty,Bounty Paper Towels Select-A-Size White 8 Double Plus Rolls,8 rolls,24.99,,24.99
2026-02-17T11:20:42Z,paper towels,70500850,Bothell,WA,98021,QFC,00850,0006366836203,0006366836203,00006366836203,006366836203,Green Forest,Green Forest 100% Recycled Size-Your-Own Paper Towels,3 pk,6.29,,6.29
2026-02-17T11:20:42Z,paper towels,70500850,Bothell,WA,98021,QFC,00850,0086001113901,0086001113901,00086001113901,086001113901,Reel,Reel® Premium Bamboo Paper Towels,6 ct,19.99,,19.99
2026-02-17T11:20:42Z,paper towels,70500850,Bothell,WA,98021,QFC,00850,0086001113900,0086001113900,00086001113900,086001113900,Reel,Reel® Premium Bamboo Paper Towel Triple Rolls,2 rolls,7.99,,7.99
2026-02-17T11:20:42Z,paper towels,70500850,Bothell,WA,98021,QFC,00850,0001111011984,0001111011984,00001111011984,001111011984,Kroger,Kroger® Rugged and Reliable Paper Towels Giant Rolls,10 rolls,13.49,,13.49
2026-02-17T11:20:42Z,paper towels,70500850,Bothell,WA,98021,QFC,00850,0003600056532,0003600056532,00003600056532,003600056532,Viva,Viva® Signature Cloth™ Paper Towels Double Rolls,6 rolls,15.99,14.99,14.99
2026-02-17T11:20:42Z,paper towels,70500850,Bothell,WA,98021,QFC,00850,0003600038587,0003600038587,00003600038587,003600038587,Kleenex,"Kleenex® Disposable Paper Hand Towels, 1 Box, 60 Towels per Box",60 count,4.49,,4.49
2026-02-17T11:20:42Z,paper towels,70500850,Bothell,WA,98021,QFC,00850,0004200044576,0004200044576,00004200044576,004200044576,Brawny,Brawny® Tear-A-Square® 3-Ply Paper Towel Triple Rolls,2 rolls,10.99,,10.99
2026-02-17T11:20:42Z,paper towels,70500850,Bothell,WA,98021,QFC,00850,0003600052499,0003600052499,00003600052499,003600052499,Viva,Viva Multi-Surface Cloth Paper Towels Double Rolls,8 rolls,17.99,15.99,15.99
2026-02-17T11:20:42Z,paper towels,70500850,Bothell,WA,98021,QFC,00850,0004200044658,0004200044658,00004200044658,004200044658,Brawny,Brawny® Full Sheet 3-Ply Paper Towel Double Rolls,6 rolls,16.99,11.99,11.99
2026-02-17T11:20:42Z,paper towels,70500850,Bothell,WA,98021,QFC,00850,0004200044579,0004200044579,00004200044579,004200044579,Brawny,Brawny® Tear-A-Square® 3-Ply Paper Towel Double Rolls,4 rolls,12.99,7.49,7.49
2026-02-17T11:20:42Z,paper towels,70500850,Bothell,WA,98021,QFC,00850,0001111016086,0001111016086,00001111016086,001111016086,Kroger,Kroger® Rugged + Reliable Paper Towels Double Rolls,4 rolls,7.99,,7.99
2026-02-17T11:20:42Z,paper towels,70500850,Bothell,WA,98021,QFC,00850,0001111016087,0001111016087,00001111016087,001111016087,Kroger,Kroger® Rugged + Reliable Paper Towels Giant Rolls,10 rolls,13.99,,13.99
2026-02-17T11:20:42Z,paper towels,70500850,Bothell,WA,98021,QFC,00850,0001111014184,0001111014184,00001111014184,001111014184,Kroger,Kroger® Ultra Paper Towels With Absorbing Power Triple Rolls,2 rolls,6.29,,6.29
2026-02-17T11:20:42Z,paper towels,70500850,Bothell,WA,98021,QFC,00850,0001111014185,0001111014185,00001111014185,001111014185,Kroger,Kroger® Ultra Paper Towels With Absorbing Power Double Rolls,4 rolls,10.99,,10.99
2026-02-17T11:20:42Z,paper towels,70500850,Bothell,WA,98021,QFC,00850,0001111016088,0001111016088,00001111016088,001111016088,Kroger,Kroger® Rugged + Reliable Paper Towels Double Plus Rolls BIG DEAL!,12 ct,21.99,,21.99
2026-02-17T11:20:42Z,paper towels,70500850,Bothell,WA,98021,QFC,00850,0003077216014,0003077216014,00003077216014,003077216014,Bounty,"Bounty Paper Towels Select-A-Size White, 8 Triple Rolls, 123 Sheets Per Roll",8 rolls,27.99,26.99,26.99
2026-02-17T11:20:42Z,paper towels,70500850,Bothell,WA,98021,QFC,00850,0001111014186,0001111014186,00001111014186,001111014186,Kroger,Kroger® Ultra Paper Towels With Absorbing Power Double Rolls,6 rolls,11.29,,11.29
2026-02-17T11:20:42Z,paper towels,70500850,Bothell,WA,98021,QFC,00850,0001111014187,0001111014187,00001111014187,001111014187,Kroger,Kroger® Ultra Absorbing Power Paper Towels Triple Rolls,8 ct,19.29,,19.29
2026-02-17T11:20:42Z,paper towels,70500850,Bothell,WA,98021,QFC,00850,0003077215664,0003077215664,00003077215664,003077215664,Bounty,Bounty Paper Towels Select-A-Size White 12 Double Plus Rolls,12 rolls,34.99,29.99,29.99
2026-02-17T11:20:42Z,paper towels,70500850,Bothell,WA,98021,QFC,00850,0003040022241,0003040022241,00003040022241,003040022241,Sparkle,Sparkle® Pick-A-Size® Paper Towel Double Rolls,8 rolls,14.99,,14.99
2026-02-17T11:20:42Z,paper towels,70500850,Bothell,WA,98021,QFC,00850,0003077216276,0003077216276,00003077216276,003077216276,Bounty,Bounty Paper Towels Select-A-Size Print 6 Double Rolls,6 rolls,14.99,,14.99
2026-02-17T11:20:42Z,paper towels,70500850,Bothell,WA,98021,QFC,00850,0001111010621,0001111010621,00001111010621,001111010621,Kroger,Kroger® Glimmer Select-A-Sheet Paper Towels Double Rolls,2 rolls,2.99,,2.99
2026-02-17T11:20:42Z,paper towels,70500850,Bothell,WA,98021,QFC,00850,0004200044588,0004200044588,00004200044588,004200044588,Brawny,Brawny® Tear-A-Square® 3-Ply Paper Towel Double Rolls,6 rolls,16.99,11.99,11.99
2026-02-17T11:20:42Z,paper towels,70500850,Bothell,WA,98021,QFC,00850,0003077215703,0003077215703,00003077215703,003077215703,Bounty,Bounty Paper Towels Select-A-Size White 6 Double Rolls,6 rolls,14.99,,14.99
2026-02-17T11:20:42Z,paper towels,70500850,Bothell,WA,98021,QFC,00850,0004200044600,0004200044600,00004200044600,004200044600,Brawny,Brawny® Tear-A-Square® 3-Ply Paper Towel Double Rolls,8 rolls,20.99,17.99,17.99
2026-02-17T11:20:42Z,paper towels,70500851,Edmonds,WA,98020,QFC,00851,0003600049413,0003600049413,00003600049413,003600049413,Viva,Viva® Multi-Surface Cloth™ Paper Towels Single Rolls,6 rolls,12.49,9.49,9.49
2026-02-17T11:20:42Z,paper towels,70500851,Edmonds,WA,98020,QFC,00851,0003077215712,0003077215712,00003077215712,003077215712,Bounty,Bounty Paper Towels Select-A-Size White 4 Double Rolls,4 rolls,11.99,,11.99
2026-02-17T11:20:42Z,paper towels,70500851,Edmonds,WA,98020,QFC,00851,0003040022272,0003040022272,00003040022272,003040022272,Sparkle,Sparkle® Tear-A-Square® Customizable Sheet Size Paper Towels Double Rolls,2 rolls,4.99,,4.99
2026-02-17T11:20:42Z,paper towels,70500851,Edmonds,WA,98020,QFC,00851,0003077216021,0003077216021,00003077216021,003077216021,Bounty,Bounty Paper Towels Full Sheet White 6 Double Rolls,6 rolls,14.99,,14.99
2026-02-17T11:20:42Z,paper towels,70500851,Edmonds,WA,98020,QFC,00851,0003077216020,0003077216020,00003077216020,003077216020,Bounty,Bounty Paper Towels Select-A-Size White 6 Triple Rolls,6 rolls,23.99,19.99,19.99
2026-02-17T11:20:42Z,paper towels,70500851,Edmonds,WA,98020,QFC,00851,0003077216042,0003077216042,00003077216042,003077216042,Bounty,Bounty Paper Towels Select-A-Size White 2 Triple Rolls,2 rolls,10.99,10.19,10.19
2026-02-17T11:20:42Z,paper towels,70500851,Edmonds,WA,98020,QFC,00851,0003040022276,0003040022276,00003040022276,003040022276,Sparkle,Sparkle® Tear-A-Square® Paper Towel Double Rolls,6 rolls,10.99,7.49,7.49
2026-02-17T11:20:42Z,paper towels,70500851,Edmonds,WA,98020,QFC,00851,0003077219274,0003077219274,00003077219274,003077219274,Bounty,Bounty Paper Towels Select-A-Size White 8 Double Plus Rolls,8 rolls,24.99,,24.99
2026-02-17T11:20:42Z,paper towels,70500851,Edmonds,WA,98020,QFC,00851,0006366836201,0006366836201,00006366836201,006366836201,Green Forest,Green Forest Size-Your-Own Paper Towels 100% Recycled,1 roll,2.49,,2.49
2026-02-17T11:20:42Z,paper towels,70500851,Edmonds,WA,98020,QFC,00851,0006366836203,0006366836203,00006366836203,006366836203,Green Forest,Green Forest 100% Recycled Size-Your-Own Paper Towels,3 pk,6.29,,6.29
2026-02-17T11:20:42Z,paper towels,70500851,Edmonds,WA,98020,QFC,00851,0086001113901,0086001113901,00086001113901,086001113901,Reel,Reel® Premium Bamboo Paper Towels,6 ct,19.99,,19.99
2026-02-17T11:20:42Z,paper towels,70500851,Edmonds,WA,98020,QFC,00851,0086001113900,0086001113900,00086001113900,086001113900,Reel,Reel® Premium Bamboo Paper Towel Triple Rolls,2 rolls,7.99,,7.99
2026-02-17T11:20:42Z,paper towels,70500851,Edmonds,WA,98020,QFC,00851,0001111011984,0001111011984,00001111011984,001111011984,Kroger,Kroger® Rugged and Reliable Paper Towels Giant Rolls,10 rolls,13.49,,13.49
2026-02-17T11:20:42Z,paper towels,70500851,Edmonds,WA,98020,QFC,00851,0003600038587,0003600038587,00003600038587,003600038587,Kleenex,"Kleenex® Disposable Paper Hand Towels, 1 Box, 60 Towels per Box",60 count,4.49,,4.49
2026-02-17T11:20:42Z,paper towels,70500851,Edmonds,WA,98020,QFC,00851,0003600056532,0003600056532,00003600056532,003600056532,Viva,Viva® Signature Cloth™ Paper Towels Double Rolls,6 rolls,15.99,14.99,14.99
2026-02-17T11:20:42Z,paper towels,70500851,Edmonds,WA,98020,QFC,00851,0004200044576,0004200044576,00004200044576,004200044576,Brawny,Brawny® Tear-A-Square® 3-Ply Paper Towel Triple Rolls,2 rolls,10.99,,10.99
2026-02-17T11:20:42Z,paper towels,70500851,Edmonds,WA,98020,QFC,00851,0003600052499,0003600052499,00003600052499,003600052499,Viva,Viva Multi-Surface Cloth Paper Towels Double Rolls,8 rolls,17.99,15.99,15.99
2026-02-17T11:20:42Z,paper towels,70500851,Edmonds,WA,98020,QFC,00851,0004200044658,0004200044658,00004200044658,004200044658,Brawny,Brawny® Full Sheet 3-Ply Paper Towel Double Rolls,6 rolls,16.99,11.99,11.99
2026-02-17T11:20:42Z,paper towels,70500851,Edmonds,WA,98020,QFC,00851,0004200044579,0004200044579,00004200044579,004200044579,Brawny,Brawny® Tear-A-Square® 3-Ply Paper Towel Double Rolls,4 rolls,12.99,7.49,7.49
2026-02-17T11:20:42Z,paper towels,70500851,Edmonds,WA,98020,QFC,00851,0001111016086,0001111016086,00001111016086,001111016086,Kroger,Kroger® Rugged + Reliable Paper Towels Double Rolls,4 rolls,7.99,,7.99
2026-02-17T11:20:42Z,paper towels,70500851,Edmonds,WA,98020,QFC,00851,0001111014184,0001111014184,00001111014184,001111014184,Kroger,Kroger® Ultra Paper Towels With Absorbing Power Triple Rolls,2 rolls,6.29,,6.29
2026-02-17T11:20:42Z,paper towels,70500851,Edmonds,WA,98020,QFC,00851,0001111016087,0001111016087,00001111016087,001111016087,Kroger,Kroger® Rugged + Reliable Paper Towels Giant Rolls,10 rolls,13.99,,13.99
2026-02-17T11:20:42Z,paper towels,70500851,Edmonds,WA,98020,QFC,00851,0001111014185,0001111014185,00001111014185,001111014185,Kroger,Kroger® Ultra Paper Towels With Absorbing Power Double Rolls,4 rolls,10.99,,10.99
2026-02-17T11:20:42Z,paper towels,70500851,Edmonds,WA,98020,QFC,00851,0001111016088,0001111016088,00001111016088,001111016088,Kroger,Kroger® Rugged + Reliable Paper Towels Double Plus Rolls BIG DEAL!,12 ct,21.99,,21.99
2026-02-17T11:20:42Z,paper towels,70500851,Edmonds,WA,98020,QFC,00851,0003077216014,0003077216014,00003077216014,003077216014,Bounty,"Bounty Paper Towels Select-A-Size White, 8 Triple Rolls, 123 Sheets Per Roll",8 rolls,27.99,26.99,26.99
2026-02-17T11:20:42Z,paper towels,70500851,Edmonds,WA,98020,QFC,00851,0001111014186,0001111014186,00001111014186,001111014186,Kroger,Kroger® Ultra Paper Towels With Absorbing Power Double Rolls,6 rolls,11.29,,11.29
2026-02-17T11:20:42Z,paper towels,70500851,Edmonds,WA,98020,QFC,00851,0001111014187,0001111014187,00001111014187,001111014187,Kroger,Kroger® Ultra Absorbing Power Paper Towels Triple Rolls,8 ct,19.29,,19.29
2026-02-17T11:20:42Z,paper towels,70500851,Edmonds,WA,98020,QFC,00851,0003077215664,0003077215664,00003077215664,003077215664,Bounty,Bounty Paper Towels Select-A-Size White 12 Double Plus Rolls,12 rolls,34.99,29.99,29.99
2026-02-17T11:20:42Z,paper towels,70500851,Edmonds,WA,98020,QFC,00851,0003040022241,0003040022241,00003040022241,003040022241,Sparkle,Sparkle® Pick-A-Size® Paper Towel Double Rolls,8 rolls,14.99,,14.99
2026-02-17T11:20:42Z,paper towels,70500851,Edmonds,WA,98020,QFC,00851,0003077216276,0003077216276,00003077216276,003077216276,Bounty,Bounty Paper Towels Select-A-Size Print 6 Double Rolls,6 rolls,14.99,,14.99
2026-02-17T11:20:42Z,paper towels,70500851,Edmonds,WA,98020,QFC,00851,0001111010621,0001111010621,00001111010621,001111010621,Kroger,Kroger® Glimmer Select-A-Sheet Paper Towels Double Rolls,2 rolls,2.99,,2.99
2026-02-17T11:20:42Z,paper towels,70500851,Edmonds,WA,98020,QFC,00851,0001111013577,0001111013577,00001111013577,001111013577,Kroger,Kroger® Rugged + Reliable Paper Towels Double Rolls,4 rolls,7.49,,7.49
2026-02-17T11:20:42Z,paper towels,70500851,Edmonds,WA,98020,QFC,00851,0004200044588,0004200044588,00004200044588,004200044588,Brawny,Brawny® Tear-A-Square® 3-Ply Paper Towel Double Rolls,6 rolls,16.99,11.99,11.99
2026-02-17T11:20:42Z,paper towels,70500851,Edmonds,WA,98020,QFC,00851,0003077215703,0003077215703,00003077215703,003077215703,Bounty,Bounty Paper Towels Select-A-Size White 6 Double Rolls,6 rolls,14.99,,14.99
2026-02-17T11:20:42Z,paper towels,70500851,Edmonds,WA,98020,QFC,00851,0004200044600,0004200044600,00004200044600,004200044600,Brawny,Brawny® Tear-A-Square® 3-Ply Paper Towel Double Rolls,8 rolls,20.99,17.99,17.99
2026-02-17T11:20:42Z,paper towels,70500863,Enumclaw,WA,98022,QFC,00863,0003600049413,0003600049413,00003600049413,003600049413,Viva,Viva® Multi-Surface Cloth™ Paper Towels Single Rolls,6 rolls,12.49,9.49,9.49
2026-02-17T11:20:42Z,paper towels,70500863,Enumclaw,WA,98022,QFC,00863,0003077215712,0003077215712,00003077215712,003077215712,Bounty,Bounty Paper Towels Select-A-Size White 4 Double Rolls,4 rolls,11.99,,11.99
2026-02-17T11:20:42Z,paper towels,70500863,Enumclaw,WA,98022,QFC,00863,0003040022272,0003040022272,00003040022272,003040022272,Sparkle,Sparkle® Tear-A-Square® Customizable Sheet Size Paper Towels Double Rolls,2 rolls,4.99,,4.99
2026-02-17T11:20:42Z,paper towels,70500863,Enumclaw,WA,98022,QFC,00863,0003077216021,0003077216021,00003077216021,003077216021,Bounty,Bounty Paper Towels Full Sheet White 6 Double Rolls,6 rolls,14.99,,14.99
2026-02-17T11:20:42Z,paper towels,70500863,Enumclaw,WA,98022,QFC,00863,0003077216020,0003077216020,00003077216020,003077216020,Bounty,Bounty Paper Towels Select-A-Size White 6 Triple Rolls,6 rolls,23.99,19.99,19.99
2026-02-17T11:20:42Z,paper towels,70500863,Enumclaw,WA,98022,QFC,00863,0003077216042,0003077216042,00003077216042,003077216042,Bounty,Bounty Paper Towels Select-A-Size White 2 Triple Rolls,2 rolls,10.99,10.19,10.19
2026-02-17T11:20:42Z,paper towels,70500863,Enumclaw,WA,98022,QFC,00863,0003040022276,0003040022276,00003040022276,003040022276,Sparkle,Sparkle® Tear-A-Square® Paper Towel Double Rolls,6 rolls,10.99,7.49,7.49
2026-02-17T11:20:42Z,paper towels,70500863,Enumclaw,WA,98022,QFC,00863,0003077219274,0003077219274,00003077219274,003077219274,Bounty,Bounty Paper Towels Select-A-Size White 8 Double Plus Rolls,8 rolls,24.99,,24.99
2026-02-17T11:20:42Z,paper towels,70500863,Enumclaw,WA,98022,QFC,00863,0006366836201,0006366836201,00006366836201,006366836201,Green Forest,Green Forest Size-Your-Own Paper Towels 100% Recycled,1 roll,2.49,,2.49
2026-02-17T11:20:42Z,paper towels,70500863,Enumclaw,WA,98022,QFC,00863,0006366836203,0006366836203,00006366836203,006366836203,Green Forest,Green Forest 100% Recycled Size-Your-Own Paper Towels,3 pk,6.29,,6.29
2026-02-17T11:20:42Z,paper towels,70500863,Enumclaw,WA,98022,QFC,00863,0086001113901,0086001113901,00086001113901,086001113901,Reel,Reel® Premium Bamboo Paper Towels,6 ct,19.99,,19.99
2026-02-17T11:20:42Z,paper towels,70500863,Enumclaw,WA,98022,QFC,00863,0086001113900,0086001113900,00086001113900,086001113900,Reel,Reel® Premium Bamboo Paper Towel Triple Rolls,2 rolls,7.99,,7.99
2026-02-17T11:20:42Z,paper towels,70500863,Enumclaw,WA,98022,QFC,00863,0001111011984,0001111011984,00001111011984,001111011984,Kroger,Kroger® Rugged and Reliable Paper Towels Giant Rolls,10 rolls,13.49,,13.49
2026-02-17T11:20:42Z,paper towels,70500863,Enumclaw,WA,98022,QFC,00863,0003600056532,0003600056532,00003600056532,003600056532,Viva,Viva® Signature Cloth™ Paper Towels Double Rolls,6 rolls,15.99,14.99,14.99
2026-02-17T11:20:42Z,paper towels,70500863,Enumclaw,WA,98022,QFC,00863,0003600038587,0003600038587,00003600038587,003600038587,Kleenex,"Kleenex® Disposable Paper Hand Towels, 1 Box, 60 Towels per Box",60 count,4.49,,4.49
2026-02-17T11:20:42Z,paper towels,70500863,Enumclaw,WA,98022,QFC,00863,0004200044576,0004200044576,00004200044576,004200044576,Brawny,Brawny® Tear-A-Square® 3-Ply Paper Towel Triple Rolls,2 rolls,10.99,,10.99
2026-02-17T11:20:42Z,paper towels,70500863,Enumclaw,WA,98022,QFC,00863,0003600052499,0003600052499,00003600052499,003600052499,Viva,Viva Multi-Surface Cloth Paper Towels Double Rolls,8 rolls,17.99,15.99,15.99
2026-02-17T11:20:42Z,paper towels,70500863,Enumclaw,WA,98022,QFC,00863,0004200044658,0004200044658,00004200044658,004200044658,Brawny,Brawny® Full Sheet 3-Ply Paper Towel Double Rolls,6 rolls,16.99,11.99,11.99
2026-02-17T11:20:42Z,paper towels,70500863,Enumclaw,WA,98022,QFC,00863,0004200044579,0004200044579,00004200044579,004200044579,Brawny,Brawny® Tear-A-Square® 3-Ply Paper Towel Double Rolls,4 rolls,12.99,7.49,7.49
2026-02-17T11:20:42Z,paper towels,70500863,Enumclaw,WA,98022,QFC,00863,0001111016086,0001111016086,00001111016086,001111016086,Kroger,Kroger® Rugged + Reliable Paper Towels Double Rolls,4 rolls,7.99,,7.99
2026-02-17T11:20:42Z,paper towels,70500863,Enumclaw,WA,98022,QFC,00863,0001111014184,0001111014184,00001111014184,001111014184,Kroger,Kroger® Ultra Paper Towels With Absorbing Power Triple Rolls,2 rolls,6.29,,6.29
2026-02-17T11:20:42Z,paper towels,70500863,Enumclaw,WA,98022,QFC,00863,0001111016087,0001111016087,00001111016087,001111016087,Kroger,Kroger® Rugged + Reliable Paper Towels Giant Rolls,10 rolls,13.99,,13.99
2026-02-17T11:20:42Z,paper towels,70500863,Enumclaw,WA,98022,QFC,00863,0001111014185,0001111014185,00001111014185,001111014185,Kroger,Kroger® Ultra Paper Towels With Absorbing Power Double Rolls,4 rolls,10.99,,10.99
2026-02-17T11:20:42Z,paper towels,70500863,Enumclaw,WA,98022,QFC,00863,0001111016088,0001111016088,00001111016088,001111016088,Kroger,Kroger® Rugged + Reliable Paper Towels Double Plus Rolls BIG DEAL!,12 ct,21.99,,21.99
2026-02-17T11:20:42Z,paper towels,70500863,Enumclaw,WA,98022,QFC,00863,0003077216014,0003077216014,00003077216014,003077216014,Bounty,"Bounty Paper Towels Select-A-Size White, 8 Triple Rolls, 123 Sheets Per Roll",8 rolls,27.99,26.99,26.99
2026-02-17T11:20:42Z,paper towels,70500863,Enumclaw,WA,98022,QFC,00863,0001111014186,0001111014186,00001111014186,001111014186,Kroger,Kroger® Ultra Paper Towels With Absorbing Power Double Rolls,6 rolls,11.29,,11.29
2026-02-17T11:20:42Z,paper towels,70500863,Enumclaw,WA,98022,QFC,00863,0001111014187,0001111014187,00001111014187,001111014187,Kroger,Kroger® Ultra Absorbing Power Paper Towels Triple Rolls,8 ct,19.29,,19.29
2026-02-17T11:20:42Z,paper towels,70500863,Enumclaw,WA,98022,QFC,00863,0003077215664,0003077215664,00003077215664,003077215664,Bounty,Bounty Paper Towels Select-A-Size White 12 Double Plus Rolls,12 rolls,34.99,29.99,29.99
2026-02-17T11:20:42Z,paper towels,70500863,Enumclaw,WA,98022,QFC,00863,0003040022241,0003040022241,00003040022241,003040022241,Sparkle,Sparkle® Pick-A-Size® Paper Towel Double Rolls,8 rolls,14.99,,14.99
2026-02-17T11:20:42Z,paper towels,70500863,Enumclaw,WA,98022,QFC,00863,0003077216276,0003077216276,00003077216276,003077216276,Bounty,Bounty Paper Towels Select-A-Size Print 6 Double Rolls,6 rolls,14.99,,14.99
2026-02-17T11:20:42Z,paper towels,70500863,Enumclaw,WA,98022,QFC,00863,0001111010621,0001111010621,00001111010621,001111010621,Kroger,Kroger® Glimmer Select-A-Sheet Paper Towels Double Rolls,2 rolls,2.99,,2.99
2026-02-17T11:20:42Z,paper towels,70500863,Enumclaw,WA,98022,QFC,00863,0001111012026,0001111012026,00001111012026,001111012026,Kroger,Kroger® Rugged + Reliable Paper Towels Double Plus Rolls BIG DEAL!,12 rolls,20.99,,20.99
2026-02-17T11:20:42Z,paper towels,70500863,Enumclaw,WA,98022,QFC,00863,0004200044588,0004200044588,00004200044588,004200044588,Brawny,Brawny® Tear-A-Square® 3-Ply Paper Towel Double Rolls,6 rolls,16.99,11.99,11.99
2026-02-17T11:20:42Z,paper towels,70500863,Enumclaw,WA,98022,QFC,00863,0003077215703,0003077215703,00003077215703,003077215703,Bounty,Bounty Paper Towels Select-A-Size White 6 Double Rolls,6 rolls,14.99,,14.99
2026-02-17T11:20:42Z,paper towels,70500863,Enumclaw,WA,98022,QFC,00863,0004200044600,0004200044600,00004200044600,004200044600,Brawny,Brawny® Tear-A-Square® 3-Ply Paper Towel Double Rolls,8 rolls,20.99,17.99,17.99
2026-02-17T11:20:42Z,paper towels,70500852,Everett,WA,98203,QFC,00852,0003600049413,0003600049413,00003600049413,003600049413,Viva,Viva® Multi-Surface Cloth™ Paper Towels Single Rolls,6 rolls,12.49,9.49,9.49
2026-02-17T11:20:42Z,paper towels,70500852,Everett,WA,98203,QFC,00852,0003077215712,0003077215712,00003077215712,003077215712,Bounty,Bounty Paper Towels Select-A-Size White 4 Double Rolls,4 rolls,11.99,,11.99
2026-02-17T11:20:42Z,paper towels,70500852,Everett,WA,98203,QFC,00852,0003077216009,0003077216009,00003077216009,003077216009,Bounty,Bounty Paper Towels Select-A-Size White 4 Triple Rolls,4 rolls,14.99,,14.99
2026-02-17T11:20:42Z,paper towels,70500852,Everett,WA,98203,QFC,00852,0003040022272,0003040022272,00003040022272,003040022272,Sparkle,Sparkle® Tear-A-Square® Customizable Sheet Size Paper Towels Double Rolls,2 rolls,4.99,,4.99
2026-02-17T11:20:42Z,paper towels,70500852,Everett,WA,98203,QFC,00852,0003077216021,0003077216021,00003077216021,003077216021,Bounty,Bounty Paper Towels Full Sheet White 6 Double Rolls,6 rolls,14.99,,14.99
2026-02-17T11:20:42Z,paper towels,70500852,Everett,WA,98203,QFC,00852,0003077216020,0003077216020,00003077216020,003077216020,Bounty,Bounty Paper Towels Select-A-Size White 6 Triple Rolls,6 rolls,23.99,19.99,19.99
2026-02-17T11:20:42Z,paper towels,70500852,Everett,WA,98203,QFC,00852,0003077216042,0003077216042,00003077216042,003077216042,Bounty,Bounty Paper Towels Select-A-Size White 2 Triple Rolls,2 rolls,10.99,10.19,10.19
2026-02-17T11:20:42Z,paper towels,70500852,Everett,WA,98203,QFC,00852,0003040022276,0003040022276,00003040022276,003040022276,Sparkle,Sparkle® Tear-A-Square® Paper Towel Double Rolls,6 rolls,10.99,7.49,7.49
2026-02-17T11:20:42Z,paper towels,70500852,Everett,WA,98203,QFC,00852,0006366836201,0006366836201,00006366836201,006366836201,Green Forest,Green Forest Size-Your-Own Paper Towels 100% Recycled,1 roll,2.49,,2.49
2026-02-17T11:20:42Z,paper towels,70500852,Everett,WA,98203,QFC,00852,0003077219274,0003077219274,00003077219274,003077219274,Bounty,Bounty Paper Towels Select-A-Size White 8 Double Plus Rolls,8 rolls,24.99,,24.99
2026-02-17T11:20:42Z,paper towels,70500852,Everett,WA,98203,QFC,00852,0006366836203,0006366836203,00006366836203,006366836203,Green Forest,Green Forest 100% Recycled Size-Your-Own Paper Towels,3 pk,6.29,,6.29
2026-02-17T11:20:42Z,paper towels,70500852,Everett,WA,98203,QFC,00852,0086001113901,0086001113901,00086001113901,086001113901,Reel,Reel® Premium Bamboo Paper Towels,6 ct,19.99,,19.99
2026-02-17T11:20:42Z,paper towels,70500852,Everett,WA,98203,QFC,00852,0086001113900,0086001113900,00086001113900,086001113900,Reel,Reel® Premium Bamboo Paper Towel Triple Rolls,2 rolls,7.99,,7.99
2026-02-17T11:20:42Z,paper towels,70500852,Everett,WA,98203,QFC,00852,0001111011984,0001111011984,00001111011984,001111011984,Kroger,Kroger® Rugged and Reliable Paper Towels Giant Rolls,10 rolls,13.49,,13.49
2026-02-17T11:20:42Z,paper towels,70500852,Everett,WA,98203,QFC,00852,0003600038587,0003600038587,00003600038587,003600038587,Kleenex,"Kleenex® Disposable Paper Hand Towels, 1 Box, 60 Towels per Box",60 count,4.49,,4.49
2026-02-17T11:20:42Z,paper towels,70500852,Everett,WA,98203,QFC,00852,0003600056532,0003600056532,00003600056532,003600056532,Viva,Viva® Signature Cloth™ Paper Towels Double Rolls,6 rolls,15.99,14.99,14.99
2026-02-17T11:20:42Z,paper towels,70500852,Everett,WA,98203,QFC,00852,0004200044576,0004200044576,00004200044576,004200044576,Brawny,Brawny® Tear-A-Square® 3-Ply Paper Towel Triple Rolls,2 rolls,10.99,,10.99
2026-02-17T11:20:42Z,paper towels,70500852,Everett,WA,98203,QFC,00852,0003600056535,0003600056535,00003600056535,003600056535,Viva,Viva Signature Cloth Paper Towels Double Rolls,12 rolls,23.49,,23.49
2026-02-17T11:20:42Z,paper towels,70500852,Everett,WA,98203,QFC,00852,0003600052499,0003600052499,00003600052499,003600052499,Viva,Viva Multi-Surface Cloth Paper Towels Double Rolls,8 rolls,17.99,15.99,15.99
2026-02-17T11:20:42Z,paper towels,70500852,Everett,WA,98203,QFC,00852,0004200044658,0004200044658,00004200044658,004200044658,Brawny,Brawny® Full Sheet 3-Ply Paper Towel Double Rolls,6 rolls,16.99,11.99,11.99
2026-02-17T11:20:42Z,paper towels,70500852,Everett,WA,98203,QFC,00852,0004200044579,0004200044579,00004200044579,004200044579,Brawny,Brawny® Tear-A-Square® 3-Ply Paper Towel Double Rolls,4 rolls,12.99,7.49,7.49
2026-02-17T11:20:42Z,paper towels,70500852,Everett,WA,98203,QFC,00852,0001111016086,0001111016086,00001111016086,001111016086,Kroger,Kroger® Rugged + Reliable Paper Towels Double Rolls,4 rolls,7.99,,7.99
2026-02-17T11:20:42Z,paper towels,70500852,Everett,WA,98203,QFC,00852,0001111016087,0001111016087,00001111016087,001111016087,Kroger,Kroger® Rugged + Reliable Paper Towels Giant Rolls,10 rolls,13.99,,13.99
2026-02-17T11:20:42Z,paper towels,70500852,Everett,WA,98203,QFC,00852,0001111014184,0001111014184,00001111014184,001111014184,Kroger,Kroger® Ultra Paper Towels With Absorbing Power Triple Rolls,2 rolls,6.29,,6.29
2026-02-17T11:20:42Z,paper towels,70500852,Everett,WA,98203,QFC,00852,0001111016088,0001111016088,00001111016088,001111016088,Kroger,Kroger® Rugged + Reliable Paper Towels Double Plus Rolls BIG DEAL!,12 ct,21.99,,21.99
2026-02-17T11:20:42Z,paper towels,70500852,Everett,WA,98203,QFC,00852,0001111014185,0001111014185,00001111014185,001111014185,Kroger,Kroger® Ultra Paper Towels With Absorbing Power Double Rolls,4 rolls,10.99,,10.99
2026-02-17T11:20:42Z,paper towels,70500852,Everett,WA,98203,QFC,00852,0001111014186,0001111014186,00001111014186,001111014186,Kroger,Kroger® Ultra Paper Towels With Absorbing Power Double Rolls,6 rolls,11.29,,11.29
2026-02-17T11:20:42Z,paper towels,70500852,Everett,WA,98203,QFC,00852,0003077216014,0003077216014,00003077216014,003077216014,Bounty,"Bounty Paper Towels Select-A-Size White, 8 Triple Rolls, 123 Sheets Per Roll",8 rolls,27.99,26.99,26.99
2026-02-17T11:20:42Z,paper towels,70500852,Everett,WA,98203,QFC,00852,0001111014187,0001111014187,00001111014187,001111014187,Kroger,Kroger® Ultra Absorbing Power Paper Towels Triple Rolls,8 ct,19.29,,19.29
2026-02-17T11:20:42Z,paper towels,70500852,Everett,WA,98203,QFC,00852,0003077215664,0003077215664,00003077215664,003077215664,Bounty,Bounty Paper Towels Select-A-Size White 12 Double Plus Rolls,12 rolls,34.99,29.99,29.99
2026-02-17T11:20:42Z,paper towels,70500852,Everett,WA,98203,QFC,00852,0003040022241,0003040022241,00003040022241,003040022241,Sparkle,Sparkle® Pick-A-Size® Paper Towel Double Rolls,8 rolls,14.99,,14.99
2026-02-17T11:20:42Z,paper towels,70500852,Everett,WA,98203,QFC,00852,0003077216276,0003077216276,00003077216276,003077216276,Bounty,Bounty Paper Towels Select-A-Size Print 6 Double Rolls,6 rolls,14.99,,14.99
2026-02-17T11:20:42Z,paper towels,70500852,Everett,WA,98203,QFC,00852,0001111010621,0001111010621,00001111010621,001111010621,Kroger,Kroger® Glimmer Select-A-Sheet Paper Towels Double Rolls,2 rolls,2.99,,2.99
2026-02-17T11:20:42Z,paper towels,70500852,Everett,WA,98203,QFC,00852,0001111012026,0001111012026,00001111012026,001111012026,Kroger,Kroger® Rugged + Reliable Paper Towels Double Plus Rolls BIG DEAL!,12 rolls,20.99,,20.99
2026-02-17T11:20:42Z,paper towels,70500852,Everett,WA,98203,QFC,00852,0004200044588,0004200044588,00004200044588,004200044588,Brawny,Brawny® Tear-A-Square® 3-Ply Paper Towel Double Rolls,6 rolls,16.99,11.99,11.99
2026-02-17T11:20:42Z,paper towels,70500852,Everett,WA,98203,QFC,00852,0003077215703,0003077215703,00003077215703,003077215703,Bounty,Bounty Paper Towels Select-A-Size White 6 Double Rolls,6 rolls,14.99,,14.99
2026-02-17T11:20:42Z,paper towels,70500852,Everett,WA,98203,QFC,00852,0004200044600,0004200044600,00004200044600,004200044600,Brawny,Brawny® Tear-A-Square® 3-Ply Paper Towel Double Rolls,8 rolls,20.99,17.99,17.99
2026-02-17T11:20:42Z,paper towels,70500853,Everett,WA,98201,QFC,00853,0003077215712,0003077215712,00003077215712,003077215712,Bounty,Bounty Paper Towels Select-A-Size White 4 Double Rolls,4 rolls,11.99,,11.99
2026-02-17T11:20:42Z,paper towels,70500853,Everett,WA,98201,QFC,00853,0003077216009,0003077216009,00003077216009,003077216009,Bounty,Bounty Paper Towels Select-A-Size White 4 Triple Rolls,4 rolls,14.99,,14.99
2026-02-17T11:20:42Z,paper towels,70500853,Everett,WA,98201,QFC,00853,0003600049413,0003600049413,00003600049413,003600049413,Viva,Viva® Multi-Surface Cloth™ Paper Towels Single Rolls,6 rolls,12.49,9.49,9.49
2026-02-17T11:20:42Z,paper towels,70500853,Everett,WA,98201,QFC,00853,0003040022272,0003040022272,00003040022272,003040022272,Sparkle,Sparkle® Tear-A-Square® Customizable Sheet Size Paper Towels Double Rolls,2 rolls,4.99,,4.99
2026-02-17T11:20:42Z,paper towels,70500853,Everett,WA,98201,QFC,00853,0003077216021,0003077216021,00003077216021,003077216021,Bounty,Bounty Paper Towels Full Sheet White 6 Double Rolls,6 rolls,14.99,,14.99
2026-02-17T11:20:42Z,paper towels,70500853,Everett,WA,98201,QFC,00853,0003077216020,0003077216020,00003077216020,003077216020,Bounty,Bounty Paper Towels Select-A-Size White 6 Triple Rolls,6 rolls,23.99,19.99,19.99
2026-02-17T11:20:42Z,paper towels,70500853,Everett,WA,98201,QFC,00853,0003077216042,0003077216042,00003077216042,003077216042,Bounty,Bounty Paper Towels Select-A-Size White 2 Triple Rolls,2 rolls,10.99,10.19,10.19
2026-02-17T11:20:42Z,paper towels,70500853,Everett,WA,98201,QFC,00853,0003040022276,0003040022276,00003040022276,003040022276,Sparkle,Sparkle® Tear-A-Square® Paper Towel Double Rolls,6 rolls,10.99,7.49,7.49
2026-02-17T11:20:42Z,paper towels,70500853,Everett,WA,98201,QFC,00853,0006366836201,0006366836201,00006366836201,006366836201,Green Forest,Green Forest Size-Your-Own Paper Towels 100% Recycled,1 roll,2.49,,2.49
2026-02-17T11:20:42Z,paper towels,70500853,Everett,WA,98201,QFC,00853,0003077219274,0003077219274,00003077219274,003077219274,Bounty,Bounty Paper Towels Select-A-Size White 8 Double Plus Rolls,8 rolls,24.99,,24.99
2026-02-17T11:20:42Z,paper towels,70500853,Everett,WA,98201,QFC,00853,0006366836203,0006366836203,00006366836203,006366836203,Green Forest,Green Forest 100% Recycled Size-Your-Own Paper Towels,3 pk,6.29,,6.29
2026-02-17T11:20:42Z,paper towels,70500853,Everett,WA,98201,QFC,00853,0086001113901,0086001113901,00086001113901,086001113901,Reel,Reel® Premium Bamboo Paper Towels,6 ct,19.99,,19.99
2026-02-17T11:20:42Z,paper towels,70500853,Everett,WA,98201,QFC,00853,0086001113900,0086001113900,00086001113900,086001113900,Reel,Reel® Premium Bamboo Paper Towel Triple Rolls,2 rolls,7.99,,7.99
2026-02-17T11:20:42Z,paper towels,70500853,Everett,WA,98201,QFC,00853,0001111011984,0001111011984,00001111011984,001111011984,Kroger,Kroger® Rugged and Reliable Paper Towels Giant Rolls,10 rolls,13.49,,13.49
2026-02-17T11:20:42Z,paper towels,70500853,Everett,WA,98201,QFC,00853,0003600056532,0003600056532,00003600056532,003600056532,Viva,Viva® Signature Cloth™ Paper Towels Double Rolls,6 rolls,15.99,14.99,14.99
2026-02-17T11:20:42Z,paper towels,70500853,Everett,WA,98201,QFC,00853,0003600038587,0003600038587,00003600038587,003600038587,Kleenex,"Kleenex® Disposable Paper Hand Towels, 1 Box, 60 Towels per Box",60 count,4.49,,4.49
2026-02-17T11:20:42Z,paper towels,70500853,Everett,WA,98201,QFC,00853,0004200044576,0004200044576,00004200044576,004200044576,Brawny,Brawny® Tear-A-Square® 3-Ply Paper Towel Triple Rolls,2 rolls,10.99,,10.99
2026-02-17T11:20:42Z,paper towels,70500853,Everett,WA,98201,QFC,00853,0003600056535,0003600056535,00003600056535,003600056535,Viva,Viva Signature Cloth Paper Towels Double Rolls,12 rolls,23.49,,23.49
2026-02-17T11:20:42Z,paper towels,70500853,Everett,WA,98201,QFC,00853,0003600052499,0003600052499,00003600052499,003600052499,Viva,Viva Multi-Surface Cloth Paper Towels Double Rolls,8 rolls,17.99,15.99,15.99
2026-02-17T11:20:42Z,paper towels,70500853,Everett,WA,98201,QFC,00853,0004200044658,0004200044658,00004200044658,004200044658,Brawny,Brawny® Full Sheet 3-Ply Paper Towel Double Rolls,6 rolls,16.99,11.99,11.99
2026-02-17T11:20:42Z,paper towels,70500853,Everett,WA,98201,QFC,00853,0004200044579,0004200044579,00004200044579,004200044579,Brawny,Brawny® Tear-A-Square® 3-Ply Paper Towel Double Rolls,4 rolls,12.99,7.49,7.49
2026-02-17T11:20:42Z,paper towels,70500853,Everett,WA,98201,QFC,00853,0001111016086,0001111016086,00001111016086,001111016086,Kroger,Kroger® Rugged + Reliable Paper Towels Double Rolls,4 rolls,7.99,,7.99
2026-02-17T11:20:42Z,paper towels,70500853,Everett,WA,98201,QFC,00853,0001111014184,0001111014184,00001111014184,001111014184,Kroger,Kroger® Ultra Paper Towels With Absorbing Power Triple Rolls,2 rolls,6.29,,6.29
2026-02-17T11:20:42Z,paper towels,70500853,Everett,WA,98201,QFC,00853,0001111016087,0001111016087,00001111016087,001111016087,Kroger,Kroger® Rugged + Reliable Paper Towels Giant Rolls,10 rolls,13.99,,13.99
2026-02-17T11:20:42Z,paper towels,70500853,Everett,WA,98201,QFC,00853,0001111014185,0001111014185,00001111014185,001111014185,Kroger,Kroger® Ultra Paper Towels With Absorbing Power Double Rolls,4 rolls,10.99,,10.99
2026-02-17T11:20:42Z,paper towels,70500853,Everett,WA,98201,QFC,00853,0001111016088,0001111016088,00001111016088,001111016088,Kroger,Kroger® Rugged + Reliable Paper Towels Double Plus Rolls BIG DEAL!,12 ct,21.99,,21.99
2026-02-17T11:20:42Z,paper towels,70500853,Everett,WA,98201,QFC,00853,0001111014186,0001111014186,00001111014186,001111014186,Kroger,Kroger® Ultra Paper Towels With Absorbing Power Double Rolls,6 rolls,11.29,,11.29
2026-02-17T11:20:42Z,paper towels,70500853,Everett,WA,98201,QFC,00853,0003077216014,0003077216014,00003077216014,003077216014,Bounty,"Bounty Paper Towels Select-A-Size White, 8 Triple Rolls, 123 Sheets Per Roll",8 rolls,27.99,26.99,26.99
2026-02-17T11:20:42Z,paper towels,70500853,Everett,WA,98201,QFC,00853,0001111014187,0001111014187,00001111014187,001111014187,Kroger,Kroger® Ultra Absorbing Power Paper Towels Triple Rolls,8 ct,19.29,,19.29
2026-02-17T11:20:42Z,paper towels,70500853,Everett,WA,98201,QFC,00853,0003077215664,0003077215664,00003077215664,003077215664,Bounty,Bounty Paper Towels Select-A-Size White 12 Double Plus Rolls,12 rolls,34.99,29.99,29.99
2026-02-17T11:20:42Z,paper towels,70500853,Everett,WA,98201,QFC,00853,0003040022241,0003040022241,00003040022241,003040022241,Sparkle,Sparkle® Pick-A-Size® Paper Towel Double Rolls,8 rolls,14.99,,14.99
2026-02-17T11:20:42Z,paper towels,70500853,Everett,WA,98201,QFC,00853,0003077216276,0003077216276,00003077216276,003077216276,Bounty,Bounty Paper Towels Select-A-Size Print 6 Double Rolls,6 rolls,14.99,,14.99
2026-02-17T11:20:42Z,paper towels,70500853,Everett,WA,98201,QFC,00853,0001111010621,0001111010621,00001111010621,001111010621,Kroger,Kroger® Glimmer Select-A-Sheet Paper Towels Double Rolls,2 rolls,2.99,,2.99
2026-02-17T11:20:42Z,paper towels,70500853,Everett,WA,98201,QFC,00853,0001111012026,0001111012026,00001111012026,001111012026,Kroger,Kroger® Rugged + Reliable Paper Towels Double Plus Rolls BIG DEAL!,12 rolls,20.99,,20.99
2026-02-17T11:20:42Z,paper towels,70500853,Everett,WA,98201,QFC,00853,0004200044588,0004200044588,00004200044588,004200044588,Brawny,Brawny® Tear-A-Square® 3-Ply Paper Towel Double Rolls,6 rolls,16.99,11.99,11.99
2026-02-17T11:20:42Z,paper towels,70500853,Everett,WA,98201,QFC,00853,0003077215703,0003077215703,00003077215703,003077215703,Bounty,Bounty Paper Towels Select-A-Size White 6 Double Rolls,6 rolls,14.99,,14.99
2026-02-17T11:20:42Z,paper towels,70500853,Everett,WA,98201,QFC,00853,0004200044600,0004200044600,00004200044600,004200044600,Brawny,Brawny® Tear-A-Square® 3-Ply Paper Towel Double Rolls,8 rolls,20.99,17.99,17.99
2026-02-17T11:20:42Z,paper towels,70500821,Issaquah,WA,98027,QFC,00821,0003600049413,0003600049413,00003600049413,003600049413,Viva,Viva® Multi-Surface Cloth™ Paper Towels Single Rolls,6 rolls,12.49,9.49,9.49
2026-02-17T11:20:42Z,paper towels,70500821,Issaquah,WA,98027,QFC,00821,0003077215712,0003077215712,00003077215712,003077215712,Bounty,Bounty Paper Towels Select-A-Size White 4 Double Rolls,4 rolls,11.99,,11.99
2026-02-17T11:20:42Z,paper towels,70500821,Issaquah,WA,98027,QFC,00821,0003040022272,0003040022272,00003040022272,003040022272,Sparkle,Sparkle® Tear-A-Square® Customizable Sheet Size Paper Towels Double Rolls,2 rolls,4.99,,4.99
2026-02-17T11:20:42Z,paper towels,70500821,Issaquah,WA,98027,QFC,00821,0003077216021,0003077216021,00003077216021,003077216021,Bounty,Bounty Paper Towels Full Sheet White 6 Double Rolls,6 rolls,14.99,,14.99
2026-02-17T11:20:42Z,paper towels,70500821,Issaquah,WA,98027,QFC,00821,0003077216042,0003077216042,00003077216042,003077216042,Bounty,Bounty Paper Towels Select-A-Size White 2 Triple Rolls,2 rolls,10.99,10.19,10.19
2026-02-17T11:20:42Z,paper towels,70500821,Issaquah,WA,98027,QFC,00821,0003077216020,0003077216020,00003077216020,003077216020,Bounty,Bounty Paper Towels Select-A-Size White 6 Triple Rolls,6 rolls,23.99,19.99,19.99
2026-02-17T11:20:42Z,paper towels,70500821,Issaquah,WA,98027,QFC,00821,0003040022276,0003040022276,00003040022276,003040022276,Sparkle,Sparkle® Tear-A-Square® Paper Towel Double Rolls,6 rolls,10.99,7.49,7.49
2026-02-17T11:20:42Z,paper towels,70500821,Issaquah,WA,98027,QFC,00821,0006366836201,0006366836201,00006366836201,006366836201,Green Forest,Green Forest Size-Your-Own Paper Towels 100% Recycled,1 roll,2.49,,2.49
2026-02-17T11:20:42Z,paper towels,70500821,Issaquah,WA,98027,QFC,00821,0003077219274,0003077219274,00003077219274,003077219274,Bounty,Bounty Paper Towels Select-A-Size White 8 Double Plus Rolls,8 rolls,24.99,,24.99
2026-02-17T11:20:42Z,paper towels,70500821,Issaquah,WA,98027,QFC,00821,0006366836203,0006366836203,00006366836203,006366836203,Green Forest,Green Forest 100% Recycled Size-Your-Own Paper Towels,3 pk,6.29,,6.29
2026-02-17T11:20:42Z,paper towels,70500821,Issaquah,WA,98027,QFC,00821,0086001113901,0086001113901,00086001113901,086001113901,Reel,Reel® Premium Bamboo Paper Towels,6 ct,19.99,,19.99
2026-02-17T11:20:42Z,paper towels,70500821,Issaquah,WA,98027,QFC,00821,0086001113900,0086001113900,00086001113900,086001113900,Reel,Reel® Premium Bamboo Paper Towel Triple Rolls,2 rolls,7.99,,7.99
2026-02-17T11:20:42Z,paper towels,70500821,Issaquah,WA,98027,QFC,00821,0001111011984,0001111011984,00001111011984,001111011984,Kroger,Kroger® Rugged and Reliable Paper Towels Giant Rolls,10 rolls,13.49,,13.49
2026-02-17T11:20:42Z,paper towels,70500821,Issaquah,WA,98027,QFC,00821,0003600038587,0003600038587,00003600038587,003600038587,Kleenex,"Kleenex® Disposable Paper Hand Towels, 1 Box, 60 Towels per Box",60 count,4.49,,4.49
2026-02-17T11:20:42Z,paper towels,70500821,Issaquah,WA,98027,QFC,00821,0003600056532,0003600056532,00003600056532,003600056532,Viva,Viva® Signature Cloth™ Paper Towels Double Rolls,6 rolls,15.99,14.99,14.99
2026-02-17T11:20:42Z,paper towels,70500821,Issaquah,WA,98027,QFC,00821,0003600052499,0003600052499,00003600052499,003600052499,Viva,Viva Multi-Surface Cloth Paper Towels Double Rolls,8 rolls,17.99,15.99,15.99
2026-02-17T11:20:42Z,paper towels,70500821,Issaquah,WA,98027,QFC,00821,0004200044579,0004200044579,00004200044579,004200044579,Brawny,Brawny® Tear-A-Square® 3-Ply Paper Towel Double Rolls,4 rolls,12.99,7.49,7.49
2026-02-17T11:20:42Z,paper towels,70500821,Issaquah,WA,98027,QFC,00821,0001111016086,0001111016086,00001111016086,001111016086,Kroger,Kroger® Rugged + Reliable Paper Towels Double Rolls,4 rolls,7.99,,7.99
2026-02-17T11:20:42Z,paper towels,70500821,Issaquah,WA,98027,QFC,00821,0001111014184,0001111014184,00001111014184,001111014184,Kroger,Kroger® Ultra Paper Towels With Absorbing Power Triple Rolls,2 rolls,6.29,,6.29
2026-02-17T11:20:42Z,paper towels,70500821,Issaquah,WA,98027,QFC,00821,0001111016087,0001111016087,00001111016087,001111016087,Kroger,Kroger® Rugged + Reliable Paper Towels Giant Rolls,10 rolls,13.99,,13.99
2026-02-17T11:20:42Z,paper towels,70500821,Issaquah,WA,98027,QFC,00821,0001111014185,0001111014185,00001111014185,001111014185,Kroger,Kroger® Ultra Paper Towels With Absorbing Power Double Rolls,4 rolls,10.99,,10.99
2026-02-17T11:20:42Z,paper towels,70500821,Issaquah,WA,98027,QFC,00821,0003077216014,0003077216014,00003077216014,003077216014,Bounty,"Bounty Paper Towels Select-A-Size White, 8 Triple Rolls, 123 Sheets Per Roll",8 rolls,27.99,26.99,26.99
2026-02-17T11:20:42Z,paper towels,70500821,Issaquah,WA,98027,QFC,00821,0001111014186,0001111014186,00001111014186,001111014186,Kroger,Kroger® Ultra Paper Towels With Absorbing Power Double Rolls,6 rolls,11.29,,11.29
2026-02-17T11:20:42Z,paper towels,70500821,Issaquah,WA,98027,QFC,00821,0001111014187,0001111014187,00001111014187,001111014187,Kroger,Kroger® Ultra Absorbing Power Paper Towels Triple Rolls,8 ct,19.29,,19.29
2026-02-17T11:20:42Z,paper towels,70500821,Issaquah,WA,98027,QFC,00821,0003040022241,0003040022241,00003040022241,003040022241,Sparkle,Sparkle® Pick-A-Size® Paper Towel Double Rolls,8 rolls,14.99,,14.99
2026-02-17T11:20:42Z,paper towels,70500821,Issaquah,WA,98027,QFC,00821,0003077216276,0003077216276,00003077216276,003077216276,Bounty,Bounty Paper Towels Select-A-Size Print 6 Double Rolls,6 rolls,14.99,,14.99
2026-02-17T11:20:42Z,paper towels,70500821,Issaquah,WA,98027,QFC,00821,0001111010621,0001111010621,00001111010621,001111010621,Kroger,Kroger® Glimmer Select-A-Sheet Paper Towels Double Rolls,2 rolls,2.99,,2.99
2026-02-17T11:20:42Z,paper towels,70500821,Issaquah,WA,98027,QFC,00821,0003077215703,0003077215703,00003077215703,003077215703,Bounty,Bounty Paper Towels Select-A-Size White 6 Double Rolls,6 rolls,14.99,,14.99
2026-02-17T11:20:42Z,paper towels,70500821,Issaquah,WA,98027,QFC,00821,0004200044600,0004200044600,00004200044600,004200044600,Brawny,Brawny® Tear-A-Square® 3-Ply Paper Towel Double Rolls,8 rolls,20.99,17.99,17.99
2026-02-17T11:20:42Z,paper towels,70500803,Kent,WA,98042,QFC,00803,0003600049413,0003600049413,00003600049413,003600049413,Viva,Viva® Multi-Surface Cloth™ Paper Towels Single Rolls,6 rolls,12.49,9.49,9.49
2026-02-17T11:20:42Z,paper towels,70500803,Kent,WA,98042,QFC,00803,0003077215712,0003077215712,00003077215712,003077215712,Bounty,Bounty Paper Towels Select-A-Size White 4 Double Rolls,4 rolls,11.99,,11.99
2026-02-17T11:20:42Z,paper towels,70500803,Kent,WA,98042,QFC,00803,0003040022272,0003040022272,00003040022272,003040022272,Sparkle,Sparkle® Tear-A-Square® Customizable Sheet Size Paper Towels Double Rolls,2 rolls,4.99,,4.99
2026-02-17T11:20:42Z,paper towels,70500803,Kent,WA,98042,QFC,00803,0003077216021,0003077216021,00003077216021,003077216021,Bounty,Bounty Paper Towels Full Sheet White 6 Double Rolls,6 rolls,14.99,,14.99
2026-02-17T11:20:42Z,paper towels,70500803,Kent,WA,98042,QFC,00803,0003077216020,0003077216020,00003077216020,003077216020,Bounty,Bounty Paper Towels Select-A-Size White 6 Triple Rolls,6 rolls,23.99,19.99,19.99
2026-02-17T11:20:42Z,paper towels,70500803,Kent,WA,98042,QFC,00803,0003077216042,0003077216042,00003077216042,003077216042,Bounty,Bounty Paper Towels Select-A-Size White 2 Triple Rolls,2 rolls,10.99,10.19,10.19
2026-02-17T11:20:42Z,paper towels,70500803,Kent,WA,98042,QFC,00803,0003040022276,0003040022276,00003040022276,003040022276,Sparkle,Sparkle® Tear-A-Square® Paper Towel Double Rolls,6 rolls,10.99,7.49,7.49
2026-02-17T11:20:42Z,paper towels,70500803,Kent,WA,98042,QFC,00803,0003077219274,0003077219274,00003077219274,003077219274,Bounty,Bounty Paper Towels Select-A-Size White 8 Double Plus Rolls,8 rolls,24.99,,24.99
2026-02-17T11:20:42Z,paper towels,70500803,Kent,WA,98042,QFC,00803,0006366836201,0006366836201,00006366836201,006366836201,Green Forest,Green Forest Size-Your-Own Paper Towels 100% Recycled,1 roll,2.49,,2.49
2026-02-17T11:20:42Z,paper towels,70500803,Kent,WA,98042,QFC,00803,0006366836203,0006366836203,00006366836203,006366836203,Green Forest,Green Forest 100% Recycled Size-Your-Own Paper Towels,3 pk,6.29,,6.29
2026-02-17T11:20:42Z,paper towels,70500803,Kent,WA,98042,QFC,00803,0086001113901,0086001113901,00086001113901,086001113901,Reel,Reel® Premium Bamboo Paper Towels,6 ct,19.99,,19.99
2026-02-17T11:20:42Z,paper towels,70500803,Kent,WA,98042,QFC,00803,0086001113900,0086001113900,00086001113900,086001113900,Reel,Reel® Premium Bamboo Paper Towel Triple Rolls,2 rolls,7.99,,7.99
2026-02-17T11:20:42Z,paper towels,70500803,Kent,WA,98042,QFC,00803,0001111011984,0001111011984,00001111011984,001111011984,Kroger,Kroger® Rugged and Reliable Paper Towels Giant Rolls,10 rolls,13.49,,13.49
2026-02-17T11:20:42Z,paper towels,70500803,Kent,WA,98042,QFC,00803,0003600056532,0003600056532,00003600056532,003600056532,Viva,Viva® Signature Cloth™ Paper Towels Double Rolls,6 rolls,15.99,14.99,14.99
2026-02-17T11:20:42Z,paper towels,70500803,Kent,WA,98042,QFC,00803,0003600038587,0003600038587,00003600038587,003600038587,Kleenex,"Kleenex® Disposable Paper Hand Towels, 1 Box, 60 Towels per Box",60 count,4.49,,4.49
2026-02-17T11:20:42Z,paper towels,70500803,Kent,WA,98042,QFC,00803,0004200044576,0004200044576,00004200044576,004200044576,Brawny,Brawny® Tear-A-Square® 3-Ply Paper Towel Triple Rolls,2 rolls,10.99,,10.99
2026-02-17T11:20:42Z,paper towels,70500803,Kent,WA,98042,QFC,00803,0003600056535,0003600056535,00003600056535,003600056535,Viva,Viva Signature Cloth Paper Towels Double Rolls,12 rolls,23.49,,23.49
2026-02-17T11:20:42Z,paper towels,70500803,Kent,WA,98042,QFC,00803,0003600052499,0003600052499,00003600052499,003600052499,Viva,Viva Multi-Surface Cloth Paper Towels Double Rolls,8 rolls,17.99,15.99,15.99
2026-02-17T11:20:42Z,paper towels,70500803,Kent,WA,98042,QFC,00803,0004200044658,0004200044658,00004200044658,004200044658,Brawny,Brawny® Full Sheet 3-Ply Paper Towel Double Rolls,6 rolls,16.99,11.99,11.99
2026-02-17T11:20:42Z,paper towels,70500803,Kent,WA,98042,QFC,00803,0004200044579,0004200044579,00004200044579,004200044579,Brawny,Brawny® Tear-A-Square® 3-Ply Paper Towel Double Rolls,4 rolls,12.99,7.49,7.49
2026-02-17T11:20:42Z,paper towels,70500803,Kent,WA,98042,QFC,00803,0001111016086,0001111016086,00001111016086,001111016086,Kroger,Kroger® Rugged + Reliable Paper Towels Double Rolls,4 rolls,7.99,,7.99
2026-02-17T11:20:42Z,paper towels,70500803,Kent,WA,98042,QFC,00803,0001111014184,0001111014184,00001111014184,001111014184,Kroger,Kroger® Ultra Paper Towels With Absorbing Power Triple Rolls,2 rolls,6.29,,6.29
2026-02-17T11:20:42Z,paper towels,70500803,Kent,WA,98042,QFC,00803,0001111016087,0001111016087,00001111016087,001111016087,Kroger,Kroger® Rugged + Reliable Paper Towels Giant Rolls,10 rolls,13.99,,13.99
2026-02-17T11:20:42Z,paper towels,70500803,Kent,WA,98042,QFC,00803,0001111016088,0001111016088,00001111016088,001111016088,Kroger,Kroger® Rugged + Reliable Paper Towels Double Plus Rolls BIG DEAL!,12 ct,21.99,,21.99
2026-02-17T11:20:42Z,paper towels,70500803,Kent,WA,98042,QFC,00803,0001111014185,0001111014185,00001111014185,001111014185,Kroger,Kroger® Ultra Paper Towels With Absorbing Power Double Rolls,4 rolls,10.99,,10.99
2026-02-17T11:20:42Z,paper towels,70500803,Kent,WA,98042,QFC,00803,0001111014186,0001111014186,00001111014186,001111014186,Kroger,Kroger® Ultra Paper Towels With Absorbing Power Double Rolls,6 rolls,11.29,,11.29
2026-02-17T11:20:42Z,paper towels,70500803,Kent,WA,98042,QFC,00803,0003077216014,0003077216014,00003077216014,003077216014,Bounty,"Bounty Paper Towels Select-A-Size White, 8 Triple Rolls, 123 Sheets Per Roll",8 rolls,27.99,26.99,26.99
2026-02-17T11:20:42Z,paper towels,70500803,Kent,WA,98042,QFC,00803,0001111014187,0001111014187,00001111014187,001111014187,Kroger,Kroger® Ultra Absorbing Power Paper Towels Triple Rolls,8 ct,19.29,,19.29
2026-02-17T11:20:42Z,paper towels,70500803,Kent,WA,98042,QFC,00803,0003077215664,0003077215664,00003077215664,003077215664,Bounty,Bounty Paper Towels Select-A-Size White 12 Double Plus Rolls,12 rolls,34.99,29.99,29.99
2026-02-17T11:20:42Z,paper towels,70500803,Kent,WA,98042,QFC,00803,0003040022241,0003040022241,00003040022241,003040022241,Sparkle,Sparkle® Pick-A-Size® Paper Towel Double Rolls,8 rolls,14.99,,14.99
2026-02-17T11:20:42Z,paper towels,70500803,Kent,WA,98042,QFC,00803,0003077216276,0003077216276,00003077216276,003077216276,Bounty,Bounty Paper Towels Select-A-Size Print 6 Double Rolls,6 rolls,14.99,,14.99
2026-02-17T11:20:42Z,paper towels,70500803,Kent,WA,98042,QFC,00803,0001111010621,0001111010621,00001111010621,001111010621,Kroger,Kroger® Glimmer Select-A-Sheet Paper Towels Double Rolls,2 rolls,2.99,,2.99
2026-02-17T11:20:42Z,paper towels,70500803,Kent,WA,98042,QFC,00803,0004200044588,0004200044588,00004200044588,004200044588,Brawny,Brawny® Tear-A-Square® 3-Ply Paper Towel Double Rolls,6 rolls,16.99,11.99,11.99
2026-02-17T11:20:42Z,paper towels,70500803,Kent,WA,98042,QFC,00803,0003077215703,0003077215703,00003077215703,003077215703,Bounty,Bounty Paper Towels Select-A-Size White 6 Double Rolls,6 rolls,14.99,,14.99
2026-02-17T11:20:42Z,paper towels,70500803,Kent,WA,98042,QFC,00803,0004200044600,0004200044600,00004200044600,004200044600,Brawny,Brawny® Tear-A-Square® 3-Ply Paper Towel Double Rolls,8 rolls,20.99,17.99,17.99
2026-02-17T11:20:42Z,paper towels,70500828,Kirkland,WA,98034,QFC,00828,0003600049413,0003600049413,00003600049413,003600049413,Viva,Viva® Multi-Surface Cloth™ Paper Towels Single Rolls,6 rolls,12.49,9.49,9.49
2026-02-17T11:20:42Z,paper towels,70500828,Kirkland,WA,98034,QFC,00828,0003077215712,0003077215712,00003077215712,003077215712,Bounty,Bounty Paper Towels Select-A-Size White 4 Double Rolls,4 rolls,11.99,,11.99
2026-02-17T11:20:42Z,paper towels,70500828,Kirkland,WA,98034,QFC,00828,0003040022272,0003040022272,00003040022272,003040022272,Sparkle,Sparkle® Tear-A-Square® Customizable Sheet Size Paper Towels Double Rolls,2 rolls,4.99,,4.99
2026-02-17T11:20:42Z,paper towels,70500828,Kirkland,WA,98034,QFC,00828,0003077216021,0003077216021,00003077216021,003077216021,Bounty,Bounty Paper Towels Full Sheet White 6 Double Rolls,6 rolls,14.99,,14.99
2026-02-17T11:20:42Z,paper towels,70500828,Kirkland,WA,98034,QFC,00828,0003077216042,0003077216042,00003077216042,003077216042,Bounty,Bounty Paper Towels Select-A-Size White 2 Triple Rolls,2 rolls,10.99,10.19,10.19
2026-02-17T11:20:42Z,paper towels,70500828,Kirkland,WA,98034,QFC,00828,0003077216020,0003077216020,00003077216020,003077216020,Bounty,Bounty Paper Towels Select-A-Size White 6 Triple Rolls,6 rolls,23.99,19.99,19.99
2026-02-17T11:20:42Z,paper towels,70500828,Kirkland,WA,98034,QFC,00828,0003040022276,0003040022276,00003040022276,003040022276,Sparkle,Sparkle® Tear-A-Square® Paper Towel Double Rolls,6 rolls,10.99,7.49,7.49
2026-02-17T11:20:42Z,paper towels,70500828,Kirkland,WA,98034,QFC,00828,0006366836201,0006366836201,00006366836201,006366836201,Green Forest,Green Forest Size-Your-Own Paper Towels 100% Recycled,1 roll,2.49,,2.49
2026-02-17T11:20:42Z,paper towels,70500828,Kirkland,WA,98034,QFC,00828,0003077219274,0003077219274,00003077219274,003077219274,Bounty,Bounty Paper Towels Select-A-Size White 8 Double Plus Rolls,8 rolls,24.99,,24.99
2026-02-17T11:20:42Z,paper towels,70500828,Kirkland,WA,98034,QFC,00828,0006366836203,0006366836203,00006366836203,006366836203,Green Forest,Green Forest 100% Recycled Size-Your-Own Paper Towels,3 pk,6.29,,6.29
2026-02-17T11:20:42Z,paper towels,70500828,Kirkland,WA,98034,QFC,00828,0086001113901,0086001113901,00086001113901,086001113901,Reel,Reel® Premium Bamboo Paper Towels,6 ct,19.99,,19.99
2026-02-17T11:20:42Z,paper towels,70500828,Kirkland,WA,98034,QFC,00828,0086001113900,0086001113900,00086001113900,086001113900,Reel,Reel® Premium Bamboo Paper Towel Triple Rolls,2 rolls,7.99,,7.99
2026-02-17T11:20:42Z,paper towels,70500828,Kirkland,WA,98034,QFC,00828,0001111011984,0001111011984,00001111011984,001111011984,Kroger,Kroger® Rugged and Reliable Paper Towels Giant Rolls,10 rolls,13.49,,13.49
2026-02-17T11:20:42Z,paper towels,70500828,Kirkland,WA,98034,QFC,00828,0003600056532,0003600056532,00003600056532,003600056532,Viva,Viva® Signature Cloth™ Paper Towels Double Rolls,6 rolls,15.99,14.99,14.99
2026-02-17T11:20:42Z,paper towels,70500828,Kirkland,WA,98034,QFC,00828,0003600038587,0003600038587,00003600038587,003600038587,Kleenex,"Kleenex® Disposable Paper Hand Towels, 1 Box, 60 Towels per Box",60 count,4.49,,4.49
2026-02-17T11:20:42Z,paper towels,70500828,Kirkland,WA,98034,QFC,00828,0004200044576,0004200044576,00004200044576,004200044576,Brawny,Brawny® Tear-A-Square® 3-Ply Paper Towel Triple Rolls,2 rolls,10.99,,10.99
2026-02-17T11:20:42Z,paper towels,70500828,Kirkland,WA,98034,QFC,00828,0003600052499,0003600052499,00003600052499,003600052499,Viva,Viva Multi-Surface Cloth Paper Towels Double Rolls,8 rolls,17.99,15.99,15.99
2026-02-17T11:20:42Z,paper towels,70500828,Kirkland,WA,98034,QFC,00828,0004200044658,0004200044658,00004200044658,004200044658,Brawny,Brawny® Full Sheet 3-Ply Paper Towel Double Rolls,6 rolls,16.99,11.99,11.99
2026-02-17T11:20:42Z,paper towels,70500828,Kirkland,WA,98034,QFC,00828,0004200044579,0004200044579,00004200044579,004200044579,Brawny,Brawny® Tear-A-Square® 3-Ply Paper Towel Double Rolls,4 rolls,12.99,7.49,7.49
2026-02-17T11:20:42Z,paper towels,70500828,Kirkland,WA,98034,QFC,00828,0001111016086,0001111016086,00001111016086,001111016086,Kroger,Kroger® Rugged + Reliable Paper Towels Double Rolls,4 rolls,7.99,,7.99
2026-02-17T11:20:42Z,paper towels,70500828,Kirkland,WA,98034,QFC,00828,0001111016087,0001111016087,00001111016087,001111016087,Kroger,Kroger® Rugged + Reliable Paper Towels Giant Rolls,10 rolls,13.99,,13.99
2026-02-17T11:20:42Z,paper towels,70500828,Kirkland,WA,98034,QFC,00828,0001111014184,0001111014184,00001111014184,001111014184,Kroger,Kroger® Ultra Paper Towels With Absorbing Power Triple Rolls,2 rolls,6.29,,6.29
2026-02-17T11:20:42Z,paper towels,70500828,Kirkland,WA,98034,QFC,00828,0001111014185,0001111014185,00001111014185,001111014185,Kroger,Kroger® Ultra Paper Towels With Absorbing Power Double Rolls,4 rolls,10.99,,10.99
2026-02-17T11:20:42Z,paper towels,70500828,Kirkland,WA,98034,QFC,00828,0001111014186,0001111014186,00001111014186,001111014186,Kroger,Kroger® Ultra Paper Towels With Absorbing Power Double Rolls,6 rolls,11.29,,11.29
2026-02-17T11:20:42Z,paper towels,70500828,Kirkland,WA,98034,QFC,00828,0003077216014,0003077216014,00003077216014,003077216014,Bounty,"Bounty Paper Towels Select-A-Size White, 8 Triple Rolls, 123 Sheets Per Roll",8 rolls,27.99,26.99,26.99
2026-02-17T11:20:42Z,paper towels,70500828,Kirkland,WA,98034,QFC,00828,0001111014187,0001111014187,00001111014187,001111014187,Kroger,Kroger® Ultra Absorbing Power Paper Towels Triple Rolls,8 ct,19.29,,19.29
2026-02-17T11:20:42Z,paper towels,70500828,Kirkland,WA,98034,QFC,00828,0003077215664,0003077215664,00003077215664,003077215664,Bounty,Bounty Paper Towels Select-A-Size White 12 Double Plus Rolls,12 rolls,34.99,29.99,29.99
2026-02-17T11:20:42Z,paper towels,70500828,Kirkland,WA,98034,QFC,00828,0003040022241,0003040022241,00003040022241,003040022241,Sparkle,Sparkle® Pick-A-Size® Paper Towel Double Rolls,8 rolls,14.99,,14.99
2026-02-17T11:20:42Z,paper towels,70500828,Kirkland,WA,98034,QFC,00828,0003077216276,0003077216276,00003077216276,003077216276,Bounty,Bounty Paper Towels Select-A-Size Print 6 Double Rolls,6 rolls,14.99,,14.99
2026-02-17T11:20:42Z,paper towels,70500828,Kirkland,WA,98034,QFC,00828,0001111010621,0001111010621,00001111010621,001111010621,Kroger,Kroger® Glimmer Select-A-Sheet Paper Towels Double Rolls,2 rolls,2.99,,2.99
2026-02-17T11:20:42Z,paper towels,70500828,Kirkland,WA,98034,QFC,00828,0001111013577,0001111013577,00001111013577,001111013577,Kroger,Kroger® Rugged + Reliable Paper Towels Double Rolls,4 rolls,7.49,,7.49
2026-02-17T11:20:42Z,paper towels,70500828,Kirkland,WA,98034,QFC,00828,0004200044588,0004200044588,00004200044588,004200044588,Brawny,Brawny® Tear-A-Square® 3-Ply Paper Towel Double Rolls,6 rolls,16.99,11.99,11.99
2026-02-17T11:20:42Z,paper towels,70500828,Kirkland,WA,98034,QFC,00828,0003077215703,0003077215703,00003077215703,003077215703,Bounty,Bounty Paper Towels Select-A-Size White 6 Double Rolls,6 rolls,14.99,,14.99
2026-02-17T11:20:42Z,paper towels,70500828,Kirkland,WA,98034,QFC,00828,0004200044600,0004200044600,00004200044600,004200044600,Brawny,Brawny® Tear-A-Square® 3-Ply Paper Towel Double Rolls,8 rolls,20.99,17.99,17.99
2026-02-17T11:20:42Z,paper towels,70500838,Kirkland,WA,98034,QFC,00838,0003077215712,0003077215712,00003077215712,003077215712,Bounty,Bounty Paper Towels Select-A-Size White 4 Double Rolls,4 rolls,11.99,,11.99
2026-02-17T11:20:42Z,paper towels,70500838,Kirkland,WA,98034,QFC,00838,0003600049413,0003600049413,00003600049413,003600049413,Viva,Viva® Multi-Surface Cloth™ Paper Towels Single Rolls,6 rolls,12.49,9.49,9.49
2026-02-17T11:20:42Z,paper towels,70500838,Kirkland,WA,98034,QFC,00838,0003040022272,0003040022272,00003040022272,003040022272,Sparkle,Sparkle® Tear-A-Square® Customizable Sheet Size Paper Towels Double Rolls,2 rolls,4.99,,4.99
2026-02-17T11:20:42Z,paper towels,70500838,Kirkland,WA,98034,QFC,00838,0003077216021,0003077216021,00003077216021,003077216021,Bounty,Bounty Paper Towels Full Sheet White 6 Double Rolls,6 rolls,14.99,,14.99
2026-02-17T11:20:42Z,paper towels,70500838,Kirkland,WA,98034,QFC,00838,0003077216042,0003077216042,00003077216042,003077216042,Bounty,Bounty Paper Towels Select-A-Size White 2 Triple Rolls,2 rolls,10.99,10.19,10.19
2026-02-17T11:20:42Z,paper towels,70500838,Kirkland,WA,98034,QFC,00838,0003077216020,0003077216020,00003077216020,003077216020,Bounty,Bounty Paper Towels Select-A-Size White 6 Triple Rolls,6 rolls,23.99,19.99,19.99
2026-02-17T11:20:42Z,paper towels,70500838,Kirkland,WA,98034,QFC,00838,0003040022276,0003040022276,00003040022276,003040022276,Sparkle,Sparkle® Tear-A-Square® Paper Towel Double Rolls,6 rolls,10.99,7.49,7.49
2026-02-17T11:20:42Z,paper towels,70500838,Kirkland,WA,98034,QFC,00838,0003077219274,0003077219274,00003077219274,003077219274,Bounty,Bounty Paper Towels Select-A-Size White 8 Double Plus Rolls,8 rolls,24.99,,24.99
2026-02-17T11:20:42Z,paper towels,70500838,Kirkland,WA,98034,QFC,00838,0006366836201,0006366836201,00006366836201,006366836201,Green Forest,Green Forest Size-Your-Own Paper Towels 100% Recycled,1 roll,2.49,,2.49
2026-02-17T11:20:42Z,paper towels,70500838,Kirkland,WA,98034,QFC,00838,0006366836203,0006366836203,00006366836203,006366836203,Green Forest,Green Forest 100% Recycled Size-Your-Own Paper Towels,3 pk,6.29,,6.29
2026-02-17T11:20:42Z,paper towels,70500838,Kirkland,WA,98034,QFC,00838,0086001113901,0086001113901,00086001113901,086001113901,Reel,Reel® Premium Bamboo Paper Towels,6 ct,19.99,,19.99
2026-02-17T11:20:42Z,paper towels,70500838,Kirkland,WA,98034,QFC,00838,0086001113900,0086001113900,00086001113900,086001113900,Reel,Reel® Premium Bamboo Paper Towel Triple Rolls,2 rolls,7.99,,7.99
2026-02-17T11:20:42Z,paper towels,70500838,Kirkland,WA,98034,QFC,00838,0001111011984,0001111011984,00001111011984,001111011984,Kroger,Kroger® Rugged and Reliable Paper Towels Giant Rolls,10 rolls,13.49,,13.49
2026-02-17T11:20:42Z,paper towels,70500838,Kirkland,WA,98034,QFC,00838,0003600056532,0003600056532,00003600056532,003600056532,Viva,Viva® Signature Cloth™ Paper Towels Double Rolls,6 rolls,15.99,14.99,14.99
2026-02-17T11:20:42Z,paper towels,70500838,Kirkland,WA,98034,QFC,00838,0003600038587,0003600038587,00003600038587,003600038587,Kleenex,"Kleenex® Disposable Paper Hand Towels, 1 Box, 60 Towels per Box",60 count,4.49,,4.49
2026-02-17T11:20:42Z,paper towels,70500838,Kirkland,WA,98034,QFC,00838,0004200044576,0004200044576,00004200044576,004200044576,Brawny,Brawny® Tear-A-Square® 3-Ply Paper Towel Triple Rolls,2 rolls,10.99,,10.99
2026-02-17T11:20:42Z,paper towels,70500838,Kirkland,WA,98034,QFC,00838,0003600052499,0003600052499,00003600052499,003600052499,Viva,Viva Multi-Surface Cloth Paper Towels Double Rolls,8 rolls,17.99,15.99,15.99
2026-02-17T11:20:42Z,paper towels,70500838,Kirkland,WA,98034,QFC,00838,0004200044658,0004200044658,00004200044658,004200044658,Brawny,Brawny® Full Sheet 3-Ply Paper Towel Double Rolls,6 rolls,16.99,11.99,11.99
2026-02-17T11:20:42Z,paper towels,70500838,Kirkland,WA,98034,QFC,00838,0004200044579,0004200044579,00004200044579,004200044579,Brawny,Brawny® Tear-A-Square® 3-Ply Paper Towel Double Rolls,4 rolls,12.99,7.49,7.49
2026-02-17T11:20:42Z,paper towels,70500838,Kirkland,WA,98034,QFC,00838,0001111016086,0001111016086,00001111016086,001111016086,Kroger,Kroger® Rugged + Reliable Paper Towels Double Rolls,4 rolls,7.99,,7.99
2026-02-17T11:20:42Z,paper towels,70500838,Kirkland,WA,98034,QFC,00838,0001111016087,0001111016087,00001111016087,001111016087,Kroger,Kroger® Rugged + Reliable Paper Towels Giant Rolls,10 rolls,13.99,,13.99
2026-02-17T11:20:42Z,paper towels,70500838,Kirkland,WA,98034,QFC,00838,0001111014184,0001111014184,00001111014184,001111014184,Kroger,Kroger® Ultra Paper Towels With Absorbing Power Triple Rolls,2 rolls,6.29,,6.29
2026-02-17T11:20:42Z,paper towels,70500838,Kirkland,WA,98034,QFC,00838,0001111014185,0001111014185,00001111014185,001111014185,Kroger,Kroger® Ultra Paper Towels With Absorbing Power Double Rolls,4 rolls,10.99,,10.99
2026-02-17T11:20:42Z,paper towels,70500838,Kirkland,WA,98034,QFC,00838,0003077216014,0003077216014,00003077216014,003077216014,Bounty,"Bounty Paper Towels Select-A-Size White, 8 Triple Rolls, 123 Sheets Per Roll",8 rolls,27.99,26.99,26.99
2026-02-17T11:20:42Z,paper towels,70500838,Kirkland,WA,98034,QFC,00838,0001111014186,0001111014186,00001111014186,001111014186,Kroger,Kroger® Ultra Paper Towels With Absorbing Power Double Rolls,6 rolls,11.29,,11.29
2026-02-17T11:20:42Z,paper towels,70500838,Kirkland,WA,98034,QFC,00838,0001111014187,0001111014187,00001111014187,001111014187,Kroger,Kroger® Ultra Absorbing Power Paper Towels Triple Rolls,8 ct,19.29,,19.29
2026-02-17T11:20:42Z,paper towels,70500838,Kirkland,WA,98034,QFC,00838,0003077215664,0003077215664,00003077215664,003077215664,Bounty,Bounty Paper Towels Select-A-Size White 12 Double Plus Rolls,12 rolls,34.99,29.99,29.99
2026-02-17T11:20:42Z,paper towels,70500838,Kirkland,WA,98034,QFC,00838,0003040022241,0003040022241,00003040022241,003040022241,Sparkle,Sparkle® Pick-A-Size® Paper Towel Double Rolls,8 rolls,14.99,,14.99
2026-02-17T11:20:42Z,paper towels,70500838,Kirkland,WA,98034,QFC,00838,0003077216276,0003077216276,00003077216276,003077216276,Bounty,Bounty Paper Towels Select-A-Size Print 6 Double Rolls,6 rolls,14.99,,14.99
2026-02-17T11:20:42Z,paper towels,70500838,Kirkland,WA,98034,QFC,00838,0001111010621,0001111010621,00001111010621,001111010621,Kroger,Kroger® Glimmer Select-A-Sheet Paper Towels Double Rolls,2 rolls,2.99,,2.99
2026-02-17T11:20:42Z,paper towels,70500838,Kirkland,WA,98034,QFC,00838,0001111013577,0001111013577,00001111013577,001111013577,Kroger,Kroger® Rugged + Reliable Paper Towels Double Rolls,4 rolls,,,
2026-02-17T11:20:42Z,paper towels,70500838,Kirkland,WA,98034,QFC,00838,0004200044588,0004200044588,00004200044588,004200044588,Brawny,Brawny® Tear-A-Square® 3-Ply Paper Towel Double Rolls,6 rolls,16.99,11.99,11.99
2026-02-17T11:20:42Z,paper towels,70500838,Kirkland,WA,98034,QFC,00838,0003077215703,0003077215703,00003077215703,003077215703,Bounty,Bounty Paper Towels Select-A-Size White 6 Double Rolls,6 rolls,14.99,,14.99
2026-02-17T11:20:42Z,paper towels,70500838,Kirkland,WA,98034,QFC,00838,0004200044600,0004200044600,00004200044600,004200044600,Brawny,Brawny® Tear-A-Square® 3-Ply Paper Towel Double Rolls,8 rolls,20.99,17.99,17.99
2026-02-17T11:20:42Z,paper towels,70500894,Kirkland,WA,98033,QFC,00894,0003600049413,0003600049413,00003600049413,003600049413,Viva,Viva® Multi-Surface Cloth™ Paper Towels Single Rolls,6 rolls,12.49,9.49,9.49
2026-02-17T11:20:42Z,paper towels,70500894,Kirkland,WA,98033,QFC,00894,0003077215712,0003077215712,00003077215712,003077215712,Bounty,Bounty Paper Towels Select-A-Size White 4 Double Rolls,4 rolls,11.99,,11.99
2026-02-17T11:20:42Z,paper towels,70500894,Kirkland,WA,98033,QFC,00894,0003040022272,0003040022272,00003040022272,003040022272,Sparkle,Sparkle® Tear-A-Square® Customizable Sheet Size Paper Towels Double Rolls,2 rolls,4.99,,4.99
2026-02-17T11:20:42Z,paper towels,70500894,Kirkland,WA,98033,QFC,00894,0003077216021,0003077216021,00003077216021,003077216021,Bounty,Bounty Paper Towels Full Sheet White 6 Double Rolls,6 rolls,14.99,,14.99
2026-02-17T11:20:42Z,paper towels,70500894,Kirkland,WA,98033,QFC,00894,0003077216020,0003077216020,00003077216020,003077216020,Bounty,Bounty Paper Towels Select-A-Size White 6 Triple Rolls,6 rolls,23.99,19.99,19.99
2026-02-17T11:20:42Z,paper towels,70500894,Kirkland,WA,98033,QFC,00894,0003077216042,0003077216042,00003077216042,003077216042,Bounty,Bounty Paper Towels Select-A-Size White 2 Triple Rolls,2 rolls,10.99,10.19,10.19
2026-02-17T11:20:42Z,paper towels,70500894,Kirkland,WA,98033,QFC,00894,0003040022276,0003040022276,00003040022276,003040022276,Sparkle,Sparkle® Tear-A-Square® Paper Towel Double Rolls,6 rolls,10.99,7.49,7.49
2026-02-17T11:20:42Z,paper towels,70500894,Kirkland,WA,98033,QFC,00894,0006366836201,0006366836201,00006366836201,006366836201,Green Forest,Green Forest Size-Your-Own Paper Towels 100% Recycled,1 roll,2.49,,2.49
2026-02-17T11:20:42Z,paper towels,70500894,Kirkland,WA,98033,QFC,00894,0003077219274,0003077219274,00003077219274,003077219274,Bounty,Bounty Paper Towels Select-A-Size White 8 Double Plus Rolls,8 rolls,24.99,,24.99
2026-02-17T11:20:42Z,paper towels,70500894,Kirkland,WA,98033,QFC,00894,0006366836203,0006366836203,00006366836203,006366836203,Green Forest,Green Forest 100% Recycled Size-Your-Own Paper Towels,3 pk,6.29,,6.29
2026-02-17T11:20:42Z,paper towels,70500894,Kirkland,WA,98033,QFC,00894,0086001113901,0086001113901,00086001113901,086001113901,Reel,Reel® Premium Bamboo Paper Towels,6 ct,19.99,,19.99
2026-02-17T11:20:42Z,paper towels,70500894,Kirkland,WA,98033,QFC,00894,0086001113900,0086001113900,00086001113900,086001113900,Reel,Reel® Premium Bamboo Paper Towel Triple Rolls,2 rolls,7.99,,7.99
2026-02-17T11:20:42Z,paper towels,70500894,Kirkland,WA,98033,QFC,00894,0001111011984,0001111011984,00001111011984,001111011984,Kroger,Kroger® Rugged and Reliable Paper Towels Giant Rolls,10 rolls,13.49,,13.49
2026-02-17T11:20:42Z,paper towels,70500894,Kirkland,WA,98033,QFC,00894,0003600038587,0003600038587,00003600038587,003600038587,Kleenex,"Kleenex® Disposable Paper Hand Towels, 1 Box, 60 Towels per Box",60 count,4.49,,4.49
2026-02-17T11:20:42Z,paper towels,70500894,Kirkland,WA,98033,QFC,00894,0003600056532,0003600056532,00003600056532,003600056532,Viva,Viva® Signature Cloth™ Paper Towels Double Rolls,6 rolls,15.99,14.99,14.99
2026-02-17T11:20:42Z,paper towels,70500894,Kirkland,WA,98033,QFC,00894,0004200044576,0004200044576,00004200044576,004200044576,Brawny,Brawny® Tear-A-Square® 3-Ply Paper Towel Triple Rolls,2 rolls,10.99,,10.99
2026-02-17T11:20:42Z,paper towels,70500894,Kirkland,WA,98033,QFC,00894,0003600052499,0003600052499,00003600052499,003600052499,Viva,Viva Multi-Surface Cloth Paper Towels Double Rolls,8 rolls,17.99,15.99,15.99
2026-02-17T11:20:42Z,paper towels,70500894,Kirkland,WA,98033,QFC,00894,0004200044658,0004200044658,00004200044658,004200044658,Brawny,Brawny® Full Sheet 3-Ply Paper Towel Double Rolls,6 rolls,16.99,11.99,11.99
2026-02-17T11:20:42Z,paper towels,70500894,Kirkland,WA,98033,QFC,00894,0004200044579,0004200044579,00004200044579,004200044579,Brawny,Brawny® Tear-A-Square® 3-Ply Paper Towel Double Rolls,4 rolls,12.99,7.49,7.49
2026-02-17T11:20:42Z,paper towels,70500894,Kirkland,WA,98033,QFC,00894,0001111016086,0001111016086,00001111016086,001111016086,Kroger,Kroger® Rugged + Reliable Paper Towels Double Rolls,4 rolls,7.99,,7.99
2026-02-17T11:20:42Z,paper towels,70500894,Kirkland,WA,98033,QFC,00894,0001111014184,0001111014184,00001111014184,001111014184,Kroger,Kroger® Ultra Paper Towels With Absorbing Power Triple Rolls,2 rolls,6.29,,6.29
2026-02-17T11:20:42Z,paper towels,70500894,Kirkland,WA,98033,QFC,00894,0001111016087,0001111016087,00001111016087,001111016087,Kroger,Kroger® Rugged + Reliable Paper Towels Giant Rolls,10 rolls,13.99,,13.99
2026-02-17T11:20:42Z,paper towels,70500894,Kirkland,WA,98033,QFC,00894,0001111014185,0001111014185,00001111014185,001111014185,Kroger,Kroger® Ultra Paper Towels With Absorbing Power Double Rolls,4 rolls,10.99,,10.99
2026-02-17T11:20:42Z,paper towels,70500894,Kirkland,WA,98033,QFC,00894,0001111014186,0001111014186,00001111014186,001111014186,Kroger,Kroger® Ultra Paper Towels With Absorbing Power Double Rolls,6 rolls,11.29,,11.29
2026-02-17T11:20:42Z,paper towels,70500894,Kirkland,WA,98033,QFC,00894,0003077216014,0003077216014,00003077216014,003077216014,Bounty,"Bounty Paper Towels Select-A-Size White, 8 Triple Rolls, 123 Sheets Per Roll",8 rolls,27.99,26.99,26.99
2026-02-17T11:20:42Z,paper towels,70500894,Kirkland,WA,98033,QFC,00894,0001111014187,0001111014187,00001111014187,001111014187,Kroger,Kroger® Ultra Absorbing Power Paper Towels Triple Rolls,8 ct,19.29,,19.29
2026-02-17T11:20:42Z,paper towels,70500894,Kirkland,WA,98033,QFC,00894,0003077215664,0003077215664,00003077215664,003077215664,Bounty,Bounty Paper Towels Select-A-Size White 12 Double Plus Rolls,12 rolls,34.99,29.99,29.99
2026-02-17T11:20:42Z,paper towels,70500894,Kirkland,WA,98033,QFC,00894,0003040022241,0003040022241,00003040022241,003040022241,Sparkle,Sparkle® Pick-A-Size® Paper Towel Double Rolls,8 rolls,14.99,,14.99
2026-02-17T11:20:42Z,paper towels,70500894,Kirkland,WA,98033,QFC,00894,0003077216276,0003077216276,00003077216276,003077216276,Bounty,Bounty Paper Towels Select-A-Size Print 6 Double Rolls,6 rolls,14.99,,14.99
2026-02-17T11:20:42Z,paper towels,70500894,Kirkland,WA,98033,QFC,00894,0001111010621,0001111010621,00001111010621,001111010621,Kroger,Kroger® Glimmer Select-A-Sheet Paper Towels Double Rolls,2 rolls,2.99,,2.99
2026-02-17T11:20:42Z,paper towels,70500894,Kirkland,WA,98033,QFC,00894,0001111013577,0001111013577,00001111013577,001111013577,Kroger,Kroger® Rugged + Reliable Paper Towels Double Rolls,4 rolls,7.49,,7.49
2026-02-17T11:20:42Z,paper towels,70500894,Kirkland,WA,98033,QFC,00894,0004200044588,0004200044588,00004200044588,004200044588,Brawny,Brawny® Tear-A-Square® 3-Ply Paper Towel Double Rolls,6 rolls,16.99,11.99,11.99
2026-02-17T11:20:42Z,paper towels,70500894,Kirkland,WA,98033,QFC,00894,0003077215703,0003077215703,00003077215703,003077215703,Bounty,Bounty Paper Towels Select-A-Size White 6 Double Rolls,6 rolls,14.99,,14.99
2026-02-17T11:20:42Z,paper towels,70500894,Kirkland,WA,98033,QFC,00894,0004200044600,0004200044600,00004200044600,004200044600,Brawny,Brawny® Tear-A-Square® 3-Ply Paper Towel Double Rolls,8 rolls,20.99,17.99,17.99
2026-02-17T11:20:42Z,paper towels,70500126,Lacey,WA,98513,QFC,00126,0003600049413,0003600049413,00003600049413,003600049413,Viva,Viva® Multi-Surface Cloth™ Paper Towels Single Rolls,6 rolls,12.49,9.49,9.49
2026-02-17T11:20:42Z,paper towels,70500126,Lacey,WA,98513,QFC,00126,0003077215712,0003077215712,00003077215712,003077215712,Bounty,Bounty Paper Towels Select-A-Size White 4 Double Rolls,4 rolls,11.99,,11.99
2026-02-17T11:20:42Z,paper towels,70500126,Lacey,WA,98513,QFC,00126,0003040022272,0003040022272,00003040022272,003040022272,Sparkle,Sparkle® Tear-A-Square® Customizable Sheet Size Paper Towels Double Rolls,2 rolls,4.99,,4.99
2026-02-17T11:20:42Z,paper towels,70500126,Lacey,WA,98513,QFC,00126,0003077216021,0003077216021,00003077216021,003077216021,Bounty,Bounty Paper Towels Full Sheet White 6 Double Rolls,6 rolls,14.99,,14.99
2026-02-17T11:20:42Z,paper towels,70500126,Lacey,WA,98513,QFC,00126,0003077216020,0003077216020,00003077216020,003077216020,Bounty,Bounty Paper Towels Select-A-Size White 6 Triple Rolls,6 rolls,23.99,19.99,19.99
2026-02-17T11:20:42Z,paper towels,70500126,Lacey,WA,98513,QFC,00126,0003077216042,0003077216042,00003077216042,003077216042,Bounty,Bounty Paper Towels Select-A-Size White 2 Triple Rolls,2 rolls,10.99,10.19,10.19
2026-02-17T11:20:42Z,paper towels,70500126,Lacey,WA,98513,QFC,00126,0003040022276,0003040022276,00003040022276,003040022276,Sparkle,Sparkle® Tear-A-Square® Paper Towel Double Rolls,6 rolls,10.99,7.49,7.49
2026-02-17T11:20:42Z,paper towels,70500126,Lacey,WA,98513,QFC,00126,0003077219274,0003077219274,00003077219274,003077219274,Bounty,Bounty Paper Towels Select-A-Size White 8 Double Plus Rolls,8 rolls,24.99,,24.99
2026-02-17T11:20:42Z,paper towels,70500126,Lacey,WA,98513,QFC,00126,0006366836201,0006366836201,00006366836201,006366836201,Green Forest,Green Forest Size-Your-Own Paper Towels 100% Recycled,1 roll,2.49,,2.49
2026-02-17T11:20:42Z,paper towels,70500126,Lacey,WA,98513,QFC,00126,0006366836203,0006366836203,00006366836203,006366836203,Green Forest,Green Forest 100% Recycled Size-Your-Own Paper Towels,3 pk,6.29,,6.29
2026-02-17T11:20:42Z,paper towels,70500126,Lacey,WA,98513,QFC,00126,0086001113901,0086001113901,00086001113901,086001113901,Reel,Reel® Premium Bamboo Paper Towels,6 ct,19.99,,19.99
2026-02-17T11:20:42Z,paper towels,70500126,Lacey,WA,98513,QFC,00126,0086001113900,0086001113900,00086001113900,086001113900,Reel,Reel® Premium Bamboo Paper Towel Triple Rolls,2 rolls,7.99,,7.99
2026-02-17T11:20:42Z,paper towels,70500126,Lacey,WA,98513,QFC,00126,0001111011984,0001111011984,00001111011984,001111011984,Kroger,Kroger® Rugged and Reliable Paper Towels Giant Rolls,10 rolls,13.49,,13.49
2026-02-17T11:20:42Z,paper towels,70500126,Lacey,WA,98513,QFC,00126,0003600056532,0003600056532,00003600056532,003600056532,Viva,Viva® Signature Cloth™ Paper Towels Double Rolls,6 rolls,15.99,14.99,14.99
2026-02-17T11:20:42Z,paper towels,70500126,Lacey,WA,98513,QFC,00126,0003600038587,0003600038587,00003600038587,003600038587,Kleenex,"Kleenex® Disposable Paper Hand Towels, 1 Box, 60 Towels per Box",60 count,4.49,,4.49
2026-02-17T11:20:42Z,paper towels,70500126,Lacey,WA,98513,QFC,00126,0004200044576,0004200044576,00004200044576,004200044576,Brawny,Brawny® Tear-A-Square® 3-Ply Paper Towel Triple Rolls,2 rolls,10.99,,10.99
2026-02-17T11:20:42Z,paper towels,70500126,Lacey,WA,98513,QFC,00126,0003600052499,0003600052499,00003600052499,003600052499,Viva,Viva Multi-Surface Cloth Paper Towels Double Rolls,8 rolls,17.99,15.99,15.99
2026-02-17T11:20:42Z,paper towels,70500126,Lacey,WA,98513,QFC,00126,0004200044658,0004200044658,00004200044658,004200044658,Brawny,Brawny® Full Sheet 3-Ply Paper Towel Double Rolls,6 rolls,16.99,11.99,11.99
2026-02-17T11:20:42Z,paper towels,70500126,Lacey,WA,98513,QFC,00126,0004200044579,0004200044579,00004200044579,004200044579,Brawny,Brawny® Tear-A-Square® 3-Ply Paper Towel Double Rolls,4 rolls,12.99,7.49,7.49
2026-02-17T11:20:42Z,paper towels,70500126,Lacey,WA,98513,QFC,00126,0001111016086,0001111016086,00001111016086,001111016086,Kroger,Kroger® Rugged + Reliable Paper Towels Double Rolls,4 rolls,7.99,,7.99
2026-02-17T11:20:42Z,paper towels,70500126,Lacey,WA,98513,QFC,00126,0001111014184,0001111014184,00001111014184,001111014184,Kroger,Kroger® Ultra Paper Towels With Absorbing Power Triple Rolls,2 rolls,6.29,,6.29
2026-02-17T11:20:42Z,paper towels,70500126,Lacey,WA,98513,QFC,00126,0001111016087,0001111016087,00001111016087,001111016087,Kroger,Kroger® Rugged + Reliable Paper Towels Giant Rolls,10 rolls,13.99,,13.99
2026-02-17T11:20:42Z,paper towels,70500126,Lacey,WA,98513,QFC,00126,0001111014185,0001111014185,00001111014185,001111014185,Kroger,Kroger® Ultra Paper Towels With Absorbing Power Double Rolls,4 rolls,10.99,,10.99
2026-02-17T11:20:42Z,paper towels,70500126,Lacey,WA,98513,QFC,00126,0001111014186,0001111014186,00001111014186,001111014186,Kroger,Kroger® Ultra Paper Towels With Absorbing Power Double Rolls,6 rolls,11.29,,11.29
2026-02-17T11:20:42Z,paper towels,70500126,Lacey,WA,98513,QFC,00126,0003077216014,0003077216014,00003077216014,003077216014,Bounty,"Bounty Paper Towels Select-A-Size White, 8 Triple Rolls, 123 Sheets Per Roll",8 rolls,27.99,26.99,26.99
2026-02-17T11:20:42Z,paper towels,70500126,Lacey,WA,98513,QFC,00126,0001111014187,0001111014187,00001111014187,001111014187,Kroger,Kroger® Ultra Absorbing Power Paper Towels Triple Rolls,8 ct,19.29,,19.29
2026-02-17T11:20:42Z,paper towels,70500126,Lacey,WA,98513,QFC,00126,0003077215664,0003077215664,00003077215664,003077215664,Bounty,Bounty Paper Towels Select-A-Size White 12 Double Plus Rolls,12 rolls,34.99,29.99,29.99
2026-02-17T11:20:42Z,paper towels,70500126,Lacey,WA,98513,QFC,00126,0003040022241,0003040022241,00003040022241,003040022241,Sparkle,Sparkle® Pick-A-Size® Paper Towel Double Rolls,8 rolls,14.99,,14.99
2026-02-17T11:20:42Z,paper towels,70500126,Lacey,WA,98513,QFC,00126,0003077216276,0003077216276,00003077216276,003077216276,Bounty,Bounty Paper Towels Select-A-Size Print 6 Double Rolls,6 rolls,14.99,,14.99
2026-02-17T11:20:42Z,paper towels,70500126,Lacey,WA,98513,QFC,00126,0001111010621,0001111010621,00001111010621,001111010621,Kroger,Kroger® Glimmer Select-A-Sheet Paper Towels Double Rolls,2 rolls,2.99,,2.99
2026-02-17T11:20:42Z,paper towels,70500126,Lacey,WA,98513,QFC,00126,0001111013577,0001111013577,00001111013577,001111013577,Kroger,Kroger® Rugged + Reliable Paper Towels Double Rolls,4 rolls,7.49,,7.49
2026-02-17T11:20:42Z,paper towels,70500126,Lacey,WA,98513,QFC,00126,0004200044588,0004200044588,00004200044588,004200044588,Brawny,Brawny® Tear-A-Square® 3-Ply Paper Towel Double Rolls,6 rolls,16.99,11.99,11.99
2026-02-17T11:20:42Z,paper towels,70500126,Lacey,WA,98513,QFC,00126,0003077215703,0003077215703,00003077215703,003077215703,Bounty,Bounty Paper Towels Select-A-Size White 6 Double Rolls,6 rolls,14.99,,14.99
2026-02-17T11:20:42Z,paper towels,70500126,Lacey,WA,98513,QFC,00126,0004200044600,0004200044600,00004200044600,004200044600,Brawny,Brawny® Tear-A-Square® 3-Ply Paper Towel Double Rolls,8 rolls,20.99,17.99,17.99
2026-02-17T11:20:42Z,paper towels,70500835,Lynnwood,WA,98036,QFC,00835,0003077215712,0003077215712,00003077215712,003077215712,Bounty,Bounty Paper Towels Select-A-Size White 4 Double Rolls,4 rolls,11.99,,11.99
2026-02-17T11:20:42Z,paper towels,70500835,Lynnwood,WA,98036,QFC,00835,0003600049413,0003600049413,00003600049413,003600049413,Viva,Viva® Multi-Surface Cloth™ Paper Towels Single Rolls,6 rolls,12.49,9.49,9.49
2026-02-17T11:20:42Z,paper towels,70500835,Lynnwood,WA,98036,QFC,00835,0003040022272,0003040022272,00003040022272,003040022272,Sparkle,Sparkle® Tear-A-Square® Customizable Sheet Size Paper Towels Double Rolls,2 rolls,4.99,,4.99
2026-02-17T11:20:42Z,paper towels,70500835,Lynnwood,WA,98036,QFC,00835,0003077216021,0003077216021,00003077216021,003077216021,Bounty,Bounty Paper Towels Full Sheet White 6 Double Rolls,6 rolls,14.99,,14.99
2026-02-17T11:20:42Z,paper towels,70500835,Lynnwood,WA,98036,QFC,00835,0003077216020,0003077216020,00003077216020,003077216020,Bounty,Bounty Paper Towels Select-A-Size White 6 Triple Rolls,6 rolls,23.99,19.99,19.99
2026-02-17T11:20:42Z,paper towels,70500835,Lynnwood,WA,98036,QFC,00835,0003077216042,0003077216042,00003077216042,003077216042,Bounty,Bounty Paper Towels Select-A-Size White 2 Triple Rolls,2 rolls,10.99,10.19,10.19
2026-02-17T11:20:42Z,paper towels,70500835,Lynnwood,WA,98036,QFC,00835,0003040022276,0003040022276,00003040022276,003040022276,Sparkle,Sparkle® Tear-A-Square® Paper Towel Double Rolls,6 rolls,10.99,7.49,7.49
2026-02-17T11:20:42Z,paper towels,70500835,Lynnwood,WA,98036,QFC,00835,0006366836201,0006366836201,00006366836201,006366836201,Green Forest,Green Forest Size-Your-Own Paper Towels 100% Recycled,1 roll,2.49,,2.49
2026-02-17T11:20:42Z,paper towels,70500835,Lynnwood,WA,98036,QFC,00835,0003077219274,0003077219274,00003077219274,003077219274,Bounty,Bounty Paper Towels Select-A-Size White 8 Double Plus Rolls,8 rolls,24.99,,24.99
2026-02-17T11:20:42Z,paper towels,70500835,Lynnwood,WA,98036,QFC,00835,0006366836203,0006366836203,00006366836203,006366836203,Green Forest,Green Forest 100% Recycled Size-Your-Own Paper Towels,3 pk,6.29,,6.29
2026-02-17T11:20:42Z,paper towels,70500835,Lynnwood,WA,98036,QFC,00835,0086001113901,0086001113901,00086001113901,086001113901,Reel,Reel® Premium Bamboo Paper Towels,6 ct,19.99,,19.99
2026-02-17T11:20:42Z,paper towels,70500835,Lynnwood,WA,98036,QFC,00835,0086001113900,0086001113900,00086001113900,086001113900,Reel,Reel® Premium Bamboo Paper Towel Triple Rolls,2 rolls,7.99,,7.99
2026-02-17T11:20:42Z,paper towels,70500835,Lynnwood,WA,98036,QFC,00835,0001111011984,0001111011984,00001111011984,001111011984,Kroger,Kroger® Rugged and Reliable Paper Towels Giant Rolls,10 rolls,13.49,,13.49
2026-02-17T11:20:42Z,paper towels,70500835,Lynnwood,WA,98036,QFC,00835,0003600056532,0003600056532,00003600056532,003600056532,Viva,Viva® Signature Cloth™ Paper Towels Double Rolls,6 rolls,15.99,14.99,14.99
2026-02-17T11:20:42Z,paper towels,70500835,Lynnwood,WA,98036,QFC,00835,0003600038587,0003600038587,00003600038587,003600038587,Kleenex,"Kleenex® Disposable Paper Hand Towels, 1 Box, 60 Towels per Box",60 count,4.49,,4.49
2026-02-17T11:20:42Z,paper towels,70500835,Lynnwood,WA,98036,QFC,00835,0004200044576,0004200044576,00004200044576,004200044576,Brawny,Brawny® Tear-A-Square® 3-Ply Paper Towel Triple Rolls,2 rolls,10.99,,10.99
2026-02-17T11:20:42Z,paper towels,70500835,Lynnwood,WA,98036,QFC,00835,0003600052499,0003600052499,00003600052499,003600052499,Viva,Viva Multi-Surface Cloth Paper Towels Double Rolls,8 rolls,17.99,15.99,15.99
2026-02-17T11:20:42Z,paper towels,70500835,Lynnwood,WA,98036,QFC,00835,0004200044658,0004200044658,00004200044658,004200044658,Brawny,Brawny® Full Sheet 3-Ply Paper Towel Double Rolls,6 rolls,16.99,11.99,11.99
2026-02-17T11:20:42Z,paper towels,70500835,Lynnwood,WA,98036,QFC,00835,0004200044579,0004200044579,00004200044579,004200044579,Brawny,Brawny® Tear-A-Square® 3-Ply Paper Towel Double Rolls,4 rolls,12.99,7.49,7.49
2026-02-17T11:20:42Z,paper towels,70500835,Lynnwood,WA,98036,QFC,00835,0001111016086,0001111016086,00001111016086,001111016086,Kroger,Kroger® Rugged + Reliable Paper Towels Double Rolls,4 rolls,7.99,,7.99
2026-02-17T11:20:42Z,paper towels,70500835,Lynnwood,WA,98036,QFC,00835,0001111014184,0001111014184,00001111014184,001111014184,Kroger,Kroger® Ultra Paper Towels With Absorbing Power Triple Rolls,2 rolls,6.29,,6.29
2026-02-17T11:20:42Z,paper towels,70500835,Lynnwood,WA,98036,QFC,00835,0001111016087,0001111016087,00001111016087,001111016087,Kroger,Kroger® Rugged + Reliable Paper Towels Giant Rolls,10 rolls,13.99,,13.99
2026-02-17T11:20:42Z,paper towels,70500835,Lynnwood,WA,98036,QFC,00835,0001111014185,0001111014185,00001111014185,001111014185,Kroger,Kroger® Ultra Paper Towels With Absorbing Power Double Rolls,4 rolls,10.99,,10.99
2026-02-17T11:20:42Z,paper towels,70500835,Lynnwood,WA,98036,QFC,00835,0001111016088,0001111016088,00001111016088,001111016088,Kroger,Kroger® Rugged + Reliable Paper Towels Double Plus Rolls BIG DEAL!,12 ct,21.99,,21.99
2026-02-17T11:20:42Z,paper towels,70500835,Lynnwood,WA,98036,QFC,00835,0001111014186,0001111014186,00001111014186,001111014186,Kroger,Kroger® Ultra Paper Towels With Absorbing Power Double Rolls,6 rolls,11.29,,11.29
2026-02-17T11:20:42Z,paper towels,70500835,Lynnwood,WA,98036,QFC,00835,0003077216014,0003077216014,00003077216014,003077216014,Bounty,"Bounty Paper Towels Select-A-Size White, 8 Triple Rolls, 123 Sheets Per Roll",8 rolls,27.99,26.99,26.99
2026-02-17T11:20:42Z,paper towels,70500835,Lynnwood,WA,98036,QFC,00835,0001111014187,0001111014187,00001111014187,001111014187,Kroger,Kroger® Ultra Absorbing Power Paper Towels Triple Rolls,8 ct,19.29,,19.29
2026-02-17T11:20:42Z,paper towels,70500835,Lynnwood,WA,98036,QFC,00835,0003077215664,0003077215664,00003077215664,003077215664,Bounty,Bounty Paper Towels Select-A-Size White 12 Double Plus Rolls,12 rolls,34.99,29.99,29.99
2026-02-17T11:20:42Z,paper towels,70500835,Lynnwood,WA,98036,QFC,00835,0003040022241,0003040022241,00003040022241,003040022241,Sparkle,Sparkle® Pick-A-Size® Paper Towel Double Rolls,8 rolls,14.99,,14.99
2026-02-17T11:20:42Z,paper towels,70500835,Lynnwood,WA,98036,QFC,00835,0003077216276,0003077216276,00003077216276,003077216276,Bounty,Bounty Paper Towels Select-A-Size Print 6 Double Rolls,6 rolls,14.99,,14.99
2026-02-17T11:20:42Z,paper towels,70500835,Lynnwood,WA,98036,QFC,00835,0001111010621,0001111010621,00001111010621,001111010621,Kroger,Kroger® Glimmer Select-A-Sheet Paper Towels Double Rolls,2 rolls,2.99,,2.99
2026-02-17T11:20:42Z,paper towels,70500835,Lynnwood,WA,98036,QFC,00835,0001111012026,0001111012026,00001111012026,001111012026,Kroger,Kroger® Rugged + Reliable Paper Towels Double Plus Rolls BIG DEAL!,12 rolls,,,
2026-02-17T11:20:42Z,paper towels,70500835,Lynnwood,WA,98036,QFC,00835,0001111013577,0001111013577,00001111013577,001111013577,Kroger,Kroger® Rugged + Reliable Paper Towels Double Rolls,4 rolls,7.49,,7.49
2026-02-17T11:20:42Z,paper towels,70500835,Lynnwood,WA,98036,QFC,00835,0004200044588,0004200044588,00004200044588,004200044588,Brawny,Brawny® Tear-A-Square® 3-Ply Paper Towel Double Rolls,6 rolls,16.99,11.99,11.99
2026-02-17T11:20:42Z,paper towels,70500835,Lynnwood,WA,98036,QFC,00835,0003077215703,0003077215703,00003077215703,003077215703,Bounty,Bounty Paper Towels Select-A-Size White 6 Double Rolls,6 rolls,14.99,,14.99
2026-02-17T11:20:42Z,paper towels,70500835,Lynnwood,WA,98036,QFC,00835,0004200044600,0004200044600,00004200044600,004200044600,Brawny,Brawny® Tear-A-Square® 3-Ply Paper Towel Double Rolls,8 rolls,20.99,17.99,17.99
2026-02-17T11:20:42Z,paper towels,70500837,Maple Valley,WA,98038,QFC,00837,0003077215712,0003077215712,00003077215712,003077215712,Bounty,Bounty Paper Towels Select-A-Size White 4 Double Rolls,4 rolls,11.99,,11.99
2026-02-17T11:20:42Z,paper towels,70500837,Maple Valley,WA,98038,QFC,00837,0003600049413,0003600049413,00003600049413,003600049413,Viva,Viva® Multi-Surface Cloth™ Paper Towels Single Rolls,6 rolls,12.49,9.49,9.49
2026-02-17T11:20:42Z,paper towels,70500837,Maple Valley,WA,98038,QFC,00837,0003040022272,0003040022272,00003040022272,003040022272,Sparkle,Sparkle® Tear-A-Square® Customizable Sheet Size Paper Towels Double Rolls,2 rolls,4.99,,4.99
2026-02-17T11:20:42Z,paper towels,70500837,Maple Valley,WA,98038,QFC,00837,0003077216021,0003077216021,00003077216021,003077216021,Bounty,Bounty Paper Towels Full Sheet White 6 Double Rolls,6 rolls,14.99,,14.99
2026-02-17T11:20:42Z,paper towels,70500837,Maple Valley,WA,98038,QFC,00837,0003077216020,0003077216020,00003077216020,003077216020,Bounty,Bounty Paper Towels Select-A-Size White 6 Triple Rolls,6 rolls,23.99,19.99,19.99
2026-02-17T11:20:42Z,paper towels,70500837,Maple Valley,WA,98038,QFC,00837,0003077216042,0003077216042,00003077216042,003077216042,Bounty,Bounty Paper Towels Select-A-Size White 2 Triple Rolls,2 rolls,10.99,10.19,10.19
2026-02-17T11:20:42Z,paper towels,70500837,Maple Valley,WA,98038,QFC,00837,0003040022276,0003040022276,00003040022276,003040022276,Sparkle,Sparkle® Tear-A-Square® Paper Towel Double Rolls,6 rolls,10.99,7.49,7.49
2026-02-17T11:20:42Z,paper towels,70500837,Maple Valley,WA,98038,QFC,00837,0006366836201,0006366836201,00006366836201,006366836201,Green Forest,Green Forest Size-Your-Own Paper Towels 100% Recycled,1 roll,2.49,,2.49
2026-02-17T11:20:42Z,paper towels,70500837,Maple Valley,WA,98038,QFC,00837,0003077219274,0003077219274,00003077219274,003077219274,Bounty,Bounty Paper Towels Select-A-Size White 8 Double Plus Rolls,8 rolls,24.99,,24.99
2026-02-17T11:20:42Z,paper towels,70500837,Maple Valley,WA,98038,QFC,00837,0006366836203,0006366836203,00006366836203,006366836203,Green Forest,Green Forest 100% Recycled Size-Your-Own Paper Towels,3 pk,6.29,,6.29
2026-02-17T11:20:42Z,paper towels,70500837,Maple Valley,WA,98038,QFC,00837,0086001113901,0086001113901,00086001113901,086001113901,Reel,Reel® Premium Bamboo Paper Towels,6 ct,19.99,,19.99
2026-02-17T11:20:42Z,paper towels,70500837,Maple Valley,WA,98038,QFC,00837,0086001113900,0086001113900,00086001113900,086001113900,Reel,Reel® Premium Bamboo Paper Towel Triple Rolls,2 rolls,7.99,,7.99
2026-02-17T11:20:42Z,paper towels,70500837,Maple Valley,WA,98038,QFC,00837,0001111011984,0001111011984,00001111011984,001111011984,Kroger,Kroger® Rugged and Reliable Paper Towels Giant Rolls,10 rolls,13.49,,13.49
2026-02-17T11:20:42Z,paper towels,70500837,Maple Valley,WA,98038,QFC,00837,0003600056532,0003600056532,00003600056532,003600056532,Viva,Viva® Signature Cloth™ Paper Towels Double Rolls,6 rolls,15.99,14.99,14.99
2026-02-17T11:20:42Z,paper towels,70500837,Maple Valley,WA,98038,QFC,00837,0003600038587,0003600038587,00003600038587,003600038587,Kleenex,"Kleenex® Disposable Paper Hand Towels, 1 Box, 60 Towels per Box",60 count,4.49,,4.49
2026-02-17T11:20:42Z,paper towels,70500837,Maple Valley,WA,98038,QFC,00837,0004200044576,0004200044576,00004200044576,004200044576,Brawny,Brawny® Tear-A-Square® 3-Ply Paper Towel Triple Rolls,2 rolls,10.99,,10.99
2026-02-17T11:20:42Z,paper towels,70500837,Maple Valley,WA,98038,QFC,00837,0003600056535,0003600056535,00003600056535,003600056535,Viva,Viva Signature Cloth Paper Towels Double Rolls,12 rolls,23.49,,23.49
2026-02-17T11:20:42Z,paper towels,70500837,Maple Valley,WA,98038,QFC,00837,0003600052499,0003600052499,00003600052499,003600052499,Viva,Viva Multi-Surface Cloth Paper Towels Double Rolls,8 rolls,17.99,15.99,15.99
2026-02-17T11:20:42Z,paper towels,70500837,Maple Valley,WA,98038,QFC,00837,0004200044658,0004200044658,00004200044658,004200044658,Brawny,Brawny® Full Sheet 3-Ply Paper Towel Double Rolls,6 rolls,16.99,11.99,11.99
2026-02-17T11:20:42Z,paper towels,70500837,Maple Valley,WA,98038,QFC,00837,0004200044579,0004200044579,00004200044579,004200044579,Brawny,Brawny® Tear-A-Square® 3-Ply Paper Towel Double Rolls,4 rolls,12.99,7.49,7.49
2026-02-17T11:20:42Z,paper towels,70500837,Maple Valley,WA,98038,QFC,00837,0001111016086,0001111016086,00001111016086,001111016086,Kroger,Kroger® Rugged + Reliable Paper Towels Double Rolls,4 rolls,7.99,,7.99
2026-02-17T11:20:42Z,paper towels,70500837,Maple Valley,WA,98038,QFC,00837,0001111016087,0001111016087,00001111016087,001111016087,Kroger,Kroger® Rugged + Reliable Paper Towels Giant Rolls,10 rolls,13.99,,13.99
2026-02-17T11:20:42Z,paper towels,70500837,Maple Valley,WA,98038,QFC,00837,0001111014184,0001111014184,00001111014184,001111014184,Kroger,Kroger® Ultra Paper Towels With Absorbing Power Triple Rolls,2 rolls,6.29,,6.29
2026-02-17T11:20:42Z,paper towels,70500837,Maple Valley,WA,98038,QFC,00837,0001111016088,0001111016088,00001111016088,001111016088,Kroger,Kroger® Rugged + Reliable Paper Towels Double Plus Rolls BIG DEAL!,12 ct,21.99,,21.99
2026-02-17T11:20:42Z,paper towels,70500837,Maple Valley,WA,98038,QFC,00837,0001111014185,0001111014185,00001111014185,001111014185,Kroger,Kroger® Ultra Paper Towels With Absorbing Power Double Rolls,4 rolls,10.99,,10.99
2026-02-17T11:20:42Z,paper towels,70500837,Maple Valley,WA,98038,QFC,00837,0001111014186,0001111014186,00001111014186,001111014186,Kroger,Kroger® Ultra Paper Towels With Absorbing Power Double Rolls,6 rolls,11.29,,11.29
2026-02-17T11:20:42Z,paper towels,70500837,Maple Valley,WA,98038,QFC,00837,0003077216014,0003077216014,00003077216014,003077216014,Bounty,"Bounty Paper Towels Select-A-Size White, 8 Triple Rolls, 123 Sheets Per Roll",8 rolls,27.99,26.99,26.99
2026-02-17T11:20:42Z,paper towels,70500837,Maple Valley,WA,98038,QFC,00837,0001111014187,0001111014187,00001111014187,001111014187,Kroger,Kroger® Ultra Absorbing Power Paper Towels Triple Rolls,8 ct,19.29,,19.29
2026-02-17T11:20:42Z,paper towels,70500837,Maple Valley,WA,98038,QFC,00837,0003077215664,0003077215664,00003077215664,003077215664,Bounty,Bounty Paper Towels Select-A-Size White 12 Double Plus Rolls,12 rolls,34.99,29.99,29.99
2026-02-17T11:20:42Z,paper towels,70500837,Maple Valley,WA,98038,QFC,00837,0003040022241,0003040022241,00003040022241,003040022241,Sparkle,Sparkle® Pick-A-Size® Paper Towel Double Rolls,8 rolls,14.99,,14.99
2026-02-17T11:20:42Z,paper towels,70500837,Maple Valley,WA,98038,QFC,00837,0003077216276,0003077216276,00003077216276,003077216276,Bounty,Bounty Paper Towels Select-A-Size Print 6 Double Rolls,6 rolls,14.99,,14.99
2026-02-17T11:20:42Z,paper towels,70500837,Maple Valley,WA,98038,QFC,00837,0001111010621,0001111010621,00001111010621,001111010621,Kroger,Kroger® Glimmer Select-A-Sheet Paper Towels Double Rolls,2 rolls,2.99,,2.99
2026-02-17T11:20:42Z,paper towels,70500837,Maple Valley,WA,98038,QFC,00837,0004200044588,0004200044588,00004200044588,004200044588,Brawny,Brawny® Tear-A-Square® 3-Ply Paper Towel Double Rolls,6 rolls,16.99,11.99,11.99
2026-02-17T11:20:42Z,paper towels,70500837,Maple Valley,WA,98038,QFC,00837,0003077215703,0003077215703,00003077215703,003077215703,Bounty,Bounty Paper Towels Select-A-Size White 6 Double Rolls,6 rolls,14.99,,14.99
2026-02-17T11:20:42Z,paper towels,70500837,Maple Valley,WA,98038,QFC,00837,0004200044600,0004200044600,00004200044600,004200044600,Brawny,Brawny® Tear-A-Square® 3-Ply Paper Towel Double Rolls,8 rolls,20.99,17.99,17.99
2026-02-17T11:20:42Z,paper towels,70500806,Mercer Island,WA,98040,QFC,00806,0003600049413,0003600049413,00003600049413,003600049413,Viva,Viva® Multi-Surface Cloth™ Paper Towels Single Rolls,6 rolls,12.49,9.49,9.49
2026-02-17T11:20:42Z,paper towels,70500806,Mercer Island,WA,98040,QFC,00806,0003077215712,0003077215712,00003077215712,003077215712,Bounty,Bounty Paper Towels Select-A-Size White 4 Double Rolls,4 rolls,11.99,,11.99
2026-02-17T11:20:42Z,paper towels,70500806,Mercer Island,WA,98040,QFC,00806,0003040022272,0003040022272,00003040022272,003040022272,Sparkle,Sparkle® Tear-A-Square® Customizable Sheet Size Paper Towels Double Rolls,2 rolls,4.99,,4.99
2026-02-17T11:20:42Z,paper towels,70500806,Mercer Island,WA,98040,QFC,00806,0003077216021,0003077216021,00003077216021,003077216021,Bounty,Bounty Paper Towels Full Sheet White 6 Double Rolls,6 rolls,14.99,,14.99
2026-02-17T11:20:42Z,paper towels,70500806,Mercer Island,WA,98040,QFC,00806,0003077216020,0003077216020,00003077216020,003077216020,Bounty,Bounty Paper Towels Select-A-Size White 6 Triple Rolls,6 rolls,23.99,19.99,19.99
2026-02-17T11:20:42Z,paper towels,70500806,Mercer Island,WA,98040,QFC,00806,0003077216042,0003077216042,00003077216042,003077216042,Bounty,Bounty Paper Towels Select-A-Size White 2 Triple Rolls,2 rolls,10.99,10.19,10.19
2026-02-17T11:20:42Z,paper towels,70500806,Mercer Island,WA,98040,QFC,00806,0003040022276,0003040022276,00003040022276,003040022276,Sparkle,Sparkle® Tear-A-Square® Paper Towel Double Rolls,6 rolls,10.99,7.49,7.49
2026-02-17T11:20:42Z,paper towels,70500806,Mercer Island,WA,98040,QFC,00806,0006366836201,0006366836201,00006366836201,006366836201,Green Forest,Green Forest Size-Your-Own Paper Towels 100% Recycled,1 roll,2.49,,2.49
2026-02-17T11:20:42Z,paper towels,70500806,Mercer Island,WA,98040,QFC,00806,0003077219274,0003077219274,00003077219274,003077219274,Bounty,Bounty Paper Towels Select-A-Size White 8 Double Plus Rolls,8 rolls,24.99,,24.99
2026-02-17T11:20:42Z,paper towels,70500806,Mercer Island,WA,98040,QFC,00806,0006366836203,0006366836203,00006366836203,006366836203,Green Forest,Green Forest 100% Recycled Size-Your-Own Paper Towels,3 pk,6.29,,6.29
2026-02-17T11:20:42Z,paper towels,70500806,Mercer Island,WA,98040,QFC,00806,0086001113901,0086001113901,00086001113901,086001113901,Reel,Reel® Premium Bamboo Paper Towels,6 ct,19.99,,19.99
2026-02-17T11:20:42Z,paper towels,70500806,Mercer Island,WA,98040,QFC,00806,0086001113900,0086001113900,00086001113900,086001113900,Reel,Reel® Premium Bamboo Paper Towel Triple Rolls,2 rolls,7.99,,7.99
2026-02-17T11:20:42Z,paper towels,70500806,Mercer Island,WA,98040,QFC,00806,0001111011984,0001111011984,00001111011984,001111011984,Kroger,Kroger® Rugged and Reliable Paper Towels Giant Rolls,10 rolls,13.49,,13.49
2026-02-17T11:20:42Z,paper towels,70500806,Mercer Island,WA,98040,QFC,00806,0003600056532,0003600056532,00003600056532,003600056532,Viva,Viva® Signature Cloth™ Paper Towels Double Rolls,6 rolls,15.99,14.99,14.99
2026-02-17T11:20:42Z,paper towels,70500806,Mercer Island,WA,98040,QFC,00806,0003600038587,0003600038587,00003600038587,003600038587,Kleenex,"Kleenex® Disposable Paper Hand Towels, 1 Box, 60 Towels per Box",60 count,4.49,,4.49
2026-02-17T11:20:42Z,paper towels,70500806,Mercer Island,WA,98040,QFC,00806,0004200044576,0004200044576,00004200044576,004200044576,Brawny,Brawny® Tear-A-Square® 3-Ply Paper Towel Triple Rolls,2 rolls,10.99,,10.99
2026-02-17T11:20:42Z,paper towels,70500806,Mercer Island,WA,98040,QFC,00806,0003600052499,0003600052499,00003600052499,003600052499,Viva,Viva Multi-Surface Cloth Paper Towels Double Rolls,8 rolls,17.99,15.99,15.99
2026-02-17T11:20:42Z,paper towels,70500806,Mercer Island,WA,98040,QFC,00806,0004200044658,0004200044658,00004200044658,004200044658,Brawny,Brawny® Full Sheet 3-Ply Paper Towel Double Rolls,6 rolls,16.99,11.99,11.99
2026-02-17T11:20:42Z,paper towels,70500806,Mercer Island,WA,98040,QFC,00806,0004200044579,0004200044579,00004200044579,004200044579,Brawny,Brawny® Tear-A-Square® 3-Ply Paper Towel Double Rolls,4 rolls,12.99,7.49,7.49
2026-02-17T11:20:42Z,paper towels,70500806,Mercer Island,WA,98040,QFC,00806,0001111016086,0001111016086,00001111016086,001111016086,Kroger,Kroger® Rugged + Reliable Paper Towels Double Rolls,4 rolls,7.99,,7.99
2026-02-17T11:20:42Z,paper towels,70500806,Mercer Island,WA,98040,QFC,00806,0001111014184,0001111014184,00001111014184,001111014184,Kroger,Kroger® Ultra Paper Towels With Absorbing Power Triple Rolls,2 rolls,6.29,,6.29
2026-02-17T11:20:42Z,paper towels,70500806,Mercer Island,WA,98040,QFC,00806,0001111016087,0001111016087,00001111016087,001111016087,Kroger,Kroger® Rugged + Reliable Paper Towels Giant Rolls,10 rolls,13.99,,13.99
2026-02-17T11:20:42Z,paper towels,70500806,Mercer Island,WA,98040,QFC,00806,0001111016088,0001111016088,00001111016088,001111016088,Kroger,Kroger® Rugged + Reliable Paper Towels Double Plus Rolls BIG DEAL!,12 ct,21.99,,21.99
2026-02-17T11:20:42Z,paper towels,70500806,Mercer Island,WA,98040,QFC,00806,0001111014185,0001111014185,00001111014185,001111014185,Kroger,Kroger® Ultra Paper Towels With Absorbing Power Double Rolls,4 rolls,10.99,,10.99
2026-02-17T11:20:42Z,paper towels,70500806,Mercer Island,WA,98040,QFC,00806,0001111014186,0001111014186,00001111014186,001111014186,Kroger,Kroger® Ultra Paper Towels With Absorbing Power Double Rolls,6 rolls,11.29,,11.29
2026-02-17T11:20:42Z,paper towels,70500806,Mercer Island,WA,98040,QFC,00806,0003077216014,0003077216014,00003077216014,003077216014,Bounty,"Bounty Paper Towels Select-A-Size White, 8 Triple Rolls, 123 Sheets Per Roll",8 rolls,27.99,26.99,26.99
2026-02-17T11:20:42Z,paper towels,70500806,Mercer Island,WA,98040,QFC,00806,0001111014187,0001111014187,00001111014187,001111014187,Kroger,Kroger® Ultra Absorbing Power Paper Towels Triple Rolls,8 ct,19.29,,19.29
2026-02-17T11:20:42Z,paper towels,70500806,Mercer Island,WA,98040,QFC,00806,0003077215664,0003077215664,00003077215664,003077215664,Bounty,Bounty Paper Towels Select-A-Size White 12 Double Plus Rolls,12 rolls,34.99,29.99,29.99
2026-02-17T11:20:42Z,paper towels,70500806,Mercer Island,WA,98040,QFC,00806,0003040022241,0003040022241,00003040022241,003040022241,Sparkle,Sparkle® Pick-A-Size® Paper Towel Double Rolls,8 rolls,14.99,,14.99
2026-02-17T11:20:42Z,paper towels,70500806,Mercer Island,WA,98040,QFC,00806,0003077216276,0003077216276,00003077216276,003077216276,Bounty,Bounty Paper Towels Select-A-Size Print 6 Double Rolls,6 rolls,14.99,,14.99
2026-02-17T11:20:42Z,paper towels,70500806,Mercer Island,WA,98040,QFC,00806,0001111010621,0001111010621,00001111010621,001111010621,Kroger,Kroger® Glimmer Select-A-Sheet Paper Towels Double Rolls,2 rolls,2.99,,2.99
2026-02-17T11:20:42Z,paper towels,70500806,Mercer Island,WA,98040,QFC,00806,0001111012026,0001111012026,00001111012026,001111012026,Kroger,Kroger® Rugged + Reliable Paper Towels Double Plus Rolls BIG DEAL!,12 rolls,20.99,,20.99
2026-02-17T11:20:42Z,paper towels,70500806,Mercer Island,WA,98040,QFC,00806,0004200044588,0004200044588,00004200044588,004200044588,Brawny,Brawny® Tear-A-Square® 3-Ply Paper Towel Double Rolls,6 rolls,16.99,11.99,11.99
2026-02-17T11:20:42Z,paper towels,70500806,Mercer Island,WA,98040,QFC,00806,0005379640023,0005379640023,00005379640023,005379640023,RSVP,RSVP International Paper Towel Holder - Stainless Steel,5.9 x 5.9 x 14.2,26.99,,26.99
2026-02-17T11:20:42Z,paper towels,70500806,Mercer Island,WA,98040,QFC,00806,0003077215703,0003077215703,00003077215703,003077215703,Bounty,Bounty Paper Towels Select-A-Size White 6 Double Rolls,6 rolls,14.99,,14.99
2026-02-17T11:20:42Z,paper towels,70500806,Mercer Island,WA,98040,QFC,00806,0004200044600,0004200044600,00004200044600,004200044600,Brawny,Brawny® Tear-A-Square® 3-Ply Paper Towel Double Rolls,8 rolls,20.99,17.99,17.99
2026-02-17T11:20:42Z,paper towels,70500839,Mercer Island,WA,98040,QFC,00839,0003600049413,0003600049413,00003600049413,003600049413,Viva,Viva® Multi-Surface Cloth™ Paper Towels Single Rolls,6 rolls,12.49,9.49,9.49
2026-02-17T11:20:42Z,paper towels,70500839,Mercer Island,WA,98040,QFC,00839,0003077215712,0003077215712,00003077215712,003077215712,Bounty,Bounty Paper Towels Select-A-Size White 4 Double Rolls,4 rolls,11.99,,11.99
2026-02-17T11:20:42Z,paper towels,70500839,Mercer Island,WA,98040,QFC,00839,0003040022272,0003040022272,00003040022272,003040022272,Sparkle,Sparkle® Tear-A-Square® Customizable Sheet Size Paper Towels Double Rolls,2 rolls,4.99,,4.99
2026-02-17T11:20:42Z,paper towels,70500839,Mercer Island,WA,98040,QFC,00839,0003077216021,0003077216021,00003077216021,003077216021,Bounty,Bounty Paper Towels Full Sheet White 6 Double Rolls,6 rolls,14.99,,14.99
2026-02-17T11:20:42Z,paper towels,70500839,Mercer Island,WA,98040,QFC,00839,0003077216020,0003077216020,00003077216020,003077216020,Bounty,Bounty Paper Towels Select-A-Size White 6 Triple Rolls,6 rolls,23.99,19.99,19.99
2026-02-17T11:20:42Z,paper towels,70500839,Mercer Island,WA,98040,QFC,00839,0003077216042,0003077216042,00003077216042,003077216042,Bounty,Bounty Paper Towels Select-A-Size White 2 Triple Rolls,2 rolls,10.99,10.19,10.19
2026-02-17T11:20:42Z,paper towels,70500839,Mercer Island,WA,98040,QFC,00839,0003040022276,0003040022276,00003040022276,003040022276,Sparkle,Sparkle® Tear-A-Square® Paper Towel Double Rolls,6 rolls,10.99,7.49,7.49
2026-02-17T11:20:42Z,paper towels,70500839,Mercer Island,WA,98040,QFC,00839,0003077219274,0003077219274,00003077219274,003077219274,Bounty,Bounty Paper Towels Select-A-Size White 8 Double Plus Rolls,8 rolls,24.99,,24.99
2026-02-17T11:20:42Z,paper towels,70500839,Mercer Island,WA,98040,QFC,00839,0006366836201,0006366836201,00006366836201,006366836201,Green Forest,Green Forest Size-Your-Own Paper Towels 100% Recycled,1 roll,2.49,,2.49
2026-02-17T11:20:42Z,paper towels,70500839,Mercer Island,WA,98040,QFC,00839,0006366836203,0006366836203,00006366836203,006366836203,Green Forest,Green Forest 100% Recycled Size-Your-Own Paper Towels,3 pk,6.29,,6.29
2026-02-17T11:20:42Z,paper towels,70500839,Mercer Island,WA,98040,QFC,00839,0086001113901,0086001113901,00086001113901,086001113901,Reel,Reel® Premium Bamboo Paper Towels,6 ct,19.99,,19.99
2026-02-17T11:20:42Z,paper towels,70500839,Mercer Island,WA,98040,QFC,00839,0086001113900,0086001113900,00086001113900,086001113900,Reel,Reel® Premium Bamboo Paper Towel Triple Rolls,2 rolls,7.99,,7.99
2026-02-17T11:20:42Z,paper towels,70500839,Mercer Island,WA,98040,QFC,00839,0001111011984,0001111011984,00001111011984,001111011984,Kroger,Kroger® Rugged and Reliable Paper Towels Giant Rolls,10 rolls,13.49,,13.49
2026-02-17T11:20:42Z,paper towels,70500839,Mercer Island,WA,98040,QFC,00839,0003600038587,0003600038587,00003600038587,003600038587,Kleenex,"Kleenex® Disposable Paper Hand Towels, 1 Box, 60 Towels per Box",60 count,4.49,,4.49
2026-02-17T11:20:42Z,paper towels,70500839,Mercer Island,WA,98040,QFC,00839,0003600056532,0003600056532,00003600056532,003600056532,Viva,Viva® Signature Cloth™ Paper Towels Double Rolls,6 rolls,15.99,14.99,14.99
2026-02-17T11:20:42Z,paper towels,70500839,Mercer Island,WA,98040,QFC,00839,0004200044576,0004200044576,00004200044576,004200044576,Brawny,Brawny® Tear-A-Square® 3-Ply Paper Towel Triple Rolls,2 rolls,10.99,,10.99
2026-02-17T11:20:42Z,paper towels,70500839,Mercer Island,WA,98040,QFC,00839,0003600052499,0003600052499,00003600052499,003600052499,Viva,Viva Multi-Surface Cloth Paper Towels Double Rolls,8 rolls,17.99,15.99,15.99
2026-02-17T11:20:42Z,paper towels,70500839,Mercer Island,WA,98040,QFC,00839,0004200044658,0004200044658,00004200044658,004200044658,Brawny,Brawny® Full Sheet 3-Ply Paper Towel Double Rolls,6 rolls,16.99,11.99,11.99
2026-02-17T11:20:42Z,paper towels,70500839,Mercer Island,WA,98040,QFC,00839,0004200044579,0004200044579,00004200044579,004200044579,Brawny,Brawny® Tear-A-Square® 3-Ply Paper Towel Double Rolls,4 rolls,12.99,7.49,7.49
2026-02-17T11:20:42Z,paper towels,70500839,Mercer Island,WA,98040,QFC,00839,0001111016086,0001111016086,00001111016086,001111016086,Kroger,Kroger® Rugged + Reliable Paper Towels Double Rolls,4 rolls,7.99,,7.99
2026-02-17T11:20:42Z,paper towels,70500839,Mercer Island,WA,98040,QFC,00839,0001111016087,0001111016087,00001111016087,001111016087,Kroger,Kroger® Rugged + Reliable Paper Towels Giant Rolls,10 rolls,13.99,,13.99
2026-02-17T11:20:42Z,paper towels,70500839,Mercer Island,WA,98040,QFC,00839,0001111014184,0001111014184,00001111014184,001111014184,Kroger,Kroger® Ultra Paper Towels With Absorbing Power Triple Rolls,2 rolls,6.29,,6.29
2026-02-17T11:20:42Z,paper towels,70500839,Mercer Island,WA,98040,QFC,00839,0001111016088,0001111016088,00001111016088,001111016088,Kroger,Kroger® Rugged + Reliable Paper Towels Double Plus Rolls BIG DEAL!,12 ct,21.99,,21.99
2026-02-17T11:20:42Z,paper towels,70500839,Mercer Island,WA,98040,QFC,00839,0001111014185,0001111014185,00001111014185,001111014185,Kroger,Kroger® Ultra Paper Towels With Absorbing Power Double Rolls,4 rolls,10.99,,10.99
2026-02-17T11:20:42Z,paper towels,70500839,Mercer Island,WA,98040,QFC,00839,0003077216014,0003077216014,00003077216014,003077216014,Bounty,"Bounty Paper Towels Select-A-Size White, 8 Triple Rolls, 123 Sheets Per Roll",8 rolls,27.99,26.99,26.99
2026-02-17T11:20:42Z,paper towels,70500839,Mercer Island,WA,98040,QFC,00839,0001111014186,0001111014186,00001111014186,001111014186,Kroger,Kroger® Ultra Paper Towels With Absorbing Power Double Rolls,6 rolls,11.29,,11.29
2026-02-17T11:20:42Z,paper towels,70500839,Mercer Island,WA,98040,QFC,00839,0001111014187,0001111014187,00001111014187,001111014187,Kroger,Kroger® Ultra Absorbing Power Paper Towels Triple Rolls,8 ct,19.29,,19.29
2026-02-17T11:20:42Z,paper towels,70500839,Mercer Island,WA,98040,QFC,00839,0003077215664,0003077215664,00003077215664,003077215664,Bounty,Bounty Paper Towels Select-A-Size White 12 Double Plus Rolls,12 rolls,34.99,29.99,29.99
2026-02-17T11:20:42Z,paper towels,70500839,Mercer Island,WA,98040,QFC,00839,0003040022241,0003040022241,00003040022241,003040022241,Sparkle,Sparkle® Pick-A-Size® Paper Towel Double Rolls,8 rolls,14.99,,14.99
2026-02-17T11:20:42Z,paper towels,70500839,Mercer Island,WA,98040,QFC,00839,0003077216276,0003077216276,00003077216276,003077216276,Bounty,Bounty Paper Towels Select-A-Size Print 6 Double Rolls,6 rolls,14.99,,14.99
2026-02-17T11:20:42Z,paper towels,70500839,Mercer Island,WA,98040,QFC,00839,0001111010621,0001111010621,00001111010621,001111010621,Kroger,Kroger® Glimmer Select-A-Sheet Paper Towels Double Rolls,2 rolls,2.99,,2.99
2026-02-17T11:20:42Z,paper towels,70500839,Mercer Island,WA,98040,QFC,00839,0001111012026,0001111012026,00001111012026,001111012026,Kroger,Kroger® Rugged + Reliable Paper Towels Double Plus Rolls BIG DEAL!,12 rolls,,,
2026-02-17T11:20:42Z,paper towels,70500839,Mercer Island,WA,98040,QFC,00839,0004200044588,0004200044588,00004200044588,004200044588,Brawny,Brawny® Tear-A-Square® 3-Ply Paper Towel Double Rolls,6 rolls,16.99,11.99,11.99
2026-02-17T11:20:42Z,paper towels,70500839,Mercer Island,WA,98040,QFC,00839,0005379640023,0005379640023,00005379640023,005379640023,RSVP,RSVP International Paper Towel Holder - Stainless Steel,5.9 x 5.9 x 14.2,26.99,,26.99
2026-02-17T11:20:42Z,paper towels,70500839,Mercer Island,WA,98040,QFC,00839,0003077215703,0003077215703,00003077215703,003077215703,Bounty,Bounty Paper Towels Select-A-Size White 6 Double Rolls,6 rolls,14.99,,14.99
2026-02-17T11:20:42Z,paper towels,70500839,Mercer Island,WA,98040,QFC,00839,0004200044600,0004200044600,00004200044600,004200044600,Brawny,Brawny® Tear-A-Square® 3-Ply Paper Towel Double Rolls,8 rolls,20.99,17.99,17.99
2026-02-17T11:20:42Z,paper towels,70500857,Mountlake Terrace,WA,98043,QFC,00857,0003600049413,0003600049413,00003600049413,003600049413,Viva,Viva® Multi-Surface Cloth™ Paper Towels Single Rolls,6 rolls,12.49,9.49,9.49
2026-02-17T11:20:42Z,paper towels,70500857,Mountlake Terrace,WA,98043,QFC,00857,0003077215712,0003077215712,00003077215712,003077215712,Bounty,Bounty Paper Towels Select-A-Size White 4 Double Rolls,4 rolls,11.99,,11.99
2026-02-17T11:20:42Z,paper towels,70500857,Mountlake Terrace,WA,98043,QFC,00857,0003040022272,0003040022272,00003040022272,003040022272,Sparkle,Sparkle® Tear-A-Square® Customizable Sheet Size Paper Towels Double Rolls,2 rolls,4.99,,4.99
2026-02-17T11:20:42Z,paper towels,70500857,Mountlake Terrace,WA,98043,QFC,00857,0003077216021,0003077216021,00003077216021,003077216021,Bounty,Bounty Paper Towels Full Sheet White 6 Double Rolls,6 rolls,14.99,,14.99
2026-02-17T11:20:42Z,paper towels,70500857,Mountlake Terrace,WA,98043,QFC,00857,0003077216020,0003077216020,00003077216020,003077216020,Bounty,Bounty Paper Towels Select-A-Size White 6 Triple Rolls,6 rolls,23.99,19.99,19.99
2026-02-17T11:20:42Z,paper towels,70500857,Mountlake Terrace,WA,98043,QFC,00857,0003077216042,0003077216042,00003077216042,003077216042,Bounty,Bounty Paper Towels Select-A-Size White 2 Triple Rolls,2 rolls,10.99,10.19,10.19
2026-02-17T11:20:42Z,paper towels,70500857,Mountlake Terrace,WA,98043,QFC,00857,0003040022276,0003040022276,00003040022276,003040022276,Sparkle,Sparkle® Tear-A-Square® Paper Towel Double Rolls,6 rolls,10.99,7.49,7.49
2026-02-17T11:20:42Z,paper towels,70500857,Mountlake Terrace,WA,98043,QFC,00857,0006366836201,0006366836201,00006366836201,006366836201,Green Forest,Green Forest Size-Your-Own Paper Towels 100% Recycled,1 roll,2.49,,2.49
2026-02-17T11:20:42Z,paper towels,70500857,Mountlake Terrace,WA,98043,QFC,00857,0003077219274,0003077219274,00003077219274,003077219274,Bounty,Bounty Paper Towels Select-A-Size White 8 Double Plus Rolls,8 rolls,24.99,,24.99
2026-02-17T11:20:42Z,paper towels,70500857,Mountlake Terrace,WA,98043,QFC,00857,0006366836203,0006366836203,00006366836203,006366836203,Green Forest,Green Forest 100% Recycled Size-Your-Own Paper Towels,3 pk,6.29,,6.29
2026-02-17T11:20:42Z,paper towels,70500857,Mountlake Terrace,WA,98043,QFC,00857,0086001113901,0086001113901,00086001113901,086001113901,Reel,Reel® Premium Bamboo Paper Towels,6 ct,19.99,,19.99
2026-02-17T11:20:42Z,paper towels,70500857,Mountlake Terrace,WA,98043,QFC,00857,0086001113900,0086001113900,00086001113900,086001113900,Reel,Reel® Premium Bamboo Paper Towel Triple Rolls,2 rolls,7.99,,7.99
2026-02-17T11:20:42Z,paper towels,70500857,Mountlake Terrace,WA,98043,QFC,00857,0001111011984,0001111011984,00001111011984,001111011984,Kroger,Kroger® Rugged and Reliable Paper Towels Giant Rolls,10 rolls,13.49,,13.49
2026-02-17T11:20:42Z,paper towels,70500857,Mountlake Terrace,WA,98043,QFC,00857,0003600056532,0003600056532,00003600056532,003600056532,Viva,Viva® Signature Cloth™ Paper Towels Double Rolls,6 rolls,15.99,14.99,14.99
2026-02-17T11:20:42Z,paper towels,70500857,Mountlake Terrace,WA,98043,QFC,00857,0003600038587,0003600038587,00003600038587,003600038587,Kleenex,"Kleenex® Disposable Paper Hand Towels, 1 Box, 60 Towels per Box",60 count,4.49,,4.49
2026-02-17T11:20:42Z,paper towels,70500857,Mountlake Terrace,WA,98043,QFC,00857,0004200044576,0004200044576,00004200044576,004200044576,Brawny,Brawny® Tear-A-Square® 3-Ply Paper Towel Triple Rolls,2 rolls,10.99,,10.99
2026-02-17T11:20:42Z,paper towels,70500857,Mountlake Terrace,WA,98043,QFC,00857,0003600052499,0003600052499,00003600052499,003600052499,Viva,Viva Multi-Surface Cloth Paper Towels Double Rolls,8 rolls,17.99,15.99,15.99
2026-02-17T11:20:42Z,paper towels,70500857,Mountlake Terrace,WA,98043,QFC,00857,0004200044658,0004200044658,00004200044658,004200044658,Brawny,Brawny® Full Sheet 3-Ply Paper Towel Double Rolls,6 rolls,16.99,11.99,11.99
2026-02-17T11:20:42Z,paper towels,70500857,Mountlake Terrace,WA,98043,QFC,00857,0004200044579,0004200044579,00004200044579,004200044579,Brawny,Brawny® Tear-A-Square® 3-Ply Paper Towel Double Rolls,4 rolls,12.99,7.49,7.49
2026-02-17T11:20:42Z,paper towels,70500857,Mountlake Terrace,WA,98043,QFC,00857,0001111016086,0001111016086,00001111016086,001111016086,Kroger,Kroger® Rugged + Reliable Paper Towels Double Rolls,4 rolls,7.99,,7.99
2026-02-17T11:20:42Z,paper towels,70500857,Mountlake Terrace,WA,98043,QFC,00857,0001111016087,0001111016087,00001111016087,001111016087,Kroger,Kroger® Rugged + Reliable Paper Towels Giant Rolls,10 rolls,13.99,,13.99
2026-02-17T11:20:42Z,paper towels,70500857,Mountlake Terrace,WA,98043,QFC,00857,0001111014184,0001111014184,00001111014184,001111014184,Kroger,Kroger® Ultra Paper Towels With Absorbing Power Triple Rolls,2 rolls,6.29,,6.29
2026-02-17T11:20:42Z,paper towels,70500857,Mountlake Terrace,WA,98043,QFC,00857,0001111016088,0001111016088,00001111016088,001111016088,Kroger,Kroger® Rugged + Reliable Paper Towels Double Plus Rolls BIG DEAL!,12 ct,21.99,,21.99
2026-02-17T11:20:42Z,paper towels,70500857,Mountlake Terrace,WA,98043,QFC,00857,0001111014185,0001111014185,00001111014185,001111014185,Kroger,Kroger® Ultra Paper Towels With Absorbing Power Double Rolls,4 rolls,10.99,,10.99
2026-02-17T11:20:42Z,paper towels,70500857,Mountlake Terrace,WA,98043,QFC,00857,0003077216014,0003077216014,00003077216014,003077216014,Bounty,"Bounty Paper Towels Select-A-Size White, 8 Triple Rolls, 123 Sheets Per Roll",8 rolls,27.99,26.99,26.99
2026-02-17T11:20:42Z,paper towels,70500857,Mountlake Terrace,WA,98043,QFC,00857,0001111014186,0001111014186,00001111014186,001111014186,Kroger,Kroger® Ultra Paper Towels With Absorbing Power Double Rolls,6 rolls,11.29,,11.29
2026-02-17T11:20:42Z,paper towels,70500857,Mountlake Terrace,WA,98043,QFC,00857,0001111014187,0001111014187,00001111014187,001111014187,Kroger,Kroger® Ultra Absorbing Power Paper Towels Triple Rolls,8 ct,19.29,,19.29
2026-02-17T11:20:42Z,paper towels,70500857,Mountlake Terrace,WA,98043,QFC,00857,0003077215664,0003077215664,00003077215664,003077215664,Bounty,Bounty Paper Towels Select-A-Size White 12 Double Plus Rolls,12 rolls,34.99,29.99,29.99
2026-02-17T11:20:42Z,paper towels,70500857,Mountlake Terrace,WA,98043,QFC,00857,0003040022241,0003040022241,00003040022241,003040022241,Sparkle,Sparkle® Pick-A-Size® Paper Towel Double Rolls,8 rolls,14.99,,14.99
2026-02-17T11:20:42Z,paper towels,70500857,Mountlake Terrace,WA,98043,QFC,00857,0003077216276,0003077216276,00003077216276,003077216276,Bounty,Bounty Paper Towels Select-A-Size Print 6 Double Rolls,6 rolls,14.99,,14.99
2026-02-17T11:20:42Z,paper towels,70500857,Mountlake Terrace,WA,98043,QFC,00857,0001111010621,0001111010621,00001111010621,001111010621,Kroger,Kroger® Glimmer Select-A-Sheet Paper Towels Double Rolls,2 rolls,2.99,,2.99
2026-02-17T11:20:42Z,paper towels,70500857,Mountlake Terrace,WA,98043,QFC,00857,0001111012026,0001111012026,00001111012026,001111012026,Kroger,Kroger® Rugged + Reliable Paper Towels Double Plus Rolls BIG DEAL!,12 rolls,20.99,,20.99
2026-02-17T11:20:42Z,paper towels,70500857,Mountlake Terrace,WA,98043,QFC,00857,0001111013577,0001111013577,00001111013577,001111013577,Kroger,Kroger® Rugged + Reliable Paper Towels Double Rolls,4 rolls,7.49,,7.49
2026-02-17T11:20:42Z,paper towels,70500857,Mountlake Terrace,WA,98043,QFC,00857,0004200044588,0004200044588,00004200044588,004200044588,Brawny,Brawny® Tear-A-Square® 3-Ply Paper Towel Double Rolls,6 rolls,16.99,11.99,11.99
2026-02-17T11:20:42Z,paper towels,70500857,Mountlake Terrace,WA,98043,QFC,00857,0003077215703,0003077215703,00003077215703,003077215703,Bounty,Bounty Paper Towels Select-A-Size White 6 Double Rolls,6 rolls,14.99,,14.99
2026-02-17T11:20:42Z,paper towels,70500857,Mountlake Terrace,WA,98043,QFC,00857,0004200044600,0004200044600,00004200044600,004200044600,Brawny,Brawny® Tear-A-Square® 3-Ply Paper Towel Double Rolls,8 rolls,20.99,17.99,17.99
2026-02-17T11:20:42Z,paper towels,70500832,Mukilteo,WA,98275,QFC,00832,0003600049413,0003600049413,00003600049413,003600049413,Viva,Viva® Multi-Surface Cloth™ Paper Towels Single Rolls,6 rolls,12.49,9.49,9.49
2026-02-17T11:20:42Z,paper towels,70500832,Mukilteo,WA,98275,QFC,00832,0003077215712,0003077215712,00003077215712,003077215712,Bounty,Bounty Paper Towels Select-A-Size White 4 Double Rolls,4 rolls,11.99,,11.99
2026-02-17T11:20:42Z,paper towels,70500832,Mukilteo,WA,98275,QFC,00832,0003040022272,0003040022272,00003040022272,003040022272,Sparkle,Sparkle® Tear-A-Square® Customizable Sheet Size Paper Towels Double Rolls,2 rolls,4.99,,4.99
2026-02-17T11:20:42Z,paper towels,70500832,Mukilteo,WA,98275,QFC,00832,0003077216021,0003077216021,00003077216021,003077216021,Bounty,Bounty Paper Towels Full Sheet White 6 Double Rolls,6 rolls,14.99,,14.99
2026-02-17T11:20:42Z,paper towels,70500832,Mukilteo,WA,98275,QFC,00832,0003077216020,0003077216020,00003077216020,003077216020,Bounty,Bounty Paper Towels Select-A-Size White 6 Triple Rolls,6 rolls,23.99,19.99,19.99
2026-02-17T11:20:42Z,paper towels,70500832,Mukilteo,WA,98275,QFC,00832,0003077216042,0003077216042,00003077216042,003077216042,Bounty,Bounty Paper Towels Select-A-Size White 2 Triple Rolls,2 rolls,10.99,10.19,10.19
2026-02-17T11:20:42Z,paper towels,70500832,Mukilteo,WA,98275,QFC,00832,0003040022276,0003040022276,00003040022276,003040022276,Sparkle,Sparkle® Tear-A-Square® Paper Towel Double Rolls,6 rolls,10.99,7.49,7.49
2026-02-17T11:20:42Z,paper towels,70500832,Mukilteo,WA,98275,QFC,00832,0003077219274,0003077219274,00003077219274,003077219274,Bounty,Bounty Paper Towels Select-A-Size White 8 Double Plus Rolls,8 rolls,24.99,,24.99
2026-02-17T11:20:42Z,paper towels,70500832,Mukilteo,WA,98275,QFC,00832,0006366836201,0006366836201,00006366836201,006366836201,Green Forest,Green Forest Size-Your-Own Paper Towels 100% Recycled,1 roll,2.49,,2.49
2026-02-17T11:20:42Z,paper towels,70500832,Mukilteo,WA,98275,QFC,00832,0006366836203,0006366836203,00006366836203,006366836203,Green Forest,Green Forest 100% Recycled Size-Your-Own Paper Towels,3 pk,6.29,,6.29
2026-02-17T11:20:42Z,paper towels,70500832,Mukilteo,WA,98275,QFC,00832,0086001113901,0086001113901,00086001113901,086001113901,Reel,Reel® Premium Bamboo Paper Towels,6 ct,19.99,,19.99
2026-02-17T11:20:42Z,paper towels,70500832,Mukilteo,WA,98275,QFC,00832,0086001113900,0086001113900,00086001113900,086001113900,Reel,Reel® Premium Bamboo Paper Towel Triple Rolls,2 rolls,7.99,,7.99
2026-02-17T11:20:42Z,paper towels,70500832,Mukilteo,WA,98275,QFC,00832,0001111011984,0001111011984,00001111011984,001111011984,Kroger,Kroger® Rugged and Reliable Paper Towels Giant Rolls,10 rolls,13.49,,13.49
2026-02-17T11:20:42Z,paper towels,70500832,Mukilteo,WA,98275,QFC,00832,0003600038587,0003600038587,00003600038587,003600038587,Kleenex,"Kleenex® Disposable Paper Hand Towels, 1 Box, 60 Towels per Box",60 count,4.49,,4.49
2026-02-17T11:20:42Z,paper towels,70500832,Mukilteo,WA,98275,QFC,00832,0003600056532,0003600056532,00003600056532,003600056532,Viva,Viva® Signature Cloth™ Paper Towels Double Rolls,6 rolls,15.99,14.99,14.99
2026-02-17T11:20:42Z,paper towels,70500832,Mukilteo,WA,98275,QFC,00832,0004200044576,0004200044576,00004200044576,004200044576,Brawny,Brawny® Tear-A-Square® 3-Ply Paper Towel Triple Rolls,2 rolls,10.99,,10.99
2026-02-17T11:20:42Z,paper towels,70500832,Mukilteo,WA,98275,QFC,00832,0003600052499,0003600052499,00003600052499,003600052499,Viva,Viva Multi-Surface Cloth Paper Towels Double Rolls,8 rolls,17.99,15.99,15.99
2026-02-17T11:20:42Z,paper towels,70500832,Mukilteo,WA,98275,QFC,00832,0004200044658,0004200044658,00004200044658,004200044658,Brawny,Brawny® Full Sheet 3-Ply Paper Towel Double Rolls,6 rolls,16.99,11.99,11.99
2026-02-17T11:20:42Z,paper towels,70500832,Mukilteo,WA,98275,QFC,00832,0004200044579,0004200044579,00004200044579,004200044579,Brawny,Brawny® Tear-A-Square® 3-Ply Paper Towel Double Rolls,4 rolls,12.99,7.49,7.49
2026-02-17T11:20:42Z,paper towels,70500832,Mukilteo,WA,98275,QFC,00832,0001111016086,0001111016086,00001111016086,001111016086,Kroger,Kroger® Rugged + Reliable Paper Towels Double Rolls,4 rolls,7.99,,7.99
2026-02-17T11:20:42Z,paper towels,70500832,Mukilteo,WA,98275,QFC,00832,0001111016087,0001111016087,00001111016087,001111016087,Kroger,Kroger® Rugged + Reliable Paper Towels Giant Rolls,10 rolls,13.99,,13.99
2026-02-17T11:20:42Z,paper towels,70500832,Mukilteo,WA,98275,QFC,00832,0001111014184,0001111014184,00001111014184,001111014184,Kroger,Kroger® Ultra Paper Towels With Absorbing Power Triple Rolls,2 rolls,6.29,,6.29
2026-02-17T11:20:42Z,paper towels,70500832,Mukilteo,WA,98275,QFC,00832,0001111016088,0001111016088,00001111016088,001111016088,Kroger,Kroger® Rugged + Reliable Paper Towels Double Plus Rolls BIG DEAL!,12 ct,21.99,,21.99
2026-02-17T11:20:42Z,paper towels,70500832,Mukilteo,WA,98275,QFC,00832,0001111014185,0001111014185,00001111014185,001111014185,Kroger,Kroger® Ultra Paper Towels With Absorbing Power Double Rolls,4 rolls,10.99,,10.99
2026-02-17T11:20:42Z,paper towels,70500832,Mukilteo,WA,98275,QFC,00832,0003077216014,0003077216014,00003077216014,003077216014,Bounty,"Bounty Paper Towels Select-A-Size White, 8 Triple Rolls, 123 Sheets Per Roll",8 rolls,27.99,26.99,26.99
2026-02-17T11:20:42Z,paper towels,70500832,Mukilteo,WA,98275,QFC,00832,0001111014186,0001111014186,00001111014186,001111014186,Kroger,Kroger® Ultra Paper Towels With Absorbing Power Double Rolls,6 rolls,11.29,,11.29
2026-02-17T11:20:42Z,paper towels,70500832,Mukilteo,WA,98275,QFC,00832,0001111014187,0001111014187,00001111014187,001111014187,Kroger,Kroger® Ultra Absorbing Power Paper Towels Triple Rolls,8 ct,19.29,,19.29
2026-02-17T11:20:42Z,paper towels,70500832,Mukilteo,WA,98275,QFC,00832,0003077215664,0003077215664,00003077215664,003077215664,Bounty,Bounty Paper Towels Select-A-Size White 12 Double Plus Rolls,12 rolls,34.99,29.99,29.99
2026-02-17T11:20:42Z,paper towels,70500832,Mukilteo,WA,98275,QFC,00832,0003040022241,0003040022241,00003040022241,003040022241,Sparkle,Sparkle® Pick-A-Size® Paper Towel Double Rolls,8 rolls,14.99,,14.99
2026-02-17T11:20:42Z,paper towels,70500832,Mukilteo,WA,98275,QFC,00832,0003077216276,0003077216276,00003077216276,003077216276,Bounty,Bounty Paper Towels Select-A-Size Print 6 Double Rolls,6 rolls,14.99,,14.99
2026-02-17T11:20:42Z,paper towels,70500832,Mukilteo,WA,98275,QFC,00832,0001111010621,0001111010621,00001111010621,001111010621,Kroger,Kroger® Glimmer Select-A-Sheet Paper Towels Double Rolls,2 rolls,2.99,,2.99
2026-02-17T11:20:42Z,paper towels,70500832,Mukilteo,WA,98275,QFC,00832,0001111013577,0001111013577,00001111013577,001111013577,Kroger,Kroger® Rugged + Reliable Paper Towels Double Rolls,4 rolls,7.49,,7.49
2026-02-17T11:20:42Z,paper towels,70500832,Mukilteo,WA,98275,QFC,00832,0004200044588,0004200044588,00004200044588,004200044588,Brawny,Brawny® Tear-A-Square® 3-Ply Paper Towel Double Rolls,6 rolls,16.99,11.99,11.99
2026-02-17T11:20:42Z,paper towels,70500832,Mukilteo,WA,98275,QFC,00832,0003077215703,0003077215703,00003077215703,003077215703,Bounty,Bounty Paper Towels Select-A-Size White 6 Double Rolls,6 rolls,14.99,,14.99
2026-02-17T11:20:42Z,paper towels,70500832,Mukilteo,WA,98275,QFC,00832,0004200044600,0004200044600,00004200044600,004200044600,Brawny,Brawny® Tear-A-Square® 3-Ply Paper Towel Double Rolls,8 rolls,20.99,17.99,17.99
2026-02-17T11:20:42Z,paper towels,70500827,Newcastle,WA,98059,QFC,00827,0003600049413,0003600049413,00003600049413,003600049413,Viva,Viva® Multi-Surface Cloth™ Paper Towels Single Rolls,6 rolls,12.49,9.49,9.49
2026-02-17T11:20:42Z,paper towels,70500827,Newcastle,WA,98059,QFC,00827,0003077215712,0003077215712,00003077215712,003077215712,Bounty,Bounty Paper Towels Select-A-Size White 4 Double Rolls,4 rolls,11.99,,11.99
2026-02-17T11:20:42Z,paper towels,70500827,Newcastle,WA,98059,QFC,00827,0003040022272,0003040022272,00003040022272,003040022272,Sparkle,Sparkle® Tear-A-Square® Customizable Sheet Size Paper Towels Double Rolls,2 rolls,4.99,,4.99
2026-02-17T11:20:42Z,paper towels,70500827,Newcastle,WA,98059,QFC,00827,0003077216021,0003077216021,00003077216021,003077216021,Bounty,Bounty Paper Towels Full Sheet White 6 Double Rolls,6 rolls,14.99,,14.99
2026-02-17T11:20:42Z,paper towels,70500827,Newcastle,WA,98059,QFC,00827,0003077216042,0003077216042,00003077216042,003077216042,Bounty,Bounty Paper Towels Select-A-Size White 2 Triple Rolls,2 rolls,10.99,10.19,10.19
2026-02-17T11:20:42Z,paper towels,70500827,Newcastle,WA,98059,QFC,00827,0003077216020,0003077216020,00003077216020,003077216020,Bounty,Bounty Paper Towels Select-A-Size White 6 Triple Rolls,6 rolls,23.99,19.99,19.99
2026-02-17T11:20:42Z,paper towels,70500827,Newcastle,WA,98059,QFC,00827,0006366836201,0006366836201,00006366836201,006366836201,Green Forest,Green Forest Size-Your-Own Paper Towels 100% Recycled,1 roll,2.49,,2.49
2026-02-17T11:20:42Z,paper towels,70500827,Newcastle,WA,98059,QFC,00827,0006366836203,0006366836203,00006366836203,006366836203,Green Forest,Green Forest 100% Recycled Size-Your-Own Paper Towels,3 pk,6.29,,6.29
2026-02-17T11:20:42Z,paper towels,70500827,Newcastle,WA,98059,QFC,00827,0086001113900,0086001113900,00086001113900,086001113900,Reel,Reel® Premium Bamboo Paper Towel Triple Rolls,2 rolls,7.99,,7.99
2026-02-17T11:20:42Z,paper towels,70500827,Newcastle,WA,98059,QFC,00827,0001111011984,0001111011984,00001111011984,001111011984,Kroger,Kroger® Rugged and Reliable Paper Towels Giant Rolls,10 rolls,13.49,,13.49
2026-02-17T11:20:42Z,paper towels,70500827,Newcastle,WA,98059,QFC,00827,0003600056532,0003600056532,00003600056532,003600056532,Viva,Viva® Signature Cloth™ Paper Towels Double Rolls,6 rolls,15.99,14.99,14.99
2026-02-17T11:20:42Z,paper towels,70500827,Newcastle,WA,98059,QFC,00827,0003600038587,0003600038587,00003600038587,003600038587,Kleenex,"Kleenex® Disposable Paper Hand Towels, 1 Box, 60 Towels per Box",60 count,4.49,,4.49
2026-02-17T11:20:42Z,paper towels,70500827,Newcastle,WA,98059,QFC,00827,0004200044579,0004200044579,00004200044579,004200044579,Brawny,Brawny® Tear-A-Square® 3-Ply Paper Towel Double Rolls,4 rolls,12.99,7.49,7.49
2026-02-17T11:20:42Z,paper towels,70500827,Newcastle,WA,98059,QFC,00827,0001111016086,0001111016086,00001111016086,001111016086,Kroger,Kroger® Rugged + Reliable Paper Towels Double Rolls,4 rolls,7.99,,7.99
2026-02-17T11:20:42Z,paper towels,70500827,Newcastle,WA,98059,QFC,00827,0001111016087,0001111016087,00001111016087,001111016087,Kroger,Kroger® Rugged + Reliable Paper Towels Giant Rolls,10 rolls,13.99,,13.99
2026-02-17T11:20:42Z,paper towels,70500827,Newcastle,WA,98059,QFC,00827,0001111014184,0001111014184,00001111014184,001111014184,Kroger,Kroger® Ultra Paper Towels With Absorbing Power Triple Rolls,2 rolls,6.29,,6.29
2026-02-17T11:20:42Z,paper towels,70500827,Newcastle,WA,98059,QFC,00827,0001111016088,0001111016088,00001111016088,001111016088,Kroger,Kroger® Rugged + Reliable Paper Towels Double Plus Rolls BIG DEAL!,12 ct,21.99,,21.99
2026-02-17T11:20:42Z,paper towels,70500827,Newcastle,WA,98059,QFC,00827,0001111014185,0001111014185,00001111014185,001111014185,Kroger,Kroger® Ultra Paper Towels With Absorbing Power Double Rolls,4 rolls,10.99,,10.99
2026-02-17T11:20:42Z,paper towels,70500827,Newcastle,WA,98059,QFC,00827,0001111014186,0001111014186,00001111014186,001111014186,Kroger,Kroger® Ultra Paper Towels With Absorbing Power Double Rolls,6 rolls,11.29,,11.29
2026-02-17T11:20:42Z,paper towels,70500827,Newcastle,WA,98059,QFC,00827,0003077216014,0003077216014,00003077216014,003077216014,Bounty,"Bounty Paper Towels Select-A-Size White, 8 Triple Rolls, 123 Sheets Per Roll",8 rolls,27.99,26.99,26.99
2026-02-17T11:20:42Z,paper towels,70500827,Newcastle,WA,98059,QFC,00827,0001111014187,0001111014187,00001111014187,001111014187,Kroger,Kroger® Ultra Absorbing Power Paper Towels Triple Rolls,8 ct,19.29,,19.29
2026-02-17T11:20:42Z,paper towels,70500827,Newcastle,WA,98059,QFC,00827,0003040022241,0003040022241,00003040022241,003040022241,Sparkle,Sparkle® Pick-A-Size® Paper Towel Double Rolls,8 rolls,14.99,,14.99
2026-02-17T11:20:42Z,paper towels,70500827,Newcastle,WA,98059,QFC,00827,0001111010621,0001111010621,00001111010621,001111010621,Kroger,Kroger® Glimmer Select-A-Sheet Paper Towels Double Rolls,2 rolls,2.99,,2.99
2026-02-17T11:20:42Z,paper towels,70500827,Newcastle,WA,98059,QFC,00827,0001111012026,0001111012026,00001111012026,001111012026,Kroger,Kroger® Rugged + Reliable Paper Towels Double Plus Rolls BIG DEAL!,12 rolls,20.99,,20.99
2026-02-17T11:20:42Z,paper towels,70500827,Newcastle,WA,98059,QFC,00827,0004200044588,0004200044588,00004200044588,004200044588,Brawny,Brawny® Tear-A-Square® 3-Ply Paper Towel Double Rolls,6 rolls,16.99,11.99,11.99
2026-02-17T11:20:42Z,paper towels,70500827,Newcastle,WA,98059,QFC,00827,0003077215703,0003077215703,00003077215703,003077215703,Bounty,Bounty Paper Towels Select-A-Size White 6 Double Rolls,6 rolls,14.99,,14.99
2026-02-17T11:20:42Z,paper towels,70500805,Normandy Park,WA,98148,QFC,00805,0003077215712,0003077215712,00003077215712,003077215712,Bounty,Bounty Paper Towels Select-A-Size White 4 Double Rolls,4 rolls,11.99,,11.99
2026-02-17T11:20:42Z,paper towels,70500805,Normandy Park,WA,98148,QFC,00805,0003600049413,0003600049413,00003600049413,003600049413,Viva,Viva® Multi-Surface Cloth™ Paper Towels Single Rolls,6 rolls,12.49,9.49,9.49
2026-02-17T11:20:42Z,paper towels,70500805,Normandy Park,WA,98148,QFC,00805,0003040022272,0003040022272,00003040022272,003040022272,Sparkle,Sparkle® Tear-A-Square® Customizable Sheet Size Paper Towels Double Rolls,2 rolls,4.99,,4.99
2026-02-17T11:20:42Z,paper towels,70500805,Normandy Park,WA,98148,QFC,00805,0003077216021,0003077216021,00003077216021,003077216021,Bounty,Bounty Paper Towels Full Sheet White 6 Double Rolls,6 rolls,14.99,,14.99
2026-02-17T11:20:42Z,paper towels,70500805,Normandy Park,WA,98148,QFC,00805,0003077216020,0003077216020,00003077216020,003077216020,Bounty,Bounty Paper Towels Select-A-Size White 6 Triple Rolls,6 rolls,23.99,19.99,19.99
2026-02-17T11:20:42Z,paper towels,70500805,Normandy Park,WA,98148,QFC,00805,0003077216042,0003077216042,00003077216042,003077216042,Bounty,Bounty Paper Towels Select-A-Size White 2 Triple Rolls,2 rolls,10.99,10.19,10.19
2026-02-17T11:20:42Z,paper towels,70500805,Normandy Park,WA,98148,QFC,00805,0003040022276,0003040022276,00003040022276,003040022276,Sparkle,Sparkle® Tear-A-Square® Paper Towel Double Rolls,6 rolls,10.99,7.49,7.49
2026-02-17T11:20:42Z,paper towels,70500805,Normandy Park,WA,98148,QFC,00805,0003077219274,0003077219274,00003077219274,003077219274,Bounty,Bounty Paper Towels Select-A-Size White 8 Double Plus Rolls,8 rolls,24.99,,24.99
2026-02-17T11:20:42Z,paper towels,70500805,Normandy Park,WA,98148,QFC,00805,0006366836201,0006366836201,00006366836201,006366836201,Green Forest,Green Forest Size-Your-Own Paper Towels 100% Recycled,1 roll,2.49,,2.49
2026-02-17T11:20:42Z,paper towels,70500805,Normandy Park,WA,98148,QFC,00805,0006366836203,0006366836203,00006366836203,006366836203,Green Forest,Green Forest 100% Recycled Size-Your-Own Paper Towels,3 pk,6.29,,6.29
2026-02-17T11:20:42Z,paper towels,70500805,Normandy Park,WA,98148,QFC,00805,0086001113901,0086001113901,00086001113901,086001113901,Reel,Reel® Premium Bamboo Paper Towels,6 ct,19.99,,19.99
2026-02-17T11:20:42Z,paper towels,70500805,Normandy Park,WA,98148,QFC,00805,0086001113900,0086001113900,00086001113900,086001113900,Reel,Reel® Premium Bamboo Paper Towel Triple Rolls,2 rolls,7.99,,7.99
2026-02-17T11:20:42Z,paper towels,70500805,Normandy Park,WA,98148,QFC,00805,0001111011984,0001111011984,00001111011984,001111011984,Kroger,Kroger® Rugged and Reliable Paper Towels Giant Rolls,10 rolls,13.49,,13.49
2026-02-17T11:20:42Z,paper towels,70500805,Normandy Park,WA,98148,QFC,00805,0003600056532,0003600056532,00003600056532,003600056532,Viva,Viva® Signature Cloth™ Paper Towels Double Rolls,6 rolls,15.99,14.99,14.99
2026-02-17T11:20:42Z,paper towels,70500805,Normandy Park,WA,98148,QFC,00805,0003600038587,0003600038587,00003600038587,003600038587,Kleenex,"Kleenex® Disposable Paper Hand Towels, 1 Box, 60 Towels per Box",60 count,4.49,,4.49
2026-02-17T11:20:42Z,paper towels,70500805,Normandy Park,WA,98148,QFC,00805,0004200044576,0004200044576,00004200044576,004200044576,Brawny,Brawny® Tear-A-Square® 3-Ply Paper Towel Triple Rolls,2 rolls,10.99,,10.99
2026-02-17T11:20:42Z,paper towels,70500805,Normandy Park,WA,98148,QFC,00805,0003600056535,0003600056535,00003600056535,003600056535,Viva,Viva Signature Cloth Paper Towels Double Rolls,12 rolls,23.49,,23.49
2026-02-17T11:20:42Z,paper towels,70500805,Normandy Park,WA,98148,QFC,00805,0003600052499,0003600052499,00003600052499,003600052499,Viva,Viva Multi-Surface Cloth Paper Towels Double Rolls,8 rolls,17.99,15.99,15.99
2026-02-17T11:20:42Z,paper towels,70500805,Normandy Park,WA,98148,QFC,00805,0004200044658,0004200044658,00004200044658,004200044658,Brawny,Brawny® Full Sheet 3-Ply Paper Towel Double Rolls,6 rolls,16.99,11.99,11.99
2026-02-17T11:20:42Z,paper towels,70500805,Normandy Park,WA,98148,QFC,00805,0004200044579,0004200044579,00004200044579,004200044579,Brawny,Brawny® Tear-A-Square® 3-Ply Paper Towel Double Rolls,4 rolls,12.99,7.49,7.49
2026-02-17T11:20:42Z,paper towels,70500805,Normandy Park,WA,98148,QFC,00805,0001111016086,0001111016086,00001111016086,001111016086,Kroger,Kroger® Rugged + Reliable Paper Towels Double Rolls,4 rolls,7.99,,7.99
2026-02-17T11:20:42Z,paper towels,70500805,Normandy Park,WA,98148,QFC,00805,0001111014184,0001111014184,00001111014184,001111014184,Kroger,Kroger® Ultra Paper Towels With Absorbing Power Triple Rolls,2 rolls,6.29,,6.29
2026-02-17T11:20:42Z,paper towels,70500805,Normandy Park,WA,98148,QFC,00805,0001111016087,0001111016087,00001111016087,001111016087,Kroger,Kroger® Rugged + Reliable Paper Towels Giant Rolls,10 rolls,13.99,,13.99
2026-02-17T11:20:42Z,paper towels,70500805,Normandy Park,WA,98148,QFC,00805,0001111014185,0001111014185,00001111014185,001111014185,Kroger,Kroger® Ultra Paper Towels With Absorbing Power Double Rolls,4 rolls,10.99,,10.99
2026-02-17T11:20:42Z,paper towels,70500805,Normandy Park,WA,98148,QFC,00805,0001111016088,0001111016088,00001111016088,001111016088,Kroger,Kroger® Rugged + Reliable Paper Towels Double Plus Rolls BIG DEAL!,12 ct,21.99,,21.99
2026-02-17T11:20:42Z,paper towels,70500805,Normandy Park,WA,98148,QFC,00805,0001111014186,0001111014186,00001111014186,001111014186,Kroger,Kroger® Ultra Paper Towels With Absorbing Power Double Rolls,6 rolls,11.29,,11.29
2026-02-17T11:20:42Z,paper towels,70500805,Normandy Park,WA,98148,QFC,00805,0003077216014,0003077216014,00003077216014,003077216014,Bounty,"Bounty Paper Towels Select-A-Size White, 8 Triple Rolls, 123 Sheets Per Roll",8 rolls,27.99,26.99,26.99
2026-02-17T11:20:42Z,paper towels,70500805,Normandy Park,WA,98148,QFC,00805,0001111014187,0001111014187,00001111014187,001111014187,Kroger,Kroger® Ultra Absorbing Power Paper Towels Triple Rolls,8 ct,19.29,,19.29
2026-02-17T11:20:42Z,paper towels,70500805,Normandy Park,WA,98148,QFC,00805,0003077215664,0003077215664,00003077215664,003077215664,Bounty,Bounty Paper Towels Select-A-Size White 12 Double Plus Rolls,12 rolls,34.99,29.99,29.99
2026-02-17T11:20:42Z,paper towels,70500805,Normandy Park,WA,98148,QFC,00805,0003040022241,0003040022241,00003040022241,003040022241,Sparkle,Sparkle® Pick-A-Size® Paper Towel Double Rolls,8 rolls,14.99,,14.99
2026-02-17T11:20:42Z,paper towels,70500805,Normandy Park,WA,98148,QFC,00805,0003077216276,0003077216276,00003077216276,003077216276,Bounty,Bounty Paper Towels Select-A-Size Print 6 Double Rolls,6 rolls,14.99,,14.99
2026-02-17T11:20:42Z,paper towels,70500805,Normandy Park,WA,98148,QFC,00805,0001111010621,0001111010621,00001111010621,001111010621,Kroger,Kroger® Glimmer Select-A-Sheet Paper Towels Double Rolls,2 rolls,2.99,,2.99
2026-02-17T11:20:42Z,paper towels,70500805,Normandy Park,WA,98148,QFC,00805,0001111012026,0001111012026,00001111012026,001111012026,Kroger,Kroger® Rugged + Reliable Paper Towels Double Plus Rolls BIG DEAL!,12 rolls,20.99,,20.99
2026-02-17T11:20:42Z,paper towels,70500805,Normandy Park,WA,98148,QFC,00805,0004200044588,0004200044588,00004200044588,004200044588,Brawny,Brawny® Tear-A-Square® 3-Ply Paper Towel Double Rolls,6 rolls,16.99,11.99,11.99
2026-02-17T11:20:42Z,paper towels,70500805,Normandy Park,WA,98148,QFC,00805,0003077215703,0003077215703,00003077215703,003077215703,Bounty,Bounty Paper Towels Select-A-Size White 6 Double Rolls,6 rolls,14.99,,14.99
2026-02-17T11:20:42Z,paper towels,70500805,Normandy Park,WA,98148,QFC,00805,0004200044600,0004200044600,00004200044600,004200044600,Brawny,Brawny® Tear-A-Square® 3-Ply Paper Towel Double Rolls,8 rolls,20.99,17.99,17.99
2026-02-17T11:20:42Z,paper towels,70500829,North Bend,WA,98045,QFC,00829,0003077215712,0003077215712,00003077215712,003077215712,Bounty,Bounty Paper Towels Select-A-Size White 4 Double Rolls,4 rolls,11.99,,11.99
2026-02-17T11:20:42Z,paper towels,70500829,North Bend,WA,98045,QFC,00829,0003600049413,0003600049413,00003600049413,003600049413,Viva,Viva® Multi-Surface Cloth™ Paper Towels Single Rolls,6 rolls,12.49,9.49,9.49
2026-02-17T11:20:42Z,paper towels,70500829,North Bend,WA,98045,QFC,00829,0003040022272,0003040022272,00003040022272,003040022272,Sparkle,Sparkle® Tear-A-Square® Customizable Sheet Size Paper Towels Double Rolls,2 rolls,4.99,,4.99
2026-02-17T11:20:42Z,paper towels,70500829,North Bend,WA,98045,QFC,00829,0003077216021,0003077216021,00003077216021,003077216021,Bounty,Bounty Paper Towels Full Sheet White 6 Double Rolls,6 rolls,14.99,,14.99
2026-02-17T11:20:42Z,paper towels,70500829,North Bend,WA,98045,QFC,00829,0003077216042,0003077216042,00003077216042,003077216042,Bounty,Bounty Paper Towels Select-A-Size White 2 Triple Rolls,2 rolls,10.99,10.19,10.19
2026-02-17T11:20:42Z,paper towels,70500829,North Bend,WA,98045,QFC,00829,0003077216020,0003077216020,00003077216020,003077216020,Bounty,Bounty Paper Towels Select-A-Size White 6 Triple Rolls,6 rolls,23.99,19.99,19.99
2026-02-17T11:20:42Z,paper towels,70500829,North Bend,WA,98045,QFC,00829,0003040022276,0003040022276,00003040022276,003040022276,Sparkle,Sparkle® Tear-A-Square® Paper Towel Double Rolls,6 rolls,10.99,7.49,7.49
2026-02-17T11:20:42Z,paper towels,70500829,North Bend,WA,98045,QFC,00829,0006366836201,0006366836201,00006366836201,006366836201,Green Forest,Green Forest Size-Your-Own Paper Towels 100% Recycled,1 roll,2.49,,2.49
2026-02-17T11:20:42Z,paper towels,70500829,North Bend,WA,98045,QFC,00829,0003077219274,0003077219274,00003077219274,003077219274,Bounty,Bounty Paper Towels Select-A-Size White 8 Double Plus Rolls,8 rolls,24.99,,24.99
2026-02-17T11:20:42Z,paper towels,70500829,North Bend,WA,98045,QFC,00829,0006366836203,0006366836203,00006366836203,006366836203,Green Forest,Green Forest 100% Recycled Size-Your-Own Paper Towels,3 pk,6.29,,6.29
2026-02-17T11:20:42Z,paper towels,70500829,North Bend,WA,98045,QFC,00829,0086001113901,0086001113901,00086001113901,086001113901,Reel,Reel® Premium Bamboo Paper Towels,6 ct,19.99,,19.99
2026-02-17T11:20:42Z,paper towels,70500829,North Bend,WA,98045,QFC,00829,0086001113900,0086001113900,00086001113900,086001113900,Reel,Reel® Premium Bamboo Paper Towel Triple Rolls,2 rolls,7.99,,7.99
2026-02-17T11:20:42Z,paper towels,70500829,North Bend,WA,98045,QFC,00829,0001111011984,0001111011984,00001111011984,001111011984,Kroger,Kroger® Rugged and Reliable Paper Towels Giant Rolls,10 rolls,13.49,,13.49
2026-02-17T11:20:42Z,paper towels,70500829,North Bend,WA,98045,QFC,00829,0003600056532,0003600056532,00003600056532,003600056532,Viva,Viva® Signature Cloth™ Paper Towels Double Rolls,6 rolls,15.99,14.99,14.99
2026-02-17T11:20:42Z,paper towels,70500829,North Bend,WA,98045,QFC,00829,0003600038587,0003600038587,00003600038587,003600038587,Kleenex,"Kleenex® Disposable Paper Hand Towels, 1 Box, 60 Towels per Box",60 count,4.49,,4.49
2026-02-17T11:20:42Z,paper towels,70500829,North Bend,WA,98045,QFC,00829,0004200044576,0004200044576,00004200044576,004200044576,Brawny,Brawny® Tear-A-Square® 3-Ply Paper Towel Triple Rolls,2 rolls,10.99,,10.99
2026-02-17T11:20:42Z,paper towels,70500829,North Bend,WA,98045,QFC,00829,0003600052499,0003600052499,00003600052499,003600052499,Viva,Viva Multi-Surface Cloth Paper Towels Double Rolls,8 rolls,17.99,15.99,15.99
2026-02-17T11:20:42Z,paper towels,70500829,North Bend,WA,98045,QFC,00829,0004200044658,0004200044658,00004200044658,004200044658,Brawny,Brawny® Full Sheet 3-Ply Paper Towel Double Rolls,6 rolls,16.99,11.99,11.99
2026-02-17T11:20:42Z,paper towels,70500829,North Bend,WA,98045,QFC,00829,0004200044579,0004200044579,00004200044579,004200044579,Brawny,Brawny® Tear-A-Square® 3-Ply Paper Towel Double Rolls,4 rolls,12.99,7.49,7.49
2026-02-17T11:20:42Z,paper towels,70500829,North Bend,WA,98045,QFC,00829,0001111016086,0001111016086,00001111016086,001111016086,Kroger,Kroger® Rugged + Reliable Paper Towels Double Rolls,4 rolls,7.99,,7.99
2026-02-17T11:20:42Z,paper towels,70500829,North Bend,WA,98045,QFC,00829,0001111014184,0001111014184,00001111014184,001111014184,Kroger,Kroger® Ultra Paper Towels With Absorbing Power Triple Rolls,2 rolls,6.29,,6.29
2026-02-17T11:20:42Z,paper towels,70500829,North Bend,WA,98045,QFC,00829,0001111016087,0001111016087,00001111016087,001111016087,Kroger,Kroger® Rugged + Reliable Paper Towels Giant Rolls,10 rolls,13.99,,13.99
2026-02-17T11:20:42Z,paper towels,70500829,North Bend,WA,98045,QFC,00829,0001111014185,0001111014185,00001111014185,001111014185,Kroger,Kroger® Ultra Paper Towels With Absorbing Power Double Rolls,4 rolls,10.99,,10.99
2026-02-17T11:20:42Z,paper towels,70500829,North Bend,WA,98045,QFC,00829,0003077216014,0003077216014,00003077216014,003077216014,Bounty,"Bounty Paper Towels Select-A-Size White, 8 Triple Rolls, 123 Sheets Per Roll",8 rolls,27.99,26.99,26.99
2026-02-17T11:20:42Z,paper towels,70500829,North Bend,WA,98045,QFC,00829,0001111014186,0001111014186,00001111014186,001111014186,Kroger,Kroger® Ultra Paper Towels With Absorbing Power Double Rolls,6 rolls,11.29,,11.29
2026-02-17T11:20:42Z,paper towels,70500829,North Bend,WA,98045,QFC,00829,0001111014187,0001111014187,00001111014187,001111014187,Kroger,Kroger® Ultra Absorbing Power Paper Towels Triple Rolls,8 ct,19.29,,19.29
2026-02-17T11:20:42Z,paper towels,70500829,North Bend,WA,98045,QFC,00829,0003077215664,0003077215664,00003077215664,003077215664,Bounty,Bounty Paper Towels Select-A-Size White 12 Double Plus Rolls,12 rolls,34.99,29.99,29.99
2026-02-17T11:20:42Z,paper towels,70500829,North Bend,WA,98045,QFC,00829,0003040022241,0003040022241,00003040022241,003040022241,Sparkle,Sparkle® Pick-A-Size® Paper Towel Double Rolls,8 rolls,14.99,,14.99
2026-02-17T11:20:42Z,paper towels,70500829,North Bend,WA,98045,QFC,00829,0003077216276,0003077216276,00003077216276,003077216276,Bounty,Bounty Paper Towels Select-A-Size Print 6 Double Rolls,6 rolls,14.99,,14.99
2026-02-17T11:20:42Z,paper towels,70500829,North Bend,WA,98045,QFC,00829,0001111010621,0001111010621,00001111010621,001111010621,Kroger,Kroger® Glimmer Select-A-Sheet Paper Towels Double Rolls,2 rolls,2.99,,2.99
2026-02-17T11:20:42Z,paper towels,70500829,North Bend,WA,98045,QFC,00829,0003077215703,0003077215703,00003077215703,003077215703,Bounty,Bounty Paper Towels Select-A-Size White 6 Double Rolls,6 rolls,14.99,,14.99
2026-02-17T11:20:42Z,paper towels,70500829,North Bend,WA,98045,QFC,00829,0004200044600,0004200044600,00004200044600,004200044600,Brawny,Brawny® Tear-A-Square® 3-Ply Paper Towel Double Rolls,8 rolls,20.99,17.99,17.99
2026-02-17T11:20:42Z,paper towels,70500870,Port Hadlock,WA,98339,QFC,00870,0003077215712,0003077215712,00003077215712,003077215712,Bounty,Bounty Paper Towels Select-A-Size White 4 Double Rolls,4 rolls,11.99,,11.99
2026-02-17T11:20:42Z,paper towels,70500870,Port Hadlock,WA,98339,QFC,00870,0003600049413,0003600049413,00003600049413,003600049413,Viva,Viva® Multi-Surface Cloth™ Paper Towels Single Rolls,6 rolls,12.49,9.49,9.49
2026-02-17T11:20:42Z,paper towels,70500870,Port Hadlock,WA,98339,QFC,00870,0003040022272,0003040022272,00003040022272,003040022272,Sparkle,Sparkle® Tear-A-Square® Customizable Sheet Size Paper Towels Double Rolls,2 rolls,4.99,,4.99
2026-02-17T11:20:42Z,paper towels,70500870,Port Hadlock,WA,98339,QFC,00870,0003077216021,0003077216021,00003077216021,003077216021,Bounty,Bounty Paper Towels Full Sheet White 6 Double Rolls,6 rolls,14.99,,14.99
2026-02-17T11:20:42Z,paper towels,70500870,Port Hadlock,WA,98339,QFC,00870,0003077216020,0003077216020,00003077216020,003077216020,Bounty,Bounty Paper Towels Select-A-Size White 6 Triple Rolls,6 rolls,23.99,19.99,19.99
2026-02-17T11:20:42Z,paper towels,70500870,Port Hadlock,WA,98339,QFC,00870,0003077216042,0003077216042,00003077216042,003077216042,Bounty,Bounty Paper Towels Select-A-Size White 2 Triple Rolls,2 rolls,10.99,10.19,10.19
2026-02-17T11:20:42Z,paper towels,70500870,Port Hadlock,WA,98339,QFC,00870,0003040022276,0003040022276,00003040022276,003040022276,Sparkle,Sparkle® Tear-A-Square® Paper Towel Double Rolls,6 rolls,10.99,7.49,7.49
2026-02-17T11:20:42Z,paper towels,70500870,Port Hadlock,WA,98339,QFC,00870,0003077219274,0003077219274,00003077219274,003077219274,Bounty,Bounty Paper Towels Select-A-Size White 8 Double Plus Rolls,8 rolls,24.99,,24.99
2026-02-17T11:20:42Z,paper towels,70500870,Port Hadlock,WA,98339,QFC,00870,0006366836201,0006366836201,00006366836201,006366836201,Green Forest,Green Forest Size-Your-Own Paper Towels 100% Recycled,1 roll,2.49,,2.49
2026-02-17T11:20:42Z,paper towels,70500870,Port Hadlock,WA,98339,QFC,00870,0006366836203,0006366836203,00006366836203,006366836203,Green Forest,Green Forest 100% Recycled Size-Your-Own Paper Towels,3 pk,6.29,,6.29
2026-02-17T11:20:42Z,paper towels,70500870,Port Hadlock,WA,98339,QFC,00870,0086001113901,0086001113901,00086001113901,086001113901,Reel,Reel® Premium Bamboo Paper Towels,6 ct,19.99,,19.99
2026-02-17T11:20:42Z,paper towels,70500870,Port Hadlock,WA,98339,QFC,00870,0086001113900,0086001113900,00086001113900,086001113900,Reel,Reel® Premium Bamboo Paper Towel Triple Rolls,2 rolls,7.99,,7.99
2026-02-17T11:20:42Z,paper towels,70500870,Port Hadlock,WA,98339,QFC,00870,0001111011984,0001111011984,00001111011984,001111011984,Kroger,Kroger® Rugged and Reliable Paper Towels Giant Rolls,10 rolls,13.49,,13.49
2026-02-17T11:20:42Z,paper towels,70500870,Port Hadlock,WA,98339,QFC,00870,0003600056532,0003600056532,00003600056532,003600056532,Viva,Viva® Signature Cloth™ Paper Towels Double Rolls,6 rolls,15.99,14.99,14.99
2026-02-17T11:20:42Z,paper towels,70500870,Port Hadlock,WA,98339,QFC,00870,0003600038587,0003600038587,00003600038587,003600038587,Kleenex,"Kleenex® Disposable Paper Hand Towels, 1 Box, 60 Towels per Box",60 count,4.49,,4.49
2026-02-17T11:20:42Z,paper towels,70500870,Port Hadlock,WA,98339,QFC,00870,0003600052499,0003600052499,00003600052499,003600052499,Viva,Viva Multi-Surface Cloth Paper Towels Double Rolls,8 rolls,17.99,15.99,15.99
2026-02-17T11:20:42Z,paper towels,70500870,Port Hadlock,WA,98339,QFC,00870,0004200044579,0004200044579,00004200044579,004200044579,Brawny,Brawny® Tear-A-Square® 3-Ply Paper Towel Double Rolls,4 rolls,12.99,7.49,7.49
2026-02-17T11:20:42Z,paper towels,70500870,Port Hadlock,WA,98339,QFC,00870,0001111016086,0001111016086,00001111016086,001111016086,Kroger,Kroger® Rugged + Reliable Paper Towels Double Rolls,4 rolls,7.99,,7.99
2026-02-17T11:20:42Z,paper towels,70500870,Port Hadlock,WA,98339,QFC,00870,0001111014184,0001111014184,00001111014184,001111014184,Kroger,Kroger® Ultra Paper Towels With Absorbing Power Triple Rolls,2 rolls,6.29,,6.29
2026-02-17T11:20:42Z,paper towels,70500870,Port Hadlock,WA,98339,QFC,00870,0001111016087,0001111016087,00001111016087,001111016087,Kroger,Kroger® Rugged + Reliable Paper Towels Giant Rolls,10 rolls,13.99,,13.99
2026-02-17T11:20:42Z,paper towels,70500870,Port Hadlock,WA,98339,QFC,00870,0001111016088,0001111016088,00001111016088,001111016088,Kroger,Kroger® Rugged + Reliable Paper Towels Double Plus Rolls BIG DEAL!,12 ct,21.99,,21.99
2026-02-17T11:20:42Z,paper towels,70500870,Port Hadlock,WA,98339,QFC,00870,0001111014185,0001111014185,00001111014185,001111014185,Kroger,Kroger® Ultra Paper Towels With Absorbing Power Double Rolls,4 rolls,10.99,,10.99
2026-02-17T11:20:42Z,paper towels,70500870,Port Hadlock,WA,98339,QFC,00870,0003077216014,0003077216014,00003077216014,003077216014,Bounty,"Bounty Paper Towels Select-A-Size White, 8 Triple Rolls, 123 Sheets Per Roll",8 rolls,27.99,26.99,26.99
2026-02-17T11:20:42Z,paper towels,70500870,Port Hadlock,WA,98339,QFC,00870,0001111014186,0001111014186,00001111014186,001111014186,Kroger,Kroger® Ultra Paper Towels With Absorbing Power Double Rolls,6 rolls,11.29,,11.29
2026-02-17T11:20:42Z,paper towels,70500870,Port Hadlock,WA,98339,QFC,00870,0001111014187,0001111014187,00001111014187,001111014187,Kroger,Kroger® Ultra Absorbing Power Paper Towels Triple Rolls,8 ct,19.29,,19.29
2026-02-17T11:20:42Z,paper towels,70500870,Port Hadlock,WA,98339,QFC,00870,0003040022241,0003040022241,00003040022241,003040022241,Sparkle,Sparkle® Pick-A-Size® Paper Towel Double Rolls,8 rolls,14.99,,14.99
2026-02-17T11:20:42Z,paper towels,70500870,Port Hadlock,WA,98339,QFC,00870,0001111010621,0001111010621,00001111010621,001111010621,Kroger,Kroger® Glimmer Select-A-Sheet Paper Towels Double Rolls,2 rolls,2.99,,2.99
2026-02-17T11:20:42Z,paper towels,70500870,Port Hadlock,WA,98339,QFC,00870,0001111013577,0001111013577,00001111013577,001111013577,Kroger,Kroger® Rugged + Reliable Paper Towels Double Rolls,4 rolls,7.49,,7.49
2026-02-17T11:20:42Z,paper towels,70500870,Port Hadlock,WA,98339,QFC,00870,0004200044588,0004200044588,00004200044588,004200044588,Brawny,Brawny® Tear-A-Square® 3-Ply Paper Towel Double Rolls,6 rolls,16.99,11.99,11.99
2026-02-17T11:20:42Z,paper towels,70500870,Port Hadlock,WA,98339,QFC,00870,0003077215703,0003077215703,00003077215703,003077215703,Bounty,Bounty Paper Towels Select-A-Size White 6 Double Rolls,6 rolls,14.99,,14.99
2026-02-17T11:20:42Z,paper towels,70500870,Port Hadlock,WA,98339,QFC,00870,0004200044600,0004200044600,00004200044600,004200044600,Brawny,Brawny® Tear-A-Square® 3-Ply Paper Towel Double Rolls,8 rolls,20.99,17.99,17.99
2026-02-17T11:20:42Z,paper towels,70500106,Port Townsend,WA,98368,QFC,00106,0003077215712,0003077215712,00003077215712,003077215712,Bounty,Bounty Paper Towels Select-A-Size White 4 Double Rolls,4 rolls,11.99,,11.99
2026-02-17T11:20:42Z,paper towels,70500106,Port Townsend,WA,98368,QFC,00106,0003600049413,0003600049413,00003600049413,003600049413,Viva,Viva® Multi-Surface Cloth™ Paper Towels Single Rolls,6 rolls,12.49,9.49,9.49
2026-02-17T11:20:42Z,paper towels,70500106,Port Townsend,WA,98368,QFC,00106,0003040022272,0003040022272,00003040022272,003040022272,Sparkle,Sparkle® Tear-A-Square® Customizable Sheet Size Paper Towels Double Rolls,2 rolls,4.99,,4.99
2026-02-17T11:20:42Z,paper towels,70500106,Port Townsend,WA,98368,QFC,00106,0003077216021,0003077216021,00003077216021,003077216021,Bounty,Bounty Paper Towels Full Sheet White 6 Double Rolls,6 rolls,14.99,,14.99
2026-02-17T11:20:42Z,paper towels,70500106,Port Townsend,WA,98368,QFC,00106,0003077216020,0003077216020,00003077216020,003077216020,Bounty,Bounty Paper Towels Select-A-Size White 6 Triple Rolls,6 rolls,23.99,19.99,19.99
2026-02-17T11:20:42Z,paper towels,70500106,Port Townsend,WA,98368,QFC,00106,0003077216042,0003077216042,00003077216042,003077216042,Bounty,Bounty Paper Towels Select-A-Size White 2 Triple Rolls,2 rolls,10.99,10.19,10.19
2026-02-17T11:20:42Z,paper towels,70500106,Port Townsend,WA,98368,QFC,00106,0003040022276,0003040022276,00003040022276,003040022276,Sparkle,Sparkle® Tear-A-Square® Paper Towel Double Rolls,6 rolls,10.99,7.49,7.49
2026-02-17T11:20:42Z,paper towels,70500106,Port Townsend,WA,98368,QFC,00106,0006366836201,0006366836201,00006366836201,006366836201,Green Forest,Green Forest Size-Your-Own Paper Towels 100% Recycled,1 roll,2.49,,2.49
2026-02-17T11:20:42Z,paper towels,70500106,Port Townsend,WA,98368,QFC,00106,0003077219274,0003077219274,00003077219274,003077219274,Bounty,Bounty Paper Towels Select-A-Size White 8 Double Plus Rolls,8 rolls,24.99,,24.99
2026-02-17T11:20:42Z,paper towels,70500106,Port Townsend,WA,98368,QFC,00106,0006366836203,0006366836203,00006366836203,006366836203,Green Forest,Green Forest 100% Recycled Size-Your-Own Paper Towels,3 pk,6.29,,6.29
2026-02-17T11:20:42Z,paper towels,70500106,Port Townsend,WA,98368,QFC,00106,0086001113901,0086001113901,00086001113901,086001113901,Reel,Reel® Premium Bamboo Paper Towels,6 ct,19.99,,19.99
2026-02-17T11:20:42Z,paper towels,70500106,Port Townsend,WA,98368,QFC,00106,0086001113900,0086001113900,00086001113900,086001113900,Reel,Reel® Premium Bamboo Paper Towel Triple Rolls,2 rolls,7.99,,7.99
2026-02-17T11:20:42Z,paper towels,70500106,Port Townsend,WA,98368,QFC,00106,0001111011984,0001111011984,00001111011984,001111011984,Kroger,Kroger® Rugged and Reliable Paper Towels Giant Rolls,10 rolls,13.49,,13.49
2026-02-17T11:20:42Z,paper towels,70500106,Port Townsend,WA,98368,QFC,00106,0003600056532,0003600056532,00003600056532,003600056532,Viva,Viva® Signature Cloth™ Paper Towels Double Rolls,6 rolls,15.99,14.99,14.99
2026-02-17T11:20:42Z,paper towels,70500106,Port Townsend,WA,98368,QFC,00106,0003600038587,0003600038587,00003600038587,003600038587,Kleenex,"Kleenex® Disposable Paper Hand Towels, 1 Box, 60 Towels per Box",60 count,4.49,,4.49
2026-02-17T11:20:42Z,paper towels,70500106,Port Townsend,WA,98368,QFC,00106,0003600052499,0003600052499,00003600052499,003600052499,Viva,Viva Multi-Surface Cloth Paper Towels Double Rolls,8 rolls,17.99,15.99,15.99
2026-02-17T11:20:42Z,paper towels,70500106,Port Townsend,WA,98368,QFC,00106,0004200044579,0004200044579,00004200044579,004200044579,Brawny,Brawny® Tear-A-Square® 3-Ply Paper Towel Double Rolls,4 rolls,12.99,7.49,7.49
2026-02-17T11:20:42Z,paper towels,70500106,Port Townsend,WA,98368,QFC,00106,0001111016086,0001111016086,00001111016086,001111016086,Kroger,Kroger® Rugged + Reliable Paper Towels Double Rolls,4 rolls,7.99,,7.99
2026-02-17T11:20:42Z,paper towels,70500106,Port Townsend,WA,98368,QFC,00106,0001111014184,0001111014184,00001111014184,001111014184,Kroger,Kroger® Ultra Paper Towels With Absorbing Power Triple Rolls,2 rolls,6.29,,6.29
2026-02-17T11:20:42Z,paper towels,70500106,Port Townsend,WA,98368,QFC,00106,0001111016087,0001111016087,00001111016087,001111016087,Kroger,Kroger® Rugged + Reliable Paper Towels Giant Rolls,10 rolls,13.99,,13.99
2026-02-17T11:20:42Z,paper towels,70500106,Port Townsend,WA,98368,QFC,00106,0001111014185,0001111014185,00001111014185,001111014185,Kroger,Kroger® Ultra Paper Towels With Absorbing Power Double Rolls,4 rolls,10.99,,10.99
2026-02-17T11:20:42Z,paper towels,70500106,Port Townsend,WA,98368,QFC,00106,0001111016088,0001111016088,00001111016088,001111016088,Kroger,Kroger® Rugged + Reliable Paper Towels Double Plus Rolls BIG DEAL!,12 ct,21.99,,21.99
2026-02-17T11:20:42Z,paper towels,70500106,Port Townsend,WA,98368,QFC,00106,0003077216014,0003077216014,00003077216014,003077216014,Bounty,"Bounty Paper Towels Select-A-Size White, 8 Triple Rolls, 123 Sheets Per Roll",8 rolls,27.99,26.99,26.99
2026-02-17T11:20:42Z,paper towels,70500106,Port Townsend,WA,98368,QFC,00106,0001111014186,0001111014186,00001111014186,001111014186,Kroger,Kroger® Ultra Paper Towels With Absorbing Power Double Rolls,6 rolls,11.29,,11.29
2026-02-17T11:20:42Z,paper towels,70500106,Port Townsend,WA,98368,QFC,00106,0001111014187,0001111014187,00001111014187,001111014187,Kroger,Kroger® Ultra Absorbing Power Paper Towels Triple Rolls,8 ct,19.29,,19.29
2026-02-17T11:20:42Z,paper towels,70500106,Port Townsend,WA,98368,QFC,00106,0003040022241,0003040022241,00003040022241,003040022241,Sparkle,Sparkle® Pick-A-Size® Paper Towel Double Rolls,8 rolls,14.99,,14.99
2026-02-17T11:20:42Z,paper towels,70500106,Port Townsend,WA,98368,QFC,00106,0001111010621,0001111010621,00001111010621,001111010621,Kroger,Kroger® Glimmer Select-A-Sheet Paper Towels Double Rolls,2 rolls,2.99,,2.99
2026-02-17T11:20:42Z,paper towels,70500106,Port Townsend,WA,98368,QFC,00106,0001111013577,0001111013577,00001111013577,001111013577,Kroger,Kroger® Rugged + Reliable Paper Towels Double Rolls,4 rolls,7.49,,7.49
2026-02-17T11:20:42Z,paper towels,70500106,Port Townsend,WA,98368,QFC,00106,0004200044588,0004200044588,00004200044588,004200044588,Brawny,Brawny® Tear-A-Square® 3-Ply Paper Towel Double Rolls,6 rolls,16.99,11.99,11.99
2026-02-17T11:20:42Z,paper towels,70500106,Port Townsend,WA,98368,QFC,00106,0003077215703,0003077215703,00003077215703,003077215703,Bounty,Bounty Paper Towels Select-A-Size White 6 Double Rolls,6 rolls,14.99,,14.99
2026-02-17T11:20:42Z,paper towels,70500106,Port Townsend,WA,98368,QFC,00106,0004200044600,0004200044600,00004200044600,004200044600,Brawny,Brawny® Tear-A-Square® 3-Ply Paper Towel Double Rolls,8 rolls,20.99,17.99,17.99
2026-02-17T11:20:42Z,paper towels,70500820,Redmond,WA,98052,QFC,00820,0003077216009,0003077216009,00003077216009,003077216009,Bounty,Bounty Paper Towels Select-A-Size White 4 Triple Rolls,4 rolls,14.99,,14.99
2026-02-17T11:20:42Z,paper towels,70500820,Redmond,WA,98052,QFC,00820,0003077215712,0003077215712,00003077215712,003077215712,Bounty,Bounty Paper Towels Select-A-Size White 4 Double Rolls,4 rolls,11.99,,11.99
2026-02-17T11:20:42Z,paper towels,70500820,Redmond,WA,98052,QFC,00820,0003600049413,0003600049413,00003600049413,003600049413,Viva,Viva® Multi-Surface Cloth™ Paper Towels Single Rolls,6 rolls,12.49,9.49,9.49
2026-02-17T11:20:42Z,paper towels,70500820,Redmond,WA,98052,QFC,00820,0003040022272,0003040022272,00003040022272,003040022272,Sparkle,Sparkle® Tear-A-Square® Customizable Sheet Size Paper Towels Double Rolls,2 rolls,4.99,,4.99
2026-02-17T11:20:42Z,paper towels,70500820,Redmond,WA,98052,QFC,00820,0003077216021,0003077216021,00003077216021,003077216021,Bounty,Bounty Paper Towels Full Sheet White 6 Double Rolls,6 rolls,14.99,,14.99
2026-02-17T11:20:42Z,paper towels,70500820,Redmond,WA,98052,QFC,00820,0003077216042,0003077216042,00003077216042,003077216042,Bounty,Bounty Paper Towels Select-A-Size White 2 Triple Rolls,2 rolls,10.99,10.19,10.19
2026-02-17T11:20:42Z,paper towels,70500820,Redmond,WA,98052,QFC,00820,0003077216020,0003077216020,00003077216020,003077216020,Bounty,Bounty Paper Towels Select-A-Size White 6 Triple Rolls,6 rolls,23.99,19.99,19.99
2026-02-17T11:20:42Z,paper towels,70500820,Redmond,WA,98052,QFC,00820,0003040022276,0003040022276,00003040022276,003040022276,Sparkle,Sparkle® Tear-A-Square® Paper Towel Double Rolls,6 rolls,10.99,7.49,7.49
2026-02-17T11:20:42Z,paper towels,70500820,Redmond,WA,98052,QFC,00820,0006366836201,0006366836201,00006366836201,006366836201,Green Forest,Green Forest Size-Your-Own Paper Towels 100% Recycled,1 roll,2.49,,2.49
2026-02-17T11:20:42Z,paper towels,70500820,Redmond,WA,98052,QFC,00820,0003077219274,0003077219274,00003077219274,003077219274,Bounty,Bounty Paper Towels Select-A-Size White 8 Double Plus Rolls,8 rolls,24.99,,24.99
2026-02-17T11:20:42Z,paper towels,70500820,Redmond,WA,98052,QFC,00820,0006366836203,0006366836203,00006366836203,006366836203,Green Forest,Green Forest 100% Recycled Size-Your-Own Paper Towels,3 pk,6.29,,6.29
2026-02-17T11:20:42Z,paper towels,70500820,Redmond,WA,98052,QFC,00820,0086001113901,0086001113901,00086001113901,086001113901,Reel,Reel® Premium Bamboo Paper Towels,6 ct,19.99,,19.99
2026-02-17T11:20:42Z,paper towels,70500820,Redmond,WA,98052,QFC,00820,0086001113900,0086001113900,00086001113900,086001113900,Reel,Reel® Premium Bamboo Paper Towel Triple Rolls,2 rolls,7.99,,7.99
2026-02-17T11:20:42Z,paper towels,70500820,Redmond,WA,98052,QFC,00820,0001111011984,0001111011984,00001111011984,001111011984,Kroger,Kroger® Rugged and Reliable Paper Towels Giant Rolls,10 rolls,13.49,,13.49
2026-02-17T11:20:42Z,paper towels,70500820,Redmond,WA,98052,QFC,00820,0003600056532,0003600056532,00003600056532,003600056532,Viva,Viva® Signature Cloth™ Paper Towels Double Rolls,6 rolls,15.99,14.99,14.99
2026-02-17T11:20:42Z,paper towels,70500820,Redmond,WA,98052,QFC,00820,0003600038587,0003600038587,00003600038587,003600038587,Kleenex,"Kleenex® Disposable Paper Hand Towels, 1 Box, 60 Towels per Box",60 count,4.49,,4.49
2026-02-17T11:20:42Z,paper towels,70500820,Redmond,WA,98052,QFC,00820,0004200044576,0004200044576,00004200044576,004200044576,Brawny,Brawny® Tear-A-Square® 3-Ply Paper Towel Triple Rolls,2 rolls,10.99,,10.99
2026-02-17T11:20:42Z,paper towels,70500820,Redmond,WA,98052,QFC,00820,0003600056535,0003600056535,00003600056535,003600056535,Viva,Viva Signature Cloth Paper Towels Double Rolls,12 rolls,23.49,,23.49
2026-02-17T11:20:42Z,paper towels,70500820,Redmond,WA,98052,QFC,00820,0003600052499,0003600052499,00003600052499,003600052499,Viva,Viva Multi-Surface Cloth Paper Towels Double Rolls,8 rolls,17.99,15.99,15.99
2026-02-17T11:20:42Z,paper towels,70500820,Redmond,WA,98052,QFC,00820,0004200044658,0004200044658,00004200044658,004200044658,Brawny,Brawny® Full Sheet 3-Ply Paper Towel Double Rolls,6 rolls,16.99,11.99,11.99
2026-02-17T11:20:42Z,paper towels,70500820,Redmond,WA,98052,QFC,00820,0004200044579,0004200044579,00004200044579,004200044579,Brawny,Brawny® Tear-A-Square® 3-Ply Paper Towel Double Rolls,4 rolls,12.99,7.49,7.49
2026-02-17T11:20:42Z,paper towels,70500820,Redmond,WA,98052,QFC,00820,0001111016086,0001111016086,00001111016086,001111016086,Kroger,Kroger® Rugged + Reliable Paper Towels Double Rolls,4 rolls,7.99,,7.99
2026-02-17T11:20:42Z,paper towels,70500820,Redmond,WA,98052,QFC,00820,0001111014184,0001111014184,00001111014184,001111014184,Kroger,Kroger® Ultra Paper Towels With Absorbing Power Triple Rolls,2 rolls,6.29,,6.29
2026-02-17T11:20:42Z,paper towels,70500820,Redmond,WA,98052,QFC,00820,0001111016087,0001111016087,00001111016087,001111016087,Kroger,Kroger® Rugged + Reliable Paper Towels Giant Rolls,10 rolls,13.99,,13.99
2026-02-17T11:20:42Z,paper towels,70500820,Redmond,WA,98052,QFC,00820,0001111014185,0001111014185,00001111014185,001111014185,Kroger,Kroger® Ultra Paper Towels With Absorbing Power Double Rolls,4 rolls,10.99,,10.99
2026-02-17T11:20:42Z,paper towels,70500820,Redmond,WA,98052,QFC,00820,0001111016088,0001111016088,00001111016088,001111016088,Kroger,Kroger® Rugged + Reliable Paper Towels Double Plus Rolls BIG DEAL!,12 ct,21.99,,21.99
2026-02-17T11:20:42Z,paper towels,70500820,Redmond,WA,98052,QFC,00820,0003077216014,0003077216014,00003077216014,003077216014,Bounty,"Bounty Paper Towels Select-A-Size White, 8 Triple Rolls, 123 Sheets Per Roll",8 rolls,27.99,26.99,26.99
2026-02-17T11:20:42Z,paper towels,70500820,Redmond,WA,98052,QFC,00820,0001111014186,0001111014186,00001111014186,001111014186,Kroger,Kroger® Ultra Paper Towels With Absorbing Power Double Rolls,6 rolls,11.29,,11.29
2026-02-17T11:20:42Z,paper towels,70500820,Redmond,WA,98052,QFC,00820,0001111014187,0001111014187,00001111014187,001111014187,Kroger,Kroger® Ultra Absorbing Power Paper Towels Triple Rolls,8 ct,19.29,,19.29
2026-02-17T11:20:42Z,paper towels,70500820,Redmond,WA,98052,QFC,00820,0003077215664,0003077215664,00003077215664,003077215664,Bounty,Bounty Paper Towels Select-A-Size White 12 Double Plus Rolls,12 rolls,34.99,29.99,29.99
2026-02-17T11:20:42Z,paper towels,70500820,Redmond,WA,98052,QFC,00820,0003040022241,0003040022241,00003040022241,003040022241,Sparkle,Sparkle® Pick-A-Size® Paper Towel Double Rolls,8 rolls,14.99,,14.99
2026-02-17T11:20:42Z,paper towels,70500820,Redmond,WA,98052,QFC,00820,0003077216276,0003077216276,00003077216276,003077216276,Bounty,Bounty Paper Towels Select-A-Size Print 6 Double Rolls,6 rolls,14.99,,14.99
2026-02-17T11:20:42Z,paper towels,70500820,Redmond,WA,98052,QFC,00820,0001111010621,0001111010621,00001111010621,001111010621,Kroger,Kroger® Glimmer Select-A-Sheet Paper Towels Double Rolls,2 rolls,2.99,,2.99
2026-02-17T11:20:42Z,paper towels,70500820,Redmond,WA,98052,QFC,00820,0001111012026,0001111012026,00001111012026,001111012026,Kroger,Kroger® Rugged + Reliable Paper Towels Double Plus Rolls BIG DEAL!,12 rolls,20.99,,20.99
2026-02-17T11:20:42Z,paper towels,70500820,Redmond,WA,98052,QFC,00820,0004200044588,0004200044588,00004200044588,004200044588,Brawny,Brawny® Tear-A-Square® 3-Ply Paper Towel Double Rolls,6 rolls,16.99,11.99,11.99
2026-02-17T11:20:42Z,paper towels,70500820,Redmond,WA,98052,QFC,00820,0003077215703,0003077215703,00003077215703,003077215703,Bounty,Bounty Paper Towels Select-A-Size White 6 Double Rolls,6 rolls,14.99,,14.99
2026-02-17T11:20:42Z,paper towels,70500820,Redmond,WA,98052,QFC,00820,0004200044600,0004200044600,00004200044600,004200044600,Brawny,Brawny® Tear-A-Square® 3-Ply Paper Towel Double Rolls,8 rolls,20.99,17.99,17.99
2026-02-17T11:20:42Z,paper towels,70500860,Redmond,WA,98052,QFC,00860,0003600049413,0003600049413,00003600049413,003600049413,Viva,Viva® Multi-Surface Cloth™ Paper Towels Single Rolls,6 rolls,12.49,9.49,9.49
2026-02-17T11:20:42Z,paper towels,70500860,Redmond,WA,98052,QFC,00860,0003077215712,0003077215712,00003077215712,003077215712,Bounty,Bounty Paper Towels Select-A-Size White 4 Double Rolls,4 rolls,11.99,,11.99
2026-02-17T11:20:42Z,paper towels,70500860,Redmond,WA,98052,QFC,00860,0003077216009,0003077216009,00003077216009,003077216009,Bounty,Bounty Paper Towels Select-A-Size White 4 Triple Rolls,4 rolls,14.99,,14.99
2026-02-17T11:20:42Z,paper towels,70500860,Redmond,WA,98052,QFC,00860,0003040022272,0003040022272,00003040022272,003040022272,Sparkle,Sparkle® Tear-A-Square® Customizable Sheet Size Paper Towels Double Rolls,2 rolls,4.99,,4.99
2026-02-17T11:20:42Z,paper towels,70500860,Redmond,WA,98052,QFC,00860,0003077216021,0003077216021,00003077216021,003077216021,Bounty,Bounty Paper Towels Full Sheet White 6 Double Rolls,6 rolls,14.99,,14.99
2026-02-17T11:20:42Z,paper towels,70500860,Redmond,WA,98052,QFC,00860,0003077216020,0003077216020,00003077216020,003077216020,Bounty,Bounty Paper Towels Select-A-Size White 6 Triple Rolls,6 rolls,23.99,19.99,19.99
2026-02-17T11:20:42Z,paper towels,70500860,Redmond,WA,98052,QFC,00860,0003077216042,0003077216042,00003077216042,003077216042,Bounty,Bounty Paper Towels Select-A-Size White 2 Triple Rolls,2 rolls,10.99,10.19,10.19
2026-02-17T11:20:42Z,paper towels,70500860,Redmond,WA,98052,QFC,00860,0003040022276,0003040022276,00003040022276,003040022276,Sparkle,Sparkle® Tear-A-Square® Paper Towel Double Rolls,6 rolls,10.99,7.49,7.49
2026-02-17T11:20:42Z,paper towels,70500860,Redmond,WA,98052,QFC,00860,0003077219274,0003077219274,00003077219274,003077219274,Bounty,Bounty Paper Towels Select-A-Size White 8 Double Plus Rolls,8 rolls,24.99,,24.99
2026-02-17T11:20:42Z,paper towels,70500860,Redmond,WA,98052,QFC,00860,0006366836201,0006366836201,00006366836201,006366836201,Green Forest,Green Forest Size-Your-Own Paper Towels 100% Recycled,1 roll,2.49,,2.49
2026-02-17T11:20:42Z,paper towels,70500860,Redmond,WA,98052,QFC,00860,0006366836203,0006366836203,00006366836203,006366836203,Green Forest,Green Forest 100% Recycled Size-Your-Own Paper Towels,3 pk,6.29,,6.29
2026-02-17T11:20:42Z,paper towels,70500860,Redmond,WA,98052,QFC,00860,0086001113901,0086001113901,00086001113901,086001113901,Reel,Reel® Premium Bamboo Paper Towels,6 ct,19.99,,19.99
2026-02-17T11:20:42Z,paper towels,70500860,Redmond,WA,98052,QFC,00860,0086001113900,0086001113900,00086001113900,086001113900,Reel,Reel® Premium Bamboo Paper Towel Triple Rolls,2 rolls,7.99,,7.99
2026-02-17T11:20:42Z,paper towels,70500860,Redmond,WA,98052,QFC,00860,0001111011984,0001111011984,00001111011984,001111011984,Kroger,Kroger® Rugged and Reliable Paper Towels Giant Rolls,10 rolls,13.49,,13.49
2026-02-17T11:20:42Z,paper towels,70500860,Redmond,WA,98052,QFC,00860,0003600038587,0003600038587,00003600038587,003600038587,Kleenex,"Kleenex® Disposable Paper Hand Towels, 1 Box, 60 Towels per Box",60 count,4.49,,4.49
2026-02-17T11:20:42Z,paper towels,70500860,Redmond,WA,98052,QFC,00860,0003600056532,0003600056532,00003600056532,003600056532,Viva,Viva® Signature Cloth™ Paper Towels Double Rolls,6 rolls,15.99,14.99,14.99
2026-02-17T11:20:42Z,paper towels,70500860,Redmond,WA,98052,QFC,00860,0004200044576,0004200044576,00004200044576,004200044576,Brawny,Brawny® Tear-A-Square® 3-Ply Paper Towel Triple Rolls,2 rolls,10.99,,10.99
2026-02-17T11:20:42Z,paper towels,70500860,Redmond,WA,98052,QFC,00860,0003600056535,0003600056535,00003600056535,003600056535,Viva,Viva Signature Cloth Paper Towels Double Rolls,12 rolls,23.49,,23.49
2026-02-17T11:20:42Z,paper towels,70500860,Redmond,WA,98052,QFC,00860,0003600052499,0003600052499,00003600052499,003600052499,Viva,Viva Multi-Surface Cloth Paper Towels Double Rolls,8 rolls,17.99,15.99,15.99
2026-02-17T11:20:42Z,paper towels,70500860,Redmond,WA,98052,QFC,00860,0004200044658,0004200044658,00004200044658,004200044658,Brawny,Brawny® Full Sheet 3-Ply Paper Towel Double Rolls,6 rolls,16.99,11.99,11.99
2026-02-17T11:20:42Z,paper towels,70500860,Redmond,WA,98052,QFC,00860,0004200044579,0004200044579,00004200044579,004200044579,Brawny,Brawny® Tear-A-Square® 3-Ply Paper Towel Double Rolls,4 rolls,12.99,7.49,7.49
2026-02-17T11:20:42Z,paper towels,70500860,Redmond,WA,98052,QFC,00860,0001111016086,0001111016086,00001111016086,001111016086,Kroger,Kroger® Rugged + Reliable Paper Towels Double Rolls,4 rolls,7.99,,7.99
2026-02-17T11:20:42Z,paper towels,70500860,Redmond,WA,98052,QFC,00860,0001111016087,0001111016087,00001111016087,001111016087,Kroger,Kroger® Rugged + Reliable Paper Towels Giant Rolls,10 rolls,13.99,,13.99
2026-02-17T11:20:42Z,paper towels,70500860,Redmond,WA,98052,QFC,00860,0001111014184,0001111014184,00001111014184,001111014184,Kroger,Kroger® Ultra Paper Towels With Absorbing Power Triple Rolls,2 rolls,6.29,,6.29
2026-02-17T11:20:42Z,paper towels,70500860,Redmond,WA,98052,QFC,00860,0001111014185,0001111014185,00001111014185,001111014185,Kroger,Kroger® Ultra Paper Towels With Absorbing Power Double Rolls,4 rolls,10.99,,10.99
2026-02-17T11:20:42Z,paper towels,70500860,Redmond,WA,98052,QFC,00860,0001111016088,0001111016088,00001111016088,001111016088,Kroger,Kroger® Rugged + Reliable Paper Towels Double Plus Rolls BIG DEAL!,12 ct,21.99,,21.99
2026-02-17T11:20:42Z,paper towels,70500860,Redmond,WA,98052,QFC,00860,0001111014186,0001111014186,00001111014186,001111014186,Kroger,Kroger® Ultra Paper Towels With Absorbing Power Double Rolls,6 rolls,11.29,,11.29
2026-02-17T11:20:42Z,paper towels,70500860,Redmond,WA,98052,QFC,00860,0003077216014,0003077216014,00003077216014,003077216014,Bounty,"Bounty Paper Towels Select-A-Size White, 8 Triple Rolls, 123 Sheets Per Roll",8 rolls,27.99,26.99,26.99
2026-02-17T11:20:42Z,paper towels,70500860,Redmond,WA,98052,QFC,00860,0001111014187,0001111014187,00001111014187,001111014187,Kroger,Kroger® Ultra Absorbing Power Paper Towels Triple Rolls,8 ct,19.29,,19.29
2026-02-17T11:20:42Z,paper towels,70500860,Redmond,WA,98052,QFC,00860,0003077215664,0003077215664,00003077215664,003077215664,Bounty,Bounty Paper Towels Select-A-Size White 12 Double Plus Rolls,12 rolls,34.99,29.99,29.99
2026-02-17T11:20:42Z,paper towels,70500860,Redmond,WA,98052,QFC,00860,0003040022241,0003040022241,00003040022241,003040022241,Sparkle,Sparkle® Pick-A-Size® Paper Towel Double Rolls,8 rolls,14.99,,14.99
2026-02-17T11:20:42Z,paper towels,70500860,Redmond,WA,98052,QFC,00860,0003077216276,0003077216276,00003077216276,003077216276,Bounty,Bounty Paper Towels Select-A-Size Print 6 Double Rolls,6 rolls,14.99,,14.99
2026-02-17T11:20:42Z,paper towels,70500860,Redmond,WA,98052,QFC,00860,0001111010621,0001111010621,00001111010621,001111010621,Kroger,Kroger® Glimmer Select-A-Sheet Paper Towels Double Rolls,2 rolls,2.99,,2.99
2026-02-17T11:20:42Z,paper towels,70500860,Redmond,WA,98052,QFC,00860,0001111012026,0001111012026,00001111012026,001111012026,Kroger,Kroger® Rugged + Reliable Paper Towels Double Plus Rolls BIG DEAL!,12 rolls,20.99,,20.99
2026-02-17T11:20:42Z,paper towels,70500860,Redmond,WA,98052,QFC,00860,0004200044588,0004200044588,00004200044588,004200044588,Brawny,Brawny® Tear-A-Square® 3-Ply Paper Towel Double Rolls,6 rolls,16.99,11.99,11.99
2026-02-17T11:20:42Z,paper towels,70500860,Redmond,WA,98052,QFC,00860,0003077215703,0003077215703,00003077215703,003077215703,Bounty,Bounty Paper Towels Select-A-Size White 6 Double Rolls,6 rolls,14.99,,14.99
2026-02-17T11:20:42Z,paper towels,70500860,Redmond,WA,98052,QFC,00860,0004200044600,0004200044600,00004200044600,004200044600,Brawny,Brawny® Tear-A-Square® 3-Ply Paper Towel Double Rolls,8 rolls,20.99,17.99,17.99
2026-02-17T11:20:42Z,paper towels,70500878,Redmond,WA,98053,QFC,00878,0003600049413,0003600049413,00003600049413,003600049413,Viva,Viva® Multi-Surface Cloth™ Paper Towels Single Rolls,6 rolls,12.49,9.49,9.49
2026-02-17T11:20:42Z,paper towels,70500878,Redmond,WA,98053,QFC,00878,0003077215712,0003077215712,00003077215712,003077215712,Bounty,Bounty Paper Towels Select-A-Size White 4 Double Rolls,4 rolls,11.99,,11.99
2026-02-17T11:20:42Z,paper towels,70500878,Redmond,WA,98053,QFC,00878,0003077216009,0003077216009,00003077216009,003077216009,Bounty,Bounty Paper Towels Select-A-Size White 4 Triple Rolls,4 rolls,14.99,,14.99
2026-02-17T11:20:42Z,paper towels,70500878,Redmond,WA,98053,QFC,00878,0003040022272,0003040022272,00003040022272,003040022272,Sparkle,Sparkle® Tear-A-Square® Customizable Sheet Size Paper Towels Double Rolls,2 rolls,4.99,,4.99
2026-02-17T11:20:42Z,paper towels,70500878,Redmond,WA,98053,QFC,00878,0003077216021,0003077216021,00003077216021,003077216021,Bounty,Bounty Paper Towels Full Sheet White 6 Double Rolls,6 rolls,14.99,,14.99
2026-02-17T11:20:42Z,paper towels,70500878,Redmond,WA,98053,QFC,00878,0003077216042,0003077216042,00003077216042,003077216042,Bounty,Bounty Paper Towels Select-A-Size White 2 Triple Rolls,2 rolls,10.99,10.19,10.19
2026-02-17T11:20:42Z,paper towels,70500878,Redmond,WA,98053,QFC,00878,0003077216020,0003077216020,00003077216020,003077216020,Bounty,Bounty Paper Towels Select-A-Size White 6 Triple Rolls,6 rolls,23.99,19.99,19.99
2026-02-17T11:20:42Z,paper towels,70500878,Redmond,WA,98053,QFC,00878,0003040022276,0003040022276,00003040022276,003040022276,Sparkle,Sparkle® Tear-A-Square® Paper Towel Double Rolls,6 rolls,10.99,7.49,7.49
2026-02-17T11:20:42Z,paper towels,70500878,Redmond,WA,98053,QFC,00878,0003077219274,0003077219274,00003077219274,003077219274,Bounty,Bounty Paper Towels Select-A-Size White 8 Double Plus Rolls,8 rolls,24.99,,24.99
2026-02-17T11:20:42Z,paper towels,70500878,Redmond,WA,98053,QFC,00878,0006366836201,0006366836201,00006366836201,006366836201,Green Forest,Green Forest Size-Your-Own Paper Towels 100% Recycled,1 roll,2.49,,2.49
2026-02-17T11:20:42Z,paper towels,70500878,Redmond,WA,98053,QFC,00878,0006366836203,0006366836203,00006366836203,006366836203,Green Forest,Green Forest 100% Recycled Size-Your-Own Paper Towels,3 pk,6.29,,6.29
2026-02-17T11:20:42Z,paper towels,70500878,Redmond,WA,98053,QFC,00878,0086001113901,0086001113901,00086001113901,086001113901,Reel,Reel® Premium Bamboo Paper Towels,6 ct,19.99,,19.99
2026-02-17T11:20:42Z,paper towels,70500878,Redmond,WA,98053,QFC,00878,0086001113900,0086001113900,00086001113900,086001113900,Reel,Reel® Premium Bamboo Paper Towel Triple Rolls,2 rolls,7.99,,7.99
2026-02-17T11:20:42Z,paper towels,70500878,Redmond,WA,98053,QFC,00878,0001111011984,0001111011984,00001111011984,001111011984,Kroger,Kroger® Rugged and Reliable Paper Towels Giant Rolls,10 rolls,13.49,,13.49
2026-02-17T11:20:42Z,paper towels,70500878,Redmond,WA,98053,QFC,00878,0003600056532,0003600056532,00003600056532,003600056532,Viva,Viva® Signature Cloth™ Paper Towels Double Rolls,6 rolls,15.99,14.99,14.99
2026-02-17T11:20:42Z,paper towels,70500878,Redmond,WA,98053,QFC,00878,0003600038587,0003600038587,00003600038587,003600038587,Kleenex,"Kleenex® Disposable Paper Hand Towels, 1 Box, 60 Towels per Box",60 count,4.49,,4.49
2026-02-17T11:20:42Z,paper towels,70500878,Redmond,WA,98053,QFC,00878,0004200044576,0004200044576,00004200044576,004200044576,Brawny,Brawny® Tear-A-Square® 3-Ply Paper Towel Triple Rolls,2 rolls,10.99,,10.99
2026-02-17T11:20:42Z,paper towels,70500878,Redmond,WA,98053,QFC,00878,0003600056535,0003600056535,00003600056535,003600056535,Viva,Viva Signature Cloth Paper Towels Double Rolls,12 rolls,23.49,,23.49
2026-02-17T11:20:42Z,paper towels,70500878,Redmond,WA,98053,QFC,00878,0003600052499,0003600052499,00003600052499,003600052499,Viva,Viva Multi-Surface Cloth Paper Towels Double Rolls,8 rolls,17.99,15.99,15.99
2026-02-17T11:20:42Z,paper towels,70500878,Redmond,WA,98053,QFC,00878,0004200044658,0004200044658,00004200044658,004200044658,Brawny,Brawny® Full Sheet 3-Ply Paper Towel Double Rolls,6 rolls,16.99,11.99,11.99
2026-02-17T11:20:42Z,paper towels,70500878,Redmond,WA,98053,QFC,00878,0004200044579,0004200044579,00004200044579,004200044579,Brawny,Brawny® Tear-A-Square® 3-Ply Paper Towel Double Rolls,4 rolls,12.99,7.49,7.49
2026-02-17T11:20:42Z,paper towels,70500878,Redmond,WA,98053,QFC,00878,0001111016086,0001111016086,00001111016086,001111016086,Kroger,Kroger® Rugged + Reliable Paper Towels Double Rolls,4 rolls,7.99,,7.99
2026-02-17T11:20:42Z,paper towels,70500878,Redmond,WA,98053,QFC,00878,0001111014184,0001111014184,00001111014184,001111014184,Kroger,Kroger® Ultra Paper Towels With Absorbing Power Triple Rolls,2 rolls,6.29,,6.29
2026-02-17T11:20:42Z,paper towels,70500878,Redmond,WA,98053,QFC,00878,0001111016087,0001111016087,00001111016087,001111016087,Kroger,Kroger® Rugged + Reliable Paper Towels Giant Rolls,10 rolls,13.99,,13.99
2026-02-17T11:20:42Z,paper towels,70500878,Redmond,WA,98053,QFC,00878,0001111014185,0001111014185,00001111014185,001111014185,Kroger,Kroger® Ultra Paper Towels With Absorbing Power Double Rolls,4 rolls,10.99,,10.99
2026-02-17T11:20:42Z,paper towels,70500878,Redmond,WA,98053,QFC,00878,0001111016088,0001111016088,00001111016088,001111016088,Kroger,Kroger® Rugged + Reliable Paper Towels Double Plus Rolls BIG DEAL!,12 ct,21.99,,21.99
2026-02-17T11:20:42Z,paper towels,70500878,Redmond,WA,98053,QFC,00878,0001111014186,0001111014186,00001111014186,001111014186,Kroger,Kroger® Ultra Paper Towels With Absorbing Power Double Rolls,6 rolls,11.29,,11.29
2026-02-17T11:20:42Z,paper towels,70500878,Redmond,WA,98053,QFC,00878,0003077216014,0003077216014,00003077216014,003077216014,Bounty,"Bounty Paper Towels Select-A-Size White, 8 Triple Rolls, 123 Sheets Per Roll",8 rolls,27.99,26.99,26.99
2026-02-17T11:20:42Z,paper towels,70500878,Redmond,WA,98053,QFC,00878,0001111014187,0001111014187,00001111014187,001111014187,Kroger,Kroger® Ultra Absorbing Power Paper Towels Triple Rolls,8 ct,19.29,,19.29
2026-02-17T11:20:42Z,paper towels,70500878,Redmond,WA,98053,QFC,00878,0003077215664,0003077215664,00003077215664,003077215664,Bounty,Bounty Paper Towels Select-A-Size White 12 Double Plus Rolls,12 rolls,34.99,29.99,29.99
2026-02-17T11:20:42Z,paper towels,70500878,Redmond,WA,98053,QFC,00878,0003040022241,0003040022241,00003040022241,003040022241,Sparkle,Sparkle® Pick-A-Size® Paper Towel Double Rolls,8 rolls,14.99,,14.99
2026-02-17T11:20:42Z,paper towels,70500878,Redmond,WA,98053,QFC,00878,0003077216276,0003077216276,00003077216276,003077216276,Bounty,Bounty Paper Towels Select-A-Size Print 6 Double Rolls,6 rolls,14.99,,14.99
2026-02-17T11:20:42Z,paper towels,70500878,Redmond,WA,98053,QFC,00878,0001111010621,0001111010621,00001111010621,001111010621,Kroger,Kroger® Glimmer Select-A-Sheet Paper Towels Double Rolls,2 rolls,2.99,,2.99
2026-02-17T11:20:42Z,paper towels,70500878,Redmond,WA,98053,QFC,00878,0001111012026,0001111012026,00001111012026,001111012026,Kroger,Kroger® Rugged + Reliable Paper Towels Double Plus Rolls BIG DEAL!,12 rolls,20.99,,20.99
2026-02-17T11:20:42Z,paper towels,70500878,Redmond,WA,98053,QFC,00878,0004200044588,0004200044588,00004200044588,004200044588,Brawny,Brawny® Tear-A-Square® 3-Ply Paper Towel Double Rolls,6 rolls,16.99,11.99,11.99
2026-02-17T11:20:42Z,paper towels,70500878,Redmond,WA,98053,QFC,00878,0003077215703,0003077215703,00003077215703,003077215703,Bounty,Bounty Paper Towels Select-A-Size White 6 Double Rolls,6 rolls,14.99,,14.99
2026-02-17T11:20:42Z,paper towels,70500878,Redmond,WA,98053,QFC,00878,0004200044600,0004200044600,00004200044600,004200044600,Brawny,Brawny® Tear-A-Square® 3-Ply Paper Towel Double Rolls,8 rolls,20.99,17.99,17.99
2026-02-17T11:20:42Z,paper towels,70500871,Renton,WA,98059,QFC,00871,0003077215712,0003077215712,00003077215712,003077215712,Bounty,Bounty Paper Towels Select-A-Size White 4 Double Rolls,4 rolls,11.99,,11.99
2026-02-17T11:20:42Z,paper towels,70500871,Renton,WA,98059,QFC,00871,0003600049413,0003600049413,00003600049413,003600049413,Viva,Viva® Multi-Surface Cloth™ Paper Towels Single Rolls,6 rolls,12.49,9.49,9.49
2026-02-17T11:20:42Z,paper towels,70500871,Renton,WA,98059,QFC,00871,0003040022272,0003040022272,00003040022272,003040022272,Sparkle,Sparkle® Tear-A-Square® Customizable Sheet Size Paper Towels Double Rolls,2 rolls,4.99,,4.99
2026-02-17T11:20:42Z,paper towels,70500871,Renton,WA,98059,QFC,00871,0003077216021,0003077216021,00003077216021,003077216021,Bounty,Bounty Paper Towels Full Sheet White 6 Double Rolls,6 rolls,14.99,,14.99
2026-02-17T11:20:42Z,paper towels,70500871,Renton,WA,98059,QFC,00871,0003077216042,0003077216042,00003077216042,003077216042,Bounty,Bounty Paper Towels Select-A-Size White 2 Triple Rolls,2 rolls,10.99,10.19,10.19
2026-02-17T11:20:42Z,paper towels,70500871,Renton,WA,98059,QFC,00871,0003077216020,0003077216020,00003077216020,003077216020,Bounty,Bounty Paper Towels Select-A-Size White 6 Triple Rolls,6 rolls,23.99,19.99,19.99
2026-02-17T11:20:42Z,paper towels,70500871,Renton,WA,98059,QFC,00871,0006366836201,0006366836201,00006366836201,006366836201,Green Forest,Green Forest Size-Your-Own Paper Towels 100% Recycled,1 roll,2.49,,2.49
2026-02-17T11:20:42Z,paper towels,70500871,Renton,WA,98059,QFC,00871,0006366836203,0006366836203,00006366836203,006366836203,Green Forest,Green Forest 100% Recycled Size-Your-Own Paper Towels,3 pk,6.29,,6.29
2026-02-17T11:20:42Z,paper towels,70500871,Renton,WA,98059,QFC,00871,0086001113900,0086001113900,00086001113900,086001113900,Reel,Reel® Premium Bamboo Paper Towel Triple Rolls,2 rolls,7.99,,7.99
2026-02-17T11:20:42Z,paper towels,70500871,Renton,WA,98059,QFC,00871,0001111011984,0001111011984,00001111011984,001111011984,Kroger,Kroger® Rugged and Reliable Paper Towels Giant Rolls,10 rolls,13.49,,13.49
2026-02-17T11:20:42Z,paper towels,70500871,Renton,WA,98059,QFC,00871,0003600038587,0003600038587,00003600038587,003600038587,Kleenex,"Kleenex® Disposable Paper Hand Towels, 1 Box, 60 Towels per Box",60 count,4.49,,4.49
2026-02-17T11:20:42Z,paper towels,70500871,Renton,WA,98059,QFC,00871,0003600056532,0003600056532,00003600056532,003600056532,Viva,Viva® Signature Cloth™ Paper Towels Double Rolls,6 rolls,15.99,14.99,14.99
2026-02-17T11:20:42Z,paper towels,70500871,Renton,WA,98059,QFC,00871,0004200044579,0004200044579,00004200044579,004200044579,Brawny,Brawny® Tear-A-Square® 3-Ply Paper Towel Double Rolls,4 rolls,12.99,7.49,7.49
2026-02-17T11:20:42Z,paper towels,70500871,Renton,WA,98059,QFC,00871,0001111016086,0001111016086,00001111016086,001111016086,Kroger,Kroger® Rugged + Reliable Paper Towels Double Rolls,4 rolls,7.99,,7.99
2026-02-17T11:20:42Z,paper towels,70500871,Renton,WA,98059,QFC,00871,0001111016087,0001111016087,00001111016087,001111016087,Kroger,Kroger® Rugged + Reliable Paper Towels Giant Rolls,10 rolls,13.99,,13.99
2026-02-17T11:20:42Z,paper towels,70500871,Renton,WA,98059,QFC,00871,0001111014184,0001111014184,00001111014184,001111014184,Kroger,Kroger® Ultra Paper Towels With Absorbing Power Triple Rolls,2 rolls,6.29,,6.29
2026-02-17T11:20:42Z,paper towels,70500871,Renton,WA,98059,QFC,00871,0001111014185,0001111014185,00001111014185,001111014185,Kroger,Kroger® Ultra Paper Towels With Absorbing Power Double Rolls,4 rolls,10.99,,10.99
2026-02-17T11:20:42Z,paper towels,70500871,Renton,WA,98059,QFC,00871,0001111016088,0001111016088,00001111016088,001111016088,Kroger,Kroger® Rugged + Reliable Paper Towels Double Plus Rolls BIG DEAL!,12 ct,21.99,,21.99
2026-02-17T11:20:42Z,paper towels,70500871,Renton,WA,98059,QFC,00871,0003077216014,0003077216014,00003077216014,003077216014,Bounty,"Bounty Paper Towels Select-A-Size White, 8 Triple Rolls, 123 Sheets Per Roll",8 rolls,27.99,26.99,26.99
2026-02-17T11:20:42Z,paper towels,70500871,Renton,WA,98059,QFC,00871,0001111014186,0001111014186,00001111014186,001111014186,Kroger,Kroger® Ultra Paper Towels With Absorbing Power Double Rolls,6 rolls,11.29,,11.29
2026-02-17T11:20:42Z,paper towels,70500871,Renton,WA,98059,QFC,00871,0001111014187,0001111014187,00001111014187,001111014187,Kroger,Kroger® Ultra Absorbing Power Paper Towels Triple Rolls,8 ct,19.29,,19.29
2026-02-17T11:20:42Z,paper towels,70500871,Renton,WA,98059,QFC,00871,0003040022241,0003040022241,00003040022241,003040022241,Sparkle,Sparkle® Pick-A-Size® Paper Towel Double Rolls,8 rolls,14.99,,14.99
2026-02-17T11:20:42Z,paper towels,70500871,Renton,WA,98059,QFC,00871,0001111010621,0001111010621,00001111010621,001111010621,Kroger,Kroger® Glimmer Select-A-Sheet Paper Towels Double Rolls,2 rolls,2.99,,2.99
2026-02-17T11:20:42Z,paper towels,70500871,Renton,WA,98059,QFC,00871,0001111012026,0001111012026,00001111012026,001111012026,Kroger,Kroger® Rugged + Reliable Paper Towels Double Plus Rolls BIG DEAL!,12 rolls,20.99,,20.99
2026-02-17T11:20:42Z,paper towels,70500871,Renton,WA,98059,QFC,00871,0004200044588,0004200044588,00004200044588,004200044588,Brawny,Brawny® Tear-A-Square® 3-Ply Paper Towel Double Rolls,6 rolls,16.99,11.99,11.99
2026-02-17T11:20:42Z,paper towels,70500871,Renton,WA,98059,QFC,00871,0003077215703,0003077215703,00003077215703,003077215703,Bounty,Bounty Paper Towels Select-A-Size White 6 Double Rolls,6 rolls,14.99,,14.99
2026-02-17T11:20:42Z,paper towels,70500824,Sammamish,WA,98075,QFC,00824,0003600049413,0003600049413,00003600049413,003600049413,Viva,Viva® Multi-Surface Cloth™ Paper Towels Single Rolls,6 rolls,12.49,9.49,9.49
2026-02-17T11:20:42Z,paper towels,70500824,Sammamish,WA,98075,QFC,00824,0003077215712,0003077215712,00003077215712,003077215712,Bounty,Bounty Paper Towels Select-A-Size White 4 Double Rolls,4 rolls,11.99,,11.99
2026-02-17T11:20:42Z,paper towels,70500824,Sammamish,WA,98075,QFC,00824,0003040022272,0003040022272,00003040022272,003040022272,Sparkle,Sparkle® Tear-A-Square® Customizable Sheet Size Paper Towels Double Rolls,2 rolls,4.99,,4.99
2026-02-17T11:20:42Z,paper towels,70500824,Sammamish,WA,98075,QFC,00824,0003077216021,0003077216021,00003077216021,003077216021,Bounty,Bounty Paper Towels Full Sheet White 6 Double Rolls,6 rolls,14.99,,14.99
2026-02-17T11:20:42Z,paper towels,70500824,Sammamish,WA,98075,QFC,00824,0003077216020,0003077216020,00003077216020,003077216020,Bounty,Bounty Paper Towels Select-A-Size White 6 Triple Rolls,6 rolls,23.99,19.99,19.99
2026-02-17T11:20:42Z,paper towels,70500824,Sammamish,WA,98075,QFC,00824,0003077216042,0003077216042,00003077216042,003077216042,Bounty,Bounty Paper Towels Select-A-Size White 2 Triple Rolls,2 rolls,10.99,10.19,10.19
2026-02-17T11:20:42Z,paper towels,70500824,Sammamish,WA,98075,QFC,00824,0003040022276,0003040022276,00003040022276,003040022276,Sparkle,Sparkle® Tear-A-Square® Paper Towel Double Rolls,6 rolls,10.99,7.49,7.49
2026-02-17T11:20:42Z,paper towels,70500824,Sammamish,WA,98075,QFC,00824,0003077219274,0003077219274,00003077219274,003077219274,Bounty,Bounty Paper Towels Select-A-Size White 8 Double Plus Rolls,8 rolls,24.99,,24.99
2026-02-17T11:20:42Z,paper towels,70500824,Sammamish,WA,98075,QFC,00824,0006366836201,0006366836201,00006366836201,006366836201,Green Forest,Green Forest Size-Your-Own Paper Towels 100% Recycled,1 roll,2.49,,2.49
2026-02-17T11:20:42Z,paper towels,70500824,Sammamish,WA,98075,QFC,00824,0006366836203,0006366836203,00006366836203,006366836203,Green Forest,Green Forest 100% Recycled Size-Your-Own Paper Towels,3 pk,6.29,,6.29
2026-02-17T11:20:42Z,paper towels,70500824,Sammamish,WA,98075,QFC,00824,0086001113901,0086001113901,00086001113901,086001113901,Reel,Reel® Premium Bamboo Paper Towels,6 ct,19.99,,19.99
2026-02-17T11:20:42Z,paper towels,70500824,Sammamish,WA,98075,QFC,00824,0086001113900,0086001113900,00086001113900,086001113900,Reel,Reel® Premium Bamboo Paper Towel Triple Rolls,2 rolls,7.99,,7.99
2026-02-17T11:20:42Z,paper towels,70500824,Sammamish,WA,98075,QFC,00824,0001111011984,0001111011984,00001111011984,001111011984,Kroger,Kroger® Rugged and Reliable Paper Towels Giant Rolls,10 rolls,13.49,,13.49
2026-02-17T11:20:42Z,paper towels,70500824,Sammamish,WA,98075,QFC,00824,0003600056532,0003600056532,00003600056532,003600056532,Viva,Viva® Signature Cloth™ Paper Towels Double Rolls,6 rolls,15.99,14.99,14.99
2026-02-17T11:20:42Z,paper towels,70500824,Sammamish,WA,98075,QFC,00824,0003600038587,0003600038587,00003600038587,003600038587,Kleenex,"Kleenex® Disposable Paper Hand Towels, 1 Box, 60 Towels per Box",60 count,4.49,,4.49
2026-02-17T11:20:42Z,paper towels,70500824,Sammamish,WA,98075,QFC,00824,0004200044576,0004200044576,00004200044576,004200044576,Brawny,Brawny® Tear-A-Square® 3-Ply Paper Towel Triple Rolls,2 rolls,10.99,,10.99
2026-02-17T11:20:42Z,paper towels,70500824,Sammamish,WA,98075,QFC,00824,0003600052499,0003600052499,00003600052499,003600052499,Viva,Viva Multi-Surface Cloth Paper Towels Double Rolls,8 rolls,17.99,15.99,15.99
2026-02-17T11:20:42Z,paper towels,70500824,Sammamish,WA,98075,QFC,00824,0004200044658,0004200044658,00004200044658,004200044658,Brawny,Brawny® Full Sheet 3-Ply Paper Towel Double Rolls,6 rolls,16.99,11.99,11.99
2026-02-17T11:20:42Z,paper towels,70500824,Sammamish,WA,98075,QFC,00824,0004200044579,0004200044579,00004200044579,004200044579,Brawny,Brawny® Tear-A-Square® 3-Ply Paper Towel Double Rolls,4 rolls,12.99,7.49,7.49
2026-02-17T11:20:42Z,paper towels,70500824,Sammamish,WA,98075,QFC,00824,0001111016086,0001111016086,00001111016086,001111016086,Kroger,Kroger® Rugged + Reliable Paper Towels Double Rolls,4 rolls,7.99,,7.99
2026-02-17T11:20:42Z,paper towels,70500824,Sammamish,WA,98075,QFC,00824,0001111016087,0001111016087,00001111016087,001111016087,Kroger,Kroger® Rugged + Reliable Paper Towels Giant Rolls,10 rolls,13.99,,13.99
2026-02-17T11:20:42Z,paper towels,70500824,Sammamish,WA,98075,QFC,00824,0001111014184,0001111014184,00001111014184,001111014184,Kroger,Kroger® Ultra Paper Towels With Absorbing Power Triple Rolls,2 rolls,6.29,,6.29
2026-02-17T11:20:42Z,paper towels,70500824,Sammamish,WA,98075,QFC,00824,0001111014185,0001111014185,00001111014185,001111014185,Kroger,Kroger® Ultra Paper Towels With Absorbing Power Double Rolls,4 rolls,10.99,,10.99
2026-02-17T11:20:42Z,paper towels,70500824,Sammamish,WA,98075,QFC,00824,0001111016088,0001111016088,00001111016088,001111016088,Kroger,Kroger® Rugged + Reliable Paper Towels Double Plus Rolls BIG DEAL!,12 ct,21.99,,21.99
2026-02-17T11:20:42Z,paper towels,70500824,Sammamish,WA,98075,QFC,00824,0001111014186,0001111014186,00001111014186,001111014186,Kroger,Kroger® Ultra Paper Towels With Absorbing Power Double Rolls,6 rolls,11.29,,11.29
2026-02-17T11:20:42Z,paper towels,70500824,Sammamish,WA,98075,QFC,00824,0003077216014,0003077216014,00003077216014,003077216014,Bounty,"Bounty Paper Towels Select-A-Size White, 8 Triple Rolls, 123 Sheets Per Roll",8 rolls,27.99,26.99,26.99
2026-02-17T11:20:42Z,paper towels,70500824,Sammamish,WA,98075,QFC,00824,0001111014187,0001111014187,00001111014187,001111014187,Kroger,Kroger® Ultra Absorbing Power Paper Towels Triple Rolls,8 ct,19.29,,19.29
2026-02-17T11:20:42Z,paper towels,70500824,Sammamish,WA,98075,QFC,00824,0003077215664,0003077215664,00003077215664,003077215664,Bounty,Bounty Paper Towels Select-A-Size White 12 Double Plus Rolls,12 rolls,34.99,29.99,29.99
2026-02-17T11:20:42Z,paper towels,70500824,Sammamish,WA,98075,QFC,00824,0003040022241,0003040022241,00003040022241,003040022241,Sparkle,Sparkle® Pick-A-Size® Paper Towel Double Rolls,8 rolls,14.99,,14.99
2026-02-17T11:20:42Z,paper towels,70500824,Sammamish,WA,98075,QFC,00824,0003077216276,0003077216276,00003077216276,003077216276,Bounty,Bounty Paper Towels Select-A-Size Print 6 Double Rolls,6 rolls,14.99,,14.99
2026-02-17T11:20:42Z,paper towels,70500824,Sammamish,WA,98075,QFC,00824,0001111010621,0001111010621,00001111010621,001111010621,Kroger,Kroger® Glimmer Select-A-Sheet Paper Towels Double Rolls,2 rolls,2.99,,2.99
2026-02-17T11:20:42Z,paper towels,70500824,Sammamish,WA,98075,QFC,00824,0001111012026,0001111012026,00001111012026,001111012026,Kroger,Kroger® Rugged + Reliable Paper Towels Double Plus Rolls BIG DEAL!,12 rolls,20.99,,20.99
2026-02-17T11:20:42Z,paper towels,70500824,Sammamish,WA,98075,QFC,00824,0004200044588,0004200044588,00004200044588,004200044588,Brawny,Brawny® Tear-A-Square® 3-Ply Paper Towel Double Rolls,6 rolls,16.99,11.99,11.99
2026-02-17T11:20:42Z,paper towels,70500824,Sammamish,WA,98075,QFC,00824,0003077215703,0003077215703,00003077215703,003077215703,Bounty,Bounty Paper Towels Select-A-Size White 6 Double Rolls,6 rolls,14.99,,14.99
2026-02-17T11:20:42Z,paper towels,70500824,Sammamish,WA,98075,QFC,00824,0004200044600,0004200044600,00004200044600,004200044600,Brawny,Brawny® Tear-A-Square® 3-Ply Paper Towel Double Rolls,8 rolls,20.99,17.99,17.99
2026-02-17T11:20:42Z,paper towels,70500840,Sammamish,WA,98029,QFC,00840,0003077215712,0003077215712,00003077215712,003077215712,Bounty,Bounty Paper Towels Select-A-Size White 4 Double Rolls,4 rolls,11.99,,11.99
2026-02-17T11:20:42Z,paper towels,70500840,Sammamish,WA,98029,QFC,00840,0003600049413,0003600049413,00003600049413,003600049413,Viva,Viva® Multi-Surface Cloth™ Paper Towels Single Rolls,6 rolls,12.49,9.49,9.49
2026-02-17T11:20:42Z,paper towels,70500840,Sammamish,WA,98029,QFC,00840,0003040022272,0003040022272,00003040022272,003040022272,Sparkle,Sparkle® Tear-A-Square® Customizable Sheet Size Paper Towels Double Rolls,2 rolls,4.99,,4.99
2026-02-17T11:20:42Z,paper towels,70500840,Sammamish,WA,98029,QFC,00840,0003077216021,0003077216021,00003077216021,003077216021,Bounty,Bounty Paper Towels Full Sheet White 6 Double Rolls,6 rolls,14.99,,14.99
2026-02-17T11:20:42Z,paper towels,70500840,Sammamish,WA,98029,QFC,00840,0003077216020,0003077216020,00003077216020,003077216020,Bounty,Bounty Paper Towels Select-A-Size White 6 Triple Rolls,6 rolls,23.99,19.99,19.99
2026-02-17T11:20:42Z,paper towels,70500840,Sammamish,WA,98029,QFC,00840,0003077216042,0003077216042,00003077216042,003077216042,Bounty,Bounty Paper Towels Select-A-Size White 2 Triple Rolls,2 rolls,10.99,10.19,10.19
2026-02-17T11:20:42Z,paper towels,70500840,Sammamish,WA,98029,QFC,00840,0003040022276,0003040022276,00003040022276,003040022276,Sparkle,Sparkle® Tear-A-Square® Paper Towel Double Rolls,6 rolls,10.99,7.49,7.49
2026-02-17T11:20:42Z,paper towels,70500840,Sammamish,WA,98029,QFC,00840,0003077219274,0003077219274,00003077219274,003077219274,Bounty,Bounty Paper Towels Select-A-Size White 8 Double Plus Rolls,8 rolls,24.99,,24.99
2026-02-17T11:20:42Z,paper towels,70500840,Sammamish,WA,98029,QFC,00840,0006366836201,0006366836201,00006366836201,006366836201,Green Forest,Green Forest Size-Your-Own Paper Towels 100% Recycled,1 roll,2.49,,2.49
2026-02-17T11:20:42Z,paper towels,70500840,Sammamish,WA,98029,QFC,00840,0006366836203,0006366836203,00006366836203,006366836203,Green Forest,Green Forest 100% Recycled Size-Your-Own Paper Towels,3 pk,6.29,,6.29
2026-02-17T11:20:42Z,paper towels,70500840,Sammamish,WA,98029,QFC,00840,0086001113901,0086001113901,00086001113901,086001113901,Reel,Reel® Premium Bamboo Paper Towels,6 ct,19.99,,19.99
2026-02-17T11:20:42Z,paper towels,70500840,Sammamish,WA,98029,QFC,00840,0086001113900,0086001113900,00086001113900,086001113900,Reel,Reel® Premium Bamboo Paper Towel Triple Rolls,2 rolls,7.99,,7.99
2026-02-17T11:20:42Z,paper towels,70500840,Sammamish,WA,98029,QFC,00840,0001111011984,0001111011984,00001111011984,001111011984,Kroger,Kroger® Rugged and Reliable Paper Towels Giant Rolls,10 rolls,13.49,,13.49
2026-02-17T11:20:42Z,paper towels,70500840,Sammamish,WA,98029,QFC,00840,0003600056532,0003600056532,00003600056532,003600056532,Viva,Viva® Signature Cloth™ Paper Towels Double Rolls,6 rolls,15.99,14.99,14.99
2026-02-17T11:20:42Z,paper towels,70500840,Sammamish,WA,98029,QFC,00840,0003600038587,0003600038587,00003600038587,003600038587,Kleenex,"Kleenex® Disposable Paper Hand Towels, 1 Box, 60 Towels per Box",60 count,4.49,,4.49
2026-02-17T11:20:42Z,paper towels,70500840,Sammamish,WA,98029,QFC,00840,0004200044576,0004200044576,00004200044576,004200044576,Brawny,Brawny® Tear-A-Square® 3-Ply Paper Towel Triple Rolls,2 rolls,10.99,,10.99
2026-02-17T11:20:42Z,paper towels,70500840,Sammamish,WA,98029,QFC,00840,0003600052499,0003600052499,00003600052499,003600052499,Viva,Viva Multi-Surface Cloth Paper Towels Double Rolls,8 rolls,17.99,15.99,15.99
2026-02-17T11:20:42Z,paper towels,70500840,Sammamish,WA,98029,QFC,00840,0004200044658,0004200044658,00004200044658,004200044658,Brawny,Brawny® Full Sheet 3-Ply Paper Towel Double Rolls,6 rolls,16.99,11.99,11.99
2026-02-17T11:20:42Z,paper towels,70500840,Sammamish,WA,98029,QFC,00840,0004200044579,0004200044579,00004200044579,004200044579,Brawny,Brawny® Tear-A-Square® 3-Ply Paper Towel Double Rolls,4 rolls,12.99,7.49,7.49
2026-02-17T11:20:42Z,paper towels,70500840,Sammamish,WA,98029,QFC,00840,0001111016086,0001111016086,00001111016086,001111016086,Kroger,Kroger® Rugged + Reliable Paper Towels Double Rolls,4 rolls,7.99,,7.99
2026-02-17T11:20:42Z,paper towels,70500840,Sammamish,WA,98029,QFC,00840,0001111014184,0001111014184,00001111014184,001111014184,Kroger,Kroger® Ultra Paper Towels With Absorbing Power Triple Rolls,2 rolls,6.29,,6.29
2026-02-17T11:20:42Z,paper towels,70500840,Sammamish,WA,98029,QFC,00840,0001111016087,0001111016087,00001111016087,001111016087,Kroger,Kroger® Rugged + Reliable Paper Towels Giant Rolls,10 rolls,13.99,,13.99
2026-02-17T11:20:42Z,paper towels,70500840,Sammamish,WA,98029,QFC,00840,0001111014185,0001111014185,00001111014185,001111014185,Kroger,Kroger® Ultra Paper Towels With Absorbing Power Double Rolls,4 rolls,10.99,,10.99
2026-02-17T11:20:42Z,paper towels,70500840,Sammamish,WA,98029,QFC,00840,0001111016088,0001111016088,00001111016088,001111016088,Kroger,Kroger® Rugged + Reliable Paper Towels Double Plus Rolls BIG DEAL!,12 ct,21.99,,21.99
2026-02-17T11:20:42Z,paper towels,70500840,Sammamish,WA,98029,QFC,00840,0001111014186,0001111014186,00001111014186,001111014186,Kroger,Kroger® Ultra Paper Towels With Absorbing Power Double Rolls,6 rolls,11.29,,11.29
2026-02-17T11:20:42Z,paper towels,70500840,Sammamish,WA,98029,QFC,00840,0003077216014,0003077216014,00003077216014,003077216014,Bounty,"Bounty Paper Towels Select-A-Size White, 8 Triple Rolls, 123 Sheets Per Roll",8 rolls,27.99,26.99,26.99
2026-02-17T11:20:42Z,paper towels,70500840,Sammamish,WA,98029,QFC,00840,0001111014187,0001111014187,00001111014187,001111014187,Kroger,Kroger® Ultra Absorbing Power Paper Towels Triple Rolls,8 ct,19.29,,19.29
2026-02-17T11:20:42Z,paper towels,70500840,Sammamish,WA,98029,QFC,00840,0003077215664,0003077215664,00003077215664,003077215664,Bounty,Bounty Paper Towels Select-A-Size White 12 Double Plus Rolls,12 rolls,34.99,29.99,29.99
2026-02-17T11:20:42Z,paper towels,70500840,Sammamish,WA,98029,QFC,00840,0003040022241,0003040022241,00003040022241,003040022241,Sparkle,Sparkle® Pick-A-Size® Paper Towel Double Rolls,8 rolls,14.99,,14.99
2026-02-17T11:20:42Z,paper towels,70500840,Sammamish,WA,98029,QFC,00840,0003077216276,0003077216276,00003077216276,003077216276,Bounty,Bounty Paper Towels Select-A-Size Print 6 Double Rolls,6 rolls,14.99,,14.99
2026-02-17T11:20:42Z,paper towels,70500840,Sammamish,WA,98029,QFC,00840,0001111010621,0001111010621,00001111010621,001111010621,Kroger,Kroger® Glimmer Select-A-Sheet Paper Towels Double Rolls,2 rolls,2.99,,2.99
2026-02-17T11:20:42Z,paper towels,70500840,Sammamish,WA,98029,QFC,00840,0001111012026,0001111012026,00001111012026,001111012026,Kroger,Kroger® Rugged + Reliable Paper Towels Double Plus Rolls BIG DEAL!,12 rolls,20.99,,20.99
2026-02-17T11:20:42Z,paper towels,70500840,Sammamish,WA,98029,QFC,00840,0004200044588,0004200044588,00004200044588,004200044588,Brawny,Brawny® Tear-A-Square® 3-Ply Paper Towel Double Rolls,6 rolls,16.99,11.99,11.99
2026-02-17T11:20:42Z,paper towels,70500840,Sammamish,WA,98029,QFC,00840,0003077215703,0003077215703,00003077215703,003077215703,Bounty,Bounty Paper Towels Select-A-Size White 6 Double Rolls,6 rolls,14.99,,14.99
2026-02-17T11:20:42Z,paper towels,70500840,Sammamish,WA,98029,QFC,00840,0004200044600,0004200044600,00004200044600,004200044600,Brawny,Brawny® Tear-A-Square® 3-Ply Paper Towel Double Rolls,8 rolls,20.99,17.99,17.99
2026-02-17T11:20:42Z,paper towels,70500807,Seattle,WA,98105,QFC,00807,0003600049413,0003600049413,00003600049413,003600049413,Viva,Viva® Multi-Surface Cloth™ Paper Towels Single Rolls,6 rolls,12.49,9.49,9.49
2026-02-17T11:20:42Z,paper towels,70500807,Seattle,WA,98105,QFC,00807,0003077215712,0003077215712,00003077215712,003077215712,Bounty,Bounty Paper Towels Select-A-Size White 4 Double Rolls,4 rolls,11.99,,11.99
2026-02-17T11:20:42Z,paper towels,70500807,Seattle,WA,98105,QFC,00807,0005400075130,0005400075130,00005400075130,005400075130,Scott,Scott® Original Multipurpose Shop Towels - Blue,55ct,3.99,,3.99
2026-02-17T11:20:42Z,paper towels,70500807,Seattle,WA,98105,QFC,00807,0003040022272,0003040022272,00003040022272,003040022272,Sparkle,Sparkle® Tear-A-Square® Customizable Sheet Size Paper Towels Double Rolls,2 rolls,4.99,,4.99
2026-02-17T11:20:42Z,paper towels,70500807,Seattle,WA,98105,QFC,00807,0003077216021,0003077216021,00003077216021,003077216021,Bounty,Bounty Paper Towels Full Sheet White 6 Double Rolls,6 rolls,14.99,,14.99
2026-02-17T11:20:42Z,paper towels,70500807,Seattle,WA,98105,QFC,00807,0003077216020,0003077216020,00003077216020,003077216020,Bounty,Bounty Paper Towels Select-A-Size White 6 Triple Rolls,6 rolls,23.99,19.99,19.99
2026-02-17T11:20:42Z,paper towels,70500807,Seattle,WA,98105,QFC,00807,0003077216042,0003077216042,00003077216042,003077216042,Bounty,Bounty Paper Towels Select-A-Size White 2 Triple Rolls,2 rolls,10.99,10.19,10.19
2026-02-17T11:20:42Z,paper towels,70500807,Seattle,WA,98105,QFC,00807,0003040022276,0003040022276,00003040022276,003040022276,Sparkle,Sparkle® Tear-A-Square® Paper Towel Double Rolls,6 rolls,10.99,7.49,7.49
2026-02-17T11:20:42Z,paper towels,70500807,Seattle,WA,98105,QFC,00807,0006366836201,0006366836201,00006366836201,006366836201,Green Forest,Green Forest Size-Your-Own Paper Towels 100% Recycled,1 roll,2.49,,2.49
2026-02-17T11:20:42Z,paper towels,70500807,Seattle,WA,98105,QFC,00807,0003077219274,0003077219274,00003077219274,003077219274,Bounty,Bounty Paper Towels Select-A-Size White 8 Double Plus Rolls,8 rolls,24.99,,24.99
2026-02-17T11:20:42Z,paper towels,70500807,Seattle,WA,98105,QFC,00807,0006366836203,0006366836203,00006366836203,006366836203,Green Forest,Green Forest 100% Recycled Size-Your-Own Paper Towels,3 pk,6.29,,6.29
2026-02-17T11:20:42Z,paper towels,70500807,Seattle,WA,98105,QFC,00807,0086001113901,0086001113901,00086001113901,086001113901,Reel,Reel® Premium Bamboo Paper Towels,6 ct,19.99,,19.99
2026-02-17T11:20:42Z,paper towels,70500807,Seattle,WA,98105,QFC,00807,0003077205701,0003077205701,00003077205701,003077205701,Bounty,Bounty Select-A-Size Paper Towels Double Rolls,4 rolls,11.99,,11.99
2026-02-17T11:20:42Z,paper towels,70500807,Seattle,WA,98105,QFC,00807,0086001113900,0086001113900,00086001113900,086001113900,Reel,Reel® Premium Bamboo Paper Towel Triple Rolls,2 rolls,7.99,,7.99
2026-02-17T11:20:42Z,paper towels,70500807,Seattle,WA,98105,QFC,00807,0001111011984,0001111011984,00001111011984,001111011984,Kroger,Kroger® Rugged and Reliable Paper Towels Giant Rolls,10 rolls,13.49,,13.49
2026-02-17T11:20:42Z,paper towels,70500807,Seattle,WA,98105,QFC,00807,0003600038587,0003600038587,00003600038587,003600038587,Kleenex,"Kleenex® Disposable Paper Hand Towels, 1 Box, 60 Towels per Box",60 count,4.49,,4.49
2026-02-17T11:20:42Z,paper towels,70500807,Seattle,WA,98105,QFC,00807,0003600056532,0003600056532,00003600056532,003600056532,Viva,Viva® Signature Cloth™ Paper Towels Double Rolls,6 rolls,15.99,14.99,14.99
2026-02-17T11:20:42Z,paper towels,70500807,Seattle,WA,98105,QFC,00807,0004200044576,0004200044576,00004200044576,004200044576,Brawny,Brawny® Tear-A-Square® 3-Ply Paper Towel Triple Rolls,2 rolls,10.99,,10.99
2026-02-17T11:20:42Z,paper towels,70500807,Seattle,WA,98105,QFC,00807,0003600056535,0003600056535,00003600056535,003600056535,Viva,Viva Signature Cloth Paper Towels Double Rolls,12 rolls,23.49,,23.49
2026-02-17T11:20:42Z,paper towels,70500807,Seattle,WA,98105,QFC,00807,0003600052499,0003600052499,00003600052499,003600052499,Viva,Viva Multi-Surface Cloth Paper Towels Double Rolls,8 rolls,17.99,15.99,15.99
2026-02-17T11:20:42Z,paper towels,70500807,Seattle,WA,98105,QFC,00807,0004200044658,0004200044658,00004200044658,004200044658,Brawny,Brawny® Full Sheet 3-Ply Paper Towel Double Rolls,6 rolls,16.99,11.99,11.99
2026-02-17T11:20:42Z,paper towels,70500807,Seattle,WA,98105,QFC,00807,0004200044579,0004200044579,00004200044579,004200044579,Brawny,Brawny® Tear-A-Square® 3-Ply Paper Towel Double Rolls,4 rolls,12.99,7.49,7.49
2026-02-17T11:20:42Z,paper towels,70500807,Seattle,WA,98105,QFC,00807,0001111016086,0001111016086,00001111016086,001111016086,Kroger,Kroger® Rugged + Reliable Paper Towels Double Rolls,4 rolls,7.99,,7.99
2026-02-17T11:20:42Z,paper towels,70500807,Seattle,WA,98105,QFC,00807,0001111014184,0001111014184,00001111014184,001111014184,Kroger,Kroger® Ultra Paper Towels With Absorbing Power Triple Rolls,2 rolls,6.29,,6.29
2026-02-17T11:20:42Z,paper towels,70500807,Seattle,WA,98105,QFC,00807,0001111016087,0001111016087,00001111016087,001111016087,Kroger,Kroger® Rugged + Reliable Paper Towels Giant Rolls,10 rolls,13.99,,13.99
2026-02-17T11:20:42Z,paper towels,70500807,Seattle,WA,98105,QFC,00807,0001111016088,0001111016088,00001111016088,001111016088,Kroger,Kroger® Rugged + Reliable Paper Towels Double Plus Rolls BIG DEAL!,12 ct,21.99,,21.99
2026-02-17T11:20:42Z,paper towels,70500807,Seattle,WA,98105,QFC,00807,0001111014185,0001111014185,00001111014185,001111014185,Kroger,Kroger® Ultra Paper Towels With Absorbing Power Double Rolls,4 rolls,10.99,,10.99
2026-02-17T11:20:42Z,paper towels,70500807,Seattle,WA,98105,QFC,00807,0003077216014,0003077216014,00003077216014,003077216014,Bounty,"Bounty Paper Towels Select-A-Size White, 8 Triple Rolls, 123 Sheets Per Roll",8 rolls,27.99,26.99,26.99
2026-02-17T11:20:42Z,paper towels,70500807,Seattle,WA,98105,QFC,00807,0001111014186,0001111014186,00001111014186,001111014186,Kroger,Kroger® Ultra Paper Towels With Absorbing Power Double Rolls,6 rolls,11.29,,11.29
2026-02-17T11:20:42Z,paper towels,70500807,Seattle,WA,98105,QFC,00807,0001111014187,0001111014187,00001111014187,001111014187,Kroger,Kroger® Ultra Absorbing Power Paper Towels Triple Rolls,8 ct,19.29,,19.29
2026-02-17T11:20:42Z,paper towels,70500807,Seattle,WA,98105,QFC,00807,0003077215664,0003077215664,00003077215664,003077215664,Bounty,Bounty Paper Towels Select-A-Size White 12 Double Plus Rolls,12 rolls,34.99,29.99,29.99
2026-02-17T11:20:42Z,paper towels,70500807,Seattle,WA,98105,QFC,00807,0001111003366,0001111003366,00001111003366,001111003366,Simple Truth,Simple Truth® 100% Recycled Big Paper Towels,2 rolls,,,
2026-02-17T11:20:42Z,paper towels,70500807,Seattle,WA,98105,QFC,00807,0003040022241,0003040022241,00003040022241,003040022241,Sparkle,Sparkle® Pick-A-Size® Paper Towel Double Rolls,8 rolls,14.99,,14.99
2026-02-17T11:20:42Z,paper towels,70500807,Seattle,WA,98105,QFC,00807,0003077216276,0003077216276,00003077216276,003077216276,Bounty,Bounty Paper Towels Select-A-Size Print 6 Double Rolls,6 rolls,14.99,,14.99
2026-02-17T11:20:42Z,paper towels,70500807,Seattle,WA,98105,QFC,00807,0001111011996,0001111011996,00001111011996,001111011996,Simple Truth,Simple Truth® 100% Recycled Big Paper Towels,8 rolls,,,
2026-02-17T11:20:42Z,paper towels,70500807,Seattle,WA,98105,QFC,00807,0001111010621,0001111010621,00001111010621,001111010621,Kroger,Kroger® Glimmer Select-A-Sheet Paper Towels Double Rolls,2 rolls,2.99,,2.99
2026-02-17T11:20:42Z,paper towels,70500807,Seattle,WA,98105,QFC,00807,0001111012026,0001111012026,00001111012026,001111012026,Kroger,Kroger® Rugged + Reliable Paper Towels Double Plus Rolls BIG DEAL!,12 rolls,20.99,,20.99
2026-02-17T11:20:42Z,paper towels,70500807,Seattle,WA,98105,QFC,00807,0001111013577,0001111013577,00001111013577,001111013577,Kroger,Kroger® Rugged + Reliable Paper Towels Double Rolls,4 rolls,7.49,,7.49
2026-02-17T11:20:42Z,paper towels,70500807,Seattle,WA,98105,QFC,00807,0004200044588,0004200044588,00004200044588,004200044588,Brawny,Brawny® Tear-A-Square® 3-Ply Paper Towel Double Rolls,6 rolls,16.99,11.99,11.99
2026-02-17T11:20:42Z,paper towels,70500807,Seattle,WA,98105,QFC,00807,0003077215703,0003077215703,00003077215703,003077215703,Bounty,Bounty Paper Towels Select-A-Size White 6 Double Rolls,6 rolls,14.99,,14.99
2026-02-17T11:20:42Z,paper towels,70500807,Seattle,WA,98105,QFC,00807,0004200044600,0004200044600,00004200044600,004200044600,Brawny,Brawny® Tear-A-Square® 3-Ply Paper Towel Double Rolls,8 rolls,20.99,17.99,17.99
2026-02-17T11:20:42Z,paper towels,70500811,Seattle,WA,98119,QFC,00811,0003600049413,0003600049413,00003600049413,003600049413,Viva,Viva® Multi-Surface Cloth™ Paper Towels Single Rolls,6 rolls,12.49,9.49,9.49
2026-02-17T11:20:42Z,paper towels,70500811,Seattle,WA,98119,QFC,00811,0003077215712,0003077215712,00003077215712,003077215712,Bounty,Bounty Paper Towels Select-A-Size White 4 Double Rolls,4 rolls,11.99,,11.99
2026-02-17T11:20:42Z,paper towels,70500811,Seattle,WA,98119,QFC,00811,0003040022272,0003040022272,00003040022272,003040022272,Sparkle,Sparkle® Tear-A-Square® Customizable Sheet Size Paper Towels Double Rolls,2 rolls,4.99,,4.99
2026-02-17T11:20:42Z,paper towels,70500811,Seattle,WA,98119,QFC,00811,0003077216021,0003077216021,00003077216021,003077216021,Bounty,Bounty Paper Towels Full Sheet White 6 Double Rolls,6 rolls,14.99,,14.99
2026-02-17T11:20:42Z,paper towels,70500811,Seattle,WA,98119,QFC,00811,0003077216020,0003077216020,00003077216020,003077216020,Bounty,Bounty Paper Towels Select-A-Size White 6 Triple Rolls,6 rolls,23.99,19.99,19.99
2026-02-17T11:20:42Z,paper towels,70500811,Seattle,WA,98119,QFC,00811,0003077216042,0003077216042,00003077216042,003077216042,Bounty,Bounty Paper Towels Select-A-Size White 2 Triple Rolls,2 rolls,10.99,10.19,10.19
2026-02-17T11:20:42Z,paper towels,70500811,Seattle,WA,98119,QFC,00811,0003040022276,0003040022276,00003040022276,003040022276,Sparkle,Sparkle® Tear-A-Square® Paper Towel Double Rolls,6 rolls,10.99,7.49,7.49
2026-02-17T11:20:42Z,paper towels,70500811,Seattle,WA,98119,QFC,00811,0003077219274,0003077219274,00003077219274,003077219274,Bounty,Bounty Paper Towels Select-A-Size White 8 Double Plus Rolls,8 rolls,24.99,,24.99
2026-02-17T11:20:42Z,paper towels,70500811,Seattle,WA,98119,QFC,00811,0006366836201,0006366836201,00006366836201,006366836201,Green Forest,Green Forest Size-Your-Own Paper Towels 100% Recycled,1 roll,2.49,,2.49
2026-02-17T11:20:42Z,paper towels,70500811,Seattle,WA,98119,QFC,00811,0006366836203,0006366836203,00006366836203,006366836203,Green Forest,Green Forest 100% Recycled Size-Your-Own Paper Towels,3 pk,6.29,,6.29
2026-02-17T11:20:42Z,paper towels,70500811,Seattle,WA,98119,QFC,00811,0086001113901,0086001113901,00086001113901,086001113901,Reel,Reel® Premium Bamboo Paper Towels,6 ct,19.99,,19.99
2026-02-17T11:20:42Z,paper towels,70500811,Seattle,WA,98119,QFC,00811,0086001113900,0086001113900,00086001113900,086001113900,Reel,Reel® Premium Bamboo Paper Towel Triple Rolls,2 rolls,7.99,,7.99
2026-02-17T11:20:42Z,paper towels,70500811,Seattle,WA,98119,QFC,00811,0001111011984,0001111011984,00001111011984,001111011984,Kroger,Kroger® Rugged and Reliable Paper Towels Giant Rolls,10 rolls,13.49,,13.49
2026-02-17T11:20:42Z,paper towels,70500811,Seattle,WA,98119,QFC,00811,0003600038587,0003600038587,00003600038587,003600038587,Kleenex,"Kleenex® Disposable Paper Hand Towels, 1 Box, 60 Towels per Box",60 count,4.49,,4.49
2026-02-17T11:20:42Z,paper towels,70500811,Seattle,WA,98119,QFC,00811,0003600056532,0003600056532,00003600056532,003600056532,Viva,Viva® Signature Cloth™ Paper Towels Double Rolls,6 rolls,15.99,14.99,14.99
2026-02-17T11:20:42Z,paper towels,70500811,Seattle,WA,98119,QFC,00811,0004200044576,0004200044576,00004200044576,004200044576,Brawny,Brawny® Tear-A-Square® 3-Ply Paper Towel Triple Rolls,2 rolls,10.99,,10.99
2026-02-17T11:20:42Z,paper towels,70500811,Seattle,WA,98119,QFC,00811,0003600052499,0003600052499,00003600052499,003600052499,Viva,Viva Multi-Surface Cloth Paper Towels Double Rolls,8 rolls,17.99,15.99,15.99
2026-02-17T11:20:42Z,paper towels,70500811,Seattle,WA,98119,QFC,00811,0004200044579,0004200044579,00004200044579,004200044579,Brawny,Brawny® Tear-A-Square® 3-Ply Paper Towel Double Rolls,4 rolls,12.99,7.49,7.49
2026-02-17T11:20:42Z,paper towels,70500811,Seattle,WA,98119,QFC,00811,0001111016086,0001111016086,00001111016086,001111016086,Kroger,Kroger® Rugged + Reliable Paper Towels Double Rolls,4 rolls,7.99,,7.99
2026-02-17T11:20:42Z,paper towels,70500811,Seattle,WA,98119,QFC,00811,0001111016087,0001111016087,00001111016087,001111016087,Kroger,Kroger® Rugged + Reliable Paper Towels Giant Rolls,10 rolls,13.99,,13.99
2026-02-17T11:20:42Z,paper towels,70500811,Seattle,WA,98119,QFC,00811,0001111014184,0001111014184,00001111014184,001111014184,Kroger,Kroger® Ultra Paper Towels With Absorbing Power Triple Rolls,2 rolls,6.29,,6.29
2026-02-17T11:20:42Z,paper towels,70500811,Seattle,WA,98119,QFC,00811,0001111014185,0001111014185,00001111014185,001111014185,Kroger,Kroger® Ultra Paper Towels With Absorbing Power Double Rolls,4 rolls,10.99,,10.99
2026-02-17T11:20:42Z,paper towels,70500811,Seattle,WA,98119,QFC,00811,0001111014186,0001111014186,00001111014186,001111014186,Kroger,Kroger® Ultra Paper Towels With Absorbing Power Double Rolls,6 rolls,11.29,,11.29
2026-02-17T11:20:42Z,paper towels,70500811,Seattle,WA,98119,QFC,00811,0003077216014,0003077216014,00003077216014,003077216014,Bounty,"Bounty Paper Towels Select-A-Size White, 8 Triple Rolls, 123 Sheets Per Roll",8 rolls,27.99,26.99,26.99
2026-02-17T11:20:42Z,paper towels,70500811,Seattle,WA,98119,QFC,00811,0001111014187,0001111014187,00001111014187,001111014187,Kroger,Kroger® Ultra Absorbing Power Paper Towels Triple Rolls,8 ct,19.29,,19.29
2026-02-17T11:20:42Z,paper towels,70500811,Seattle,WA,98119,QFC,00811,0003040022241,0003040022241,00003040022241,003040022241,Sparkle,Sparkle® Pick-A-Size® Paper Towel Double Rolls,8 rolls,14.99,,14.99
2026-02-17T11:20:42Z,paper towels,70500811,Seattle,WA,98119,QFC,00811,0003077216276,0003077216276,00003077216276,003077216276,Bounty,Bounty Paper Towels Select-A-Size Print 6 Double Rolls,6 rolls,14.99,,14.99
2026-02-17T11:20:42Z,paper towels,70500811,Seattle,WA,98119,QFC,00811,0001111010621,0001111010621,00001111010621,001111010621,Kroger,Kroger® Glimmer Select-A-Sheet Paper Towels Double Rolls,2 rolls,2.99,,2.99
2026-02-17T11:20:42Z,paper towels,70500811,Seattle,WA,98119,QFC,00811,0004200044588,0004200044588,00004200044588,004200044588,Brawny,Brawny® Tear-A-Square® 3-Ply Paper Towel Double Rolls,6 rolls,16.99,11.99,11.99
2026-02-17T11:20:42Z,paper towels,70500811,Seattle,WA,98119,QFC,00811,0003077215703,0003077215703,00003077215703,003077215703,Bounty,Bounty Paper Towels Select-A-Size White 6 Double Rolls,6 rolls,14.99,,14.99
2026-02-17T11:20:42Z,paper towels,70500811,Seattle,WA,98119,QFC,00811,0004200044600,0004200044600,00004200044600,004200044600,Brawny,Brawny® Tear-A-Square® 3-Ply Paper Towel Double Rolls,8 rolls,20.99,17.99,17.99
2026-02-17T11:20:42Z,paper towels,70500825,Seattle,WA,98126,QFC,00825,0003077215712,0003077215712,00003077215712,003077215712,Bounty,Bounty Paper Towels Select-A-Size White 4 Double Rolls,4 rolls,11.99,,11.99
2026-02-17T11:20:42Z,paper towels,70500825,Seattle,WA,98126,QFC,00825,0003600049413,0003600049413,00003600049413,003600049413,Viva,Viva® Multi-Surface Cloth™ Paper Towels Single Rolls,6 rolls,12.49,9.49,9.49
2026-02-17T11:20:42Z,paper towels,70500825,Seattle,WA,98126,QFC,00825,0003040022272,0003040022272,00003040022272,003040022272,Sparkle,Sparkle® Tear-A-Square® Customizable Sheet Size Paper Towels Double Rolls,2 rolls,4.99,,4.99
2026-02-17T11:20:42Z,paper towels,70500825,Seattle,WA,98126,QFC,00825,0003077216021,0003077216021,00003077216021,003077216021,Bounty,Bounty Paper Towels Full Sheet White 6 Double Rolls,6 rolls,14.99,,14.99
2026-02-17T11:20:42Z,paper towels,70500825,Seattle,WA,98126,QFC,00825,0003077216042,0003077216042,00003077216042,003077216042,Bounty,Bounty Paper Towels Select-A-Size White 2 Triple Rolls,2 rolls,10.99,10.19,10.19
2026-02-17T11:20:42Z,paper towels,70500825,Seattle,WA,98126,QFC,00825,0003077216020,0003077216020,00003077216020,003077216020,Bounty,Bounty Paper Towels Select-A-Size White 6 Triple Rolls,6 rolls,23.99,19.99,19.99
2026-02-17T11:20:42Z,paper towels,70500825,Seattle,WA,98126,QFC,00825,0003040022276,0003040022276,00003040022276,003040022276,Sparkle,Sparkle® Tear-A-Square® Paper Towel Double Rolls,6 rolls,10.99,7.49,7.49
2026-02-17T11:20:42Z,paper towels,70500825,Seattle,WA,98126,QFC,00825,0006366836201,0006366836201,00006366836201,006366836201,Green Forest,Green Forest Size-Your-Own Paper Towels 100% Recycled,1 roll,2.49,,2.49
2026-02-17T11:20:42Z,paper towels,70500825,Seattle,WA,98126,QFC,00825,0003077219274,0003077219274,00003077219274,003077219274,Bounty,Bounty Paper Towels Select-A-Size White 8 Double Plus Rolls,8 rolls,24.99,,24.99
2026-02-17T11:20:42Z,paper towels,70500825,Seattle,WA,98126,QFC,00825,0006366836203,0006366836203,00006366836203,006366836203,Green Forest,Green Forest 100% Recycled Size-Your-Own Paper Towels,3 pk,6.29,,6.29
2026-02-17T11:20:42Z,paper towels,70500825,Seattle,WA,98126,QFC,00825,0086001113901,0086001113901,00086001113901,086001113901,Reel,Reel® Premium Bamboo Paper Towels,6 ct,19.99,,19.99
2026-02-17T11:20:42Z,paper towels,70500825,Seattle,WA,98126,QFC,00825,0086001113900,0086001113900,00086001113900,086001113900,Reel,Reel® Premium Bamboo Paper Towel Triple Rolls,2 rolls,7.99,,7.99
2026-02-17T11:20:42Z,paper towels,70500825,Seattle,WA,98126,QFC,00825,0001111011984,0001111011984,00001111011984,001111011984,Kroger,Kroger® Rugged and Reliable Paper Towels Giant Rolls,10 rolls,13.49,,13.49
2026-02-17T11:20:42Z,paper towels,70500825,Seattle,WA,98126,QFC,00825,0003600038587,0003600038587,00003600038587,003600038587,Kleenex,"Kleenex® Disposable Paper Hand Towels, 1 Box, 60 Towels per Box",60 count,4.49,,4.49
2026-02-17T11:20:42Z,paper towels,70500825,Seattle,WA,98126,QFC,00825,0003600056532,0003600056532,00003600056532,003600056532,Viva,Viva® Signature Cloth™ Paper Towels Double Rolls,6 rolls,15.99,14.99,14.99
2026-02-17T11:20:42Z,paper towels,70500825,Seattle,WA,98126,QFC,00825,0004200044576,0004200044576,00004200044576,004200044576,Brawny,Brawny® Tear-A-Square® 3-Ply Paper Towel Triple Rolls,2 rolls,10.99,,10.99
2026-02-17T11:20:42Z,paper towels,70500825,Seattle,WA,98126,QFC,00825,0003600052499,0003600052499,00003600052499,003600052499,Viva,Viva Multi-Surface Cloth Paper Towels Double Rolls,8 rolls,17.99,15.99,15.99
2026-02-17T11:20:42Z,paper towels,70500825,Seattle,WA,98126,QFC,00825,0004200044658,0004200044658,00004200044658,004200044658,Brawny,Brawny® Full Sheet 3-Ply Paper Towel Double Rolls,6 rolls,16.99,11.99,11.99
2026-02-17T11:20:42Z,paper towels,70500825,Seattle,WA,98126,QFC,00825,0004200044579,0004200044579,00004200044579,004200044579,Brawny,Brawny® Tear-A-Square® 3-Ply Paper Towel Double Rolls,4 rolls,12.99,7.49,7.49
2026-02-17T11:20:42Z,paper towels,70500825,Seattle,WA,98126,QFC,00825,0001111016086,0001111016086,00001111016086,001111016086,Kroger,Kroger® Rugged + Reliable Paper Towels Double Rolls,4 rolls,7.99,,7.99
2026-02-17T11:20:42Z,paper towels,70500825,Seattle,WA,98126,QFC,00825,0001111016087,0001111016087,00001111016087,001111016087,Kroger,Kroger® Rugged + Reliable Paper Towels Giant Rolls,10 rolls,13.99,,13.99
2026-02-17T11:20:42Z,paper towels,70500825,Seattle,WA,98126,QFC,00825,0001111014184,0001111014184,00001111014184,001111014184,Kroger,Kroger® Ultra Paper Towels With Absorbing Power Triple Rolls,2 rolls,6.29,,6.29
2026-02-17T11:20:42Z,paper towels,70500825,Seattle,WA,98126,QFC,00825,0001111014185,0001111014185,00001111014185,001111014185,Kroger,Kroger® Ultra Paper Towels With Absorbing Power Double Rolls,4 rolls,10.99,,10.99
2026-02-17T11:20:42Z,paper towels,70500825,Seattle,WA,98126,QFC,00825,0001111016088,0001111016088,00001111016088,001111016088,Kroger,Kroger® Rugged + Reliable Paper Towels Double Plus Rolls BIG DEAL!,12 ct,21.99,,21.99
2026-02-17T11:20:42Z,paper towels,70500825,Seattle,WA,98126,QFC,00825,0001111014186,0001111014186,00001111014186,001111014186,Kroger,Kroger® Ultra Paper Towels With Absorbing Power Double Rolls,6 rolls,11.29,,11.29
2026-02-17T11:20:42Z,paper towels,70500825,Seattle,WA,98126,QFC,00825,0003077216014,0003077216014,00003077216014,003077216014,Bounty,"Bounty Paper Towels Select-A-Size White, 8 Triple Rolls, 123 Sheets Per Roll",8 rolls,27.99,26.99,26.99
2026-02-17T11:20:42Z,paper towels,70500825,Seattle,WA,98126,QFC,00825,0001111014187,0001111014187,00001111014187,001111014187,Kroger,Kroger® Ultra Absorbing Power Paper Towels Triple Rolls,8 ct,19.29,,19.29
2026-02-17T11:20:42Z,paper towels,70500825,Seattle,WA,98126,QFC,00825,0003077215664,0003077215664,00003077215664,003077215664,Bounty,Bounty Paper Towels Select-A-Size White 12 Double Plus Rolls,12 rolls,34.99,29.99,29.99
2026-02-17T11:20:42Z,paper towels,70500825,Seattle,WA,98126,QFC,00825,0003040022241,0003040022241,00003040022241,003040022241,Sparkle,Sparkle® Pick-A-Size® Paper Towel Double Rolls,8 rolls,14.99,,14.99
2026-02-17T11:20:42Z,paper towels,70500825,Seattle,WA,98126,QFC,00825,0003077216276,0003077216276,00003077216276,003077216276,Bounty,Bounty Paper Towels Select-A-Size Print 6 Double Rolls,6 rolls,14.99,,14.99
2026-02-17T11:20:42Z,paper towels,70500825,Seattle,WA,98126,QFC,00825,0003077216071,0003077216071,00003077216071,003077216071,Bounty,Bounty Paper Towels Select-A-Size White 6 Mega Rolls,6 rolls,27.99,26.99,26.99
2026-02-17T11:20:42Z,paper towels,70500825,Seattle,WA,98126,QFC,00825,0001111010621,0001111010621,00001111010621,001111010621,Kroger,Kroger® Glimmer Select-A-Sheet Paper Towels Double Rolls,2 rolls,2.99,,2.99
2026-02-17T11:20:42Z,paper towels,70500825,Seattle,WA,98126,QFC,00825,0001111013577,0001111013577,00001111013577,001111013577,Kroger,Kroger® Rugged + Reliable Paper Towels Double Rolls,4 rolls,7.49,,7.49
2026-02-17T11:20:42Z,paper towels,70500825,Seattle,WA,98126,QFC,00825,0001111012026,0001111012026,00001111012026,001111012026,Kroger,Kroger® Rugged + Reliable Paper Towels Double Plus Rolls BIG DEAL!,12 rolls,20.99,,20.99
2026-02-17T11:20:42Z,paper towels,70500825,Seattle,WA,98126,QFC,00825,0004200044588,0004200044588,00004200044588,004200044588,Brawny,Brawny® Tear-A-Square® 3-Ply Paper Towel Double Rolls,6 rolls,16.99,11.99,11.99
2026-02-17T11:20:42Z,paper towels,70500825,Seattle,WA,98126,QFC,00825,0003077215703,0003077215703,00003077215703,003077215703,Bounty,Bounty Paper Towels Select-A-Size White 6 Double Rolls,6 rolls,14.99,,14.99
2026-02-17T11:20:42Z,paper towels,70500825,Seattle,WA,98126,QFC,00825,0004200044600,0004200044600,00004200044600,004200044600,Brawny,Brawny® Tear-A-Square® 3-Ply Paper Towel Double Rolls,8 rolls,20.99,17.99,17.99
2026-02-17T11:20:42Z,paper towels,70500847,Seattle,WA,98122,QFC,00847,0003600049413,0003600049413,00003600049413,003600049413,Viva,Viva® Multi-Surface Cloth™ Paper Towels Single Rolls,6 rolls,12.49,9.49,9.49
2026-02-17T11:20:42Z,paper towels,70500847,Seattle,WA,98122,QFC,00847,0003077215712,0003077215712,00003077215712,003077215712,Bounty,Bounty Paper Towels Select-A-Size White 4 Double Rolls,4 rolls,11.99,,11.99
2026-02-17T11:20:42Z,paper towels,70500847,Seattle,WA,98122,QFC,00847,0003040022272,0003040022272,00003040022272,003040022272,Sparkle,Sparkle® Tear-A-Square® Customizable Sheet Size Paper Towels Double Rolls,2 rolls,4.99,,4.99
2026-02-17T11:20:42Z,paper towels,70500847,Seattle,WA,98122,QFC,00847,0005400075130,0005400075130,00005400075130,005400075130,Scott,Scott® Original Multipurpose Shop Towels - Blue,55ct,3.99,,3.99
2026-02-17T11:20:42Z,paper towels,70500847,Seattle,WA,98122,QFC,00847,0003077216021,0003077216021,00003077216021,003077216021,Bounty,Bounty Paper Towels Full Sheet White 6 Double Rolls,6 rolls,14.99,,14.99
2026-02-17T11:20:42Z,paper towels,70500847,Seattle,WA,98122,QFC,00847,0003077216020,0003077216020,00003077216020,003077216020,Bounty,Bounty Paper Towels Select-A-Size White 6 Triple Rolls,6 rolls,23.99,19.99,19.99
2026-02-17T11:20:42Z,paper towels,70500847,Seattle,WA,98122,QFC,00847,0003077216042,0003077216042,00003077216042,003077216042,Bounty,Bounty Paper Towels Select-A-Size White 2 Triple Rolls,2 rolls,10.99,10.19,10.19
2026-02-17T11:20:42Z,paper towels,70500847,Seattle,WA,98122,QFC,00847,0003040022276,0003040022276,00003040022276,003040022276,Sparkle,Sparkle® Tear-A-Square® Paper Towel Double Rolls,6 rolls,10.99,7.49,7.49
2026-02-17T11:20:42Z,paper towels,70500847,Seattle,WA,98122,QFC,00847,0003077219274,0003077219274,00003077219274,003077219274,Bounty,Bounty Paper Towels Select-A-Size White 8 Double Plus Rolls,8 rolls,24.99,,24.99
2026-02-17T11:20:42Z,paper towels,70500847,Seattle,WA,98122,QFC,00847,0006366836201,0006366836201,00006366836201,006366836201,Green Forest,Green Forest Size-Your-Own Paper Towels 100% Recycled,1 roll,2.49,,2.49
2026-02-17T11:20:42Z,paper towels,70500847,Seattle,WA,98122,QFC,00847,0006366836203,0006366836203,00006366836203,006366836203,Green Forest,Green Forest 100% Recycled Size-Your-Own Paper Towels,3 pk,6.29,,6.29
2026-02-17T11:20:42Z,paper towels,70500847,Seattle,WA,98122,QFC,00847,0076427177011,0076427177011,00076427177011,076427177011,Oggi,OGGI Wallmount Paper Towel Holder,1 ct,11.99,,11.99
2026-02-17T11:20:42Z,paper towels,70500847,Seattle,WA,98122,QFC,00847,0086001113901,0086001113901,00086001113901,086001113901,Reel,Reel® Premium Bamboo Paper Towels,6 ct,19.99,,19.99
2026-02-17T11:20:42Z,paper towels,70500847,Seattle,WA,98122,QFC,00847,0086001113900,0086001113900,00086001113900,086001113900,Reel,Reel® Premium Bamboo Paper Towel Triple Rolls,2 rolls,7.99,,7.99
2026-02-17T11:20:42Z,paper towels,70500847,Seattle,WA,98122,QFC,00847,0001111011984,0001111011984,00001111011984,001111011984,Kroger,Kroger® Rugged and Reliable Paper Towels Giant Rolls,10 rolls,13.49,,13.49
2026-02-17T11:20:42Z,paper towels,70500847,Seattle,WA,98122,QFC,00847,0019655708688,0019655708688,00019655708688,019655708688,Core,Core Kitchen Paper Towel Holder,1 ct,8.99,,8.99
2026-02-17T11:20:42Z,paper towels,70500847,Seattle,WA,98122,QFC,00847,0003600038587,0003600038587,00003600038587,003600038587,Kleenex,"Kleenex® Disposable Paper Hand Towels, 1 Box, 60 Towels per Box",60 count,4.49,,4.49
2026-02-17T11:20:42Z,paper towels,70500847,Seattle,WA,98122,QFC,00847,0003600056532,0003600056532,00003600056532,003600056532,Viva,Viva® Signature Cloth™ Paper Towels Double Rolls,6 rolls,15.99,14.99,14.99
2026-02-17T11:20:42Z,paper towels,70500847,Seattle,WA,98122,QFC,00847,0004200044576,0004200044576,00004200044576,004200044576,Brawny,Brawny® Tear-A-Square® 3-Ply Paper Towel Triple Rolls,2 rolls,10.99,,10.99
2026-02-17T11:20:42Z,paper towels,70500847,Seattle,WA,98122,QFC,00847,0003600052499,0003600052499,00003600052499,003600052499,Viva,Viva Multi-Surface Cloth Paper Towels Double Rolls,8 rolls,17.99,15.99,15.99
2026-02-17T11:20:42Z,paper towels,70500847,Seattle,WA,98122,QFC,00847,0004200044658,0004200044658,00004200044658,004200044658,Brawny,Brawny® Full Sheet 3-Ply Paper Towel Double Rolls,6 rolls,16.99,11.99,11.99
2026-02-17T11:20:42Z,paper towels,70500847,Seattle,WA,98122,QFC,00847,0004200044579,0004200044579,00004200044579,004200044579,Brawny,Brawny® Tear-A-Square® 3-Ply Paper Towel Double Rolls,4 rolls,12.99,7.49,7.49
2026-02-17T11:20:42Z,paper towels,70500847,Seattle,WA,98122,QFC,00847,0001111016086,0001111016086,00001111016086,001111016086,Kroger,Kroger® Rugged + Reliable Paper Towels Double Rolls,4 rolls,7.99,,7.99
2026-02-17T11:20:42Z,paper towels,70500847,Seattle,WA,98122,QFC,00847,0001111016087,0001111016087,00001111016087,001111016087,Kroger,Kroger® Rugged + Reliable Paper Towels Giant Rolls,10 rolls,13.99,,13.99
2026-02-17T11:20:42Z,paper towels,70500847,Seattle,WA,98122,QFC,00847,0001111014184,0001111014184,00001111014184,001111014184,Kroger,Kroger® Ultra Paper Towels With Absorbing Power Triple Rolls,2 rolls,6.29,,6.29
2026-02-17T11:20:42Z,paper towels,70500847,Seattle,WA,98122,QFC,00847,0001111014185,0001111014185,00001111014185,001111014185,Kroger,Kroger® Ultra Paper Towels With Absorbing Power Double Rolls,4 rolls,10.99,,10.99
2026-02-17T11:20:42Z,paper towels,70500847,Seattle,WA,98122,QFC,00847,0001111016088,0001111016088,00001111016088,001111016088,Kroger,Kroger® Rugged + Reliable Paper Towels Double Plus Rolls BIG DEAL!,12 ct,21.99,,21.99
2026-02-17T11:20:42Z,paper towels,70500847,Seattle,WA,98122,QFC,00847,0001111014186,0001111014186,00001111014186,001111014186,Kroger,Kroger® Ultra Paper Towels With Absorbing Power Double Rolls,6 rolls,11.29,,11.29
2026-02-17T11:20:42Z,paper towels,70500847,Seattle,WA,98122,QFC,00847,0003077216014,0003077216014,00003077216014,003077216014,Bounty,"Bounty Paper Towels Select-A-Size White, 8 Triple Rolls, 123 Sheets Per Roll",8 rolls,27.99,26.99,26.99
2026-02-17T11:20:42Z,paper towels,70500847,Seattle,WA,98122,QFC,00847,0001111014187,0001111014187,00001111014187,001111014187,Kroger,Kroger® Ultra Absorbing Power Paper Towels Triple Rolls,8 ct,19.29,,19.29
2026-02-17T11:20:42Z,paper towels,70500847,Seattle,WA,98122,QFC,00847,0003077215664,0003077215664,00003077215664,003077215664,Bounty,Bounty Paper Towels Select-A-Size White 12 Double Plus Rolls,12 rolls,34.99,29.99,29.99
2026-02-17T11:20:42Z,paper towels,70500847,Seattle,WA,98122,QFC,00847,0071981207833,0071981207833,00071981207833,071981207833,Softworks,Softworks Simply Tear Paper Towel Holder,1 ct,29.99,,29.99
2026-02-17T11:20:42Z,paper towels,70500847,Seattle,WA,98122,QFC,00847,0003040022241,0003040022241,00003040022241,003040022241,Sparkle,Sparkle® Pick-A-Size® Paper Towel Double Rolls,8 rolls,14.99,,14.99
2026-02-17T11:20:42Z,paper towels,70500847,Seattle,WA,98122,QFC,00847,0003077216276,0003077216276,00003077216276,003077216276,Bounty,Bounty Paper Towels Select-A-Size Print 6 Double Rolls,6 rolls,14.99,,14.99
2026-02-17T11:20:42Z,paper towels,70500847,Seattle,WA,98122,QFC,00847,0001111010621,0001111010621,00001111010621,001111010621,Kroger,Kroger® Glimmer Select-A-Sheet Paper Towels Double Rolls,2 rolls,2.99,,2.99
2026-02-17T11:20:42Z,paper towels,70500847,Seattle,WA,98122,QFC,00847,0001111012026,0001111012026,00001111012026,001111012026,Kroger,Kroger® Rugged + Reliable Paper Towels Double Plus Rolls BIG DEAL!,12 rolls,20.99,,20.99
2026-02-17T11:20:42Z,paper towels,70500847,Seattle,WA,98122,QFC,00847,0004200044588,0004200044588,00004200044588,004200044588,Brawny,Brawny® Tear-A-Square® 3-Ply Paper Towel Double Rolls,6 rolls,16.99,11.99,11.99
2026-02-17T11:20:42Z,paper towels,70500847,Seattle,WA,98122,QFC,00847,0003077215703,0003077215703,00003077215703,003077215703,Bounty,Bounty Paper Towels Select-A-Size White 6 Double Rolls,6 rolls,14.99,,14.99
2026-02-17T11:20:42Z,paper towels,70500847,Seattle,WA,98122,QFC,00847,0071981261343,0071981261343,00071981261343,071981261343,Softworks,Softworks Steady Paper Towel Holder,1 ct,25.99,,25.99
2026-02-17T11:20:42Z,paper towels,70500847,Seattle,WA,98122,QFC,00847,0004200044600,0004200044600,00004200044600,004200044600,Brawny,Brawny® Tear-A-Square® 3-Ply Paper Towel Double Rolls,8 rolls,20.99,17.99,17.99
2026-02-17T11:20:42Z,paper towels,70500849,Seattle,WA,98144,QFC,00849,0003077215712,0003077215712,00003077215712,003077215712,Bounty,Bounty Paper Towels Select-A-Size White 4 Double Rolls,4 rolls,11.99,,11.99
2026-02-17T11:20:42Z,paper towels,70500849,Seattle,WA,98144,QFC,00849,0003600049413,0003600049413,00003600049413,003600049413,Viva,Viva® Multi-Surface Cloth™ Paper Towels Single Rolls,6 rolls,12.49,9.49,9.49
2026-02-17T11:20:42Z,paper towels,70500849,Seattle,WA,98144,QFC,00849,0003040022272,0003040022272,00003040022272,003040022272,Sparkle,Sparkle® Tear-A-Square® Customizable Sheet Size Paper Towels Double Rolls,2 rolls,4.99,,4.99
2026-02-17T11:20:42Z,paper towels,70500849,Seattle,WA,98144,QFC,00849,0003077216021,0003077216021,00003077216021,003077216021,Bounty,Bounty Paper Towels Full Sheet White 6 Double Rolls,6 rolls,14.99,,14.99
2026-02-17T11:20:42Z,paper towels,70500849,Seattle,WA,98144,QFC,00849,0003077216020,0003077216020,00003077216020,003077216020,Bounty,Bounty Paper Towels Select-A-Size White 6 Triple Rolls,6 rolls,23.99,19.99,19.99
2026-02-17T11:20:42Z,paper towels,70500849,Seattle,WA,98144,QFC,00849,0003077216042,0003077216042,00003077216042,003077216042,Bounty,Bounty Paper Towels Select-A-Size White 2 Triple Rolls,2 rolls,10.99,10.19,10.19
2026-02-17T11:20:42Z,paper towels,70500849,Seattle,WA,98144,QFC,00849,0003040022276,0003040022276,00003040022276,003040022276,Sparkle,Sparkle® Tear-A-Square® Paper Towel Double Rolls,6 rolls,10.99,7.49,7.49
2026-02-17T11:20:42Z,paper towels,70500849,Seattle,WA,98144,QFC,00849,0006366836201,0006366836201,00006366836201,006366836201,Green Forest,Green Forest Size-Your-Own Paper Towels 100% Recycled,1 roll,2.49,,2.49
2026-02-17T11:20:42Z,paper towels,70500849,Seattle,WA,98144,QFC,00849,0003077219274,0003077219274,00003077219274,003077219274,Bounty,Bounty Paper Towels Select-A-Size White 8 Double Plus Rolls,8 rolls,24.99,,24.99
2026-02-17T11:20:42Z,paper towels,70500849,Seattle,WA,98144,QFC,00849,0006366836203,0006366836203,00006366836203,006366836203,Green Forest,Green Forest 100% Recycled Size-Your-Own Paper Towels,3 pk,6.29,,6.29
2026-02-17T11:20:42Z,paper towels,70500849,Seattle,WA,98144,QFC,00849,0086001113901,0086001113901,00086001113901,086001113901,Reel,Reel® Premium Bamboo Paper Towels,6 ct,19.99,,19.99
2026-02-17T11:20:42Z,paper towels,70500849,Seattle,WA,98144,QFC,00849,0086001113900,0086001113900,00086001113900,086001113900,Reel,Reel® Premium Bamboo Paper Towel Triple Rolls,2 rolls,7.99,,7.99
2026-02-17T11:20:42Z,paper towels,70500849,Seattle,WA,98144,QFC,00849,0001111011984,0001111011984,00001111011984,001111011984,Kroger,Kroger® Rugged and Reliable Paper Towels Giant Rolls,10 rolls,13.49,,13.49
2026-02-17T11:20:42Z,paper towels,70500849,Seattle,WA,98144,QFC,00849,0003600038587,0003600038587,00003600038587,003600038587,Kleenex,"Kleenex® Disposable Paper Hand Towels, 1 Box, 60 Towels per Box",60 count,4.49,,4.49
2026-02-17T11:20:42Z,paper towels,70500849,Seattle,WA,98144,QFC,00849,0003600056532,0003600056532,00003600056532,003600056532,Viva,Viva® Signature Cloth™ Paper Towels Double Rolls,6 rolls,15.99,14.99,14.99
2026-02-17T11:20:42Z,paper towels,70500849,Seattle,WA,98144,QFC,00849,0004200044576,0004200044576,00004200044576,004200044576,Brawny,Brawny® Tear-A-Square® 3-Ply Paper Towel Triple Rolls,2 rolls,10.99,,10.99
2026-02-17T11:20:42Z,paper towels,70500849,Seattle,WA,98144,QFC,00849,0003600052499,0003600052499,00003600052499,003600052499,Viva,Viva Multi-Surface Cloth Paper Towels Double Rolls,8 rolls,17.99,15.99,15.99
2026-02-17T11:20:42Z,paper towels,70500849,Seattle,WA,98144,QFC,00849,0004200044658,0004200044658,00004200044658,004200044658,Brawny,Brawny® Full Sheet 3-Ply Paper Towel Double Rolls,6 rolls,16.99,11.99,11.99
2026-02-17T11:20:42Z,paper towels,70500849,Seattle,WA,98144,QFC,00849,0004200044579,0004200044579,00004200044579,004200044579,Brawny,Brawny® Tear-A-Square® 3-Ply Paper Towel Double Rolls,4 rolls,12.99,7.49,7.49
2026-02-17T11:20:42Z,paper towels,70500849,Seattle,WA,98144,QFC,00849,0001111016086,0001111016086,00001111016086,001111016086,Kroger,Kroger® Rugged + Reliable Paper Towels Double Rolls,4 rolls,7.99,,7.99
2026-02-17T11:20:42Z,paper towels,70500849,Seattle,WA,98144,QFC,00849,0001111014184,0001111014184,00001111014184,001111014184,Kroger,Kroger® Ultra Paper Towels With Absorbing Power Triple Rolls,2 rolls,6.29,,6.29
2026-02-17T11:20:42Z,paper towels,70500849,Seattle,WA,98144,QFC,00849,0001111016087,0001111016087,00001111016087,001111016087,Kroger,Kroger® Rugged + Reliable Paper Towels Giant Rolls,10 rolls,13.99,,13.99
2026-02-17T11:20:42Z,paper towels,70500849,Seattle,WA,98144,QFC,00849,0001111014185,0001111014185,00001111014185,001111014185,Kroger,Kroger® Ultra Paper Towels With Absorbing Power Double Rolls,4 rolls,10.99,,10.99
2026-02-17T11:20:42Z,paper towels,70500849,Seattle,WA,98144,QFC,00849,0001111016088,0001111016088,00001111016088,001111016088,Kroger,Kroger® Rugged + Reliable Paper Towels Double Plus Rolls BIG DEAL!,12 ct,21.99,,21.99
2026-02-17T11:20:42Z,paper towels,70500849,Seattle,WA,98144,QFC,00849,0003077216014,0003077216014,00003077216014,003077216014,Bounty,"Bounty Paper Towels Select-A-Size White, 8 Triple Rolls, 123 Sheets Per Roll",8 rolls,27.99,26.99,26.99
2026-02-17T11:20:42Z,paper towels,70500849,Seattle,WA,98144,QFC,00849,0001111014186,0001111014186,00001111014186,001111014186,Kroger,Kroger® Ultra Paper Towels With Absorbing Power Double Rolls,6 rolls,11.29,,11.29
2026-02-17T11:20:42Z,paper towels,70500849,Seattle,WA,98144,QFC,00849,0001111014187,0001111014187,00001111014187,001111014187,Kroger,Kroger® Ultra Absorbing Power Paper Towels Triple Rolls,8 ct,19.29,,19.29
2026-02-17T11:20:42Z,paper towels,70500849,Seattle,WA,98144,QFC,00849,0003077215664,0003077215664,00003077215664,003077215664,Bounty,Bounty Paper Towels Select-A-Size White 12 Double Plus Rolls,12 rolls,34.99,29.99,29.99
2026-02-17T11:20:42Z,paper towels,70500849,Seattle,WA,98144,QFC,00849,0003040022241,0003040022241,00003040022241,003040022241,Sparkle,Sparkle® Pick-A-Size® Paper Towel Double Rolls,8 rolls,14.99,,14.99
2026-02-17T11:20:42Z,paper towels,70500849,Seattle,WA,98144,QFC,00849,0003077216276,0003077216276,00003077216276,003077216276,Bounty,Bounty Paper Towels Select-A-Size Print 6 Double Rolls,6 rolls,14.99,,14.99
2026-02-17T11:20:42Z,paper towels,70500849,Seattle,WA,98144,QFC,00849,0001111010621,0001111010621,00001111010621,001111010621,Kroger,Kroger® Glimmer Select-A-Sheet Paper Towels Double Rolls,2 rolls,2.99,,2.99
2026-02-17T11:20:42Z,paper towels,70500849,Seattle,WA,98144,QFC,00849,0001111012026,0001111012026,00001111012026,001111012026,Kroger,Kroger® Rugged + Reliable Paper Towels Double Plus Rolls BIG DEAL!,12 rolls,,,
2026-02-17T11:20:42Z,paper towels,70500849,Seattle,WA,98144,QFC,00849,0004200044588,0004200044588,00004200044588,004200044588,Brawny,Brawny® Tear-A-Square® 3-Ply Paper Towel Double Rolls,6 rolls,16.99,11.99,11.99
2026-02-17T11:20:42Z,paper towels,70500849,Seattle,WA,98144,QFC,00849,0003077215703,0003077215703,00003077215703,003077215703,Bounty,Bounty Paper Towels Select-A-Size White 6 Double Rolls,6 rolls,14.99,,14.99
2026-02-17T11:20:42Z,paper towels,70500849,Seattle,WA,98144,QFC,00849,0004200044600,0004200044600,00004200044600,004200044600,Brawny,Brawny® Tear-A-Square® 3-Ply Paper Towel Double Rolls,8 rolls,20.99,17.99,17.99
2026-02-17T11:20:42Z,paper towels,70500858,Seattle,WA,98155,QFC,00858,0003077215712,0003077215712,00003077215712,003077215712,Bounty,Bounty Paper Towels Select-A-Size White 4 Double Rolls,4 rolls,11.99,,11.99
2026-02-17T11:20:42Z,paper towels,70500858,Seattle,WA,98155,QFC,00858,0003600049413,0003600049413,00003600049413,003600049413,Viva,Viva® Multi-Surface Cloth™ Paper Towels Single Rolls,6 rolls,12.49,9.49,9.49
2026-02-17T11:20:42Z,paper towels,70500858,Seattle,WA,98155,QFC,00858,0003040022272,0003040022272,00003040022272,003040022272,Sparkle,Sparkle® Tear-A-Square® Customizable Sheet Size Paper Towels Double Rolls,2 rolls,4.99,,4.99
2026-02-17T11:20:42Z,paper towels,70500858,Seattle,WA,98155,QFC,00858,0003077216021,0003077216021,00003077216021,003077216021,Bounty,Bounty Paper Towels Full Sheet White 6 Double Rolls,6 rolls,14.99,,14.99
2026-02-17T11:20:42Z,paper towels,70500858,Seattle,WA,98155,QFC,00858,0003077216020,0003077216020,00003077216020,003077216020,Bounty,Bounty Paper Towels Select-A-Size White 6 Triple Rolls,6 rolls,23.99,19.99,19.99
2026-02-17T11:20:42Z,paper towels,70500858,Seattle,WA,98155,QFC,00858,0003077216042,0003077216042,00003077216042,003077216042,Bounty,Bounty Paper Towels Select-A-Size White 2 Triple Rolls,2 rolls,10.99,10.19,10.19
2026-02-17T11:20:42Z,paper towels,70500858,Seattle,WA,98155,QFC,00858,0003040022276,0003040022276,00003040022276,003040022276,Sparkle,Sparkle® Tear-A-Square® Paper Towel Double Rolls,6 rolls,10.99,7.49,7.49
2026-02-17T11:20:42Z,paper towels,70500858,Seattle,WA,98155,QFC,00858,0003077219274,0003077219274,00003077219274,003077219274,Bounty,Bounty Paper Towels Select-A-Size White 8 Double Plus Rolls,8 rolls,24.99,,24.99
2026-02-17T11:20:42Z,paper towels,70500858,Seattle,WA,98155,QFC,00858,0006366836201,0006366836201,00006366836201,006366836201,Green Forest,Green Forest Size-Your-Own Paper Towels 100% Recycled,1 roll,2.49,,2.49
2026-02-17T11:20:42Z,paper towels,70500858,Seattle,WA,98155,QFC,00858,0006366836203,0006366836203,00006366836203,006366836203,Green Forest,Green Forest 100% Recycled Size-Your-Own Paper Towels,3 pk,6.29,,6.29
2026-02-17T11:20:42Z,paper towels,70500858,Seattle,WA,98155,QFC,00858,0086001113901,0086001113901,00086001113901,086001113901,Reel,Reel® Premium Bamboo Paper Towels,6 ct,19.99,,19.99
2026-02-17T11:20:42Z,paper towels,70500858,Seattle,WA,98155,QFC,00858,0086001113900,0086001113900,00086001113900,086001113900,Reel,Reel® Premium Bamboo Paper Towel Triple Rolls,2 rolls,7.99,,7.99
2026-02-17T11:20:42Z,paper towels,70500858,Seattle,WA,98155,QFC,00858,0001111011984,0001111011984,00001111011984,001111011984,Kroger,Kroger® Rugged and Reliable Paper Towels Giant Rolls,10 rolls,13.49,,13.49
2026-02-17T11:20:42Z,paper towels,70500858,Seattle,WA,98155,QFC,00858,0003600056532,0003600056532,00003600056532,003600056532,Viva,Viva® Signature Cloth™ Paper Towels Double Rolls,6 rolls,15.99,14.99,14.99
2026-02-17T11:20:42Z,paper towels,70500858,Seattle,WA,98155,QFC,00858,0003600038587,0003600038587,00003600038587,003600038587,Kleenex,"Kleenex® Disposable Paper Hand Towels, 1 Box, 60 Towels per Box",60 count,4.49,,4.49
2026-02-17T11:20:42Z,paper towels,70500858,Seattle,WA,98155,QFC,00858,0004200044576,0004200044576,00004200044576,004200044576,Brawny,Brawny® Tear-A-Square® 3-Ply Paper Towel Triple Rolls,2 rolls,10.99,,10.99
2026-02-17T11:20:42Z,paper towels,70500858,Seattle,WA,98155,QFC,00858,0003600052499,0003600052499,00003600052499,003600052499,Viva,Viva Multi-Surface Cloth Paper Towels Double Rolls,8 rolls,17.99,15.99,15.99
2026-02-17T11:20:42Z,paper towels,70500858,Seattle,WA,98155,QFC,00858,0004200044658,0004200044658,00004200044658,004200044658,Brawny,Brawny® Full Sheet 3-Ply Paper Towel Double Rolls,6 rolls,16.99,11.99,11.99
2026-02-17T11:20:42Z,paper towels,70500858,Seattle,WA,98155,QFC,00858,0004200044579,0004200044579,00004200044579,004200044579,Brawny,Brawny® Tear-A-Square® 3-Ply Paper Towel Double Rolls,4 rolls,12.99,7.49,7.49
2026-02-17T11:20:42Z,paper towels,70500858,Seattle,WA,98155,QFC,00858,0001111016086,0001111016086,00001111016086,001111016086,Kroger,Kroger® Rugged + Reliable Paper Towels Double Rolls,4 rolls,7.99,,7.99
2026-02-17T11:20:42Z,paper towels,70500858,Seattle,WA,98155,QFC,00858,0001111016087,0001111016087,00001111016087,001111016087,Kroger,Kroger® Rugged + Reliable Paper Towels Giant Rolls,10 rolls,13.99,,13.99
2026-02-17T11:20:42Z,paper towels,70500858,Seattle,WA,98155,QFC,00858,0001111014184,0001111014184,00001111014184,001111014184,Kroger,Kroger® Ultra Paper Towels With Absorbing Power Triple Rolls,2 rolls,6.29,,6.29
2026-02-17T11:20:42Z,paper towels,70500858,Seattle,WA,98155,QFC,00858,0001111014185,0001111014185,00001111014185,001111014185,Kroger,Kroger® Ultra Paper Towels With Absorbing Power Double Rolls,4 rolls,10.99,,10.99
2026-02-17T11:20:42Z,paper towels,70500858,Seattle,WA,98155,QFC,00858,0001111016088,0001111016088,00001111016088,001111016088,Kroger,Kroger® Rugged + Reliable Paper Towels Double Plus Rolls BIG DEAL!,12 ct,21.99,,21.99
2026-02-17T11:20:42Z,paper towels,70500858,Seattle,WA,98155,QFC,00858,0003077216014,0003077216014,00003077216014,003077216014,Bounty,"Bounty Paper Towels Select-A-Size White, 8 Triple Rolls, 123 Sheets Per Roll",8 rolls,27.99,26.99,26.99
2026-02-17T11:20:42Z,paper towels,70500858,Seattle,WA,98155,QFC,00858,0001111014186,0001111014186,00001111014186,001111014186,Kroger,Kroger® Ultra Paper Towels With Absorbing Power Double Rolls,6 rolls,11.29,,11.29
2026-02-17T11:20:42Z,paper towels,70500858,Seattle,WA,98155,QFC,00858,0001111014187,0001111014187,00001111014187,001111014187,Kroger,Kroger® Ultra Absorbing Power Paper Towels Triple Rolls,8 ct,19.29,,19.29
2026-02-17T11:20:42Z,paper towels,70500858,Seattle,WA,98155,QFC,00858,0003077215664,0003077215664,00003077215664,003077215664,Bounty,Bounty Paper Towels Select-A-Size White 12 Double Plus Rolls,12 rolls,34.99,29.99,29.99
2026-02-17T11:20:42Z,paper towels,70500858,Seattle,WA,98155,QFC,00858,0003040022241,0003040022241,00003040022241,003040022241,Sparkle,Sparkle® Pick-A-Size® Paper Towel Double Rolls,8 rolls,14.99,,14.99
2026-02-17T11:20:42Z,paper towels,70500858,Seattle,WA,98155,QFC,00858,0003077216276,0003077216276,00003077216276,003077216276,Bounty,Bounty Paper Towels Select-A-Size Print 6 Double Rolls,6 rolls,14.99,,14.99
2026-02-17T11:20:42Z,paper towels,70500858,Seattle,WA,98155,QFC,00858,0001111010621,0001111010621,00001111010621,001111010621,Kroger,Kroger® Glimmer Select-A-Sheet Paper Towels Double Rolls,2 rolls,2.99,,2.99
2026-02-17T11:20:42Z,paper towels,70500858,Seattle,WA,98155,QFC,00858,0001111012026,0001111012026,00001111012026,001111012026,Kroger,Kroger® Rugged + Reliable Paper Towels Double Plus Rolls BIG DEAL!,12 rolls,20.99,,20.99
2026-02-17T11:20:42Z,paper towels,70500858,Seattle,WA,98155,QFC,00858,0001111013577,0001111013577,00001111013577,001111013577,Kroger,Kroger® Rugged + Reliable Paper Towels Double Rolls,4 rolls,7.49,,7.49
2026-02-17T11:20:42Z,paper towels,70500858,Seattle,WA,98155,QFC,00858,0004200044588,0004200044588,00004200044588,004200044588,Brawny,Brawny® Tear-A-Square® 3-Ply Paper Towel Double Rolls,6 rolls,16.99,11.99,11.99
2026-02-17T11:20:42Z,paper towels,70500858,Seattle,WA,98155,QFC,00858,0003077215703,0003077215703,00003077215703,003077215703,Bounty,Bounty Paper Towels Select-A-Size White 6 Double Rolls,6 rolls,14.99,,14.99
2026-02-17T11:20:42Z,paper towels,70500858,Seattle,WA,98155,QFC,00858,0004200044600,0004200044600,00004200044600,004200044600,Brawny,Brawny® Tear-A-Square® 3-Ply Paper Towel Double Rolls,8 rolls,20.99,17.99,17.99
2026-02-17T11:20:42Z,paper towels,70500866,Seattle,WA,98125,QFC,00866,0003077215712,0003077215712,00003077215712,003077215712,Bounty,Bounty Paper Towels Select-A-Size White 4 Double Rolls,4 rolls,11.99,,11.99
2026-02-17T11:20:42Z,paper towels,70500866,Seattle,WA,98125,QFC,00866,0003600049413,0003600049413,00003600049413,003600049413,Viva,Viva® Multi-Surface Cloth™ Paper Towels Single Rolls,6 rolls,12.49,9.49,9.49
2026-02-17T11:20:42Z,paper towels,70500866,Seattle,WA,98125,QFC,00866,0003040022272,0003040022272,00003040022272,003040022272,Sparkle,Sparkle® Tear-A-Square® Customizable Sheet Size Paper Towels Double Rolls,2 rolls,4.99,,4.99
2026-02-17T11:20:42Z,paper towels,70500866,Seattle,WA,98125,QFC,00866,0003077216021,0003077216021,00003077216021,003077216021,Bounty,Bounty Paper Towels Full Sheet White 6 Double Rolls,6 rolls,14.99,,14.99
2026-02-17T11:20:42Z,paper towels,70500866,Seattle,WA,98125,QFC,00866,0003077216020,0003077216020,00003077216020,003077216020,Bounty,Bounty Paper Towels Select-A-Size White 6 Triple Rolls,6 rolls,23.99,19.99,19.99
2026-02-17T11:20:42Z,paper towels,70500866,Seattle,WA,98125,QFC,00866,0003077216042,0003077216042,00003077216042,003077216042,Bounty,Bounty Paper Towels Select-A-Size White 2 Triple Rolls,2 rolls,10.99,10.19,10.19
2026-02-17T11:20:42Z,paper towels,70500866,Seattle,WA,98125,QFC,00866,0003040022276,0003040022276,00003040022276,003040022276,Sparkle,Sparkle® Tear-A-Square® Paper Towel Double Rolls,6 rolls,10.99,7.49,7.49
2026-02-17T11:20:42Z,paper towels,70500866,Seattle,WA,98125,QFC,00866,0003077219274,0003077219274,00003077219274,003077219274,Bounty,Bounty Paper Towels Select-A-Size White 8 Double Plus Rolls,8 rolls,24.99,,24.99
2026-02-17T11:20:42Z,paper towels,70500866,Seattle,WA,98125,QFC,00866,0006366836201,0006366836201,00006366836201,006366836201,Green Forest,Green Forest Size-Your-Own Paper Towels 100% Recycled,1 roll,2.49,,2.49
2026-02-17T11:20:42Z,paper towels,70500866,Seattle,WA,98125,QFC,00866,0006366836203,0006366836203,00006366836203,006366836203,Green Forest,Green Forest 100% Recycled Size-Your-Own Paper Towels,3 pk,6.29,,6.29
2026-02-17T11:20:42Z,paper towels,70500866,Seattle,WA,98125,QFC,00866,0086001113901,0086001113901,00086001113901,086001113901,Reel,Reel® Premium Bamboo Paper Towels,6 ct,19.99,,19.99
2026-02-17T11:20:42Z,paper towels,70500866,Seattle,WA,98125,QFC,00866,0086001113900,0086001113900,00086001113900,086001113900,Reel,Reel® Premium Bamboo Paper Towel Triple Rolls,2 rolls,7.99,,7.99
2026-02-17T11:20:42Z,paper towels,70500866,Seattle,WA,98125,QFC,00866,0001111011984,0001111011984,00001111011984,001111011984,Kroger,Kroger® Rugged and Reliable Paper Towels Giant Rolls,10 rolls,13.49,,13.49
2026-02-17T11:20:42Z,paper towels,70500866,Seattle,WA,98125,QFC,00866,0003600056532,0003600056532,00003600056532,003600056532,Viva,Viva® Signature Cloth™ Paper Towels Double Rolls,6 rolls,15.99,14.99,14.99
2026-02-17T11:20:42Z,paper towels,70500866,Seattle,WA,98125,QFC,00866,0003600038587,0003600038587,00003600038587,003600038587,Kleenex,"Kleenex® Disposable Paper Hand Towels, 1 Box, 60 Towels per Box",60 count,4.49,,4.49
2026-02-17T11:20:42Z,paper towels,70500866,Seattle,WA,98125,QFC,00866,0004200044576,0004200044576,00004200044576,004200044576,Brawny,Brawny® Tear-A-Square® 3-Ply Paper Towel Triple Rolls,2 rolls,10.99,,10.99
2026-02-17T11:20:42Z,paper towels,70500866,Seattle,WA,98125,QFC,00866,0003600052499,0003600052499,00003600052499,003600052499,Viva,Viva Multi-Surface Cloth Paper Towels Double Rolls,8 rolls,17.99,15.99,15.99
2026-02-17T11:20:42Z,paper towels,70500866,Seattle,WA,98125,QFC,00866,0004200044658,0004200044658,00004200044658,004200044658,Brawny,Brawny® Full Sheet 3-Ply Paper Towel Double Rolls,6 rolls,16.99,11.99,11.99
2026-02-17T11:20:42Z,paper towels,70500866,Seattle,WA,98125,QFC,00866,0004200044579,0004200044579,00004200044579,004200044579,Brawny,Brawny® Tear-A-Square® 3-Ply Paper Towel Double Rolls,4 rolls,12.99,7.49,7.49
2026-02-17T11:20:42Z,paper towels,70500866,Seattle,WA,98125,QFC,00866,0001111016086,0001111016086,00001111016086,001111016086,Kroger,Kroger® Rugged + Reliable Paper Towels Double Rolls,4 rolls,7.99,,7.99
2026-02-17T11:20:42Z,paper towels,70500866,Seattle,WA,98125,QFC,00866,0001111014184,0001111014184,00001111014184,001111014184,Kroger,Kroger® Ultra Paper Towels With Absorbing Power Triple Rolls,2 rolls,6.29,,6.29
2026-02-17T11:20:42Z,paper towels,70500866,Seattle,WA,98125,QFC,00866,0001111016087,0001111016087,00001111016087,001111016087,Kroger,Kroger® Rugged + Reliable Paper Towels Giant Rolls,10 rolls,13.99,,13.99
2026-02-17T11:20:42Z,paper towels,70500866,Seattle,WA,98125,QFC,00866,0001111014185,0001111014185,00001111014185,001111014185,Kroger,Kroger® Ultra Paper Towels With Absorbing Power Double Rolls,4 rolls,10.99,,10.99
2026-02-17T11:20:42Z,paper towels,70500866,Seattle,WA,98125,QFC,00866,0001111016088,0001111016088,00001111016088,001111016088,Kroger,Kroger® Rugged + Reliable Paper Towels Double Plus Rolls BIG DEAL!,12 ct,21.99,,21.99
2026-02-17T11:20:42Z,paper towels,70500866,Seattle,WA,98125,QFC,00866,0003077216014,0003077216014,00003077216014,003077216014,Bounty,"Bounty Paper Towels Select-A-Size White, 8 Triple Rolls, 123 Sheets Per Roll",8 rolls,27.99,26.99,26.99
2026-02-17T11:20:42Z,paper towels,70500866,Seattle,WA,98125,QFC,00866,0001111014186,0001111014186,00001111014186,001111014186,Kroger,Kroger® Ultra Paper Towels With Absorbing Power Double Rolls,6 rolls,11.29,,11.29
2026-02-17T11:20:42Z,paper towels,70500866,Seattle,WA,98125,QFC,00866,0001111014187,0001111014187,00001111014187,001111014187,Kroger,Kroger® Ultra Absorbing Power Paper Towels Triple Rolls,8 ct,19.29,,19.29
2026-02-17T11:20:42Z,paper towels,70500866,Seattle,WA,98125,QFC,00866,0003077215664,0003077215664,00003077215664,003077215664,Bounty,Bounty Paper Towels Select-A-Size White 12 Double Plus Rolls,12 rolls,34.99,29.99,29.99
2026-02-17T11:20:42Z,paper towels,70500866,Seattle,WA,98125,QFC,00866,0003040022241,0003040022241,00003040022241,003040022241,Sparkle,Sparkle® Pick-A-Size® Paper Towel Double Rolls,8 rolls,14.99,,14.99
2026-02-17T11:20:42Z,paper towels,70500866,Seattle,WA,98125,QFC,00866,0003077216276,0003077216276,00003077216276,003077216276,Bounty,Bounty Paper Towels Select-A-Size Print 6 Double Rolls,6 rolls,14.99,,14.99
2026-02-17T11:20:42Z,paper towels,70500866,Seattle,WA,98125,QFC,00866,0001111010621,0001111010621,00001111010621,001111010621,Kroger,Kroger® Glimmer Select-A-Sheet Paper Towels Double Rolls,2 rolls,2.99,,2.99
2026-02-17T11:20:42Z,paper towels,70500866,Seattle,WA,98125,QFC,00866,0001111012026,0001111012026,00001111012026,001111012026,Kroger,Kroger® Rugged + Reliable Paper Towels Double Plus Rolls BIG DEAL!,12 rolls,20.99,,20.99
2026-02-17T11:20:42Z,paper towels,70500866,Seattle,WA,98125,QFC,00866,0004200044588,0004200044588,00004200044588,004200044588,Brawny,Brawny® Tear-A-Square® 3-Ply Paper Towel Double Rolls,6 rolls,16.99,11.99,11.99
2026-02-17T11:20:42Z,paper towels,70500866,Seattle,WA,98125,QFC,00866,0003077215703,0003077215703,00003077215703,003077215703,Bounty,Bounty Paper Towels Select-A-Size White 6 Double Rolls,6 rolls,14.99,,14.99
2026-02-17T11:20:42Z,paper towels,70500866,Seattle,WA,98125,QFC,00866,0004200044600,0004200044600,00004200044600,004200044600,Brawny,Brawny® Tear-A-Square® 3-Ply Paper Towel Double Rolls,8 rolls,20.99,17.99,17.99
2026-02-17T11:20:42Z,paper towels,70500869,Seattle,WA,98103,QFC,00869,0003600049413,0003600049413,00003600049413,003600049413,Viva,Viva® Multi-Surface Cloth™ Paper Towels Single Rolls,6 rolls,12.49,9.49,9.49
2026-02-17T11:20:42Z,paper towels,70500869,Seattle,WA,98103,QFC,00869,0003077215712,0003077215712,00003077215712,003077215712,Bounty,Bounty Paper Towels Select-A-Size White 4 Double Rolls,4 rolls,11.99,,11.99
2026-02-17T11:20:42Z,paper towels,70500869,Seattle,WA,98103,QFC,00869,0003040022272,0003040022272,00003040022272,003040022272,Sparkle,Sparkle® Tear-A-Square® Customizable Sheet Size Paper Towels Double Rolls,2 rolls,4.99,,4.99
2026-02-17T11:20:42Z,paper towels,70500869,Seattle,WA,98103,QFC,00869,0003077216021,0003077216021,00003077216021,003077216021,Bounty,Bounty Paper Towels Full Sheet White 6 Double Rolls,6 rolls,14.99,,14.99
2026-02-17T11:20:42Z,paper towels,70500869,Seattle,WA,98103,QFC,00869,0003077216020,0003077216020,00003077216020,003077216020,Bounty,Bounty Paper Towels Select-A-Size White 6 Triple Rolls,6 rolls,23.99,19.99,19.99
2026-02-17T11:20:42Z,paper towels,70500869,Seattle,WA,98103,QFC,00869,0003077216042,0003077216042,00003077216042,003077216042,Bounty,Bounty Paper Towels Select-A-Size White 2 Triple Rolls,2 rolls,10.99,10.19,10.19
2026-02-17T11:20:42Z,paper towels,70500869,Seattle,WA,98103,QFC,00869,0003040022276,0003040022276,00003040022276,003040022276,Sparkle,Sparkle® Tear-A-Square® Paper Towel Double Rolls,6 rolls,10.99,7.49,7.49
2026-02-17T11:20:42Z,paper towels,70500869,Seattle,WA,98103,QFC,00869,0003077219274,0003077219274,00003077219274,003077219274,Bounty,Bounty Paper Towels Select-A-Size White 8 Double Plus Rolls,8 rolls,24.99,,24.99
2026-02-17T11:20:42Z,paper towels,70500869,Seattle,WA,98103,QFC,00869,0006366836201,0006366836201,00006366836201,006366836201,Green Forest,Green Forest Size-Your-Own Paper Towels 100% Recycled,1 roll,2.49,,2.49
2026-02-17T11:20:42Z,paper towels,70500869,Seattle,WA,98103,QFC,00869,0006366836203,0006366836203,00006366836203,006366836203,Green Forest,Green Forest 100% Recycled Size-Your-Own Paper Towels,3 pk,6.29,,6.29
2026-02-17T11:20:42Z,paper towels,70500869,Seattle,WA,98103,QFC,00869,0086001113901,0086001113901,00086001113901,086001113901,Reel,Reel® Premium Bamboo Paper Towels,6 ct,19.99,,19.99
2026-02-17T11:20:42Z,paper towels,70500869,Seattle,WA,98103,QFC,00869,0086001113900,0086001113900,00086001113900,086001113900,Reel,Reel® Premium Bamboo Paper Towel Triple Rolls,2 rolls,7.99,,7.99
2026-02-17T11:20:42Z,paper towels,70500869,Seattle,WA,98103,QFC,00869,0001111011984,0001111011984,00001111011984,001111011984,Kroger,Kroger® Rugged and Reliable Paper Towels Giant Rolls,10 rolls,13.49,,13.49
2026-02-17T11:20:42Z,paper towels,70500869,Seattle,WA,98103,QFC,00869,0003600038587,0003600038587,00003600038587,003600038587,Kleenex,"Kleenex® Disposable Paper Hand Towels, 1 Box, 60 Towels per Box",60 count,4.49,,4.49
2026-02-17T11:20:42Z,paper towels,70500869,Seattle,WA,98103,QFC,00869,0003600056532,0003600056532,00003600056532,003600056532,Viva,Viva® Signature Cloth™ Paper Towels Double Rolls,6 rolls,15.99,14.99,14.99
2026-02-17T11:20:42Z,paper towels,70500869,Seattle,WA,98103,QFC,00869,0004200044576,0004200044576,00004200044576,004200044576,Brawny,Brawny® Tear-A-Square® 3-Ply Paper Towel Triple Rolls,2 rolls,10.99,,10.99
2026-02-17T11:20:42Z,paper towels,70500869,Seattle,WA,98103,QFC,00869,0003600056535,0003600056535,00003600056535,003600056535,Viva,Viva Signature Cloth Paper Towels Double Rolls,12 rolls,23.49,,23.49
2026-02-17T11:20:42Z,paper towels,70500869,Seattle,WA,98103,QFC,00869,0003600052499,0003600052499,00003600052499,003600052499,Viva,Viva Multi-Surface Cloth Paper Towels Double Rolls,8 rolls,17.99,15.99,15.99
2026-02-17T11:20:42Z,paper towels,70500869,Seattle,WA,98103,QFC,00869,0004200044658,0004200044658,00004200044658,004200044658,Brawny,Brawny® Full Sheet 3-Ply Paper Towel Double Rolls,6 rolls,16.99,11.99,11.99
2026-02-17T11:20:42Z,paper towels,70500869,Seattle,WA,98103,QFC,00869,0004200044579,0004200044579,00004200044579,004200044579,Brawny,Brawny® Tear-A-Square® 3-Ply Paper Towel Double Rolls,4 rolls,12.99,7.49,7.49
2026-02-17T11:20:42Z,paper towels,70500869,Seattle,WA,98103,QFC,00869,0001111016086,0001111016086,00001111016086,001111016086,Kroger,Kroger® Rugged + Reliable Paper Towels Double Rolls,4 rolls,7.99,,7.99
2026-02-17T11:20:42Z,paper towels,70500869,Seattle,WA,98103,QFC,00869,0001111014184,0001111014184,00001111014184,001111014184,Kroger,Kroger® Ultra Paper Towels With Absorbing Power Triple Rolls,2 rolls,6.29,,6.29
2026-02-17T11:20:42Z,paper towels,70500869,Seattle,WA,98103,QFC,00869,0001111016087,0001111016087,00001111016087,001111016087,Kroger,Kroger® Rugged + Reliable Paper Towels Giant Rolls,10 rolls,13.99,,13.99
2026-02-17T11:20:42Z,paper towels,70500869,Seattle,WA,98103,QFC,00869,0001111014185,0001111014185,00001111014185,001111014185,Kroger,Kroger® Ultra Paper Towels With Absorbing Power Double Rolls,4 rolls,10.99,,10.99
2026-02-17T11:20:42Z,paper towels,70500869,Seattle,WA,98103,QFC,00869,0001111016088,0001111016088,00001111016088,001111016088,Kroger,Kroger® Rugged + Reliable Paper Towels Double Plus Rolls BIG DEAL!,12 ct,21.99,,21.99
2026-02-17T11:20:42Z,paper towels,70500869,Seattle,WA,98103,QFC,00869,0001111014186,0001111014186,00001111014186,001111014186,Kroger,Kroger® Ultra Paper Towels With Absorbing Power Double Rolls,6 rolls,11.29,,11.29
2026-02-17T11:20:42Z,paper towels,70500869,Seattle,WA,98103,QFC,00869,0003077216014,0003077216014,00003077216014,003077216014,Bounty,"Bounty Paper Towels Select-A-Size White, 8 Triple Rolls, 123 Sheets Per Roll",8 rolls,27.99,26.99,26.99
2026-02-17T11:20:42Z,paper towels,70500869,Seattle,WA,98103,QFC,00869,0001111014187,0001111014187,00001111014187,001111014187,Kroger,Kroger® Ultra Absorbing Power Paper Towels Triple Rolls,8 ct,19.29,,19.29
2026-02-17T11:20:42Z,paper towels,70500869,Seattle,WA,98103,QFC,00869,0003077215664,0003077215664,00003077215664,003077215664,Bounty,Bounty Paper Towels Select-A-Size White 12 Double Plus Rolls,12 rolls,34.99,29.99,29.99
2026-02-17T11:20:42Z,paper towels,70500869,Seattle,WA,98103,QFC,00869,0001111003366,0001111003366,00001111003366,001111003366,Simple Truth,Simple Truth® 100% Recycled Big Paper Towels,2 rolls,,,
2026-02-17T11:20:42Z,paper towels,70500869,Seattle,WA,98103,QFC,00869,0003040022241,0003040022241,00003040022241,003040022241,Sparkle,Sparkle® Pick-A-Size® Paper Towel Double Rolls,8 rolls,14.99,,14.99
2026-02-17T11:20:42Z,paper towels,70500869,Seattle,WA,98103,QFC,00869,0003077216276,0003077216276,00003077216276,003077216276,Bounty,Bounty Paper Towels Select-A-Size Print 6 Double Rolls,6 rolls,14.99,,14.99
2026-02-17T11:20:42Z,paper towels,70500869,Seattle,WA,98103,QFC,00869,0001111010621,0001111010621,00001111010621,001111010621,Kroger,Kroger® Glimmer Select-A-Sheet Paper Towels Double Rolls,2 rolls,2.99,,2.99
2026-02-17T11:20:42Z,paper towels,70500869,Seattle,WA,98103,QFC,00869,0001111011996,0001111011996,00001111011996,001111011996,Simple Truth,Simple Truth® 100% Recycled Big Paper Towels,8 rolls,,,
2026-02-17T11:20:42Z,paper towels,70500869,Seattle,WA,98103,QFC,00869,0001111012026,0001111012026,00001111012026,001111012026,Kroger,Kroger® Rugged + Reliable Paper Towels Double Plus Rolls BIG DEAL!,12 rolls,20.99,,20.99
2026-02-17T11:20:42Z,paper towels,70500869,Seattle,WA,98103,QFC,00869,0001111013577,0001111013577,00001111013577,001111013577,Kroger,Kroger® Rugged + Reliable Paper Towels Double Rolls,4 rolls,,,
2026-02-17T11:20:42Z,paper towels,70500869,Seattle,WA,98103,QFC,00869,0004200044588,0004200044588,00004200044588,004200044588,Brawny,Brawny® Tear-A-Square® 3-Ply Paper Towel Double Rolls,6 rolls,16.99,11.99,11.99
2026-02-17T11:20:42Z,paper towels,70500869,Seattle,WA,98103,QFC,00869,0003077215703,0003077215703,00003077215703,003077215703,Bounty,Bounty Paper Towels Select-A-Size White 6 Double Rolls,6 rolls,14.99,,14.99
2026-02-17T11:20:42Z,paper towels,70500869,Seattle,WA,98103,QFC,00869,0004200044600,0004200044600,00004200044600,004200044600,Brawny,Brawny® Tear-A-Square® 3-Ply Paper Towel Double Rolls,8 rolls,20.99,17.99,17.99
2026-02-17T11:20:42Z,paper towels,70500872,Seattle,WA,98117,QFC,00872,0003600049413,0003600049413,00003600049413,003600049413,Viva,Viva® Multi-Surface Cloth™ Paper Towels Single Rolls,6 rolls,12.49,9.49,9.49
2026-02-17T11:20:42Z,paper towels,70500872,Seattle,WA,98117,QFC,00872,0003077215712,0003077215712,00003077215712,003077215712,Bounty,Bounty Paper Towels Select-A-Size White 4 Double Rolls,4 rolls,11.99,,11.99
2026-02-17T11:20:42Z,paper towels,70500872,Seattle,WA,98117,QFC,00872,0003040022272,0003040022272,00003040022272,003040022272,Sparkle,Sparkle® Tear-A-Square® Customizable Sheet Size Paper Towels Double Rolls,2 rolls,4.99,,4.99
2026-02-17T11:20:42Z,paper towels,70500872,Seattle,WA,98117,QFC,00872,0003077216021,0003077216021,00003077216021,003077216021,Bounty,Bounty Paper Towels Full Sheet White 6 Double Rolls,6 rolls,14.99,,14.99
2026-02-17T11:20:42Z,paper towels,70500872,Seattle,WA,98117,QFC,00872,0003077216020,0003077216020,00003077216020,003077216020,Bounty,Bounty Paper Towels Select-A-Size White 6 Triple Rolls,6 rolls,23.99,19.99,19.99
2026-02-17T11:20:42Z,paper towels,70500872,Seattle,WA,98117,QFC,00872,0003077216042,0003077216042,00003077216042,003077216042,Bounty,Bounty Paper Towels Select-A-Size White 2 Triple Rolls,2 rolls,10.99,10.19,10.19
2026-02-17T11:20:42Z,paper towels,70500872,Seattle,WA,98117,QFC,00872,0003040022276,0003040022276,00003040022276,003040022276,Sparkle,Sparkle® Tear-A-Square® Paper Towel Double Rolls,6 rolls,10.99,7.49,7.49
2026-02-17T11:20:42Z,paper towels,70500872,Seattle,WA,98117,QFC,00872,0003077219274,0003077219274,00003077219274,003077219274,Bounty,Bounty Paper Towels Select-A-Size White 8 Double Plus Rolls,8 rolls,24.99,,24.99
2026-02-17T11:20:42Z,paper towels,70500872,Seattle,WA,98117,QFC,00872,0006366836201,0006366836201,00006366836201,006366836201,Green Forest,Green Forest Size-Your-Own Paper Towels 100% Recycled,1 roll,2.49,,2.49
2026-02-17T11:20:42Z,paper towels,70500872,Seattle,WA,98117,QFC,00872,0006366836203,0006366836203,00006366836203,006366836203,Green Forest,Green Forest 100% Recycled Size-Your-Own Paper Towels,3 pk,6.29,,6.29
2026-02-17T11:20:42Z,paper towels,70500872,Seattle,WA,98117,QFC,00872,0086001113901,0086001113901,00086001113901,086001113901,Reel,Reel® Premium Bamboo Paper Towels,6 ct,19.99,,19.99
2026-02-17T11:20:42Z,paper towels,70500872,Seattle,WA,98117,QFC,00872,0086001113900,0086001113900,00086001113900,086001113900,Reel,Reel® Premium Bamboo Paper Towel Triple Rolls,2 rolls,7.99,,7.99
2026-02-17T11:20:42Z,paper towels,70500872,Seattle,WA,98117,QFC,00872,0001111011984,0001111011984,00001111011984,001111011984,Kroger,Kroger® Rugged and Reliable Paper Towels Giant Rolls,10 rolls,13.49,,13.49
2026-02-17T11:20:42Z,paper towels,70500872,Seattle,WA,98117,QFC,00872,0003600056532,0003600056532,00003600056532,003600056532,Viva,Viva® Signature Cloth™ Paper Towels Double Rolls,6 rolls,15.99,14.99,14.99
2026-02-17T11:20:42Z,paper towels,70500872,Seattle,WA,98117,QFC,00872,0003600038587,0003600038587,00003600038587,003600038587,Kleenex,"Kleenex® Disposable Paper Hand Towels, 1 Box, 60 Towels per Box",60 count,4.49,,4.49
2026-02-17T11:20:42Z,paper towels,70500872,Seattle,WA,98117,QFC,00872,0004200044576,0004200044576,00004200044576,004200044576,Brawny,Brawny® Tear-A-Square® 3-Ply Paper Towel Triple Rolls,2 rolls,10.99,,10.99
2026-02-17T11:20:42Z,paper towels,70500872,Seattle,WA,98117,QFC,00872,0003600052499,0003600052499,00003600052499,003600052499,Viva,Viva Multi-Surface Cloth Paper Towels Double Rolls,8 rolls,17.99,15.99,15.99
2026-02-17T11:20:42Z,paper towels,70500872,Seattle,WA,98117,QFC,00872,0004200044658,0004200044658,00004200044658,004200044658,Brawny,Brawny® Full Sheet 3-Ply Paper Towel Double Rolls,6 rolls,16.99,11.99,11.99
2026-02-17T11:20:42Z,paper towels,70500872,Seattle,WA,98117,QFC,00872,0004200044579,0004200044579,00004200044579,004200044579,Brawny,Brawny® Tear-A-Square® 3-Ply Paper Towel Double Rolls,4 rolls,12.99,7.49,7.49
2026-02-17T11:20:42Z,paper towels,70500872,Seattle,WA,98117,QFC,00872,0001111016086,0001111016086,00001111016086,001111016086,Kroger,Kroger® Rugged + Reliable Paper Towels Double Rolls,4 rolls,7.99,,7.99
2026-02-17T11:20:42Z,paper towels,70500872,Seattle,WA,98117,QFC,00872,0001111014184,0001111014184,00001111014184,001111014184,Kroger,Kroger® Ultra Paper Towels With Absorbing Power Triple Rolls,2 rolls,6.29,,6.29
2026-02-17T11:20:42Z,paper towels,70500872,Seattle,WA,98117,QFC,00872,0001111016087,0001111016087,00001111016087,001111016087,Kroger,Kroger® Rugged + Reliable Paper Towels Giant Rolls,10 rolls,13.99,,13.99
2026-02-17T11:20:42Z,paper towels,70500872,Seattle,WA,98117,QFC,00872,0001111014185,0001111014185,00001111014185,001111014185,Kroger,Kroger® Ultra Paper Towels With Absorbing Power Double Rolls,4 rolls,10.99,,10.99
2026-02-17T11:20:42Z,paper towels,70500872,Seattle,WA,98117,QFC,00872,0001111016088,0001111016088,00001111016088,001111016088,Kroger,Kroger® Rugged + Reliable Paper Towels Double Plus Rolls BIG DEAL!,12 ct,21.99,,21.99
2026-02-17T11:20:42Z,paper towels,70500872,Seattle,WA,98117,QFC,00872,0003077216014,0003077216014,00003077216014,003077216014,Bounty,"Bounty Paper Towels Select-A-Size White, 8 Triple Rolls, 123 Sheets Per Roll",8 rolls,27.99,26.99,26.99
2026-02-17T11:20:42Z,paper towels,70500872,Seattle,WA,98117,QFC,00872,0001111014186,0001111014186,00001111014186,001111014186,Kroger,Kroger® Ultra Paper Towels With Absorbing Power Double Rolls,6 rolls,11.29,,11.29
2026-02-17T11:20:42Z,paper towels,70500872,Seattle,WA,98117,QFC,00872,0001111014187,0001111014187,00001111014187,001111014187,Kroger,Kroger® Ultra Absorbing Power Paper Towels Triple Rolls,8 ct,19.29,,19.29
2026-02-17T11:20:42Z,paper towels,70500872,Seattle,WA,98117,QFC,00872,0003077215664,0003077215664,00003077215664,003077215664,Bounty,Bounty Paper Towels Select-A-Size White 12 Double Plus Rolls,12 rolls,34.99,29.99,29.99
2026-02-17T11:20:42Z,paper towels,70500872,Seattle,WA,98117,QFC,00872,0003040022241,0003040022241,00003040022241,003040022241,Sparkle,Sparkle® Pick-A-Size® Paper Towel Double Rolls,8 rolls,14.99,,14.99
2026-02-17T11:20:42Z,paper towels,70500872,Seattle,WA,98117,QFC,00872,0003077216276,0003077216276,00003077216276,003077216276,Bounty,Bounty Paper Towels Select-A-Size Print 6 Double Rolls,6 rolls,14.99,,14.99
2026-02-17T11:20:42Z,paper towels,70500872,Seattle,WA,98117,QFC,00872,0001111010621,0001111010621,00001111010621,001111010621,Kroger,Kroger® Glimmer Select-A-Sheet Paper Towels Double Rolls,2 rolls,2.99,,2.99
2026-02-17T11:20:42Z,paper towels,70500872,Seattle,WA,98117,QFC,00872,0001111012026,0001111012026,00001111012026,001111012026,Kroger,Kroger® Rugged + Reliable Paper Towels Double Plus Rolls BIG DEAL!,12 rolls,20.99,,20.99
2026-02-17T11:20:42Z,paper towels,70500872,Seattle,WA,98117,QFC,00872,0004200044588,0004200044588,00004200044588,004200044588,Brawny,Brawny® Tear-A-Square® 3-Ply Paper Towel Double Rolls,6 rolls,16.99,11.99,11.99
2026-02-17T11:20:42Z,paper towels,70500872,Seattle,WA,98117,QFC,00872,0003077215703,0003077215703,00003077215703,003077215703,Bounty,Bounty Paper Towels Select-A-Size White 6 Double Rolls,6 rolls,14.99,,14.99
2026-02-17T11:20:42Z,paper towels,70500872,Seattle,WA,98117,QFC,00872,0004200044600,0004200044600,00004200044600,004200044600,Brawny,Brawny® Tear-A-Square® 3-Ply Paper Towel Double Rolls,8 rolls,20.99,17.99,17.99
2026-02-17T11:20:42Z,paper towels,70500881,Seattle,WA,98109,QFC,00881,0003077215712,0003077215712,00003077215712,003077215712,Bounty,Bounty Paper Towels Select-A-Size White 4 Double Rolls,4 rolls,11.99,,11.99
2026-02-17T11:20:42Z,paper towels,70500881,Seattle,WA,98109,QFC,00881,0003600049413,0003600049413,00003600049413,003600049413,Viva,Viva® Multi-Surface Cloth™ Paper Towels Single Rolls,6 rolls,12.49,9.49,9.49
2026-02-17T11:20:42Z,paper towels,70500881,Seattle,WA,98109,QFC,00881,0005400075130,0005400075130,00005400075130,005400075130,Scott,Scott® Original Multipurpose Shop Towels - Blue,55ct,3.99,,3.99
2026-02-17T11:20:42Z,paper towels,70500881,Seattle,WA,98109,QFC,00881,0003040022272,0003040022272,00003040022272,003040022272,Sparkle,Sparkle® Tear-A-Square® Customizable Sheet Size Paper Towels Double Rolls,2 rolls,4.99,,4.99
2026-02-17T11:20:42Z,paper towels,70500881,Seattle,WA,98109,QFC,00881,0003077216021,0003077216021,00003077216021,003077216021,Bounty,Bounty Paper Towels Full Sheet White 6 Double Rolls,6 rolls,14.99,,14.99
2026-02-17T11:20:42Z,paper towels,70500881,Seattle,WA,98109,QFC,00881,0003077216020,0003077216020,00003077216020,003077216020,Bounty,Bounty Paper Towels Select-A-Size White 6 Triple Rolls,6 rolls,23.99,19.99,19.99
2026-02-17T11:20:42Z,paper towels,70500881,Seattle,WA,98109,QFC,00881,0003077216042,0003077216042,00003077216042,003077216042,Bounty,Bounty Paper Towels Select-A-Size White 2 Triple Rolls,2 rolls,10.99,10.19,10.19
2026-02-17T11:20:42Z,paper towels,70500881,Seattle,WA,98109,QFC,00881,0003040022276,0003040022276,00003040022276,003040022276,Sparkle,Sparkle® Tear-A-Square® Paper Towel Double Rolls,6 rolls,10.99,7.49,7.49
2026-02-17T11:20:42Z,paper towels,70500881,Seattle,WA,98109,QFC,00881,0003077219274,0003077219274,00003077219274,003077219274,Bounty,Bounty Paper Towels Select-A-Size White 8 Double Plus Rolls,8 rolls,24.99,,24.99
2026-02-17T11:20:42Z,paper towels,70500881,Seattle,WA,98109,QFC,00881,0006366836201,0006366836201,00006366836201,006366836201,Green Forest,Green Forest Size-Your-Own Paper Towels 100% Recycled,1 roll,2.49,,2.49
2026-02-17T11:20:42Z,paper towels,70500881,Seattle,WA,98109,QFC,00881,0006366836203,0006366836203,00006366836203,006366836203,Green Forest,Green Forest 100% Recycled Size-Your-Own Paper Towels,3 pk,6.29,,6.29
2026-02-17T11:20:42Z,paper towels,70500881,Seattle,WA,98109,QFC,00881,0076427177011,0076427177011,00076427177011,076427177011,Oggi,OGGI Wallmount Paper Towel Holder,1 ct,11.99,,11.99
2026-02-17T11:20:42Z,paper towels,70500881,Seattle,WA,98109,QFC,00881,0003040022238,0003040022238,00003040022238,003040022238,Sparkle,Sparkle® Pick-A-Size® Paper Towels Double Rolls,6 rolls,10.99,7.49,7.49
2026-02-17T11:20:42Z,paper towels,70500881,Seattle,WA,98109,QFC,00881,0086001113901,0086001113901,00086001113901,086001113901,Reel,Reel® Premium Bamboo Paper Towels,6 ct,19.99,,19.99
2026-02-17T11:20:42Z,paper towels,70500881,Seattle,WA,98109,QFC,00881,0086001113900,0086001113900,00086001113900,086001113900,Reel,Reel® Premium Bamboo Paper Towel Triple Rolls,2 rolls,7.99,,7.99
2026-02-17T11:20:42Z,paper towels,70500881,Seattle,WA,98109,QFC,00881,0001111011984,0001111011984,00001111011984,001111011984,Kroger,Kroger® Rugged and Reliable Paper Towels Giant Rolls,10 rolls,13.49,,13.49
2026-02-17T11:20:42Z,paper towels,70500881,Seattle,WA,98109,QFC,00881,0019655708688,0019655708688,00019655708688,019655708688,Core,Core Kitchen Paper Towel Holder,1 ct,8.99,,8.99
2026-02-17T11:20:42Z,paper towels,70500881,Seattle,WA,98109,QFC,00881,0003600038587,0003600038587,00003600038587,003600038587,Kleenex,"Kleenex® Disposable Paper Hand Towels, 1 Box, 60 Towels per Box",60 count,4.49,,4.49
2026-02-17T11:20:42Z,paper towels,70500881,Seattle,WA,98109,QFC,00881,0003600056532,0003600056532,00003600056532,003600056532,Viva,Viva® Signature Cloth™ Paper Towels Double Rolls,6 rolls,15.99,14.99,14.99
2026-02-17T11:20:42Z,paper towels,70500881,Seattle,WA,98109,QFC,00881,0004200044576,0004200044576,00004200044576,004200044576,Brawny,Brawny® Tear-A-Square® 3-Ply Paper Towel Triple Rolls,2 rolls,10.99,,10.99
2026-02-17T11:20:42Z,paper towels,70500881,Seattle,WA,98109,QFC,00881,0003600052499,0003600052499,00003600052499,003600052499,Viva,Viva Multi-Surface Cloth Paper Towels Double Rolls,8 rolls,17.99,15.99,15.99
2026-02-17T11:20:42Z,paper towels,70500881,Seattle,WA,98109,QFC,00881,0004200044658,0004200044658,00004200044658,004200044658,Brawny,Brawny® Full Sheet 3-Ply Paper Towel Double Rolls,6 rolls,16.99,11.99,11.99
2026-02-17T11:20:42Z,paper towels,70500881,Seattle,WA,98109,QFC,00881,0004200044579,0004200044579,00004200044579,004200044579,Brawny,Brawny® Tear-A-Square® 3-Ply Paper Towel Double Rolls,4 rolls,12.99,7.49,7.49
2026-02-17T11:20:42Z,paper towels,70500881,Seattle,WA,98109,QFC,00881,0001111016086,0001111016086,00001111016086,001111016086,Kroger,Kroger® Rugged + Reliable Paper Towels Double Rolls,4 rolls,7.99,,7.99
2026-02-17T11:20:42Z,paper towels,70500881,Seattle,WA,98109,QFC,00881,0001111014184,0001111014184,00001111014184,001111014184,Kroger,Kroger® Ultra Paper Towels With Absorbing Power Triple Rolls,2 rolls,6.29,,6.29
2026-02-17T11:20:42Z,paper towels,70500881,Seattle,WA,98109,QFC,00881,0001111016087,0001111016087,00001111016087,001111016087,Kroger,Kroger® Rugged + Reliable Paper Towels Giant Rolls,10 rolls,13.99,,13.99
2026-02-17T11:20:42Z,paper towels,70500881,Seattle,WA,98109,QFC,00881,0001111016088,0001111016088,00001111016088,001111016088,Kroger,Kroger® Rugged + Reliable Paper Towels Double Plus Rolls BIG DEAL!,12 ct,21.99,,21.99
2026-02-17T11:20:42Z,paper towels,70500881,Seattle,WA,98109,QFC,00881,0001111014185,0001111014185,00001111014185,001111014185,Kroger,Kroger® Ultra Paper Towels With Absorbing Power Double Rolls,4 rolls,10.99,,10.99
2026-02-17T11:20:42Z,paper towels,70500881,Seattle,WA,98109,QFC,00881,0003077216014,0003077216014,00003077216014,003077216014,Bounty,"Bounty Paper Towels Select-A-Size White, 8 Triple Rolls, 123 Sheets Per Roll",8 rolls,27.99,26.99,26.99
2026-02-17T11:20:42Z,paper towels,70500881,Seattle,WA,98109,QFC,00881,0001111014186,0001111014186,00001111014186,001111014186,Kroger,Kroger® Ultra Paper Towels With Absorbing Power Double Rolls,6 rolls,11.29,,11.29
2026-02-17T11:20:42Z,paper towels,70500881,Seattle,WA,98109,QFC,00881,0001111014187,0001111014187,00001111014187,001111014187,Kroger,Kroger® Ultra Absorbing Power Paper Towels Triple Rolls,8 ct,19.29,,19.29
2026-02-17T11:20:42Z,paper towels,70500881,Seattle,WA,98109,QFC,00881,0003077215664,0003077215664,00003077215664,003077215664,Bounty,Bounty Paper Towels Select-A-Size White 12 Double Plus Rolls,12 rolls,34.99,29.99,29.99
2026-02-17T11:20:42Z,paper towels,70500881,Seattle,WA,98109,QFC,00881,0071981207833,0071981207833,00071981207833,071981207833,Softworks,Softworks Simply Tear Paper Towel Holder,1 ct,29.99,,29.99
2026-02-17T11:20:42Z,paper towels,70500881,Seattle,WA,98109,QFC,00881,0003040022241,0003040022241,00003040022241,003040022241,Sparkle,Sparkle® Pick-A-Size® Paper Towel Double Rolls,8 rolls,14.99,,14.99
2026-02-17T11:20:42Z,paper towels,70500881,Seattle,WA,98109,QFC,00881,0003077216276,0003077216276,00003077216276,003077216276,Bounty,Bounty Paper Towels Select-A-Size Print 6 Double Rolls,6 rolls,14.99,,14.99
2026-02-17T11:20:42Z,paper towels,70500881,Seattle,WA,98109,QFC,00881,0001111010621,0001111010621,00001111010621,001111010621,Kroger,Kroger® Glimmer Select-A-Sheet Paper Towels Double Rolls,2 rolls,2.99,,2.99
2026-02-17T11:20:42Z,paper towels,70500881,Seattle,WA,98109,QFC,00881,0001111012026,0001111012026,00001111012026,001111012026,Kroger,Kroger® Rugged + Reliable Paper Towels Double Plus Rolls BIG DEAL!,12 rolls,,,
2026-02-17T11:20:42Z,paper towels,70500881,Seattle,WA,98109,QFC,00881,0004200044588,0004200044588,00004200044588,004200044588,Brawny,Brawny® Tear-A-Square® 3-Ply Paper Towel Double Rolls,6 rolls,16.99,11.99,11.99
2026-02-17T11:20:42Z,paper towels,70500881,Seattle,WA,98109,QFC,00881,0003077215703,0003077215703,00003077215703,003077215703,Bounty,Bounty Paper Towels Select-A-Size White 6 Double Rolls,6 rolls,14.99,,14.99
2026-02-17T11:20:42Z,paper towels,70500881,Seattle,WA,98109,QFC,00881,0071981261343,0071981261343,00071981261343,071981261343,Softworks,Softworks Steady Paper Towel Holder,1 ct,25.99,,25.99
2026-02-17T11:20:42Z,paper towels,70500881,Seattle,WA,98109,QFC,00881,0004200044600,0004200044600,00004200044600,004200044600,Brawny,Brawny® Tear-A-Square® 3-Ply Paper Towel Double Rolls,8 rolls,20.99,17.99,17.99
2026-02-17T11:20:42Z,paper towels,70500883,Seattle,WA,98116,QFC,00883,0003600049413,0003600049413,00003600049413,003600049413,Viva,Viva® Multi-Surface Cloth™ Paper Towels Single Rolls,6 rolls,12.49,9.49,9.49
2026-02-17T11:20:42Z,paper towels,70500883,Seattle,WA,98116,QFC,00883,0003077215712,0003077215712,00003077215712,003077215712,Bounty,Bounty Paper Towels Select-A-Size White 4 Double Rolls,4 rolls,11.99,,11.99
2026-02-17T11:20:42Z,paper towels,70500883,Seattle,WA,98116,QFC,00883,0003040022272,0003040022272,00003040022272,003040022272,Sparkle,Sparkle® Tear-A-Square® Customizable Sheet Size Paper Towels Double Rolls,2 rolls,4.99,,4.99
2026-02-17T11:20:42Z,paper towels,70500883,Seattle,WA,98116,QFC,00883,0003077216021,0003077216021,00003077216021,003077216021,Bounty,Bounty Paper Towels Full Sheet White 6 Double Rolls,6 rolls,14.99,,14.99
2026-02-17T11:20:42Z,paper towels,70500883,Seattle,WA,98116,QFC,00883,0003077216020,0003077216020,00003077216020,003077216020,Bounty,Bounty Paper Towels Select-A-Size White 6 Triple Rolls,6 rolls,23.99,19.99,19.99
2026-02-17T11:20:42Z,paper towels,70500883,Seattle,WA,98116,QFC,00883,0003077216042,0003077216042,00003077216042,003077216042,Bounty,Bounty Paper Towels Select-A-Size White 2 Triple Rolls,2 rolls,10.99,10.19,10.19
2026-02-17T11:20:42Z,paper towels,70500883,Seattle,WA,98116,QFC,00883,0003040022276,0003040022276,00003040022276,003040022276,Sparkle,Sparkle® Tear-A-Square® Paper Towel Double Rolls,6 rolls,10.99,7.49,7.49
2026-02-17T11:20:42Z,paper towels,70500883,Seattle,WA,98116,QFC,00883,0003077219274,0003077219274,00003077219274,003077219274,Bounty,Bounty Paper Towels Select-A-Size White 8 Double Plus Rolls,8 rolls,24.99,,24.99
2026-02-17T11:20:42Z,paper towels,70500883,Seattle,WA,98116,QFC,00883,0006366836201,0006366836201,00006366836201,006366836201,Green Forest,Green Forest Size-Your-Own Paper Towels 100% Recycled,1 roll,2.49,,2.49
2026-02-17T11:20:42Z,paper towels,70500883,Seattle,WA,98116,QFC,00883,0006366836203,0006366836203,00006366836203,006366836203,Green Forest,Green Forest 100% Recycled Size-Your-Own Paper Towels,3 pk,6.29,,6.29
2026-02-17T11:20:42Z,paper towels,70500883,Seattle,WA,98116,QFC,00883,0086001113901,0086001113901,00086001113901,086001113901,Reel,Reel® Premium Bamboo Paper Towels,6 ct,19.99,,19.99
2026-02-17T11:20:42Z,paper towels,70500883,Seattle,WA,98116,QFC,00883,0086001113900,0086001113900,00086001113900,086001113900,Reel,Reel® Premium Bamboo Paper Towel Triple Rolls,2 rolls,7.99,,7.99
2026-02-17T11:20:42Z,paper towels,70500883,Seattle,WA,98116,QFC,00883,0001111011984,0001111011984,00001111011984,001111011984,Kroger,Kroger® Rugged and Reliable Paper Towels Giant Rolls,10 rolls,13.49,,13.49
2026-02-17T11:20:42Z,paper towels,70500883,Seattle,WA,98116,QFC,00883,0003600038587,0003600038587,00003600038587,003600038587,Kleenex,"Kleenex® Disposable Paper Hand Towels, 1 Box, 60 Towels per Box",60 count,4.49,,4.49
2026-02-17T11:20:42Z,paper towels,70500883,Seattle,WA,98116,QFC,00883,0003600056532,0003600056532,00003600056532,003600056532,Viva,Viva® Signature Cloth™ Paper Towels Double Rolls,6 rolls,15.99,14.99,14.99
2026-02-17T11:20:42Z,paper towels,70500883,Seattle,WA,98116,QFC,00883,0004200044576,0004200044576,00004200044576,004200044576,Brawny,Brawny® Tear-A-Square® 3-Ply Paper Towel Triple Rolls,2 rolls,10.99,,10.99
2026-02-17T11:20:42Z,paper towels,70500883,Seattle,WA,98116,QFC,00883,0003600052499,0003600052499,00003600052499,003600052499,Viva,Viva Multi-Surface Cloth Paper Towels Double Rolls,8 rolls,17.99,15.99,15.99
2026-02-17T11:20:42Z,paper towels,70500883,Seattle,WA,98116,QFC,00883,0004200044658,0004200044658,00004200044658,004200044658,Brawny,Brawny® Full Sheet 3-Ply Paper Towel Double Rolls,6 rolls,16.99,11.99,11.99
2026-02-17T11:20:42Z,paper towels,70500883,Seattle,WA,98116,QFC,00883,0004200044579,0004200044579,00004200044579,004200044579,Brawny,Brawny® Tear-A-Square® 3-Ply Paper Towel Double Rolls,4 rolls,12.99,7.49,7.49
2026-02-17T11:20:42Z,paper towels,70500883,Seattle,WA,98116,QFC,00883,0001111016086,0001111016086,00001111016086,001111016086,Kroger,Kroger® Rugged + Reliable Paper Towels Double Rolls,4 rolls,7.99,,7.99
2026-02-17T11:20:42Z,paper towels,70500883,Seattle,WA,98116,QFC,00883,0001111014184,0001111014184,00001111014184,001111014184,Kroger,Kroger® Ultra Paper Towels With Absorbing Power Triple Rolls,2 rolls,6.29,,6.29
2026-02-17T11:20:42Z,paper towels,70500883,Seattle,WA,98116,QFC,00883,0001111016087,0001111016087,00001111016087,001111016087,Kroger,Kroger® Rugged + Reliable Paper Towels Giant Rolls,10 rolls,13.99,,13.99
2026-02-17T11:20:42Z,paper towels,70500883,Seattle,WA,98116,QFC,00883,0001111016088,0001111016088,00001111016088,001111016088,Kroger,Kroger® Rugged + Reliable Paper Towels Double Plus Rolls BIG DEAL!,12 ct,21.99,,21.99
2026-02-17T11:20:42Z,paper towels,70500883,Seattle,WA,98116,QFC,00883,0001111014185,0001111014185,00001111014185,001111014185,Kroger,Kroger® Ultra Paper Towels With Absorbing Power Double Rolls,4 rolls,10.99,,10.99
2026-02-17T11:20:42Z,paper towels,70500883,Seattle,WA,98116,QFC,00883,0001111014186,0001111014186,00001111014186,001111014186,Kroger,Kroger® Ultra Paper Towels With Absorbing Power Double Rolls,6 rolls,11.29,,11.29
2026-02-17T11:20:42Z,paper towels,70500883,Seattle,WA,98116,QFC,00883,0003077216014,0003077216014,00003077216014,003077216014,Bounty,"Bounty Paper Towels Select-A-Size White, 8 Triple Rolls, 123 Sheets Per Roll",8 rolls,27.99,26.99,26.99
2026-02-17T11:20:42Z,paper towels,70500883,Seattle,WA,98116,QFC,00883,0001111014187,0001111014187,00001111014187,001111014187,Kroger,Kroger® Ultra Absorbing Power Paper Towels Triple Rolls,8 ct,19.29,,19.29
2026-02-17T11:20:42Z,paper towels,70500883,Seattle,WA,98116,QFC,00883,0003077215664,0003077215664,00003077215664,003077215664,Bounty,Bounty Paper Towels Select-A-Size White 12 Double Plus Rolls,12 rolls,34.99,29.99,29.99
2026-02-17T11:20:42Z,paper towels,70500883,Seattle,WA,98116,QFC,00883,0003040022241,0003040022241,00003040022241,003040022241,Sparkle,Sparkle® Pick-A-Size® Paper Towel Double Rolls,8 rolls,14.99,,14.99
2026-02-17T11:20:42Z,paper towels,70500883,Seattle,WA,98116,QFC,00883,0003077216276,0003077216276,00003077216276,003077216276,Bounty,Bounty Paper Towels Select-A-Size Print 6 Double Rolls,6 rolls,14.99,,14.99
2026-02-17T11:20:42Z,paper towels,70500883,Seattle,WA,98116,QFC,00883,0003077216071,0003077216071,00003077216071,003077216071,Bounty,Bounty Paper Towels Select-A-Size White 6 Mega Rolls,6 rolls,27.99,26.99,26.99
2026-02-17T11:20:42Z,paper towels,70500883,Seattle,WA,98116,QFC,00883,0001111010621,0001111010621,00001111010621,001111010621,Kroger,Kroger® Glimmer Select-A-Sheet Paper Towels Double Rolls,2 rolls,2.99,,2.99
2026-02-17T11:20:42Z,paper towels,70500883,Seattle,WA,98116,QFC,00883,0001111012026,0001111012026,00001111012026,001111012026,Kroger,Kroger® Rugged + Reliable Paper Towels Double Plus Rolls BIG DEAL!,12 rolls,,,
2026-02-17T11:20:42Z,paper towels,70500883,Seattle,WA,98116,QFC,00883,0001111013577,0001111013577,00001111013577,001111013577,Kroger,Kroger® Rugged + Reliable Paper Towels Double Rolls,4 rolls,7.49,,7.49
2026-02-17T11:20:42Z,paper towels,70500883,Seattle,WA,98116,QFC,00883,0004200044588,0004200044588,00004200044588,004200044588,Brawny,Brawny® Tear-A-Square® 3-Ply Paper Towel Double Rolls,6 rolls,16.99,11.99,11.99
2026-02-17T11:20:42Z,paper towels,70500883,Seattle,WA,98116,QFC,00883,0003077215703,0003077215703,00003077215703,003077215703,Bounty,Bounty Paper Towels Select-A-Size White 6 Double Rolls,6 rolls,14.99,,14.99
2026-02-17T11:20:42Z,paper towels,70500883,Seattle,WA,98116,QFC,00883,0004200044600,0004200044600,00004200044600,004200044600,Brawny,Brawny® Tear-A-Square® 3-Ply Paper Towel Double Rolls,8 rolls,20.99,17.99,17.99
2026-02-17T11:20:42Z,paper towels,70500887,Seattle,WA,98102,QFC,00887,0003077215712,0003077215712,00003077215712,003077215712,Bounty,Bounty Paper Towels Select-A-Size White 4 Double Rolls,4 rolls,11.99,,11.99
2026-02-17T11:20:42Z,paper towels,70500887,Seattle,WA,98102,QFC,00887,0003600049413,0003600049413,00003600049413,003600049413,Viva,Viva® Multi-Surface Cloth™ Paper Towels Single Rolls,6 rolls,12.49,9.49,9.49
2026-02-17T11:20:42Z,paper towels,70500887,Seattle,WA,98102,QFC,00887,0003040022272,0003040022272,00003040022272,003040022272,Sparkle,Sparkle® Tear-A-Square® Customizable Sheet Size Paper Towels Double Rolls,2 rolls,4.99,,4.99
2026-02-17T11:20:42Z,paper towels,70500887,Seattle,WA,98102,QFC,00887,0005400075130,0005400075130,00005400075130,005400075130,Scott,Scott® Original Multipurpose Shop Towels - Blue,55ct,3.99,,3.99
2026-02-17T11:20:42Z,paper towels,70500887,Seattle,WA,98102,QFC,00887,0003077216021,0003077216021,00003077216021,003077216021,Bounty,Bounty Paper Towels Full Sheet White 6 Double Rolls,6 rolls,14.99,,14.99
2026-02-17T11:20:42Z,paper towels,70500887,Seattle,WA,98102,QFC,00887,0003077216020,0003077216020,00003077216020,003077216020,Bounty,Bounty Paper Towels Select-A-Size White 6 Triple Rolls,6 rolls,23.99,19.99,19.99
2026-02-17T11:20:42Z,paper towels,70500887,Seattle,WA,98102,QFC,00887,0003077216042,0003077216042,00003077216042,003077216042,Bounty,Bounty Paper Towels Select-A-Size White 2 Triple Rolls,2 rolls,10.99,10.19,10.19
2026-02-17T11:20:42Z,paper towels,70500887,Seattle,WA,98102,QFC,00887,0003040022276,0003040022276,00003040022276,003040022276,Sparkle,Sparkle® Tear-A-Square® Paper Towel Double Rolls,6 rolls,10.99,7.49,7.49
2026-02-17T11:20:42Z,paper towels,70500887,Seattle,WA,98102,QFC,00887,0003077219274,0003077219274,00003077219274,003077219274,Bounty,Bounty Paper Towels Select-A-Size White 8 Double Plus Rolls,8 rolls,24.99,,24.99
2026-02-17T11:20:42Z,paper towels,70500887,Seattle,WA,98102,QFC,00887,0006366836201,0006366836201,00006366836201,006366836201,Green Forest,Green Forest Size-Your-Own Paper Towels 100% Recycled,1 roll,2.49,,2.49
2026-02-17T11:20:42Z,paper towels,70500887,Seattle,WA,98102,QFC,00887,0006366836203,0006366836203,00006366836203,006366836203,Green Forest,Green Forest 100% Recycled Size-Your-Own Paper Towels,3 pk,6.29,,6.29
2026-02-17T11:20:42Z,paper towels,70500887,Seattle,WA,98102,QFC,00887,0076427177011,0076427177011,00076427177011,076427177011,Oggi,OGGI Wallmount Paper Towel Holder,1 ct,11.99,,11.99
2026-02-17T11:20:42Z,paper towels,70500887,Seattle,WA,98102,QFC,00887,0086001113901,0086001113901,00086001113901,086001113901,Reel,Reel® Premium Bamboo Paper Towels,6 ct,19.99,,19.99
2026-02-17T11:20:42Z,paper towels,70500887,Seattle,WA,98102,QFC,00887,0086001113900,0086001113900,00086001113900,086001113900,Reel,Reel® Premium Bamboo Paper Towel Triple Rolls,2 rolls,7.99,,7.99
2026-02-17T11:20:42Z,paper towels,70500887,Seattle,WA,98102,QFC,00887,0001111011984,0001111011984,00001111011984,001111011984,Kroger,Kroger® Rugged and Reliable Paper Towels Giant Rolls,10 rolls,13.49,,13.49
2026-02-17T11:20:42Z,paper towels,70500887,Seattle,WA,98102,QFC,00887,0019655708688,0019655708688,00019655708688,019655708688,Core,Core Kitchen Paper Towel Holder,1 ct,8.99,,8.99
2026-02-17T11:20:42Z,paper towels,70500887,Seattle,WA,98102,QFC,00887,0003600056532,0003600056532,00003600056532,003600056532,Viva,Viva® Signature Cloth™ Paper Towels Double Rolls,6 rolls,15.99,14.99,14.99
2026-02-17T11:20:42Z,paper towels,70500887,Seattle,WA,98102,QFC,00887,0003600038587,0003600038587,00003600038587,003600038587,Kleenex,"Kleenex® Disposable Paper Hand Towels, 1 Box, 60 Towels per Box",60 count,4.49,,4.49
2026-02-17T11:20:42Z,paper towels,70500887,Seattle,WA,98102,QFC,00887,0004200044576,0004200044576,00004200044576,004200044576,Brawny,Brawny® Tear-A-Square® 3-Ply Paper Towel Triple Rolls,2 rolls,10.99,,10.99
2026-02-17T11:20:42Z,paper towels,70500887,Seattle,WA,98102,QFC,00887,0003600052499,0003600052499,00003600052499,003600052499,Viva,Viva Multi-Surface Cloth Paper Towels Double Rolls,8 rolls,17.99,15.99,15.99
2026-02-17T11:20:42Z,paper towels,70500887,Seattle,WA,98102,QFC,00887,0004200044658,0004200044658,00004200044658,004200044658,Brawny,Brawny® Full Sheet 3-Ply Paper Towel Double Rolls,6 rolls,16.99,11.99,11.99
2026-02-17T11:20:42Z,paper towels,70500887,Seattle,WA,98102,QFC,00887,0004200044579,0004200044579,00004200044579,004200044579,Brawny,Brawny® Tear-A-Square® 3-Ply Paper Towel Double Rolls,4 rolls,12.99,7.49,7.49
2026-02-17T11:20:42Z,paper towels,70500887,Seattle,WA,98102,QFC,00887,0001111016086,0001111016086,00001111016086,001111016086,Kroger,Kroger® Rugged + Reliable Paper Towels Double Rolls,4 rolls,7.99,,7.99
2026-02-17T11:20:42Z,paper towels,70500887,Seattle,WA,98102,QFC,00887,0001111016087,0001111016087,00001111016087,001111016087,Kroger,Kroger® Rugged + Reliable Paper Towels Giant Rolls,10 rolls,13.99,,13.99
2026-02-17T11:20:42Z,paper towels,70500887,Seattle,WA,98102,QFC,00887,0001111014184,0001111014184,00001111014184,001111014184,Kroger,Kroger® Ultra Paper Towels With Absorbing Power Triple Rolls,2 rolls,6.29,,6.29
2026-02-17T11:20:42Z,paper towels,70500887,Seattle,WA,98102,QFC,00887,0001111014185,0001111014185,00001111014185,001111014185,Kroger,Kroger® Ultra Paper Towels With Absorbing Power Double Rolls,4 rolls,10.99,,10.99
2026-02-17T11:20:42Z,paper towels,70500887,Seattle,WA,98102,QFC,00887,0001111016088,0001111016088,00001111016088,001111016088,Kroger,Kroger® Rugged + Reliable Paper Towels Double Plus Rolls BIG DEAL!,12 ct,21.99,,21.99
2026-02-17T11:20:42Z,paper towels,70500887,Seattle,WA,98102,QFC,00887,0001111014186,0001111014186,00001111014186,001111014186,Kroger,Kroger® Ultra Paper Towels With Absorbing Power Double Rolls,6 rolls,11.29,,11.29
2026-02-17T11:20:42Z,paper towels,70500887,Seattle,WA,98102,QFC,00887,0003077216014,0003077216014,00003077216014,003077216014,Bounty,"Bounty Paper Towels Select-A-Size White, 8 Triple Rolls, 123 Sheets Per Roll",8 rolls,27.99,26.99,26.99
2026-02-17T11:20:42Z,paper towels,70500887,Seattle,WA,98102,QFC,00887,0001111014187,0001111014187,00001111014187,001111014187,Kroger,Kroger® Ultra Absorbing Power Paper Towels Triple Rolls,8 ct,19.29,,19.29
2026-02-17T11:20:42Z,paper towels,70500887,Seattle,WA,98102,QFC,00887,0003077215664,0003077215664,00003077215664,003077215664,Bounty,Bounty Paper Towels Select-A-Size White 12 Double Plus Rolls,12 rolls,34.99,29.99,29.99
2026-02-17T11:20:42Z,paper towels,70500887,Seattle,WA,98102,QFC,00887,0071981207833,0071981207833,00071981207833,071981207833,Softworks,Softworks Simply Tear Paper Towel Holder,1 ct,29.99,,29.99
2026-02-17T11:20:42Z,paper towels,70500887,Seattle,WA,98102,QFC,00887,0003040022241,0003040022241,00003040022241,003040022241,Sparkle,Sparkle® Pick-A-Size® Paper Towel Double Rolls,8 rolls,14.99,,14.99
2026-02-17T11:20:42Z,paper towels,70500887,Seattle,WA,98102,QFC,00887,0003077216276,0003077216276,00003077216276,003077216276,Bounty,Bounty Paper Towels Select-A-Size Print 6 Double Rolls,6 rolls,14.99,,14.99
2026-02-17T11:20:42Z,paper towels,70500887,Seattle,WA,98102,QFC,00887,0001111010621,0001111010621,00001111010621,001111010621,Kroger,Kroger® Glimmer Select-A-Sheet Paper Towels Double Rolls,2 rolls,2.99,,2.99
2026-02-17T11:20:42Z,paper towels,70500887,Seattle,WA,98102,QFC,00887,0001111012026,0001111012026,00001111012026,001111012026,Kroger,Kroger® Rugged + Reliable Paper Towels Double Plus Rolls BIG DEAL!,12 rolls,20.99,,20.99
2026-02-17T11:20:42Z,paper towels,70500887,Seattle,WA,98102,QFC,00887,0004200044588,0004200044588,00004200044588,004200044588,Brawny,Brawny® Tear-A-Square® 3-Ply Paper Towel Double Rolls,6 rolls,16.99,11.99,11.99
2026-02-17T11:20:42Z,paper towels,70500887,Seattle,WA,98102,QFC,00887,0003077215703,0003077215703,00003077215703,003077215703,Bounty,Bounty Paper Towels Select-A-Size White 6 Double Rolls,6 rolls,14.99,,14.99
2026-02-17T11:20:42Z,paper towels,70500887,Seattle,WA,98102,QFC,00887,0071981261343,0071981261343,00071981261343,071981261343,Softworks,Softworks Steady Paper Towel Holder,1 ct,25.99,,25.99
2026-02-17T11:20:42Z,paper towels,70500887,Seattle,WA,98102,QFC,00887,0004200044600,0004200044600,00004200044600,004200044600,Brawny,Brawny® Tear-A-Square® 3-Ply Paper Towel Double Rolls,8 rolls,20.99,17.99,17.99
2026-02-17T11:20:42Z,paper towels,70500891,Seattle,WA,98107,QFC,00891,0003077215712,0003077215712,00003077215712,003077215712,Bounty,Bounty Paper Towels Select-A-Size White 4 Double Rolls,4 rolls,11.99,,11.99
2026-02-17T11:20:42Z,paper towels,70500891,Seattle,WA,98107,QFC,00891,0003600049413,0003600049413,00003600049413,003600049413,Viva,Viva® Multi-Surface Cloth™ Paper Towels Single Rolls,6 rolls,12.49,9.49,9.49
2026-02-17T11:20:42Z,paper towels,70500891,Seattle,WA,98107,QFC,00891,0003040022272,0003040022272,00003040022272,003040022272,Sparkle,Sparkle® Tear-A-Square® Customizable Sheet Size Paper Towels Double Rolls,2 rolls,4.99,,4.99
2026-02-17T11:20:42Z,paper towels,70500891,Seattle,WA,98107,QFC,00891,0003077216021,0003077216021,00003077216021,003077216021,Bounty,Bounty Paper Towels Full Sheet White 6 Double Rolls,6 rolls,14.99,,14.99
2026-02-17T11:20:42Z,paper towels,70500891,Seattle,WA,98107,QFC,00891,0003077216042,0003077216042,00003077216042,003077216042,Bounty,Bounty Paper Towels Select-A-Size White 2 Triple Rolls,2 rolls,10.99,10.19,10.19
2026-02-17T11:20:42Z,paper towels,70500891,Seattle,WA,98107,QFC,00891,0003077216020,0003077216020,00003077216020,003077216020,Bounty,Bounty Paper Towels Select-A-Size White 6 Triple Rolls,6 rolls,23.99,19.99,19.99
2026-02-17T11:20:42Z,paper towels,70500891,Seattle,WA,98107,QFC,00891,0003040022276,0003040022276,00003040022276,003040022276,Sparkle,Sparkle® Tear-A-Square® Paper Towel Double Rolls,6 rolls,10.99,7.49,7.49
2026-02-17T11:20:42Z,paper towels,70500891,Seattle,WA,98107,QFC,00891,0003077219274,0003077219274,00003077219274,003077219274,Bounty,Bounty Paper Towels Select-A-Size White 8 Double Plus Rolls,8 rolls,24.99,,24.99
2026-02-17T11:20:42Z,paper towels,70500891,Seattle,WA,98107,QFC,00891,0006366836201,0006366836201,00006366836201,006366836201,Green Forest,Green Forest Size-Your-Own Paper Towels 100% Recycled,1 roll,2.49,,2.49
2026-02-17T11:20:42Z,paper towels,70500891,Seattle,WA,98107,QFC,00891,0006366836203,0006366836203,00006366836203,006366836203,Green Forest,Green Forest 100% Recycled Size-Your-Own Paper Towels,3 pk,6.29,,6.29
2026-02-17T11:20:42Z,paper towels,70500891,Seattle,WA,98107,QFC,00891,0086001113901,0086001113901,00086001113901,086001113901,Reel,Reel® Premium Bamboo Paper Towels,6 ct,19.99,,19.99
2026-02-17T11:20:42Z,paper towels,70500891,Seattle,WA,98107,QFC,00891,0086001113900,0086001113900,00086001113900,086001113900,Reel,Reel® Premium Bamboo Paper Towel Triple Rolls,2 rolls,7.99,,7.99
2026-02-17T11:20:42Z,paper towels,70500891,Seattle,WA,98107,QFC,00891,0001111011984,0001111011984,00001111011984,001111011984,Kroger,Kroger® Rugged and Reliable Paper Towels Giant Rolls,10 rolls,13.49,,13.49
2026-02-17T11:20:42Z,paper towels,70500891,Seattle,WA,98107,QFC,00891,0003600056532,0003600056532,00003600056532,003600056532,Viva,Viva® Signature Cloth™ Paper Towels Double Rolls,6 rolls,15.99,14.99,14.99
2026-02-17T11:20:42Z,paper towels,70500891,Seattle,WA,98107,QFC,00891,0003600038587,0003600038587,00003600038587,003600038587,Kleenex,"Kleenex® Disposable Paper Hand Towels, 1 Box, 60 Towels per Box",60 count,4.49,,4.49
2026-02-17T11:20:42Z,paper towels,70500891,Seattle,WA,98107,QFC,00891,0004200044576,0004200044576,00004200044576,004200044576,Brawny,Brawny® Tear-A-Square® 3-Ply Paper Towel Triple Rolls,2 rolls,10.99,,10.99
2026-02-17T11:20:42Z,paper towels,70500891,Seattle,WA,98107,QFC,00891,0003600052499,0003600052499,00003600052499,003600052499,Viva,Viva Multi-Surface Cloth Paper Towels Double Rolls,8 rolls,17.99,15.99,15.99
2026-02-17T11:20:42Z,paper towels,70500891,Seattle,WA,98107,QFC,00891,0004200044579,0004200044579,00004200044579,004200044579,Brawny,Brawny® Tear-A-Square® 3-Ply Paper Towel Double Rolls,4 rolls,12.99,7.49,7.49
2026-02-17T11:20:42Z,paper towels,70500891,Seattle,WA,98107,QFC,00891,0001111016086,0001111016086,00001111016086,001111016086,Kroger,Kroger® Rugged + Reliable Paper Towels Double Rolls,4 rolls,7.99,,7.99
2026-02-17T11:20:42Z,paper towels,70500891,Seattle,WA,98107,QFC,00891,0001111016087,0001111016087,00001111016087,001111016087,Kroger,Kroger® Rugged + Reliable Paper Towels Giant Rolls,10 rolls,13.99,,13.99
2026-02-17T11:20:42Z,paper towels,70500891,Seattle,WA,98107,QFC,00891,0001111014184,0001111014184,00001111014184,001111014184,Kroger,Kroger® Ultra Paper Towels With Absorbing Power Triple Rolls,2 rolls,6.29,,6.29
2026-02-17T11:20:42Z,paper towels,70500891,Seattle,WA,98107,QFC,00891,0001111014185,0001111014185,00001111014185,001111014185,Kroger,Kroger® Ultra Paper Towels With Absorbing Power Double Rolls,4 rolls,10.99,,10.99
2026-02-17T11:20:42Z,paper towels,70500891,Seattle,WA,98107,QFC,00891,0003077216014,0003077216014,00003077216014,003077216014,Bounty,"Bounty Paper Towels Select-A-Size White, 8 Triple Rolls, 123 Sheets Per Roll",8 rolls,27.99,26.99,26.99
2026-02-17T11:20:42Z,paper towels,70500891,Seattle,WA,98107,QFC,00891,0001111014186,0001111014186,00001111014186,001111014186,Kroger,Kroger® Ultra Paper Towels With Absorbing Power Double Rolls,6 rolls,11.29,,11.29
2026-02-17T11:20:42Z,paper towels,70500891,Seattle,WA,98107,QFC,00891,0001111014187,0001111014187,00001111014187,001111014187,Kroger,Kroger® Ultra Absorbing Power Paper Towels Triple Rolls,8 ct,19.29,,19.29
2026-02-17T11:20:42Z,paper towels,70500891,Seattle,WA,98107,QFC,00891,0003040022241,0003040022241,00003040022241,003040022241,Sparkle,Sparkle® Pick-A-Size® Paper Towel Double Rolls,8 rolls,14.99,,14.99
2026-02-17T11:20:42Z,paper towels,70500891,Seattle,WA,98107,QFC,00891,0003077216276,0003077216276,00003077216276,003077216276,Bounty,Bounty Paper Towels Select-A-Size Print 6 Double Rolls,6 rolls,14.99,,14.99
2026-02-17T11:20:42Z,paper towels,70500891,Seattle,WA,98107,QFC,00891,0001111010621,0001111010621,00001111010621,001111010621,Kroger,Kroger® Glimmer Select-A-Sheet Paper Towels Double Rolls,2 rolls,2.99,,2.99
2026-02-17T11:20:42Z,paper towels,70500891,Seattle,WA,98107,QFC,00891,0004200044588,0004200044588,00004200044588,004200044588,Brawny,Brawny® Tear-A-Square® 3-Ply Paper Towel Double Rolls,6 rolls,16.99,11.99,11.99
2026-02-17T11:20:42Z,paper towels,70500891,Seattle,WA,98107,QFC,00891,0003077215703,0003077215703,00003077215703,003077215703,Bounty,Bounty Paper Towels Select-A-Size White 6 Double Rolls,6 rolls,14.99,,14.99
2026-02-17T11:20:42Z,paper towels,70500891,Seattle,WA,98107,QFC,00891,0004200044600,0004200044600,00004200044600,004200044600,Brawny,Brawny® Tear-A-Square® 3-Ply Paper Towel Double Rolls,8 rolls,20.99,17.99,17.99
2026-02-17T11:20:42Z,paper towels,70500841,Sequim,WA,98382,QFC,00841,0003077215712,0003077215712,00003077215712,003077215712,Bounty,Bounty Paper Towels Select-A-Size White 4 Double Rolls,4 rolls,11.99,,11.99
2026-02-17T11:20:42Z,paper towels,70500841,Sequim,WA,98382,QFC,00841,0003600049413,0003600049413,00003600049413,003600049413,Viva,Viva® Multi-Surface Cloth™ Paper Towels Single Rolls,6 rolls,12.49,9.49,9.49
2026-02-17T11:20:42Z,paper towels,70500841,Sequim,WA,98382,QFC,00841,0003040022272,0003040022272,00003040022272,003040022272,Sparkle,Sparkle® Tear-A-Square® Customizable Sheet Size Paper Towels Double Rolls,2 rolls,4.99,,4.99
2026-02-17T11:20:42Z,paper towels,70500841,Sequim,WA,98382,QFC,00841,0003077216021,0003077216021,00003077216021,003077216021,Bounty,Bounty Paper Towels Full Sheet White 6 Double Rolls,6 rolls,14.99,,14.99
2026-02-17T11:20:42Z,paper towels,70500841,Sequim,WA,98382,QFC,00841,0003077216042,0003077216042,00003077216042,003077216042,Bounty,Bounty Paper Towels Select-A-Size White 2 Triple Rolls,2 rolls,10.99,10.19,10.19
2026-02-17T11:20:42Z,paper towels,70500841,Sequim,WA,98382,QFC,00841,0003077216020,0003077216020,00003077216020,003077216020,Bounty,Bounty Paper Towels Select-A-Size White 6 Triple Rolls,6 rolls,23.99,19.99,19.99
2026-02-17T11:20:42Z,paper towels,70500841,Sequim,WA,98382,QFC,00841,0003040022276,0003040022276,00003040022276,003040022276,Sparkle,Sparkle® Tear-A-Square® Paper Towel Double Rolls,6 rolls,10.99,7.49,7.49
2026-02-17T11:20:42Z,paper towels,70500841,Sequim,WA,98382,QFC,00841,0006366836201,0006366836201,00006366836201,006366836201,Green Forest,Green Forest Size-Your-Own Paper Towels 100% Recycled,1 roll,2.49,,2.49
2026-02-17T11:20:42Z,paper towels,70500841,Sequim,WA,98382,QFC,00841,0006366836203,0006366836203,00006366836203,006366836203,Green Forest,Green Forest 100% Recycled Size-Your-Own Paper Towels,3 pk,6.29,,6.29
2026-02-17T11:20:42Z,paper towels,70500841,Sequim,WA,98382,QFC,00841,0086001113900,0086001113900,00086001113900,086001113900,Reel,Reel® Premium Bamboo Paper Towel Triple Rolls,2 rolls,7.99,,7.99
2026-02-17T11:20:42Z,paper towels,70500841,Sequim,WA,98382,QFC,00841,0001111011984,0001111011984,00001111011984,001111011984,Kroger,Kroger® Rugged and Reliable Paper Towels Giant Rolls,10 rolls,13.49,,13.49
2026-02-17T11:20:42Z,paper towels,70500841,Sequim,WA,98382,QFC,00841,0003600038587,0003600038587,00003600038587,003600038587,Kleenex,"Kleenex® Disposable Paper Hand Towels, 1 Box, 60 Towels per Box",60 count,4.49,,4.49
2026-02-17T11:20:42Z,paper towels,70500841,Sequim,WA,98382,QFC,00841,0003600056532,0003600056532,00003600056532,003600056532,Viva,Viva® Signature Cloth™ Paper Towels Double Rolls,6 rolls,15.99,14.99,14.99
2026-02-17T11:20:42Z,paper towels,70500841,Sequim,WA,98382,QFC,00841,0004200044576,0004200044576,00004200044576,004200044576,Brawny,Brawny® Tear-A-Square® 3-Ply Paper Towel Triple Rolls,2 rolls,10.99,,10.99
2026-02-17T11:20:42Z,paper towels,70500841,Sequim,WA,98382,QFC,00841,0004200044658,0004200044658,00004200044658,004200044658,Brawny,Brawny® Full Sheet 3-Ply Paper Towel Double Rolls,6 rolls,16.99,11.99,11.99
2026-02-17T11:20:42Z,paper towels,70500841,Sequim,WA,98382,QFC,00841,0004200044579,0004200044579,00004200044579,004200044579,Brawny,Brawny® Tear-A-Square® 3-Ply Paper Towel Double Rolls,4 rolls,12.99,7.49,7.49
2026-02-17T11:20:42Z,paper towels,70500841,Sequim,WA,98382,QFC,00841,0001111016086,0001111016086,00001111016086,001111016086,Kroger,Kroger® Rugged + Reliable Paper Towels Double Rolls,4 rolls,7.99,,7.99
2026-02-17T11:20:42Z,paper towels,70500841,Sequim,WA,98382,QFC,00841,0001111014184,0001111014184,00001111014184,001111014184,Kroger,Kroger® Ultra Paper Towels With Absorbing Power Triple Rolls,2 rolls,6.29,,6.29
2026-02-17T11:20:42Z,paper towels,70500841,Sequim,WA,98382,QFC,00841,0001111016087,0001111016087,00001111016087,001111016087,Kroger,Kroger® Rugged + Reliable Paper Towels Giant Rolls,10 rolls,13.99,,13.99
2026-02-17T11:20:42Z,paper towels,70500841,Sequim,WA,98382,QFC,00841,0001111014185,0001111014185,00001111014185,001111014185,Kroger,Kroger® Ultra Paper Towels With Absorbing Power Double Rolls,4 rolls,10.99,,10.99
2026-02-17T11:20:42Z,paper towels,70500841,Sequim,WA,98382,QFC,00841,0001111016088,0001111016088,00001111016088,001111016088,Kroger,Kroger® Rugged + Reliable Paper Towels Double Plus Rolls BIG DEAL!,12 ct,21.99,,21.99
2026-02-17T11:20:42Z,paper towels,70500841,Sequim,WA,98382,QFC,00841,0001111014186,0001111014186,00001111014186,001111014186,Kroger,Kroger® Ultra Paper Towels With Absorbing Power Double Rolls,6 rolls,11.29,,11.29
2026-02-17T11:20:42Z,paper towels,70500841,Sequim,WA,98382,QFC,00841,0003077216014,0003077216014,00003077216014,003077216014,Bounty,"Bounty Paper Towels Select-A-Size White, 8 Triple Rolls, 123 Sheets Per Roll",8 rolls,27.99,26.99,26.99
2026-02-17T11:20:42Z,paper towels,70500841,Sequim,WA,98382,QFC,00841,0001111014187,0001111014187,00001111014187,001111014187,Kroger,Kroger® Ultra Absorbing Power Paper Towels Triple Rolls,8 ct,19.29,,19.29
2026-02-17T11:20:42Z,paper towels,70500841,Sequim,WA,98382,QFC,00841,0003040022241,0003040022241,00003040022241,003040022241,Sparkle,Sparkle® Pick-A-Size® Paper Towel Double Rolls,8 rolls,14.99,,14.99
2026-02-17T11:20:42Z,paper towels,70500841,Sequim,WA,98382,QFC,00841,0003077216276,0003077216276,00003077216276,003077216276,Bounty,Bounty Paper Towels Select-A-Size Print 6 Double Rolls,6 rolls,14.99,,14.99
2026-02-17T11:20:42Z,paper towels,70500841,Sequim,WA,98382,QFC,00841,0001111010621,0001111010621,00001111010621,001111010621,Kroger,Kroger® Glimmer Select-A-Sheet Paper Towels Double Rolls,2 rolls,2.99,,2.99
2026-02-17T11:20:42Z,paper towels,70500841,Sequim,WA,98382,QFC,00841,0001111012026,0001111012026,00001111012026,001111012026,Kroger,Kroger® Rugged + Reliable Paper Towels Double Plus Rolls BIG DEAL!,12 rolls,20.99,,20.99
2026-02-17T11:20:42Z,paper towels,70500841,Sequim,WA,98382,QFC,00841,0004200044588,0004200044588,00004200044588,004200044588,Brawny,Brawny® Tear-A-Square® 3-Ply Paper Towel Double Rolls,6 rolls,16.99,11.99,11.99
2026-02-17T11:20:42Z,paper towels,70500841,Sequim,WA,98382,QFC,00841,0003077215703,0003077215703,00003077215703,003077215703,Bounty,Bounty Paper Towels Select-A-Size White 6 Double Rolls,6 rolls,14.99,,14.99
2026-02-17T11:20:42Z,paper towels,70500841,Sequim,WA,98382,QFC,00841,0004200044600,0004200044600,00004200044600,004200044600,Brawny,Brawny® Tear-A-Square® 3-Ply Paper Towel Double Rolls,8 rolls,20.99,17.99,17.99
2026-02-17T11:20:42Z,paper towels,70500816,Shoreline,WA,98177,QFC,00816,0003077215712,0003077215712,00003077215712,003077215712,Bounty,Bounty Paper Towels Select-A-Size White 4 Double Rolls,4 rolls,11.99,,11.99
2026-02-17T11:20:42Z,paper towels,70500816,Shoreline,WA,98177,QFC,00816,0003600049413,0003600049413,00003600049413,003600049413,Viva,Viva® Multi-Surface Cloth™ Paper Towels Single Rolls,6 rolls,12.49,9.49,9.49
2026-02-17T11:20:42Z,paper towels,70500816,Shoreline,WA,98177,QFC,00816,0003077216009,0003077216009,00003077216009,003077216009,Bounty,Bounty Paper Towels Select-A-Size White 4 Triple Rolls,4 rolls,14.99,,14.99
2026-02-17T11:20:42Z,paper towels,70500816,Shoreline,WA,98177,QFC,00816,0003040022272,0003040022272,00003040022272,003040022272,Sparkle,Sparkle® Tear-A-Square® Customizable Sheet Size Paper Towels Double Rolls,2 rolls,4.99,,4.99
2026-02-17T11:20:42Z,paper towels,70500816,Shoreline,WA,98177,QFC,00816,0005400075130,0005400075130,00005400075130,005400075130,Scott,Scott® Original Multipurpose Shop Towels - Blue,55ct,3.99,,3.99
2026-02-17T11:20:42Z,paper towels,70500816,Shoreline,WA,98177,QFC,00816,0003077216021,0003077216021,00003077216021,003077216021,Bounty,Bounty Paper Towels Full Sheet White 6 Double Rolls,6 rolls,14.99,,14.99
2026-02-17T11:20:42Z,paper towels,70500816,Shoreline,WA,98177,QFC,00816,0003077216042,0003077216042,00003077216042,003077216042,Bounty,Bounty Paper Towels Select-A-Size White 2 Triple Rolls,2 rolls,10.99,10.19,10.19
2026-02-17T11:20:42Z,paper towels,70500816,Shoreline,WA,98177,QFC,00816,0003077216020,0003077216020,00003077216020,003077216020,Bounty,Bounty Paper Towels Select-A-Size White 6 Triple Rolls,6 rolls,23.99,19.99,19.99
2026-02-17T11:20:42Z,paper towels,70500816,Shoreline,WA,98177,QFC,00816,0003040022276,0003040022276,00003040022276,003040022276,Sparkle,Sparkle® Tear-A-Square® Paper Towel Double Rolls,6 rolls,10.99,7.49,7.49
2026-02-17T11:20:42Z,paper towels,70500816,Shoreline,WA,98177,QFC,00816,0003077219274,0003077219274,00003077219274,003077219274,Bounty,Bounty Paper Towels Select-A-Size White 8 Double Plus Rolls,8 rolls,24.99,,24.99
2026-02-17T11:20:42Z,paper towels,70500816,Shoreline,WA,98177,QFC,00816,0006366836201,0006366836201,00006366836201,006366836201,Green Forest,Green Forest Size-Your-Own Paper Towels 100% Recycled,1 roll,2.49,,2.49
2026-02-17T11:20:42Z,paper towels,70500816,Shoreline,WA,98177,QFC,00816,0006366836203,0006366836203,00006366836203,006366836203,Green Forest,Green Forest 100% Recycled Size-Your-Own Paper Towels,3 pk,6.29,,6.29
2026-02-17T11:20:42Z,paper towels,70500816,Shoreline,WA,98177,QFC,00816,0076427177011,0076427177011,00076427177011,076427177011,Oggi,OGGI Wallmount Paper Towel Holder,1 ct,11.99,,11.99
2026-02-17T11:20:42Z,paper towels,70500816,Shoreline,WA,98177,QFC,00816,0086001113901,0086001113901,00086001113901,086001113901,Reel,Reel® Premium Bamboo Paper Towels,6 ct,19.99,,19.99
2026-02-17T11:20:42Z,paper towels,70500816,Shoreline,WA,98177,QFC,00816,0086001113900,0086001113900,00086001113900,086001113900,Reel,Reel® Premium Bamboo Paper Towel Triple Rolls,2 rolls,7.99,,7.99
2026-02-17T11:20:42Z,paper towels,70500816,Shoreline,WA,98177,QFC,00816,0073291313737,0073291313737,00073291313737,073291313737,Seventh Generation,Seventh Generation Unbleached Chlorine Free Paper Towel Rolls,6 rolls,,,
2026-02-17T11:20:42Z,paper towels,70500816,Shoreline,WA,98177,QFC,00816,0001111011984,0001111011984,00001111011984,001111011984,Kroger,Kroger® Rugged and Reliable Paper Towels Giant Rolls,10 rolls,13.49,,13.49
2026-02-17T11:20:42Z,paper towels,70500816,Shoreline,WA,98177,QFC,00816,0019655708688,0019655708688,00019655708688,019655708688,Core,Core Kitchen Paper Towel Holder,1 ct,8.99,,8.99
2026-02-17T11:20:42Z,paper towels,70500816,Shoreline,WA,98177,QFC,00816,0003600038587,0003600038587,00003600038587,003600038587,Kleenex,"Kleenex® Disposable Paper Hand Towels, 1 Box, 60 Towels per Box",60 count,4.49,,4.49
2026-02-17T11:20:42Z,paper towels,70500816,Shoreline,WA,98177,QFC,00816,0003600056532,0003600056532,00003600056532,003600056532,Viva,Viva® Signature Cloth™ Paper Towels Double Rolls,6 rolls,15.99,14.99,14.99
2026-02-17T11:20:42Z,paper towels,70500816,Shoreline,WA,98177,QFC,00816,0004200044576,0004200044576,00004200044576,004200044576,Brawny,Brawny® Tear-A-Square® 3-Ply Paper Towel Triple Rolls,2 rolls,10.99,,10.99
2026-02-17T11:20:42Z,paper towels,70500816,Shoreline,WA,98177,QFC,00816,0003600056535,0003600056535,00003600056535,003600056535,Viva,Viva Signature Cloth Paper Towels Double Rolls,12 rolls,23.49,,23.49
2026-02-17T11:20:42Z,paper towels,70500816,Shoreline,WA,98177,QFC,00816,0003600052499,0003600052499,00003600052499,003600052499,Viva,Viva Multi-Surface Cloth Paper Towels Double Rolls,8 rolls,17.99,15.99,15.99
2026-02-17T11:20:42Z,paper towels,70500816,Shoreline,WA,98177,QFC,00816,0004200044658,0004200044658,00004200044658,004200044658,Brawny,Brawny® Full Sheet 3-Ply Paper Towel Double Rolls,6 rolls,16.99,11.99,11.99
2026-02-17T11:20:42Z,paper towels,70500816,Shoreline,WA,98177,QFC,00816,0004200044579,0004200044579,00004200044579,004200044579,Brawny,Brawny® Tear-A-Square® 3-Ply Paper Towel Double Rolls,4 rolls,12.99,7.49,7.49
2026-02-17T11:20:42Z,paper towels,70500816,Shoreline,WA,98177,QFC,00816,0001111016086,0001111016086,00001111016086,001111016086,Kroger,Kroger® Rugged + Reliable Paper Towels Double Rolls,4 rolls,7.99,,7.99
2026-02-17T11:20:42Z,paper towels,70500816,Shoreline,WA,98177,QFC,00816,0001111016087,0001111016087,00001111016087,001111016087,Kroger,Kroger® Rugged + Reliable Paper Towels Giant Rolls,10 rolls,13.99,,13.99
2026-02-17T11:20:42Z,paper towels,70500816,Shoreline,WA,98177,QFC,00816,0001111014184,0001111014184,00001111014184,001111014184,Kroger,Kroger® Ultra Paper Towels With Absorbing Power Triple Rolls,2 rolls,6.29,,6.29
2026-02-17T11:20:42Z,paper towels,70500816,Shoreline,WA,98177,QFC,00816,0001111016088,0001111016088,00001111016088,001111016088,Kroger,Kroger® Rugged + Reliable Paper Towels Double Plus Rolls BIG DEAL!,12 ct,21.99,,21.99
2026-02-17T11:20:42Z,paper towels,70500816,Shoreline,WA,98177,QFC,00816,0001111014185,0001111014185,00001111014185,001111014185,Kroger,Kroger® Ultra Paper Towels With Absorbing Power Double Rolls,4 rolls,10.99,,10.99
2026-02-17T11:20:42Z,paper towels,70500816,Shoreline,WA,98177,QFC,00816,0001111014186,0001111014186,00001111014186,001111014186,Kroger,Kroger® Ultra Paper Towels With Absorbing Power Double Rolls,6 rolls,11.29,,11.29
2026-02-17T11:20:42Z,paper towels,70500816,Shoreline,WA,98177,QFC,00816,0003077216014,0003077216014,00003077216014,003077216014,Bounty,"Bounty Paper Towels Select-A-Size White, 8 Triple Rolls, 123 Sheets Per Roll",8 rolls,27.99,26.99,26.99
2026-02-17T11:20:42Z,paper towels,70500816,Shoreline,WA,98177,QFC,00816,0001111014187,0001111014187,00001111014187,001111014187,Kroger,Kroger® Ultra Absorbing Power Paper Towels Triple Rolls,8 ct,19.29,,19.29
2026-02-17T11:20:42Z,paper towels,70500816,Shoreline,WA,98177,QFC,00816,0071981207833,0071981207833,00071981207833,071981207833,Softworks,Softworks Simply Tear Paper Towel Holder,1 ct,29.99,,29.99
2026-02-17T11:20:42Z,paper towels,70500816,Shoreline,WA,98177,QFC,00816,0003077215664,0003077215664,00003077215664,003077215664,Bounty,Bounty Paper Towels Select-A-Size White 12 Double Plus Rolls,12 rolls,34.99,29.99,29.99
2026-02-17T11:20:42Z,paper towels,70500816,Shoreline,WA,98177,QFC,00816,0003040022241,0003040022241,00003040022241,003040022241,Sparkle,Sparkle® Pick-A-Size® Paper Towel Double Rolls,8 rolls,14.99,,14.99
2026-02-17T11:20:42Z,paper towels,70500816,Shoreline,WA,98177,QFC,00816,0003077216276,0003077216276,00003077216276,003077216276,Bounty,Bounty Paper Towels Select-A-Size Print 6 Double Rolls,6 rolls,14.99,,14.99
2026-02-17T11:20:42Z,paper towels,70500816,Shoreline,WA,98177,QFC,00816,0003077216071,0003077216071,00003077216071,003077216071,Bounty,Bounty Paper Towels Select-A-Size White 6 Mega Rolls,6 rolls,27.99,26.99,26.99
2026-02-17T11:20:42Z,paper towels,70500816,Shoreline,WA,98177,QFC,00816,0001111010621,0001111010621,00001111010621,001111010621,Kroger,Kroger® Glimmer Select-A-Sheet Paper Towels Double Rolls,2 rolls,2.99,,2.99
2026-02-17T11:20:42Z,paper towels,70500816,Shoreline,WA,98177,QFC,00816,0001111012026,0001111012026,00001111012026,001111012026,Kroger,Kroger® Rugged + Reliable Paper Towels Double Plus Rolls BIG DEAL!,12 rolls,,,
2026-02-17T11:20:42Z,paper towels,70500816,Shoreline,WA,98177,QFC,00816,0073291313722,0073291313722,00073291313722,073291313722,Seventh Generation,Seventh Generation 100% Recycled Paper Jumbo Paper Towels,1 roll / 156 ct,,,
2026-02-17T11:20:42Z,paper towels,70500816,Shoreline,WA,98177,QFC,00816,0004200044588,0004200044588,00004200044588,004200044588,Brawny,Brawny® Tear-A-Square® 3-Ply Paper Towel Double Rolls,6 rolls,16.99,11.99,11.99
2026-02-17T11:20:42Z,paper towels,70500816,Shoreline,WA,98177,QFC,00816,0003077215703,0003077215703,00003077215703,003077215703,Bounty,Bounty Paper Towels Select-A-Size White 6 Double Rolls,6 rolls,14.99,,14.99
2026-02-17T11:20:42Z,paper towels,70500816,Shoreline,WA,98177,QFC,00816,0071981261343,0071981261343,00071981261343,071981261343,Softworks,Softworks Steady Paper Towel Holder,1 ct,25.99,,25.99
2026-02-17T11:20:42Z,paper towels,70500816,Shoreline,WA,98177,QFC,00816,0004200044600,0004200044600,00004200044600,004200044600,Brawny,Brawny® Tear-A-Square® 3-Ply Paper Towel Double Rolls,8 rolls,20.99,17.99,17.99
2026-02-17T11:20:42Z,paper towels,70500879,Stanwood,WA,98292,QFC,00879,0003077216009,0003077216009,00003077216009,003077216009,Bounty,Bounty Paper Towels Select-A-Size White 4 Triple Rolls,4 rolls,14.99,,14.99
2026-02-17T11:20:42Z,paper towels,70500879,Stanwood,WA,98292,QFC,00879,0003600049413,0003600049413,00003600049413,003600049413,Viva,Viva® Multi-Surface Cloth™ Paper Towels Single Rolls,6 rolls,12.49,9.49,9.49
2026-02-17T11:20:42Z,paper towels,70500879,Stanwood,WA,98292,QFC,00879,0003077215712,0003077215712,00003077215712,003077215712,Bounty,Bounty Paper Towels Select-A-Size White 4 Double Rolls,4 rolls,11.99,,11.99
2026-02-17T11:20:42Z,paper towels,70500879,Stanwood,WA,98292,QFC,00879,0003040022272,0003040022272,00003040022272,003040022272,Sparkle,Sparkle® Tear-A-Square® Customizable Sheet Size Paper Towels Double Rolls,2 rolls,4.99,,4.99
2026-02-17T11:20:42Z,paper towels,70500879,Stanwood,WA,98292,QFC,00879,0003077216021,0003077216021,00003077216021,003077216021,Bounty,Bounty Paper Towels Full Sheet White 6 Double Rolls,6 rolls,14.99,,14.99
2026-02-17T11:20:42Z,paper towels,70500879,Stanwood,WA,98292,QFC,00879,0003077216020,0003077216020,00003077216020,003077216020,Bounty,Bounty Paper Towels Select-A-Size White 6 Triple Rolls,6 rolls,23.99,19.99,19.99
2026-02-17T11:20:42Z,paper towels,70500879,Stanwood,WA,98292,QFC,00879,0003077216042,0003077216042,00003077216042,003077216042,Bounty,Bounty Paper Towels Select-A-Size White 2 Triple Rolls,2 rolls,10.99,10.19,10.19
2026-02-17T11:20:42Z,paper towels,70500879,Stanwood,WA,98292,QFC,00879,0003040022276,0003040022276,00003040022276,003040022276,Sparkle,Sparkle® Tear-A-Square® Paper Towel Double Rolls,6 rolls,10.99,7.49,7.49
2026-02-17T11:20:42Z,paper towels,70500879,Stanwood,WA,98292,QFC,00879,0006366836201,0006366836201,00006366836201,006366836201,Green Forest,Green Forest Size-Your-Own Paper Towels 100% Recycled,1 roll,2.49,,2.49
2026-02-17T11:20:42Z,paper towels,70500879,Stanwood,WA,98292,QFC,00879,0003077219274,0003077219274,00003077219274,003077219274,Bounty,Bounty Paper Towels Select-A-Size White 8 Double Plus Rolls,8 rolls,24.99,,24.99
2026-02-17T11:20:42Z,paper towels,70500879,Stanwood,WA,98292,QFC,00879,0006366836203,0006366836203,00006366836203,006366836203,Green Forest,Green Forest 100% Recycled Size-Your-Own Paper Towels,3 pk,6.29,,6.29
2026-02-17T11:20:42Z,paper towels,70500879,Stanwood,WA,98292,QFC,00879,0086001113901,0086001113901,00086001113901,086001113901,Reel,Reel® Premium Bamboo Paper Towels,6 ct,19.99,,19.99
2026-02-17T11:20:42Z,paper towels,70500879,Stanwood,WA,98292,QFC,00879,0086001113900,0086001113900,00086001113900,086001113900,Reel,Reel® Premium Bamboo Paper Towel Triple Rolls,2 rolls,7.99,,7.99
2026-02-17T11:20:42Z,paper towels,70500879,Stanwood,WA,98292,QFC,00879,0001111011984,0001111011984,00001111011984,001111011984,Kroger,Kroger® Rugged and Reliable Paper Towels Giant Rolls,10 rolls,13.49,,13.49
2026-02-17T11:20:42Z,paper towels,70500879,Stanwood,WA,98292,QFC,00879,0002539821838,0002539821838,00002539821838,002539821838,Mikasa,Mikasa® Victorian Loop Paper Towel Holder - White,13.5 in,,,
2026-02-17T11:20:42Z,paper towels,70500879,Stanwood,WA,98292,QFC,00879,0003600056532,0003600056532,00003600056532,003600056532,Viva,Viva® Signature Cloth™ Paper Towels Double Rolls,6 rolls,15.99,14.99,14.99
2026-02-17T11:20:42Z,paper towels,70500879,Stanwood,WA,98292,QFC,00879,0003600038587,0003600038587,00003600038587,003600038587,Kleenex,"Kleenex® Disposable Paper Hand Towels, 1 Box, 60 Towels per Box",60 count,4.49,,4.49
2026-02-17T11:20:42Z,paper towels,70500879,Stanwood,WA,98292,QFC,00879,0002539821837,0002539821837,00002539821837,002539821837,Mikasa,Mikasa Gourmet Basics Cat Paper Towel Holder,1 ct,,,
2026-02-17T11:20:42Z,paper towels,70500879,Stanwood,WA,98292,QFC,00879,0004200044576,0004200044576,00004200044576,004200044576,Brawny,Brawny® Tear-A-Square® 3-Ply Paper Towel Triple Rolls,2 rolls,10.99,,10.99
2026-02-17T11:20:42Z,paper towels,70500879,Stanwood,WA,98292,QFC,00879,0003600056535,0003600056535,00003600056535,003600056535,Viva,Viva Signature Cloth Paper Towels Double Rolls,12 rolls,23.49,,23.49
2026-02-17T11:20:42Z,paper towels,70500879,Stanwood,WA,98292,QFC,00879,0003600052499,0003600052499,00003600052499,003600052499,Viva,Viva Multi-Surface Cloth Paper Towels Double Rolls,8 rolls,17.99,15.99,15.99
2026-02-17T11:20:42Z,paper towels,70500879,Stanwood,WA,98292,QFC,00879,0004200044658,0004200044658,00004200044658,004200044658,Brawny,Brawny® Full Sheet 3-Ply Paper Towel Double Rolls,6 rolls,16.99,11.99,11.99
2026-02-17T11:20:42Z,paper towels,70500879,Stanwood,WA,98292,QFC,00879,0004200044579,0004200044579,00004200044579,004200044579,Brawny,Brawny® Tear-A-Square® 3-Ply Paper Towel Double Rolls,4 rolls,12.99,7.49,7.49
2026-02-17T11:20:42Z,paper towels,70500879,Stanwood,WA,98292,QFC,00879,0001111016086,0001111016086,00001111016086,001111016086,Kroger,Kroger® Rugged + Reliable Paper Towels Double Rolls,4 rolls,7.99,,7.99
2026-02-17T11:20:42Z,paper towels,70500879,Stanwood,WA,98292,QFC,00879,0001111016087,0001111016087,00001111016087,001111016087,Kroger,Kroger® Rugged + Reliable Paper Towels Giant Rolls,10 rolls,13.99,,13.99
2026-02-17T11:20:42Z,paper towels,70500879,Stanwood,WA,98292,QFC,00879,0001111014184,0001111014184,00001111014184,001111014184,Kroger,Kroger® Ultra Paper Towels With Absorbing Power Triple Rolls,2 rolls,6.29,,6.29
2026-02-17T11:20:42Z,paper towels,70500879,Stanwood,WA,98292,QFC,00879,0001111014185,0001111014185,00001111014185,001111014185,Kroger,Kroger® Ultra Paper Towels With Absorbing Power Double Rolls,4 rolls,10.99,,10.99
2026-02-17T11:20:42Z,paper towels,70500879,Stanwood,WA,98292,QFC,00879,0001111016088,0001111016088,00001111016088,001111016088,Kroger,Kroger® Rugged + Reliable Paper Towels Double Plus Rolls BIG DEAL!,12 ct,21.99,,21.99
2026-02-17T11:20:42Z,paper towels,70500879,Stanwood,WA,98292,QFC,00879,0003077216014,0003077216014,00003077216014,003077216014,Bounty,"Bounty Paper Towels Select-A-Size White, 8 Triple Rolls, 123 Sheets Per Roll",8 rolls,27.99,26.99,26.99
2026-02-17T11:20:42Z,paper towels,70500879,Stanwood,WA,98292,QFC,00879,0001111014186,0001111014186,00001111014186,001111014186,Kroger,Kroger® Ultra Paper Towels With Absorbing Power Double Rolls,6 rolls,11.29,,11.29
2026-02-17T11:20:42Z,paper towels,70500879,Stanwood,WA,98292,QFC,00879,0001111014187,0001111014187,00001111014187,001111014187,Kroger,Kroger® Ultra Absorbing Power Paper Towels Triple Rolls,8 ct,19.29,,19.29
2026-02-17T11:20:42Z,paper towels,70500879,Stanwood,WA,98292,QFC,00879,0003077215664,0003077215664,00003077215664,003077215664,Bounty,Bounty Paper Towels Select-A-Size White 12 Double Plus Rolls,12 rolls,34.99,29.99,29.99
2026-02-17T11:20:42Z,paper towels,70500879,Stanwood,WA,98292,QFC,00879,0003040022241,0003040022241,00003040022241,003040022241,Sparkle,Sparkle® Pick-A-Size® Paper Towel Double Rolls,8 rolls,14.99,,14.99
2026-02-17T11:20:42Z,paper towels,70500879,Stanwood,WA,98292,QFC,00879,0003077216276,0003077216276,00003077216276,003077216276,Bounty,Bounty Paper Towels Select-A-Size Print 6 Double Rolls,6 rolls,14.99,,14.99
2026-02-17T11:20:42Z,paper towels,70500879,Stanwood,WA,98292,QFC,00879,0002539821839,0002539821839,00002539821839,002539821839,Mikasa,Mikasa® Gourmet Basics® Rope Paper Towel Holder - White,14 in,,,
2026-02-17T11:20:42Z,paper towels,70500879,Stanwood,WA,98292,QFC,00879,0001111010621,0001111010621,00001111010621,001111010621,Kroger,Kroger® Glimmer Select-A-Sheet Paper Towels Double Rolls,2 rolls,2.99,,2.99
2026-02-17T11:20:42Z,paper towels,70500879,Stanwood,WA,98292,QFC,00879,0084753908889,0084753908889,00084753908889,084753908889,Honey Can Do,Honey Can Do Wire Paper Towel Holder - Black,1 ct,,,
2026-02-17T11:20:42Z,paper towels,70500879,Stanwood,WA,98292,QFC,00879,0001111012026,0001111012026,00001111012026,001111012026,Kroger,Kroger® Rugged + Reliable Paper Towels Double Plus Rolls BIG DEAL!,12 rolls,20.99,,20.99
2026-02-17T11:20:42Z,paper towels,70500879,Stanwood,WA,98292,QFC,00879,0004200044588,0004200044588,00004200044588,004200044588,Brawny,Brawny® Tear-A-Square® 3-Ply Paper Towel Double Rolls,6 rolls,16.99,11.99,11.99
2026-02-17T11:20:42Z,paper towels,70500879,Stanwood,WA,98292,QFC,00879,0003077215703,0003077215703,00003077215703,003077215703,Bounty,Bounty Paper Towels Select-A-Size White 6 Double Rolls,6 rolls,14.99,,14.99
2026-02-17T11:20:42Z,paper towels,70500879,Stanwood,WA,98292,QFC,00879,0004200044600,0004200044600,00004200044600,004200044600,Brawny,Brawny® Tear-A-Square® 3-Ply Paper Towel Double Rolls,8 rolls,20.99,17.99,17.99
2026-02-17T11:20:42Z,paper towels,70500105,Tacoma,WA,98444,QFC,00105,0003077215712,0003077215712,00003077215712,003077215712,Bounty,Bounty Paper Towels Select-A-Size White 4 Double Rolls,4 rolls,11.99,,11.99
2026-02-17T11:20:42Z,paper towels,70500105,Tacoma,WA,98444,QFC,00105,0003600049413,0003600049413,00003600049413,003600049413,Viva,Viva® Multi-Surface Cloth™ Paper Towels Single Rolls,6 rolls,12.49,9.49,9.49
2026-02-17T11:20:42Z,paper towels,70500105,Tacoma,WA,98444,QFC,00105,0003077216009,0003077216009,00003077216009,003077216009,Bounty,Bounty Paper Towels Select-A-Size White 4 Triple Rolls,4 rolls,14.99,,14.99
2026-02-17T11:20:42Z,paper towels,70500105,Tacoma,WA,98444,QFC,00105,0003040022272,0003040022272,00003040022272,003040022272,Sparkle,Sparkle® Tear-A-Square® Customizable Sheet Size Paper Towels Double Rolls,2 rolls,4.99,,4.99
2026-02-17T11:20:42Z,paper towels,70500105,Tacoma,WA,98444,QFC,00105,0005400075130,0005400075130,00005400075130,005400075130,Scott,Scott® Original Multipurpose Shop Towels - Blue,55ct,3.99,,3.99
2026-02-17T11:20:42Z,paper towels,70500105,Tacoma,WA,98444,QFC,00105,0003077216021,0003077216021,00003077216021,003077216021,Bounty,Bounty Paper Towels Full Sheet White 6 Double Rolls,6 rolls,14.99,,14.99
2026-02-17T11:20:42Z,paper towels,70500105,Tacoma,WA,98444,QFC,00105,0003077216042,0003077216042,00003077216042,003077216042,Bounty,Bounty Paper Towels Select-A-Size White 2 Triple Rolls,2 rolls,10.99,10.19,10.19
2026-02-17T11:20:42Z,paper towels,70500105,Tacoma,WA,98444,QFC,00105,0003077216020,0003077216020,00003077216020,003077216020,Bounty,Bounty Paper Towels Select-A-Size White 6 Triple Rolls,6 rolls,23.99,19.99,19.99
2026-02-17T11:20:42Z,paper towels,70500105,Tacoma,WA,98444,QFC,00105,0003040022276,0003040022276,00003040022276,003040022276,Sparkle,Sparkle® Tear-A-Square® Paper Towel Double Rolls,6 rolls,10.99,7.49,7.49
2026-02-17T11:20:42Z,paper towels,70500105,Tacoma,WA,98444,QFC,00105,0003077219274,0003077219274,00003077219274,003077219274,Bounty,Bounty Paper Towels Select-A-Size White 8 Double Plus Rolls,8 rolls,24.99,,24.99
2026-02-17T11:20:42Z,paper towels,70500105,Tacoma,WA,98444,QFC,00105,0006366836201,0006366836201,00006366836201,006366836201,Green Forest,Green Forest Size-Your-Own Paper Towels 100% Recycled,1 roll,2.49,,2.49
2026-02-17T11:20:42Z,paper towels,70500105,Tacoma,WA,98444,QFC,00105,0006366836203,0006366836203,00006366836203,006366836203,Green Forest,Green Forest 100% Recycled Size-Your-Own Paper Towels,3 pk,6.29,,6.29
2026-02-17T11:20:42Z,paper towels,70500105,Tacoma,WA,98444,QFC,00105,0076427107702,0076427107702,00076427107702,076427107702,OGGI,OGGI Stainless Steel Paper Towel Holder,1 ct,,,
2026-02-17T11:20:42Z,paper towels,70500105,Tacoma,WA,98444,QFC,00105,0076427177011,0076427177011,00076427177011,076427177011,Oggi,OGGI Wallmount Paper Towel Holder,1 ct,11.99,,11.99
2026-02-17T11:20:42Z,paper towels,70500105,Tacoma,WA,98444,QFC,00105,0086001113901,0086001113901,00086001113901,086001113901,Reel,Reel® Premium Bamboo Paper Towels,6 ct,19.99,,19.99
2026-02-17T11:20:42Z,paper towels,70500105,Tacoma,WA,98444,QFC,00105,0003040022238,0003040022238,00003040022238,003040022238,Sparkle,Sparkle® Pick-A-Size® Paper Towels Double Rolls,6 rolls,10.99,7.49,7.49
2026-02-17T11:20:42Z,paper towels,70500105,Tacoma,WA,98444,QFC,00105,0086001113900,0086001113900,00086001113900,086001113900,Reel,Reel® Premium Bamboo Paper Towel Triple Rolls,2 rolls,7.99,,7.99
2026-02-17T11:20:42Z,paper towels,70500105,Tacoma,WA,98444,QFC,00105,0001111011984,0001111011984,00001111011984,001111011984,Kroger,Kroger® Rugged and Reliable Paper Towels Giant Rolls,10 rolls,13.49,,13.49
2026-02-17T11:20:42Z,paper towels,70500105,Tacoma,WA,98444,QFC,00105,0073291313737,0073291313737,00073291313737,073291313737,Seventh Generation,Seventh Generation Unbleached Chlorine Free Paper Towel Rolls,6 rolls,,,
2026-02-17T11:20:42Z,paper towels,70500105,Tacoma,WA,98444,QFC,00105,0019655708688,0019655708688,00019655708688,019655708688,Core,Core Kitchen Paper Towel Holder,1 ct,8.99,,8.99
2026-02-17T11:20:42Z,paper towels,70500105,Tacoma,WA,98444,QFC,00105,0003600056532,0003600056532,00003600056532,003600056532,Viva,Viva® Signature Cloth™ Paper Towels Double Rolls,6 rolls,15.99,14.99,14.99
2026-02-17T11:20:42Z,paper towels,70500105,Tacoma,WA,98444,QFC,00105,0003600038587,0003600038587,00003600038587,003600038587,Kleenex,"Kleenex® Disposable Paper Hand Towels, 1 Box, 60 Towels per Box",60 count,4.49,,4.49
2026-02-17T11:20:42Z,paper towels,70500105,Tacoma,WA,98444,QFC,00105,0004200044576,0004200044576,00004200044576,004200044576,Brawny,Brawny® Tear-A-Square® 3-Ply Paper Towel Triple Rolls,2 rolls,10.99,,10.99
2026-02-17T11:20:42Z,paper towels,70500105,Tacoma,WA,98444,QFC,00105,0003600056535,0003600056535,00003600056535,003600056535,Viva,Viva Signature Cloth Paper Towels Double Rolls,12 rolls,23.49,,23.49
2026-02-17T11:20:42Z,paper towels,70500105,Tacoma,WA,98444,QFC,00105,0003600052499,0003600052499,00003600052499,003600052499,Viva,Viva Multi-Surface Cloth Paper Towels Double Rolls,8 rolls,17.99,15.99,15.99
2026-02-17T11:20:42Z,paper towels,70500105,Tacoma,WA,98444,QFC,00105,0004200044658,0004200044658,00004200044658,004200044658,Brawny,Brawny® Full Sheet 3-Ply Paper Towel Double Rolls,6 rolls,16.99,11.99,11.99
2026-02-17T11:20:42Z,paper towels,70500105,Tacoma,WA,98444,QFC,00105,0004200044579,0004200044579,00004200044579,004200044579,Brawny,Brawny® Tear-A-Square® 3-Ply Paper Towel Double Rolls,4 rolls,12.99,7.49,7.49
2026-02-17T11:20:42Z,paper towels,70500105,Tacoma,WA,98444,QFC,00105,0001111016086,0001111016086,00001111016086,001111016086,Kroger,Kroger® Rugged + Reliable Paper Towels Double Rolls,4 rolls,7.99,,7.99
2026-02-17T11:20:42Z,paper towels,70500105,Tacoma,WA,98444,QFC,00105,0001111016087,0001111016087,00001111016087,001111016087,Kroger,Kroger® Rugged + Reliable Paper Towels Giant Rolls,10 rolls,13.99,,13.99
2026-02-17T11:20:42Z,paper towels,70500105,Tacoma,WA,98444,QFC,00105,0001111014184,0001111014184,00001111014184,001111014184,Kroger,Kroger® Ultra Paper Towels With Absorbing Power Triple Rolls,2 rolls,6.29,,6.29
2026-02-17T11:20:42Z,paper towels,70500105,Tacoma,WA,98444,QFC,00105,0001111016088,0001111016088,00001111016088,001111016088,Kroger,Kroger® Rugged + Reliable Paper Towels Double Plus Rolls BIG DEAL!,12 ct,21.99,,21.99
2026-02-17T11:20:42Z,paper towels,70500105,Tacoma,WA,98444,QFC,00105,0001111014185,0001111014185,00001111014185,001111014185,Kroger,Kroger® Ultra Paper Towels With Absorbing Power Double Rolls,4 rolls,10.99,,10.99
2026-02-17T11:20:42Z,paper towels,70500105,Tacoma,WA,98444,QFC,00105,0001111014186,0001111014186,00001111014186,001111014186,Kroger,Kroger® Ultra Paper Towels With Absorbing Power Double Rolls,6 rolls,11.29,,11.29
2026-02-17T11:20:42Z,paper towels,70500105,Tacoma,WA,98444,QFC,00105,0003077216014,0003077216014,00003077216014,003077216014,Bounty,"Bounty Paper Towels Select-A-Size White, 8 Triple Rolls, 123 Sheets Per Roll",8 rolls,27.99,26.99,26.99
2026-02-17T11:20:42Z,paper towels,70500105,Tacoma,WA,98444,QFC,00105,0001111014187,0001111014187,00001111014187,001111014187,Kroger,Kroger® Ultra Absorbing Power Paper Towels Triple Rolls,8 ct,19.29,,19.29
2026-02-17T11:20:42Z,paper towels,70500105,Tacoma,WA,98444,QFC,00105,0003077215664,0003077215664,00003077215664,003077215664,Bounty,Bounty Paper Towels Select-A-Size White 12 Double Plus Rolls,12 rolls,34.99,29.99,29.99
2026-02-17T11:20:42Z,paper towels,70500105,Tacoma,WA,98444,QFC,00105,0071981207833,0071981207833,00071981207833,071981207833,Softworks,Softworks Simply Tear Paper Towel Holder,1 ct,29.99,,29.99
2026-02-17T11:20:42Z,paper towels,70500105,Tacoma,WA,98444,QFC,00105,0003040022241,0003040022241,00003040022241,003040022241,Sparkle,Sparkle® Pick-A-Size® Paper Towel Double Rolls,8 rolls,14.99,,14.99
2026-02-17T11:20:42Z,paper towels,70500105,Tacoma,WA,98444,QFC,00105,0003077216276,0003077216276,00003077216276,003077216276,Bounty,Bounty Paper Towels Select-A-Size Print 6 Double Rolls,6 rolls,14.99,,14.99
2026-02-17T11:20:42Z,paper towels,70500105,Tacoma,WA,98444,QFC,00105,0003077216071,0003077216071,00003077216071,003077216071,Bounty,Bounty Paper Towels Select-A-Size White 6 Mega Rolls,6 rolls,27.99,26.99,26.99
2026-02-17T11:20:42Z,paper towels,70500105,Tacoma,WA,98444,QFC,00105,0001111010621,0001111010621,00001111010621,001111010621,Kroger,Kroger® Glimmer Select-A-Sheet Paper Towels Double Rolls,2 rolls,2.99,,2.99
2026-02-17T11:20:42Z,paper towels,70500105,Tacoma,WA,98444,QFC,00105,0088877707647,0088877707647,00088877707647,088877707647,SDS for HD Designs,SDS for HD Designs Acacia & Brass Paper Towel Holder,14 in,,,
2026-02-17T11:20:42Z,paper towels,70500105,Tacoma,WA,98444,QFC,00105,0001111012026,0001111012026,00001111012026,001111012026,Kroger,Kroger® Rugged + Reliable Paper Towels Double Plus Rolls BIG DEAL!,12 rolls,,,
2026-02-17T11:20:42Z,paper towels,70500105,Tacoma,WA,98444,QFC,00105,0073291313722,0073291313722,00073291313722,073291313722,Seventh Generation,Seventh Generation 100% Recycled Paper Jumbo Paper Towels,1 roll / 156 ct,,,
2026-02-17T11:20:42Z,paper towels,70500105,Tacoma,WA,98444,QFC,00105,0003077215703,0003077215703,00003077215703,003077215703,Bounty,Bounty Paper Towels Select-A-Size White 6 Double Rolls,6 rolls,14.99,,14.99
2026-02-17T11:20:42Z,paper towels,70500105,Tacoma,WA,98444,QFC,00105,0071981261343,0071981261343,00071981261343,071981261343,Softworks,Softworks Steady Paper Towel Holder,1 ct,25.99,,25.99
2026-02-17T11:20:42Z,paper towels,70500105,Tacoma,WA,98444,QFC,00105,0004200044600,0004200044600,00004200044600,004200044600,Brawny,Brawny® Tear-A-Square® 3-Ply Paper Towel Double Rolls,8 rolls,20.99,17.99,17.99
2026-02-17T11:20:42Z,paper towels,70500831,Tacoma,WA,98422,QFC,00831,0003600049413,0003600049413,00003600049413,003600049413,Viva,Viva® Multi-Surface Cloth™ Paper Towels Single Rolls,6 rolls,12.49,9.49,9.49
2026-02-17T11:20:42Z,paper towels,70500831,Tacoma,WA,98422,QFC,00831,0003077215712,0003077215712,00003077215712,003077215712,Bounty,Bounty Paper Towels Select-A-Size White 4 Double Rolls,4 rolls,11.99,,11.99
2026-02-17T11:20:42Z,paper towels,70500831,Tacoma,WA,98422,QFC,00831,0003040022272,0003040022272,00003040022272,003040022272,Sparkle,Sparkle® Tear-A-Square® Customizable Sheet Size Paper Towels Double Rolls,2 rolls,4.99,,4.99
2026-02-17T11:20:42Z,paper towels,70500831,Tacoma,WA,98422,QFC,00831,0003077216021,0003077216021,00003077216021,003077216021,Bounty,Bounty Paper Towels Full Sheet White 6 Double Rolls,6 rolls,14.99,,14.99
2026-02-17T11:20:42Z,paper towels,70500831,Tacoma,WA,98422,QFC,00831,0003077216042,0003077216042,00003077216042,003077216042,Bounty,Bounty Paper Towels Select-A-Size White 2 Triple Rolls,2 rolls,10.99,10.19,10.19
2026-02-17T11:20:42Z,paper towels,70500831,Tacoma,WA,98422,QFC,00831,0003077216020,0003077216020,00003077216020,003077216020,Bounty,Bounty Paper Towels Select-A-Size White 6 Triple Rolls,6 rolls,23.99,19.99,19.99
2026-02-17T11:20:42Z,paper towels,70500831,Tacoma,WA,98422,QFC,00831,0003040022276,0003040022276,00003040022276,003040022276,Sparkle,Sparkle® Tear-A-Square® Paper Towel Double Rolls,6 rolls,10.99,7.49,7.49
2026-02-17T11:20:42Z,paper towels,70500831,Tacoma,WA,98422,QFC,00831,0006366836201,0006366836201,00006366836201,006366836201,Green Forest,Green Forest Size-Your-Own Paper Towels 100% Recycled,1 roll,2.49,,2.49
2026-02-17T11:20:42Z,paper towels,70500831,Tacoma,WA,98422,QFC,00831,0003077219274,0003077219274,00003077219274,003077219274,Bounty,Bounty Paper Towels Select-A-Size White 8 Double Plus Rolls,8 rolls,24.99,,24.99
2026-02-17T11:20:42Z,paper towels,70500831,Tacoma,WA,98422,QFC,00831,0006366836203,0006366836203,00006366836203,006366836203,Green Forest,Green Forest 100% Recycled Size-Your-Own Paper Towels,3 pk,6.29,,6.29
2026-02-17T11:20:42Z,paper towels,70500831,Tacoma,WA,98422,QFC,00831,0086001113901,0086001113901,00086001113901,086001113901,Reel,Reel® Premium Bamboo Paper Towels,6 ct,19.99,,19.99
2026-02-17T11:20:42Z,paper towels,70500831,Tacoma,WA,98422,QFC,00831,0003040022238,0003040022238,00003040022238,003040022238,Sparkle,Sparkle® Pick-A-Size® Paper Towels Double Rolls,6 rolls,10.99,7.49,7.49
2026-02-17T11:20:42Z,paper towels,70500831,Tacoma,WA,98422,QFC,00831,0086001113900,0086001113900,00086001113900,086001113900,Reel,Reel® Premium Bamboo Paper Towel Triple Rolls,2 rolls,7.99,,7.99
2026-02-17T11:20:42Z,paper towels,70500831,Tacoma,WA,98422,QFC,00831,0001111011984,0001111011984,00001111011984,001111011984,Kroger,Kroger® Rugged and Reliable Paper Towels Giant Rolls,10 rolls,13.49,,13.49
2026-02-17T11:20:42Z,paper towels,70500831,Tacoma,WA,98422,QFC,00831,0003600038587,0003600038587,00003600038587,003600038587,Kleenex,"Kleenex® Disposable Paper Hand Towels, 1 Box, 60 Towels per Box",60 count,4.49,,4.49
2026-02-17T11:20:42Z,paper towels,70500831,Tacoma,WA,98422,QFC,00831,0003600056532,0003600056532,00003600056532,003600056532,Viva,Viva® Signature Cloth™ Paper Towels Double Rolls,6 rolls,15.99,14.99,14.99
2026-02-17T11:20:42Z,paper towels,70500831,Tacoma,WA,98422,QFC,00831,0004200044576,0004200044576,00004200044576,004200044576,Brawny,Brawny® Tear-A-Square® 3-Ply Paper Towel Triple Rolls,2 rolls,10.99,,10.99
2026-02-17T11:20:42Z,paper towels,70500831,Tacoma,WA,98422,QFC,00831,0003600052499,0003600052499,00003600052499,003600052499,Viva,Viva Multi-Surface Cloth Paper Towels Double Rolls,8 rolls,17.99,15.99,15.99
2026-02-17T11:20:42Z,paper towels,70500831,Tacoma,WA,98422,QFC,00831,0004200044658,0004200044658,00004200044658,004200044658,Brawny,Brawny® Full Sheet 3-Ply Paper Towel Double Rolls,6 rolls,16.99,11.99,11.99
2026-02-17T11:20:42Z,paper towels,70500831,Tacoma,WA,98422,QFC,00831,0004200044579,0004200044579,00004200044579,004200044579,Brawny,Brawny® Tear-A-Square® 3-Ply Paper Towel Double Rolls,4 rolls,12.99,7.49,7.49
2026-02-17T11:20:42Z,paper towels,70500831,Tacoma,WA,98422,QFC,00831,0001111016086,0001111016086,00001111016086,001111016086,Kroger,Kroger® Rugged + Reliable Paper Towels Double Rolls,4 rolls,7.99,,7.99
2026-02-17T11:20:42Z,paper towels,70500831,Tacoma,WA,98422,QFC,00831,0001111016087,0001111016087,00001111016087,001111016087,Kroger,Kroger® Rugged + Reliable Paper Towels Giant Rolls,10 rolls,13.99,,13.99
2026-02-17T11:20:42Z,paper towels,70500831,Tacoma,WA,98422,QFC,00831,0001111014184,0001111014184,00001111014184,001111014184,Kroger,Kroger® Ultra Paper Towels With Absorbing Power Triple Rolls,2 rolls,6.29,,6.29
2026-02-17T11:20:42Z,paper towels,70500831,Tacoma,WA,98422,QFC,00831,0001111014185,0001111014185,00001111014185,001111014185,Kroger,Kroger® Ultra Paper Towels With Absorbing Power Double Rolls,4 rolls,10.99,,10.99
2026-02-17T11:20:42Z,paper towels,70500831,Tacoma,WA,98422,QFC,00831,0003077216014,0003077216014,00003077216014,003077216014,Bounty,"Bounty Paper Towels Select-A-Size White, 8 Triple Rolls, 123 Sheets Per Roll",8 rolls,27.99,26.99,26.99
2026-02-17T11:20:42Z,paper towels,70500831,Tacoma,WA,98422,QFC,00831,0001111014186,0001111014186,00001111014186,001111014186,Kroger,Kroger® Ultra Paper Towels With Absorbing Power Double Rolls,6 rolls,11.29,,11.29
2026-02-17T11:20:42Z,paper towels,70500831,Tacoma,WA,98422,QFC,00831,0001111014187,0001111014187,00001111014187,001111014187,Kroger,Kroger® Ultra Absorbing Power Paper Towels Triple Rolls,8 ct,19.29,,19.29
2026-02-17T11:20:42Z,paper towels,70500831,Tacoma,WA,98422,QFC,00831,0003077215664,0003077215664,00003077215664,003077215664,Bounty,Bounty Paper Towels Select-A-Size White 12 Double Plus Rolls,12 rolls,34.99,29.99,29.99
2026-02-17T11:20:42Z,paper towels,70500831,Tacoma,WA,98422,QFC,00831,0003040022241,0003040022241,00003040022241,003040022241,Sparkle,Sparkle® Pick-A-Size® Paper Towel Double Rolls,8 rolls,14.99,,14.99
2026-02-17T11:20:42Z,paper towels,70500831,Tacoma,WA,98422,QFC,00831,0003077216276,0003077216276,00003077216276,003077216276,Bounty,Bounty Paper Towels Select-A-Size Print 6 Double Rolls,6 rolls,14.99,,14.99
2026-02-17T11:20:42Z,paper towels,70500831,Tacoma,WA,98422,QFC,00831,0001111010621,0001111010621,00001111010621,001111010621,Kroger,Kroger® Glimmer Select-A-Sheet Paper Towels Double Rolls,2 rolls,2.99,,2.99
2026-02-17T11:20:42Z,paper towels,70500831,Tacoma,WA,98422,QFC,00831,0004200044588,0004200044588,00004200044588,004200044588,Brawny,Brawny® Tear-A-Square® 3-Ply Paper Towel Double Rolls,6 rolls,16.99,11.99,11.99
2026-02-17T11:20:42Z,paper towels,70500831,Tacoma,WA,98422,QFC,00831,0003077215703,0003077215703,00003077215703,003077215703,Bounty,Bounty Paper Towels Select-A-Size White 6 Double Rolls,6 rolls,14.99,,14.99
2026-02-17T11:20:42Z,paper towels,70500831,Tacoma,WA,98422,QFC,00831,0004200044600,0004200044600,00004200044600,004200044600,Brawny,Brawny® Tear-A-Square® 3-Ply Paper Towel Double Rolls,8 rolls,20.99,17.99,17.99
2026-02-17T11:20:42Z,paper towels,70500212,Vancouver,WA,98683,QFC,00212,0003077215712,0003077215712,00003077215712,003077215712,Bounty,Bounty Paper Towels Select-A-Size White 4 Double Rolls,4 rolls,11.99,,11.99
2026-02-17T11:20:42Z,paper towels,70500212,Vancouver,WA,98683,QFC,00212,0003600049413,0003600049413,00003600049413,003600049413,Viva,Viva® Multi-Surface Cloth™ Paper Towels Single Rolls,6 rolls,12.49,9.49,9.49
2026-02-17T11:20:42Z,paper towels,70500212,Vancouver,WA,98683,QFC,00212,0003040022272,0003040022272,00003040022272,003040022272,Sparkle,Sparkle® Tear-A-Square® Customizable Sheet Size Paper Towels Double Rolls,2 rolls,4.99,,4.99
2026-02-17T11:20:42Z,paper towels,70500212,Vancouver,WA,98683,QFC,00212,0003077216021,0003077216021,00003077216021,003077216021,Bounty,Bounty Paper Towels Full Sheet White 6 Double Rolls,6 rolls,14.99,,14.99
2026-02-17T11:20:42Z,paper towels,70500212,Vancouver,WA,98683,QFC,00212,0003077216020,0003077216020,00003077216020,003077216020,Bounty,Bounty Paper Towels Select-A-Size White 6 Triple Rolls,6 rolls,23.99,19.99,19.99
2026-02-17T11:20:42Z,paper towels,70500212,Vancouver,WA,98683,QFC,00212,0003077216042,0003077216042,00003077216042,003077216042,Bounty,Bounty Paper Towels Select-A-Size White 2 Triple Rolls,2 rolls,10.99,10.19,10.19
2026-02-17T11:20:42Z,paper towels,70500212,Vancouver,WA,98683,QFC,00212,0003040022276,0003040022276,00003040022276,003040022276,Sparkle,Sparkle® Tear-A-Square® Paper Towel Double Rolls,6 rolls,10.99,7.49,7.49
2026-02-17T11:20:42Z,paper towels,70500212,Vancouver,WA,98683,QFC,00212,0006366836201,0006366836201,00006366836201,006366836201,Green Forest,Green Forest Size-Your-Own Paper Towels 100% Recycled,1 roll,2.49,,2.49
2026-02-17T11:20:42Z,paper towels,70500212,Vancouver,WA,98683,QFC,00212,0003077219274,0003077219274,00003077219274,003077219274,Bounty,Bounty Paper Towels Select-A-Size White 8 Double Plus Rolls,8 rolls,24.99,,24.99
2026-02-17T11:20:42Z,paper towels,70500212,Vancouver,WA,98683,QFC,00212,0006366836203,0006366836203,00006366836203,006366836203,Green Forest,Green Forest 100% Recycled Size-Your-Own Paper Towels,3 pk,6.29,,6.29
2026-02-17T11:20:42Z,paper towels,70500212,Vancouver,WA,98683,QFC,00212,0086001113901,0086001113901,00086001113901,086001113901,Reel,Reel® Premium Bamboo Paper Towels,6 ct,19.99,,19.99
2026-02-17T11:20:42Z,paper towels,70500212,Vancouver,WA,98683,QFC,00212,0086001113900,0086001113900,00086001113900,086001113900,Reel,Reel® Premium Bamboo Paper Towel Triple Rolls,2 rolls,7.99,,7.99
2026-02-17T11:20:42Z,paper towels,70500212,Vancouver,WA,98683,QFC,00212,0001111011984,0001111011984,00001111011984,001111011984,Kroger,Kroger® Rugged and Reliable Paper Towels Giant Rolls,10 rolls,13.49,,13.49
2026-02-17T11:20:42Z,paper towels,70500212,Vancouver,WA,98683,QFC,00212,0003600038587,0003600038587,00003600038587,003600038587,Kleenex,"Kleenex® Disposable Paper Hand Towels, 1 Box, 60 Towels per Box",60 count,4.49,,4.49
2026-02-17T11:20:42Z,paper towels,70500212,Vancouver,WA,98683,QFC,00212,0003600056532,0003600056532,00003600056532,003600056532,Viva,Viva® Signature Cloth™ Paper Towels Double Rolls,6 rolls,15.99,14.99,14.99
2026-02-17T11:20:42Z,paper towels,70500212,Vancouver,WA,98683,QFC,00212,0004200044576,0004200044576,00004200044576,004200044576,Brawny,Brawny® Tear-A-Square® 3-Ply Paper Towel Triple Rolls,2 rolls,10.99,,10.99
2026-02-17T11:20:42Z,paper towels,70500212,Vancouver,WA,98683,QFC,00212,0003600052499,0003600052499,00003600052499,003600052499,Viva,Viva Multi-Surface Cloth Paper Towels Double Rolls,8 rolls,17.99,15.99,15.99
2026-02-17T11:20:42Z,paper towels,70500212,Vancouver,WA,98683,QFC,00212,0004200044658,0004200044658,00004200044658,004200044658,Brawny,Brawny® Full Sheet 3-Ply Paper Towel Double Rolls,6 rolls,16.99,11.99,11.99
2026-02-17T11:20:42Z,paper towels,70500212,Vancouver,WA,98683,QFC,00212,0004200044579,0004200044579,00004200044579,004200044579,Brawny,Brawny® Tear-A-Square® 3-Ply Paper Towel Double Rolls,4 rolls,12.99,7.49,7.49
2026-02-17T11:20:42Z,paper towels,70500212,Vancouver,WA,98683,QFC,00212,0001111016086,0001111016086,00001111016086,001111016086,Kroger,Kroger® Rugged + Reliable Paper Towels Double Rolls,4 rolls,7.99,,7.99
2026-02-17T11:20:42Z,paper towels,70500212,Vancouver,WA,98683,QFC,00212,0001111016087,0001111016087,00001111016087,001111016087,Kroger,Kroger® Rugged + Reliable Paper Towels Giant Rolls,10 rolls,13.99,,13.99
2026-02-17T11:20:42Z,paper towels,70500212,Vancouver,WA,98683,QFC,00212,0001111014184,0001111014184,00001111014184,001111014184,Kroger,Kroger® Ultra Paper Towels With Absorbing Power Triple Rolls,2 rolls,6.29,,6.29
2026-02-17T11:20:42Z,paper towels,70500212,Vancouver,WA,98683,QFC,00212,0001111014185,0001111014185,00001111014185,001111014185,Kroger,Kroger® Ultra Paper Towels With Absorbing Power Double Rolls,4 rolls,10.99,,10.99
2026-02-17T11:20:42Z,paper towels,70500212,Vancouver,WA,98683,QFC,00212,0001111016088,0001111016088,00001111016088,001111016088,Kroger,Kroger® Rugged + Reliable Paper Towels Double Plus Rolls BIG DEAL!,12 ct,21.99,,21.99
2026-02-17T11:20:42Z,paper towels,70500212,Vancouver,WA,98683,QFC,00212,0003077216014,0003077216014,00003077216014,003077216014,Bounty,"Bounty Paper Towels Select-A-Size White, 8 Triple Rolls, 123 Sheets Per Roll",8 rolls,27.99,26.99,26.99
2026-02-17T11:20:42Z,paper towels,70500212,Vancouver,WA,98683,QFC,00212,0001111014186,0001111014186,00001111014186,001111014186,Kroger,Kroger® Ultra Paper Towels With Absorbing Power Double Rolls,6 rolls,11.29,,11.29
2026-02-17T11:20:42Z,paper towels,70500212,Vancouver,WA,98683,QFC,00212,0001111014187,0001111014187,00001111014187,001111014187,Kroger,Kroger® Ultra Absorbing Power Paper Towels Triple Rolls,8 ct,19.29,,19.29
2026-02-17T11:20:42Z,paper towels,70500212,Vancouver,WA,98683,QFC,00212,0003077215664,0003077215664,00003077215664,003077215664,Bounty,Bounty Paper Towels Select-A-Size White 12 Double Plus Rolls,12 rolls,34.99,29.99,29.99
2026-02-17T11:20:42Z,paper towels,70500212,Vancouver,WA,98683,QFC,00212,0003040022241,0003040022241,00003040022241,003040022241,Sparkle,Sparkle® Pick-A-Size® Paper Towel Double Rolls,8 rolls,14.99,,14.99
2026-02-17T11:20:42Z,paper towels,70500212,Vancouver,WA,98683,QFC,00212,0003077216276,0003077216276,00003077216276,003077216276,Bounty,Bounty Paper Towels Select-A-Size Print 6 Double Rolls,6 rolls,14.99,,14.99
2026-02-17T11:20:42Z,paper towels,70500212,Vancouver,WA,98683,QFC,00212,0001111010621,0001111010621,00001111010621,001111010621,Kroger,Kroger® Glimmer Select-A-Sheet Paper Towels Double Rolls,2 rolls,2.99,,2.99
2026-02-17T11:20:42Z,paper towels,70500212,Vancouver,WA,98683,QFC,00212,0001111012026,0001111012026,00001111012026,001111012026,Kroger,Kroger® Rugged + Reliable Paper Towels Double Plus Rolls BIG DEAL!,12 rolls,20.99,,20.99
2026-02-17T11:20:42Z,paper towels,70500212,Vancouver,WA,98683,QFC,00212,0004200044588,0004200044588,00004200044588,004200044588,Brawny,Brawny® Tear-A-Square® 3-Ply Paper Towel Double Rolls,6 rolls,16.99,11.99,11.99
2026-02-17T11:20:42Z,paper towels,70500212,Vancouver,WA,98683,QFC,00212,0003077215703,0003077215703,00003077215703,003077215703,Bounty,Bounty Paper Towels Select-A-Size White 6 Double Rolls,6 rolls,14.99,,14.99
2026-02-17T11:20:42Z,paper towels,70500212,Vancouver,WA,98683,QFC,00212,0004200044600,0004200044600,00004200044600,004200044600,Brawny,Brawny® Tear-A-Square® 3-Ply Paper Towel Double Rolls,8 rolls,20.99,17.99,17.99
