run_date,category,query,location_name,input_zip,item_id,upc,name,brand,category_path,category_node,parent_category,sale_price,msrp,discount_pct,customer_rating,num_reviews,available_online,stock,product_url,lookup_error
2026-03-01,olive_oil,extra virgin olive oil 1 liter,Ridgefield,98642,982535165,850455000106,Antonio Celentano Extra Virgin Olive Oil 1 Liter PET Bottle,Antonio Celentano,Home Page/Food/Pantry/Cooking oils & vinegar/Olive oils,976759_976794_4649724,,35.0,,,,,True,Available,https://goto.walmart.com/c/|PUBID|/568844/9383?veh=aff&sourceid=imp_000011112222333344&u=http%3A%2F%2Faffil.walmart.com%2Fcart%2FaddToCart%3Fitems%3D982535165,
2026-03-01,olive_oil,extra virgin olive oil 1 liter,Ridgefield,98642,14317374695,,"Terra Delyssa First Cold Pressed Organic Extra Virgin Olive Oil, Single Sourced, 1 L (34 fl. oz) Dark Glass Bottle - 1 Pack, Non-GMO, Naturally Rich in Antioxidants and Polyphenols",Terra Delyssa,Home Page/Food/Pantry/Pantry meal essentials,976759_976794_2807108,,24.99,,,4.5,12.0,True,Available,https://goto.walmart.com/c/|PUBID|/568844/9383?veh=aff&sourceid=imp_000011112222333344&u=http%3A%2F%2Faffil.walmart.com%2Fcart%2FaddToCart%3Fitems%3D14317374695,
2026-03-01,olive_oil,extra virgin olive oil 1 liter,Ridgefield,98642,562238084,096619527731,"Kirkland Signature SIURANA Extra Virgin Olive Oil From Spain, 1 Liter (33.8 fl oz)",Kirkland Signature,Home Page/Food/Pantry/Pantry meal essentials,976759_976794_2807108,,30.68,,,4.3,3.0,True,Available,https://goto.walmart.com/c/|PUBID|/568844/9383?veh=aff&sourceid=imp_000011112222333344&u=http%3A%2F%2Faffil.walmart.com%2Fcart%2FaddToCart%3Fitems%3D562238084,
2026-03-01,olive_oil,extra virgin olive oil 1 liter,Ridgefield,98642,3578481281,,"ZOE Extra Virgin Olive Oil 1L (33.8 fl oz), First Cold-Pressed",ZOE,Home Page/Food/Pantry/Pantry meal essentials,976759_976794_2807108,,29.99,,,,,True,Available,https://goto.walmart.com/c/|PUBID|/568844/9383?veh=aff&sourceid=imp_000011112222333344&u=http%3A%2F%2Faffil.walmart.com%2Fcart%2FaddToCart%3Fitems%3D3578481281,
2026-03-01,olive_oil,extra virgin olive oil 1 liter,Ridgefield,98642,900400595,096619363780,"Kirkland Signature Organic Extra Virgin Olive Oil Terra Di Bari Bitonto, 1 Liter",Kirkland Signature,Home Page/Food/Pantry/Cooking oils & vinegar/Olive oils,976759_976794_4649724,,39.99,44.07,9.26,,,True,Available,https://goto.walmart.com/c/|PUBID|/568844/9383?veh=aff&sourceid=imp_000011112222333344&u=http%3A%2F%2Faffil.walmart.com%2Fcart%2FaddToCart%3Fitems%3D900400595,
2026-03-01,olive_oil,extra virgin olive oil 1 liter,Ridgefield,98642,14527123665,619150990507,"Terra Delyssa Organic Extra Virgin Olive Oil, 1L (Pack of 2)",Terra,Home Page/Food/Pantry/Pantry meal essentials,976759_976794_2807108,,32.98,35.95,8.26,4.2,26.0,True,Available,https://goto.walmart.com/c/|PUBID|/568844/9383?veh=aff&sourceid=imp_000011112222333344&u=http%3A%2F%2Faffil.walmart.com%2Fcart%2FaddToCart%3Fitems%3D14527123665,
2026-03-01,olive_oil,extra virgin olive oil 1 liter,Ridgefield,98642,16545508118,858893007336,Kouzini Organic Greek Extra Virgin Olive Oil | First Cold Pressed | 1 Liter (34 fl oz) Current Harvest | NYIOOC award Winner | Single Origin | Family Owned,Kouzini,Home Page/Food/Pantry/Pantry meal essentials,976759_976794_2807108,,36.99,,,5.0,2.0,True,Available,https://goto.walmart.com/c/|PUBID|/568844/9383?veh=aff&sourceid=imp_000011112222333344&u=http%3A%2F%2Faffil.walmart.com%2Fcart%2FaddToCart%3Fitems%3D16545508118,
2026-03-01,olive_oil,extra virgin olive oil 1 liter,Ridgefield,98642,2887161084,,Carapelli - Oro Verde Extra Virgin Olive Oil: First Cold-Pressed EVOO – 33.8 Fluid Ounces (1 Liter),Carapelli,Home Page/Food/Pantry/Pantry meal essentials,976759_976794_2807108,,34.99,,,5.0,4.0,True,Available,https://goto.walmart.com/c/|PUBID|/568844/9383?veh=aff&sourceid=imp_000011112222333344&u=http%3A%2F%2Faffil.walmart.com%2Fcart%2FaddToCart%3Fitems%3D2887161084,
2026-03-01,olive_oil,extra virgin olive oil 1 liter,Ridgefield,98642,163546728,656285000138,Paesanol Extra Virgin Olive Oil - 1 Liter,United Olive Oil,Home Page/Food/Pantry/Cooking oils & vinegar/Olive oils,976759_976794_4649724,,29.95,8.99,-233.15,5.0,3.0,True,Available,https://goto.walmart.com/c/|PUBID|/568844/9383?veh=aff&sourceid=imp_000011112222333344&u=http%3A%2F%2Faffil.walmart.com%2Fcart%2FaddToCart%3Fitems%3D163546728,
2026-03-01,olive_oil,extra virgin olive oil 1 liter,Ridgefield,98642,905673127,850455000113,Antonio Celentano Extra Virgin Olive Oil 1 Liter PET Bottle 2 Pack,Antonio Celentano,Home Page/Food/Pantry/Cooking oils & vinegar/Olive oils,976759_976794_4649724,,58.0,,,,,True,Available,https://goto.walmart.com/c/|PUBID|/568844/9383?veh=aff&sourceid=imp_000011112222333344&u=http%3A%2F%2Faffil.walmart.com%2Fcart%2FaddToCart%3Fitems%3D905673127,
2026-03-01,olive_oil,extra virgin olive oil 1 liter,Ridgefield,98642,19194464615,462517376540,"(2 pack) ZOE Extra Virgin Olive Oil 1L (33.8 fl oz), First Cold-Pressed",ZOE,Home Page/Food/Pantry/Pantry meal essentials,976759_976794_2807108,,55.98,59.98,6.67,,,True,Available,https://goto.walmart.com/c/|PUBID|/568844/9383?veh=aff&sourceid=imp_000011112222333344&u=http%3A%2F%2Faffil.walmart.com%2Fcart%2FaddToCart%3Fitems%3D19194464615,
2026-03-01,olive_oil,extra virgin olive oil 1 liter,Ridgefield,98642,3790328674,746155648475,Lucini Italia Select Extra Virgin Olive Oil - Case of 6 - 1 Liter,Lucini Italia,Home Page/Food/Pantry/Pantry meal essentials,976759_976794_2807108,,224.99,,,,,True,Available,https://goto.walmart.com/c/|PUBID|/568844/9383?veh=aff&sourceid=imp_000011112222333344&u=http%3A%2F%2Faffil.walmart.com%2Fcart%2FaddToCart%3Fitems%3D3790328674,
2026-03-01,olive_oil,extra virgin olive oil 1 liter,Ridgefield,98642,5440369446,040232669620,"Eastern Feast - Lebanese Extra Virgin Olive Oil, 1 L (33.8 fl oz)",Eastern Feast,Home Page/Food/Pantry/Pantry meal essentials,976759_976794_2807108,,19.99,24.99,20.01,,,True,Available,https://goto.walmart.com/c/|PUBID|/568844/9383?veh=aff&sourceid=imp_000011112222333344&u=http%3A%2F%2Faffil.walmart.com%2Fcart%2FaddToCart%3Fitems%3D5440369446,
2026-03-01,olive_oil,extra virgin olive oil 1 liter,Ridgefield,98642,13567965585,096619363797,"Kirkland Signature Extra Virgin Olive Oil Terra Di Bari Bitonto, 1 Liter",Kirkland Signature,Home Page/Food/Pantry/Pantry meal essentials,976759_976794_2807108,,36.0,49.0,26.53,,,True,Available,https://goto.walmart.com/c/|PUBID|/568844/9383?veh=aff&sourceid=imp_000011112222333344&u=http%3A%2F%2Faffil.walmart.com%2Fcart%2FaddToCart%3Fitems%3D13567965585,
2026-03-01,olive_oil,extra virgin olive oil 1 liter,Ridgefield,98642,15553907752,658686600917,"Ottavio Unfiltered Extra Virgin Olive Oil, 1 L",Ottavio,Home Page/Food/Pantry/Pantry meal essentials,976759_976794_2807108,,31.49,,,5.0,2.0,True,Available,https://goto.walmart.com/c/|PUBID|/568844/9383?veh=aff&sourceid=imp_000011112222333344&u=http%3A%2F%2Faffil.walmart.com%2Fcart%2FaddToCart%3Fitems%3D15553907752,
2026-03-01,olive_oil,extra virgin olive oil 1 liter,Ridgefield,98642,14903823166,464931578265,"El Ouazzania Moroccan Virgin Olive Oil, 1L Bottle – Authentic Mediterranean Flavor",El Ouazzania,Home Page/Food/Pantry/Pantry meal essentials,976759_976794_2807108,,28.99,,,,,True,Available,https://goto.walmart.com/c/|PUBID|/568844/9383?veh=aff&sourceid=imp_000011112222333344&u=http%3A%2F%2Faffil.walmart.com%2Fcart%2FaddToCart%3Fitems%3D14903823166,
2026-03-01,olive_oil,extra virgin olive oil 1 liter,Ridgefield,98642,16341619614,,"Aivalos Premium Natural Cold Pressed Extra Virgin Olive Oil 1L – Low Acidity, Cold Extracted, First Press, Mediterranean Ayvalık Olive Oil, Perfect for Cooking, Salads & Dipping",Aivalos Natural Olive Oil,Home Page/Food/Pantry/International foods/European & Mediterranean,976759_976794_3854465,,24.95,,,5.0,1.0,True,Available,https://goto.walmart.com/c/|PUBID|/568844/9383?veh=aff&sourceid=imp_000011112222333344&u=http%3A%2F%2Faffil.walmart.com%2Fcart%2FaddToCart%3Fitems%3D16341619614,
2026-03-01,olive_oil,extra virgin olive oil 1 liter,Ridgefield,98642,13063906235,710535282092,Tayeb virgin olive oil 1 liters,unknown,Home Page/Food/Pantry/Pantry meal essentials,976759_976794_2807108,,32.95,,,,,True,Available,https://goto.walmart.com/c/|PUBID|/568844/9383?veh=aff&sourceid=imp_000011112222333344&u=http%3A%2F%2Faffil.walmart.com%2Fcart%2FaddToCart%3Fitems%3D13063906235,
2026-03-01,olive_oil,extra virgin olive oil 1 liter,Ridgefield,98642,15431606463,658686601037,"Ottavio Early Harvest Extra Virgin Olive Oil, Cold Pressed, 34 fl oz (1L), Product of Spain",Ottavio,Home Page/Food/Pantry/Pantry meal essentials,976759_976794_2807108,,31.99,,,4.0,2.0,True,Available,https://goto.walmart.com/c/|PUBID|/568844/9383?veh=aff&sourceid=imp_000011112222333344&u=http%3A%2F%2Faffil.walmart.com%2Fcart%2FaddToCart%3Fitems%3D15431606463,
2026-03-01,olive_oil,extra virgin olive oil 1 liter,Ridgefield,98642,12207206804,,Al'ARD Extra Virgin Olive Oil First Cold Pressed One L. Tin Can/ 33.81 fl.oz. - زيت زيتون الأرض الفلسطيني,Al'ard,Home Page/Food/Pantry/Pantry meal essentials,976759_976794_2807108,,59.99,,,,,True,Available,https://goto.walmart.com/c/|PUBID|/568844/9383?veh=aff&sourceid=imp_000011112222333344&u=http%3A%2F%2Faffil.walmart.com%2Fcart%2FaddToCart%3Fitems%3D12207206804,
2026-03-01,olive_oil,extra virgin olive oil 1 liter,Ridgefield,98642,14929118449,,"Terra Delyssa Organic Extra Virgin Olive Oil, 1L (Pack of 2)",Terra,Home Page/Food/Pantry/Cooking oils & vinegar/Olive oils,976759_976794_4649724,,32.51,35.66,8.83,4.8,361.0,True,Available,https://goto.walmart.com/c/|PUBID|/568844/9383?veh=aff&sourceid=imp_000011112222333344&u=http%3A%2F%2Faffil.walmart.com%2Fcart%2FaddToCart%3Fitems%3D14929118449,
2026-03-01,olive_oil,extra virgin olive oil 1 liter,Ridgefield,98642,861623348,738324325393,Zoe - Extra Virgin Olive Oil - Case of 6 - 1 Liter,ZOE,Home Page/Food/Pantry/Cooking oils & vinegar/Olive oils,976759_976794_4649724,,136.59,,,,,True,Available,https://goto.walmart.com/c/|PUBID|/568844/9383?veh=aff&sourceid=imp_000011112222333344&u=http%3A%2F%2Faffil.walmart.com%2Fcart%2FaddToCart%3Fitems%3D861623348,
2026-03-01,olive_oil,extra virgin olive oil 1 liter,Ridgefield,98642,1146835135,769256456794,"Roi Extra Virgin Olive Oil from Italy - Cucina Ligurian Olive Oil from Italy, First Cold Pressed, Pure, Polyphenol Rich EVOO, 34 fl oz (1 liter), Pack of 6",ROI,Home Page/Food/Pantry/Pantry meal essentials,976759_976794_2807108,,263.99,,,,,True,Available,https://goto.walmart.com/c/|PUBID|/568844/9383?veh=aff&sourceid=imp_000011112222333344&u=http%3A%2F%2Faffil.walmart.com%2Fcart%2FaddToCart%3Fitems%3D1146835135,
2026-03-01,olive_oil,extra virgin olive oil 1 liter,Ridgefield,98642,184964327,656285170374,Partanna Robust Extra Virgin Olive Oil - Premium Castelvetrano Oil - Harvested in Sicily - Pure Authentic Italian - Monovarietal - Rich in Flavor - First Cold Pressed - 33.8 fl oz (1 L) Tin,Partanna,Home Page/Food/Pantry/Cooking oils & vinegar/Olive oils,976759_976794_4649724,,34.89,2.0,-1644.5,4.4,28.0,True,Available,https://goto.walmart.com/c/|PUBID|/568844/9383?veh=aff&sourceid=imp_000011112222333344&u=http%3A%2F%2Faffil.walmart.com%2Fcart%2FaddToCart%3Fitems%3D184964327,
2026-03-01,olive_oil,extra virgin olive oil 1 liter,Ridgefield,98642,14737522019,469317901132,"(2 pack) Flora 100% Greek Extra Virgin Olive Oil, 1L",Flora Fine Foods,Home Page/Food/Pantry/Pantry meal essentials,976759_976794_2807108,,59.8,,,4.9,7.0,False,Not available,https://goto.walmart.com/c/|PUBID|/568844/9383?veh=aff&sourceid=imp_000011112222333344&u=http%3A%2F%2Faffil.walmart.com%2Fcart%2FaddToCart%3Fitems%3D14737522019,
2026-03-01,olive_oil,extra virgin olive oil 1 liter,Ridgefield,98642,17119914714,434288954876,"4 x Terra Delyssa Organic Extra Virgin Olive Oil, 1L each",Unbranded,Home Page/Food/Pantry/Pantry meal essentials,976759_976794_2807108,,87.99,87.0,-1.14,,,True,Available,https://goto.walmart.com/c/|PUBID|/568844/9383?veh=aff&sourceid=imp_000011112222333344&u=http%3A%2F%2Faffil.walmart.com%2Fcart%2FaddToCart%3Fitems%3D17119914714,
2026-03-01,olive_oil,extra virgin olive oil 1 liter,Ridgefield,98642,5346611183,010795269353,Campeone X-Virgin Olive Oil Blend 1 L,Campeone,Home Page/Food/Pantry/Pantry meal essentials,976759_976794_2807108,,78.14,,,,,True,Available,https://goto.walmart.com/c/|PUBID|/568844/9383?veh=aff&sourceid=imp_000011112222333344&u=http%3A%2F%2Faffil.walmart.com%2Fcart%2FaddToCart%3Fitems%3D5346611183,
2026-03-01,olive_oil,extra virgin olive oil 1 liter,Ridgefield,98642,1435665698,000011857488,"ROI Extra Virgin Olive Oil From Italy - Cucina Ligurian Olive Oil From Italy, First Cold Pressed, Pure, Polyphenol Rich Italian EVOO, 34 fl oz (1 liter)",ROI,Home Page/Food/Pantry/Pantry meal essentials,976759_976794_2807108,,49.99,,,,,True,Available,https://goto.walmart.com/c/|PUBID|/568844/9383?veh=aff&sourceid=imp_000011112222333344&u=http%3A%2F%2Faffil.walmart.com%2Fcart%2FaddToCart%3Fitems%3D1435665698,
2026-03-01,olive_oil,extra virgin olive oil 1 liter,Ridgefield,98642,1201519227,850043359029,Truffletopia | Bulk White Truffle Oil | Extra Virgin Olive Oil | 33.81 oz (1L) Can,unknown,Home Page/Food/Pantry/Pantry meal essentials,976759_976794_2807108,,65.99,,,,,True,Available,https://goto.walmart.com/c/|PUBID|/568844/9383?veh=aff&sourceid=imp_000011112222333344&u=http%3A%2F%2Faffil.walmart.com%2Fcart%2FaddToCart%3Fitems%3D1201519227,
2026-03-01,olive_oil,extra virgin olive oil 1 liter,Ridgefield,98642,700995578,858566002392,"Aleta, Organic PDO Extra Virgin Olive Oil, Certified Single Estate Messara Valley Greece, Award-Winning First-Cold Press, Traceable & Kosher, 1 Lt (33.8 oz.) Tin",Aleta,Home Page/Food/Pantry/Pantry meal essentials,976759_976794_2807108,,37.95,39.95,5.01,4.8,8.0,True,Available,https://goto.walmart.com/c/|PUBID|/568844/9383?veh=aff&sourceid=imp_000011112222333344&u=http%3A%2F%2Faffil.walmart.com%2Fcart%2FaddToCart%3Fitems%3D700995578,
2026-03-01,olive_oil,extra virgin olive oil 1 liter,Lacey,98503,982535165,850455000106,Antonio Celentano Extra Virgin Olive Oil 1 Liter PET Bottle,Antonio Celentano,Home Page/Food/Pantry/Cooking oils & vinegar/Olive oils,976759_976794_4649724,,35.0,,,,,True,Available,https://goto.walmart.com/c/|PUBID|/568844/9383?veh=aff&sourceid=imp_000011112222333344&u=http%3A%2F%2Faffil.walmart.com%2Fcart%2FaddToCart%3Fitems%3D982535165,
2026-03-01,olive_oil,extra virgin olive oil 1 liter,Lacey,98503,14317374695,,"Terra Delyssa First Cold Pressed Organic Extra Virgin Olive Oil, Single Sourced, 1 L (34 fl. oz) Dark Glass Bottle - 1 Pack, Non-GMO, Naturally Rich in Antioxidants and Polyphenols",Terra Delyssa,Home Page/Food/Pantry/Pantry meal essentials,976759_976794_2807108,,24.99,,,4.5,12.0,True,Available,https://goto.walmart.com/c/|PUBID|/568844/9383?veh=aff&sourceid=imp_000011112222333344&u=http%3A%2F%2Faffil.walmart.com%2Fcart%2FaddToCart%3Fitems%3D14317374695,
2026-03-01,olive_oil,extra virgin olive oil 1 liter,Lacey,98503,562238084,096619527731,"Kirkland Signature SIURANA Extra Virgin Olive Oil From Spain, 1 Liter (33.8 fl oz)",Kirkland Signature,Home Page/Food/Pantry/Pantry meal essentials,976759_976794_2807108,,30.68,,,4.3,3.0,True,Available,https://goto.walmart.com/c/|PUBID|/568844/9383?veh=aff&sourceid=imp_000011112222333344&u=http%3A%2F%2Faffil.walmart.com%2Fcart%2FaddToCart%3Fitems%3D562238084,
2026-03-01,olive_oil,extra virgin olive oil 1 liter,Lacey,98503,3578481281,,"ZOE Extra Virgin Olive Oil 1L (33.8 fl oz), First Cold-Pressed",ZOE,Home Page/Food/Pantry/Pantry meal essentials,976759_976794_2807108,,29.99,,,,,True,Available,https://goto.walmart.com/c/|PUBID|/568844/9383?veh=aff&sourceid=imp_000011112222333344&u=http%3A%2F%2Faffil.walmart.com%2Fcart%2FaddToCart%3Fitems%3D3578481281,
2026-03-01,olive_oil,extra virgin olive oil 1 liter,Lacey,98503,900400595,096619363780,"Kirkland Signature Organic Extra Virgin Olive Oil Terra Di Bari Bitonto, 1 Liter",Kirkland Signature,Home Page/Food/Pantry/Cooking oils & vinegar/Olive oils,976759_976794_4649724,,39.99,44.07,9.26,,,True,Available,https://goto.walmart.com/c/|PUBID|/568844/9383?veh=aff&sourceid=imp_000011112222333344&u=http%3A%2F%2Faffil.walmart.com%2Fcart%2FaddToCart%3Fitems%3D900400595,
2026-03-01,olive_oil,extra virgin olive oil 1 liter,Lacey,98503,14527123665,619150990507,"Terra Delyssa Organic Extra Virgin Olive Oil, 1L (Pack of 2)",Terra,Home Page/Food/Pantry/Pantry meal essentials,976759_976794_2807108,,32.98,35.95,8.26,4.2,26.0,True,Available,https://goto.walmart.com/c/|PUBID|/568844/9383?veh=aff&sourceid=imp_000011112222333344&u=http%3A%2F%2Faffil.walmart.com%2Fcart%2FaddToCart%3Fitems%3D14527123665,
2026-03-01,olive_oil,extra virgin olive oil 1 liter,Lacey,98503,16545508118,858893007336,Kouzini Organic Greek Extra Virgin Olive Oil | First Cold Pressed | 1 Liter (34 fl oz) Current Harvest | NYIOOC award Winner | Single Origin | Family Owned,Kouzini,Home Page/Food/Pantry/Pantry meal essentials,976759_976794_2807108,,36.99,,,5.0,2.0,True,Available,https://goto.walmart.com/c/|PUBID|/568844/9383?veh=aff&sourceid=imp_000011112222333344&u=http%3A%2F%2Faffil.walmart.com%2Fcart%2FaddToCart%3Fitems%3D16545508118,
2026-03-01,olive_oil,extra virgin olive oil 1 liter,Lacey,98503,2887161084,,Carapelli - Oro Verde Extra Virgin Olive Oil: First Cold-Pressed EVOO – 33.8 Fluid Ounces (1 Liter),Carapelli,Home Page/Food/Pantry/Pantry meal essentials,976759_976794_2807108,,34.99,,,5.0,4.0,True,Available,https://goto.walmart.com/c/|PUBID|/568844/9383?veh=aff&sourceid=imp_000011112222333344&u=http%3A%2F%2Faffil.walmart.com%2Fcart%2FaddToCart%3Fitems%3D2887161084,
2026-03-01,olive_oil,extra virgin olive oil 1 liter,Lacey,98503,163546728,656285000138,Paesanol Extra Virgin Olive Oil - 1 Liter,United Olive Oil,Home Page/Food/Pantry/Cooking oils & vinegar/Olive oils,976759_976794_4649724,,29.95,8.99,-233.15,5.0,3.0,True,Available,https://goto.walmart.com/c/|PUBID|/568844/9383?veh=aff&sourceid=imp_000011112222333344&u=http%3A%2F%2Faffil.walmart.com%2Fcart%2FaddToCart%3Fitems%3D163546728,
2026-03-01,olive_oil,extra virgin olive oil 1 liter,Lacey,98503,905673127,850455000113,Antonio Celentano Extra Virgin Olive Oil 1 Liter PET Bottle 2 Pack,Antonio Celentano,Home Page/Food/Pantry/Cooking oils & vinegar/Olive oils,976759_976794_4649724,,58.0,,,,,True,Available,https://goto.walmart.com/c/|PUBID|/568844/9383?veh=aff&sourceid=imp_000011112222333344&u=http%3A%2F%2Faffil.walmart.com%2Fcart%2FaddToCart%3Fitems%3D905673127,
2026-03-01,olive_oil,extra virgin olive oil 1 liter,Lacey,98503,19194464615,462517376540,"(2 pack) ZOE Extra Virgin Olive Oil 1L (33.8 fl oz), First Cold-Pressed",ZOE,Home Page/Food/Pantry/Pantry meal essentials,976759_976794_2807108,,55.98,59.98,6.67,,,True,Available,https://goto.walmart.com/c/|PUBID|/568844/9383?veh=aff&sourceid=imp_000011112222333344&u=http%3A%2F%2Faffil.walmart.com%2Fcart%2FaddToCart%3Fitems%3D19194464615,
2026-03-01,olive_oil,extra virgin olive oil 1 liter,Lacey,98503,3790328674,746155648475,Lucini Italia Select Extra Virgin Olive Oil - Case of 6 - 1 Liter,Lucini Italia,Home Page/Food/Pantry/Pantry meal essentials,976759_976794_2807108,,224.99,,,,,True,Available,https://goto.walmart.com/c/|PUBID|/568844/9383?veh=aff&sourceid=imp_000011112222333344&u=http%3A%2F%2Faffil.walmart.com%2Fcart%2FaddToCart%3Fitems%3D3790328674,
2026-03-01,olive_oil,extra virgin olive oil 1 liter,Lacey,98503,5440369446,040232669620,"Eastern Feast - Lebanese Extra Virgin Olive Oil, 1 L (33.8 fl oz)",Eastern Feast,Home Page/Food/Pantry/Pantry meal essentials,976759_976794_2807108,,19.99,24.99,20.01,,,True,Available,https://goto.walmart.com/c/|PUBID|/568844/9383?veh=aff&sourceid=imp_000011112222333344&u=http%3A%2F%2Faffil.walmart.com%2Fcart%2FaddToCart%3Fitems%3D5440369446,
2026-03-01,olive_oil,extra virgin olive oil 1 liter,Lacey,98503,13567965585,096619363797,"Kirkland Signature Extra Virgin Olive Oil Terra Di Bari Bitonto, 1 Liter",Kirkland Signature,Home Page/Food/Pantry/Pantry meal essentials,976759_976794_2807108,,36.0,49.0,26.53,,,True,Available,https://goto.walmart.com/c/|PUBID|/568844/9383?veh=aff&sourceid=imp_000011112222333344&u=http%3A%2F%2Faffil.walmart.com%2Fcart%2FaddToCart%3Fitems%3D13567965585,
2026-03-01,olive_oil,extra virgin olive oil 1 liter,Lacey,98503,15553907752,658686600917,"Ottavio Unfiltered Extra Virgin Olive Oil, 1 L",Ottavio,Home Page/Food/Pantry/Pantry meal essentials,976759_976794_2807108,,31.49,,,5.0,2.0,True,Available,https://goto.walmart.com/c/|PUBID|/568844/9383?veh=aff&sourceid=imp_000011112222333344&u=http%3A%2F%2Faffil.walmart.com%2Fcart%2FaddToCart%3Fitems%3D15553907752,
2026-03-01,olive_oil,extra virgin olive oil 1 liter,Lacey,98503,14903823166,464931578265,"El Ouazzania Moroccan Virgin Olive Oil, 1L Bottle – Authentic Mediterranean Flavor",El Ouazzania,Home Page/Food/Pantry/Pantry meal essentials,976759_976794_2807108,,28.99,,,,,True,Available,https://goto.walmart.com/c/|PUBID|/568844/9383?veh=aff&sourceid=imp_000011112222333344&u=http%3A%2F%2Faffil.walmart.com%2Fcart%2FaddToCart%3Fitems%3D14903823166,
2026-03-01,olive_oil,extra virgin olive oil 1 liter,Lacey,98503,16341619614,,"Aivalos Premium Natural Cold Pressed Extra Virgin Olive Oil 1L – Low Acidity, Cold Extracted, First Press, Mediterranean Ayvalık Olive Oil, Perfect for Cooking, Salads & Dipping",Aivalos Natural Olive Oil,Home Page/Food/Pantry/International foods/European & Mediterranean,976759_976794_3854465,,24.95,,,5.0,1.0,False,Not available,https://goto.walmart.com/c/|PUBID|/568844/9383?veh=aff&sourceid=imp_000011112222333344&u=http%3A%2F%2Faffil.walmart.com%2Fcart%2FaddToCart%3Fitems%3D16341619614,
2026-03-01,olive_oil,extra virgin olive oil 1 liter,Lacey,98503,13063906235,710535282092,Tayeb virgin olive oil 1 liters,unknown,Home Page/Food/Pantry/Pantry meal essentials,976759_976794_2807108,,32.95,,,,,True,Available,https://goto.walmart.com/c/|PUBID|/568844/9383?veh=aff&sourceid=imp_000011112222333344&u=http%3A%2F%2Faffil.walmart.com%2Fcart%2FaddToCart%3Fitems%3D13063906235,
2026-03-01,olive_oil,extra virgin olive oil 1 liter,Lacey,98503,15431606463,658686601037,"Ottavio Early Harvest Extra Virgin Olive Oil, Cold Pressed, 34 fl oz (1L), Product of Spain",Ottavio,Home Page/Food/Pantry/Pantry meal essentials,976759_976794_2807108,,31.99,,,4.0,2.0,True,Available,https://goto.walmart.com/c/|PUBID|/568844/9383?veh=aff&sourceid=imp_000011112222333344&u=http%3A%2F%2Faffil.walmart.com%2Fcart%2FaddToCart%3Fitems%3D15431606463,
2026-03-01,olive_oil,extra virgin olive oil 1 liter,Lacey,98503,12207206804,,Al'ARD Extra Virgin Olive Oil First Cold Pressed One L. Tin Can/ 33.81 fl.oz. - زيت زيتون الأرض الفلسطيني,Al'ard,Home Page/Food/Pantry/Pantry meal essentials,976759_976794_2807108,,59.99,,,,,True,Available,https://goto.walmart.com/c/|PUBID|/568844/9383?veh=aff&sourceid=imp_000011112222333344&u=http%3A%2F%2Faffil.walmart.com%2Fcart%2FaddToCart%3Fitems%3D12207206804,
2026-03-01,olive_oil,extra virgin olive oil 1 liter,Lacey,98503,14929118449,,"Terra Delyssa Organic Extra Virgin Olive Oil, 1L (Pack of 2)",Terra,Home Page/Food/Pantry/Cooking oils & vinegar/Olive oils,976759_976794_4649724,,32.51,35.66,8.83,4.8,361.0,False,Not available,https://goto.walmart.com/c/|PUBID|/568844/9383?veh=aff&sourceid=imp_000011112222333344&u=http%3A%2F%2Faffil.walmart.com%2Fcart%2FaddToCart%3Fitems%3D14929118449,
2026-03-01,olive_oil,extra virgin olive oil 1 liter,Lacey,98503,861623348,738324325393,Zoe - Extra Virgin Olive Oil - Case of 6 - 1 Liter,ZOE,Home Page/Food/Pantry/Cooking oils & vinegar/Olive oils,976759_976794_4649724,,136.59,,,,,False,Not available,https://goto.walmart.com/c/|PUBID|/568844/9383?veh=aff&sourceid=imp_000011112222333344&u=http%3A%2F%2Faffil.walmart.com%2Fcart%2FaddToCart%3Fitems%3D861623348,
2026-03-01,olive_oil,extra virgin olive oil 1 liter,Lacey,98503,1146835135,769256456794,"Roi Extra Virgin Olive Oil from Italy - Cucina Ligurian Olive Oil from Italy, First Cold Pressed, Pure, Polyphenol Rich EVOO, 34 fl oz (1 liter), Pack of 6",ROI,Home Page/Food/Pantry/Pantry meal essentials,976759_976794_2807108,,263.99,,,,,True,Available,https://goto.walmart.com/c/|PUBID|/568844/9383?veh=aff&sourceid=imp_000011112222333344&u=http%3A%2F%2Faffil.walmart.com%2Fcart%2FaddToCart%3Fitems%3D1146835135,
2026-03-01,olive_oil,extra virgin olive oil 1 liter,Lacey,98503,184964327,656285170374,Partanna Robust Extra Virgin Olive Oil - Premium Castelvetrano Oil - Harvested in Sicily - Pure Authentic Italian - Monovarietal - Rich in Flavor - First Cold Pressed - 33.8 fl oz (1 L) Tin,Partanna,Home Page/Food/Pantry/Cooking oils & vinegar/Olive oils,976759_976794_4649724,,34.89,2.0,-1644.5,4.4,28.0,True,Available,https://goto.walmart.com/c/|PUBID|/568844/9383?veh=aff&sourceid=imp_000011112222333344&u=http%3A%2F%2Faffil.walmart.com%2Fcart%2FaddToCart%3Fitems%3D184964327,
2026-03-01,olive_oil,extra virgin olive oil 1 liter,Lacey,98503,14737522019,469317901132,"(2 pack) Flora 100% Greek Extra Virgin Olive Oil, 1L",Flora Fine Foods,Home Page/Food/Pantry/Pantry meal essentials,976759_976794_2807108,,59.8,,,4.9,7.0,False,Not available,https://goto.walmart.com/c/|PUBID|/568844/9383?veh=aff&sourceid=imp_000011112222333344&u=http%3A%2F%2Faffil.walmart.com%2Fcart%2FaddToCart%3Fitems%3D14737522019,
2026-03-01,olive_oil,extra virgin olive oil 1 liter,Lacey,98503,17119914714,434288954876,"4 x Terra Delyssa Organic Extra Virgin Olive Oil, 1L each",Unbranded,Home Page/Food/Pantry/Pantry meal essentials,976759_976794_2807108,,87.99,87.0,-1.14,,,True,Available,https://goto.walmart.com/c/|PUBID|/568844/9383?veh=aff&sourceid=imp_000011112222333344&u=http%3A%2F%2Faffil.walmart.com%2Fcart%2FaddToCart%3Fitems%3D17119914714,
2026-03-01,olive_oil,extra virgin olive oil 1 liter,Lacey,98503,5346611183,010795269353,Campeone X-Virgin Olive Oil Blend 1 L,Campeone,Home Page/Food/Pantry/Pantry meal essentials,976759_976794_2807108,,78.14,,,,,True,Available,https://goto.walmart.com/c/|PUBID|/568844/9383?veh=aff&sourceid=imp_000011112222333344&u=http%3A%2F%2Faffil.walmart.com%2Fcart%2FaddToCart%3Fitems%3D5346611183,
2026-03-01,olive_oil,extra virgin olive oil 1 liter,Lacey,98503,1435665698,000011857488,"ROI Extra Virgin Olive Oil From Italy - Cucina Ligurian Olive Oil From Italy, First Cold Pressed, Pure, Polyphenol Rich Italian EVOO, 34 fl oz (1 liter)",ROI,Home Page/Food/Pantry/Pantry meal essentials,976759_976794_2807108,,49.99,,,,,True,Available,https://goto.walmart.com/c/|PUBID|/568844/9383?veh=aff&sourceid=imp_000011112222333344&u=http%3A%2F%2Faffil.walmart.com%2Fcart%2FaddToCart%3Fitems%3D1435665698,
2026-03-01,olive_oil,extra virgin olive oil 1 liter,Lacey,98503,1201519227,850043359029,Truffletopia | Bulk White Truffle Oil | Extra Virgin Olive Oil | 33.81 oz (1L) Can,unknown,Home Page/Food/Pantry/Pantry meal essentials,976759_976794_2807108,,65.99,,,,,True,Available,https://goto.walmart.com/c/|PUBID|/568844/9383?veh=aff&sourceid=imp_000011112222333344&u=http%3A%2F%2Faffil.walmart.com%2Fcart%2FaddToCart%3Fitems%3D1201519227,
2026-03-01,olive_oil,extra virgin olive oil 1 liter,Lacey,98503,700995578,858566002392,"Aleta, Organic PDO Extra Virgin Olive Oil, Certified Single Estate Messara Valley Greece, Award-Winning First-Cold Press, Traceable & Kosher, 1 Lt (33.8 oz.) Tin",Aleta,Home Page/Food/Pantry/Pantry meal essentials,976759_976794_2807108,,37.95,39.95,5.01,4.8,8.0,True,Available,https://goto.walmart.com/c/|PUBID|/568844/9383?veh=aff&sourceid=imp_000011112222333344&u=http%3A%2F%2Faffil.walmart.com%2Fcart%2FaddToCart%3Fitems%3D700995578,
2026-03-01,olive_oil,extra virgin olive oil 1 liter,Burlington,98233,982535165,850455000106,Antonio Celentano Extra Virgin Olive Oil 1 Liter PET Bottle,Antonio Celentano,Home Page/Food/Pantry/Cooking oils & vinegar/Olive oils,976759_976794_4649724,,35.0,,,,,True,Available,https://goto.walmart.com/c/|PUBID|/568844/9383?veh=aff&sourceid=imp_000011112222333344&u=http%3A%2F%2Faffil.walmart.com%2Fcart%2FaddToCart%3Fitems%3D982535165,
2026-03-01,olive_oil,extra virgin olive oil 1 liter,Burlington,98233,14317374695,,"Terra Delyssa First Cold Pressed Organic Extra Virgin Olive Oil, Single Sourced, 1 L (34 fl. oz) Dark Glass Bottle - 1 Pack, Non-GMO, Naturally Rich in Antioxidants and Polyphenols",Terra Delyssa,Home Page/Food/Pantry/Pantry meal essentials,976759_976794_2807108,,24.99,,,4.5,12.0,True,Available,https://goto.walmart.com/c/|PUBID|/568844/9383?veh=aff&sourceid=imp_000011112222333344&u=http%3A%2F%2Faffil.walmart.com%2Fcart%2FaddToCart%3Fitems%3D14317374695,
2026-03-01,olive_oil,extra virgin olive oil 1 liter,Burlington,98233,562238084,096619527731,"Kirkland Signature SIURANA Extra Virgin Olive Oil From Spain, 1 Liter (33.8 fl oz)",Kirkland Signature,Home Page/Food/Pantry/Pantry meal essentials,976759_976794_2807108,,30.68,,,4.3,3.0,True,Available,https://goto.walmart.com/c/|PUBID|/568844/9383?veh=aff&sourceid=imp_000011112222333344&u=http%3A%2F%2Faffil.walmart.com%2Fcart%2FaddToCart%3Fitems%3D562238084,
2026-03-01,olive_oil,extra virgin olive oil 1 liter,Burlington,98233,3578481281,,"ZOE Extra Virgin Olive Oil 1L (33.8 fl oz), First Cold-Pressed",ZOE,Home Page/Food/Pantry/Pantry meal essentials,976759_976794_2807108,,29.99,,,,,True,Available,https://goto.walmart.com/c/|PUBID|/568844/9383?veh=aff&sourceid=imp_000011112222333344&u=http%3A%2F%2Faffil.walmart.com%2Fcart%2FaddToCart%3Fitems%3D3578481281,
2026-03-01,olive_oil,extra virgin olive oil 1 liter,Burlington,98233,900400595,096619363780,"Kirkland Signature Organic Extra Virgin Olive Oil Terra Di Bari Bitonto, 1 Liter",Kirkland Signature,Home Page/Food/Pantry/Cooking oils & vinegar/Olive oils,976759_976794_4649724,,39.99,44.07,9.26,,,True,Available,https://goto.walmart.com/c/|PUBID|/568844/9383?veh=aff&sourceid=imp_000011112222333344&u=http%3A%2F%2Faffil.walmart.com%2Fcart%2FaddToCart%3Fitems%3D900400595,
2026-03-01,olive_oil,extra virgin olive oil 1 liter,Burlington,98233,14527123665,619150990507,"Terra Delyssa Organic Extra Virgin Olive Oil, 1L (Pack of 2)",Terra,Home Page/Food/Pantry/Pantry meal essentials,976759_976794_2807108,,32.98,35.95,8.26,4.2,26.0,True,Available,https://goto.walmart.com/c/|PUBID|/568844/9383?veh=aff&sourceid=imp_000011112222333344&u=http%3A%2F%2Faffil.walmart.com%2Fcart%2FaddToCart%3Fitems%3D14527123665,
2026-03-01,olive_oil,extra virgin olive oil 1 liter,Burlington,98233,16545508118,858893007336,Kouzini Organic Greek Extra Virgin Olive Oil | First Cold Pressed | 1 Liter (34 fl oz) Current Harvest | NYIOOC award Winner | Single Origin | Family Owned,Kouzini,Home Page/Food/Pantry/Pantry meal essentials,976759_976794_2807108,,36.99,,,5.0,2.0,True,Available,https://goto.walmart.com/c/|PUBID|/568844/9383?veh=aff&sourceid=imp_000011112222333344&u=http%3A%2F%2Faffil.walmart.com%2Fcart%2FaddToCart%3Fitems%3D16545508118,
2026-03-01,olive_oil,extra virgin olive oil 1 liter,Burlington,98233,2887161084,,Carapelli - Oro Verde Extra Virgin Olive Oil: First Cold-Pressed EVOO – 33.8 Fluid Ounces (1 Liter),Carapelli,Home Page/Food/Pantry/Pantry meal essentials,976759_976794_2807108,,34.99,,,5.0,4.0,True,Available,https://goto.walmart.com/c/|PUBID|/568844/9383?veh=aff&sourceid=imp_000011112222333344&u=http%3A%2F%2Faffil.walmart.com%2Fcart%2FaddToCart%3Fitems%3D2887161084,
2026-03-01,olive_oil,extra virgin olive oil 1 liter,Burlington,98233,163546728,656285000138,Paesanol Extra Virgin Olive Oil - 1 Liter,United Olive Oil,Home Page/Food/Pantry/Cooking oils & vinegar/Olive oils,976759_976794_4649724,,29.95,8.99,-233.15,5.0,3.0,True,Available,https://goto.walmart.com/c/|PUBID|/568844/9383?veh=aff&sourceid=imp_000011112222333344&u=http%3A%2F%2Faffil.walmart.com%2Fcart%2FaddToCart%3Fitems%3D163546728,
2026-03-01,olive_oil,extra virgin olive oil 1 liter,Burlington,98233,905673127,850455000113,Antonio Celentano Extra Virgin Olive Oil 1 Liter PET Bottle 2 Pack,Antonio Celentano,Home Page/Food/Pantry/Cooking oils & vinegar/Olive oils,976759_976794_4649724,,58.0,,,,,True,Available,https://goto.walmart.com/c/|PUBID|/568844/9383?veh=aff&sourceid=imp_000011112222333344&u=http%3A%2F%2Faffil.walmart.com%2Fcart%2FaddToCart%3Fitems%3D905673127,
2026-03-01,olive_oil,extra virgin olive oil 1 liter,Burlington,98233,19194464615,462517376540,"(2 pack) ZOE Extra Virgin Olive Oil 1L (33.8 fl oz), First Cold-Pressed",ZOE,Home Page/Food/Pantry/Pantry meal essentials,976759_976794_2807108,,55.98,59.98,6.67,,,True,Available,https://goto.walmart.com/c/|PUBID|/568844/9383?veh=aff&sourceid=imp_000011112222333344&u=http%3A%2F%2Faffil.walmart.com%2Fcart%2FaddToCart%3Fitems%3D19194464615,
2026-03-01,olive_oil,extra virgin olive oil 1 liter,Burlington,98233,3790328674,746155648475,Lucini Italia Select Extra Virgin Olive Oil - Case of 6 - 1 Liter,Lucini Italia,Home Page/Food/Pantry/Pantry meal essentials,976759_976794_2807108,,224.99,,,,,True,Available,https://goto.walmart.com/c/|PUBID|/568844/9383?veh=aff&sourceid=imp_000011112222333344&u=http%3A%2F%2Faffil.walmart.com%2Fcart%2FaddToCart%3Fitems%3D3790328674,
2026-03-01,olive_oil,extra virgin olive oil 1 liter,Burlington,98233,5440369446,040232669620,"Eastern Feast - Lebanese Extra Virgin Olive Oil, 1 L (33.8 fl oz)",Eastern Feast,Home Page/Food/Pantry/Pantry meal essentials,976759_976794_2807108,,19.99,24.99,20.01,,,True,Available,https://goto.walmart.com/c/|PUBID|/568844/9383?veh=aff&sourceid=imp_000011112222333344&u=http%3A%2F%2Faffil.walmart.com%2Fcart%2FaddToCart%3Fitems%3D5440369446,
2026-03-01,olive_oil,extra virgin olive oil 1 liter,Burlington,98233,13567965585,096619363797,"Kirkland Signature Extra Virgin Olive Oil Terra Di Bari Bitonto, 1 Liter",Kirkland Signature,Home Page/Food/Pantry/Pantry meal essentials,976759_976794_2807108,,36.0,49.0,26.53,,,True,Available,https://goto.walmart.com/c/|PUBID|/568844/9383?veh=aff&sourceid=imp_000011112222333344&u=http%3A%2F%2Faffil.walmart.com%2Fcart%2FaddToCart%3Fitems%3D13567965585,
2026-03-01,olive_oil,extra virgin olive oil 1 liter,Burlington,98233,15553907752,658686600917,"Ottavio Unfiltered Extra Virgin Olive Oil, 1 L",Ottavio,Home Page/Food/Pantry/Pantry meal essentials,976759_976794_2807108,,31.49,,,5.0,2.0,True,Available,https://goto.walmart.com/c/|PUBID|/568844/9383?veh=aff&sourceid=imp_000011112222333344&u=http%3A%2F%2Faffil.walmart.com%2Fcart%2FaddToCart%3Fitems%3D15553907752,
2026-03-01,olive_oil,extra virgin olive oil 1 liter,Burlington,98233,14903823166,464931578265,"El Ouazzania Moroccan Virgin Olive Oil, 1L Bottle – Authentic Mediterranean Flavor",El Ouazzania,Home Page/Food/Pantry/Pantry meal essentials,976759_976794_2807108,,28.99,,,,,True,Available,https://goto.walmart.com/c/|PUBID|/568844/9383?veh=aff&sourceid=imp_000011112222333344&u=http%3A%2F%2Faffil.walmart.com%2Fcart%2FaddToCart%3Fitems%3D14903823166,
2026-03-01,olive_oil,extra virgin olive oil 1 liter,Burlington,98233,16341619614,,"Aivalos Premium Natural Cold Pressed Extra Virgin Olive Oil 1L – Low Acidity, Cold Extracted, First Press, Mediterranean Ayvalık Olive Oil, Perfect for Cooking, Salads & Dipping",Aivalos Natural Olive Oil,Home Page/Food/Pantry/International foods/European & Mediterranean,976759_976794_3854465,,24.95,,,5.0,1.0,True,Available,https://goto.walmart.com/c/|PUBID|/568844/9383?veh=aff&sourceid=imp_000011112222333344&u=http%3A%2F%2Faffil.walmart.com%2Fcart%2FaddToCart%3Fitems%3D16341619614,
2026-03-01,olive_oil,extra virgin olive oil 1 liter,Burlington,98233,13063906235,710535282092,Tayeb virgin olive oil 1 liters,unknown,Home Page/Food/Pantry/Pantry meal essentials,976759_976794_2807108,,32.95,,,,,True,Available,https://goto.walmart.com/c/|PUBID|/568844/9383?veh=aff&sourceid=imp_000011112222333344&u=http%3A%2F%2Faffil.walmart.com%2Fcart%2FaddToCart%3Fitems%3D13063906235,
2026-03-01,olive_oil,extra virgin olive oil 1 liter,Burlington,98233,15431606463,658686601037,"Ottavio Early Harvest Extra Virgin Olive Oil, Cold Pressed, 34 fl oz (1L), Product of Spain",Ottavio,Home Page/Food/Pantry/Pantry meal essentials,976759_976794_2807108,,31.99,,,4.0,2.0,True,Available,https://goto.walmart.com/c/|PUBID|/568844/9383?veh=aff&sourceid=imp_000011112222333344&u=http%3A%2F%2Faffil.walmart.com%2Fcart%2FaddToCart%3Fitems%3D15431606463,
2026-03-01,olive_oil,extra virgin olive oil 1 liter,Burlington,98233,12207206804,,Al'ARD Extra Virgin Olive Oil First Cold Pressed One L. Tin Can/ 33.81 fl.oz. - زيت زيتون الأرض الفلسطيني,Al'ard,Home Page/Food/Pantry/Pantry meal essentials,976759_976794_2807108,,59.99,,,,,True,Available,https://goto.walmart.com/c/|PUBID|/568844/9383?veh=aff&sourceid=imp_000011112222333344&u=http%3A%2F%2Faffil.walmart.com%2Fcart%2FaddToCart%3Fitems%3D12207206804,
2026-03-01,olive_oil,extra virgin olive oil 1 liter,Burlington,98233,14929118449,,"Terra Delyssa Organic Extra Virgin Olive Oil, 1L (Pack of 2)",Terra,Home Page/Food/Pantry/Cooking oils & vinegar/Olive oils,976759_976794_4649724,,32.51,35.66,8.83,4.8,361.0,True,Available,https://goto.walmart.com/c/|PUBID|/568844/9383?veh=aff&sourceid=imp_000011112222333344&u=http%3A%2F%2Faffil.walmart.com%2Fcart%2FaddToCart%3Fitems%3D14929118449,
2026-03-01,olive_oil,extra virgin olive oil 1 liter,Burlington,98233,861623348,738324325393,Zoe - Extra Virgin Olive Oil - Case of 6 - 1 Liter,ZOE,Home Page/Food/Pantry/Cooking oils & vinegar/Olive oils,976759_976794_4649724,,136.59,,,,,True,Available,https://goto.walmart.com/c/|PUBID|/568844/9383?veh=aff&sourceid=imp_000011112222333344&u=http%3A%2F%2Faffil.walmart.com%2Fcart%2FaddToCart%3Fitems%3D861623348,
2026-03-01,olive_oil,extra virgin olive oil 1 liter,Burlington,98233,1146835135,769256456794,"Roi Extra Virgin Olive Oil from Italy - Cucina Ligurian Olive Oil from Italy, First Cold Pressed, Pure, Polyphenol Rich EVOO, 34 fl oz (1 liter), Pack of 6",ROI,Home Page/Food/Pantry/Pantry meal essentials,976759_976794_2807108,,263.99,,,,,True,Available,https://goto.walmart.com/c/|PUBID|/568844/9383?veh=aff&sourceid=imp_000011112222333344&u=http%3A%2F%2Faffil.walmart.com%2Fcart%2FaddToCart%3Fitems%3D1146835135,
2026-03-01,olive_oil,extra virgin olive oil 1 liter,Burlington,98233,184964327,656285170374,Partanna Robust Extra Virgin Olive Oil - Premium Castelvetrano Oil - Harvested in Sicily - Pure Authentic Italian - Monovarietal - Rich in Flavor - First Cold Pressed - 33.8 fl oz (1 L) Tin,Partanna,Home Page/Food/Pantry/Cooking oils & vinegar/Olive oils,976759_976794_4649724,,34.89,2.0,-1644.5,4.4,28.0,True,Available,https://goto.walmart.com/c/|PUBID|/568844/9383?veh=aff&sourceid=imp_000011112222333344&u=http%3A%2F%2Faffil.walmart.com%2Fcart%2FaddToCart%3Fitems%3D184964327,
2026-03-01,olive_oil,extra virgin olive oil 1 liter,Burlington,98233,14737522019,469317901132,"(2 pack) Flora 100% Greek Extra Virgin Olive Oil, 1L",Flora Fine Foods,Home Page/Food/Pantry/Pantry meal essentials,976759_976794_2807108,,59.8,,,4.9,7.0,False,Not available,https://goto.walmart.com/c/|PUBID|/568844/9383?veh=aff&sourceid=imp_000011112222333344&u=http%3A%2F%2Faffil.walmart.com%2Fcart%2FaddToCart%3Fitems%3D14737522019,
2026-03-01,olive_oil,extra virgin olive oil 1 liter,Burlington,98233,17119914714,434288954876,"4 x Terra Delyssa Organic Extra Virgin Olive Oil, 1L each",Unbranded,Home Page/Food/Pantry/Pantry meal essentials,976759_976794_2807108,,87.99,87.0,-1.14,,,True,Available,https://goto.walmart.com/c/|PUBID|/568844/9383?veh=aff&sourceid=imp_000011112222333344&u=http%3A%2F%2Faffil.walmart.com%2Fcart%2FaddToCart%3Fitems%3D17119914714,
2026-03-01,olive_oil,extra virgin olive oil 1 liter,Burlington,98233,5346611183,010795269353,Campeone X-Virgin Olive Oil Blend 1 L,Campeone,Home Page/Food/Pantry/Pantry meal essentials,976759_976794_2807108,,78.14,,,,,True,Available,https://goto.walmart.com/c/|PUBID|/568844/9383?veh=aff&sourceid=imp_000011112222333344&u=http%3A%2F%2Faffil.walmart.com%2Fcart%2FaddToCart%3Fitems%3D5346611183,
2026-03-01,olive_oil,extra virgin olive oil 1 liter,Burlington,98233,1435665698,000011857488,"ROI Extra Virgin Olive Oil From Italy - Cucina Ligurian Olive Oil From Italy, First Cold Pressed, Pure, Polyphenol Rich Italian EVOO, 34 fl oz (1 liter)",ROI,Home Page/Food/Pantry/Pantry meal essentials,976759_976794_2807108,,49.99,,,,,True,Available,https://goto.walmart.com/c/|PUBID|/568844/9383?veh=aff&sourceid=imp_000011112222333344&u=http%3A%2F%2Faffil.walmart.com%2Fcart%2FaddToCart%3Fitems%3D1435665698,
2026-03-01,olive_oil,extra virgin olive oil 1 liter,Burlington,98233,1201519227,850043359029,Truffletopia | Bulk White Truffle Oil | Extra Virgin Olive Oil | 33.81 oz (1L) Can,unknown,Home Page/Food/Pantry/Pantry meal essentials,976759_976794_2807108,,65.99,,,,,True,Available,https://goto.walmart.com/c/|PUBID|/568844/9383?veh=aff&sourceid=imp_000011112222333344&u=http%3A%2F%2Faffil.walmart.com%2Fcart%2FaddToCart%3Fitems%3D1201519227,
2026-03-01,olive_oil,extra virgin olive oil 1 liter,Burlington,98233,700995578,858566002392,"Aleta, Organic PDO Extra Virgin Olive Oil, Certified Single Estate Messara Valley Greece, Award-Winning First-Cold Press, Traceable & Kosher, 1 Lt (33.8 oz.) Tin",Aleta,Home Page/Food/Pantry/Pantry meal essentials,976759_976794_2807108,,37.95,39.95,5.01,4.8,8.0,True,Available,https://goto.walmart.com/c/|PUBID|/568844/9383?veh=aff&sourceid=imp_000011112222333344&u=http%3A%2F%2Faffil.walmart.com%2Fcart%2FaddToCart%3Fitems%3D700995578,
2026-03-01,olive_oil,extra virgin olive oil 1 liter,Lake Stevens,98258,982535165,850455000106,Antonio Celentano Extra Virgin Olive Oil 1 Liter PET Bottle,Antonio Celentano,Home Page/Food/Pantry/Cooking oils & vinegar/Olive oils,976759_976794_4649724,,35.0,,,,,True,Available,https://goto.walmart.com/c/|PUBID|/568844/9383?veh=aff&sourceid=imp_000011112222333344&u=http%3A%2F%2Faffil.walmart.com%2Fcart%2FaddToCart%3Fitems%3D982535165,
2026-03-01,olive_oil,extra virgin olive oil 1 liter,Lake Stevens,98258,14317374695,,"Terra Delyssa First Cold Pressed Organic Extra Virgin Olive Oil, Single Sourced, 1 L (34 fl. oz) Dark Glass Bottle - 1 Pack, Non-GMO, Naturally Rich in Antioxidants and Polyphenols",Terra Delyssa,Home Page/Food/Pantry/Pantry meal essentials,976759_976794_2807108,,24.99,,,4.5,12.0,True,Available,https://goto.walmart.com/c/|PUBID|/568844/9383?veh=aff&sourceid=imp_000011112222333344&u=http%3A%2F%2Faffil.walmart.com%2Fcart%2FaddToCart%3Fitems%3D14317374695,
2026-03-01,olive_oil,extra virgin olive oil 1 liter,Lake Stevens,98258,562238084,096619527731,"Kirkland Signature SIURANA Extra Virgin Olive Oil From Spain, 1 Liter (33.8 fl oz)",Kirkland Signature,Home Page/Food/Pantry/Pantry meal essentials,976759_976794_2807108,,30.68,,,4.3,3.0,True,Available,https://goto.walmart.com/c/|PUBID|/568844/9383?veh=aff&sourceid=imp_000011112222333344&u=http%3A%2F%2Faffil.walmart.com%2Fcart%2FaddToCart%3Fitems%3D562238084,
2026-03-01,olive_oil,extra virgin olive oil 1 liter,Lake Stevens,98258,3578481281,,"ZOE Extra Virgin Olive Oil 1L (33.8 fl oz), First Cold-Pressed",ZOE,Home Page/Food/Pantry/Pantry meal essentials,976759_976794_2807108,,29.99,,,,,True,Available,https://goto.walmart.com/c/|PUBID|/568844/9383?veh=aff&sourceid=imp_000011112222333344&u=http%3A%2F%2Faffil.walmart.com%2Fcart%2FaddToCart%3Fitems%3D3578481281,
2026-03-01,olive_oil,extra virgin olive oil 1 liter,Lake Stevens,98258,900400595,096619363780,"Kirkland Signature Organic Extra Virgin Olive Oil Terra Di Bari Bitonto, 1 Liter",Kirkland Signature,Home Page/Food/Pantry/Cooking oils & vinegar/Olive oils,976759_976794_4649724,,39.99,44.07,9.26,,,True,Available,https://goto.walmart.com/c/|PUBID|/568844/9383?veh=aff&sourceid=imp_000011112222333344&u=http%3A%2F%2Faffil.walmart.com%2Fcart%2FaddToCart%3Fitems%3D900400595,
2026-03-01,olive_oil,extra virgin olive oil 1 liter,Lake Stevens,98258,14527123665,619150990507,"Terra Delyssa Organic Extra Virgin Olive Oil, 1L (Pack of 2)",Terra,Home Page/Food/Pantry/Pantry meal essentials,976759_976794_2807108,,32.98,35.95,8.26,4.2,26.0,True,Available,https://goto.walmart.com/c/|PUBID|/568844/9383?veh=aff&sourceid=imp_000011112222333344&u=http%3A%2F%2Faffil.walmart.com%2Fcart%2FaddToCart%3Fitems%3D14527123665,
2026-03-01,olive_oil,extra virgin olive oil 1 liter,Lake Stevens,98258,16545508118,858893007336,Kouzini Organic Greek Extra Virgin Olive Oil | First Cold Pressed | 1 Liter (34 fl oz) Current Harvest | NYIOOC award Winner | Single Origin | Family Owned,Kouzini,Home Page/Food/Pantry/Pantry meal essentials,976759_976794_2807108,,36.99,,,5.0,2.0,True,Available,https://goto.walmart.com/c/|PUBID|/568844/9383?veh=aff&sourceid=imp_000011112222333344&u=http%3A%2F%2Faffil.walmart.com%2Fcart%2FaddToCart%3Fitems%3D16545508118,
2026-03-01,olive_oil,extra virgin olive oil 1 liter,Lake Stevens,98258,2887161084,,Carapelli - Oro Verde Extra Virgin Olive Oil: First Cold-Pressed EVOO – 33.8 Fluid Ounces (1 Liter),Carapelli,Home Page/Food/Pantry/Pantry meal essentials,976759_976794_2807108,,34.99,,,5.0,4.0,True,Available,https://goto.walmart.com/c/|PUBID|/568844/9383?veh=aff&sourceid=imp_000011112222333344&u=http%3A%2F%2Faffil.walmart.com%2Fcart%2FaddToCart%3Fitems%3D2887161084,
2026-03-01,olive_oil,extra virgin olive oil 1 liter,Lake Stevens,98258,163546728,656285000138,Paesanol Extra Virgin Olive Oil - 1 Liter,United Olive Oil,Home Page/Food/Pantry/Cooking oils & vinegar/Olive oils,976759_976794_4649724,,29.95,8.99,-233.15,5.0,3.0,True,Available,https://goto.walmart.com/c/|PUBID|/568844/9383?veh=aff&sourceid=imp_000011112222333344&u=http%3A%2F%2Faffil.walmart.com%2Fcart%2FaddToCart%3Fitems%3D163546728,
2026-03-01,olive_oil,extra virgin olive oil 1 liter,Lake Stevens,98258,905673127,850455000113,Antonio Celentano Extra Virgin Olive Oil 1 Liter PET Bottle 2 Pack,Antonio Celentano,Home Page/Food/Pantry/Cooking oils & vinegar/Olive oils,976759_976794_4649724,,58.0,,,,,True,Available,https://goto.walmart.com/c/|PUBID|/568844/9383?veh=aff&sourceid=imp_000011112222333344&u=http%3A%2F%2Faffil.walmart.com%2Fcart%2FaddToCart%3Fitems%3D905673127,
2026-03-01,olive_oil,extra virgin olive oil 1 liter,Lake Stevens,98258,19194464615,462517376540,"(2 pack) ZOE Extra Virgin Olive Oil 1L (33.8 fl oz), First Cold-Pressed",ZOE,Home Page/Food/Pantry/Pantry meal essentials,976759_976794_2807108,,55.98,59.98,6.67,,,True,Available,https://goto.walmart.com/c/|PUBID|/568844/9383?veh=aff&sourceid=imp_000011112222333344&u=http%3A%2F%2Faffil.walmart.com%2Fcart%2FaddToCart%3Fitems%3D19194464615,
2026-03-01,olive_oil,extra virgin olive oil 1 liter,Lake Stevens,98258,3790328674,746155648475,Lucini Italia Select Extra Virgin Olive Oil - Case of 6 - 1 Liter,Lucini Italia,Home Page/Food/Pantry/Pantry meal essentials,976759_976794_2807108,,224.99,,,,,True,Available,https://goto.walmart.com/c/|PUBID|/568844/9383?veh=aff&sourceid=imp_000011112222333344&u=http%3A%2F%2Faffil.walmart.com%2Fcart%2FaddToCart%3Fitems%3D3790328674,
2026-03-01,olive_oil,extra virgin olive oil 1 liter,Lake Stevens,98258,5440369446,040232669620,"Eastern Feast - Lebanese Extra Virgin Olive Oil, 1 L (33.8 fl oz)",Eastern Feast,Home Page/Food/Pantry/Pantry meal essentials,976759_976794_2807108,,19.99,24.99,20.01,,,True,Available,https://goto.walmart.com/c/|PUBID|/568844/9383?veh=aff&sourceid=imp_000011112222333344&u=http%3A%2F%2Faffil.walmart.com%2Fcart%2FaddToCart%3Fitems%3D5440369446,
2026-03-01,olive_oil,extra virgin olive oil 1 liter,Lake Stevens,98258,13567965585,096619363797,"Kirkland Signature Extra Virgin Olive Oil Terra Di Bari Bitonto, 1 Liter",Kirkland Signature,Home Page/Food/Pantry/Pantry meal essentials,976759_976794_2807108,,36.0,49.0,26.53,,,True,Available,https://goto.walmart.com/c/|PUBID|/568844/9383?veh=aff&sourceid=imp_000011112222333344&u=http%3A%2F%2Faffil.walmart.com%2Fcart%2FaddToCart%3Fitems%3D13567965585,
2026-03-01,olive_oil,extra virgin olive oil 1 liter,Lake Stevens,98258,15553907752,658686600917,"Ottavio Unfiltered Extra Virgin Olive Oil, 1 L",Ottavio,Home Page/Food/Pantry/Pantry meal essentials,976759_976794_2807108,,31.49,,,5.0,2.0,True,Available,https://goto.walmart.com/c/|PUBID|/568844/9383?veh=aff&sourceid=imp_000011112222333344&u=http%3A%2F%2Faffil.walmart.com%2Fcart%2FaddToCart%3Fitems%3D15553907752,
2026-03-01,olive_oil,extra virgin olive oil 1 liter,Lake Stevens,98258,14903823166,464931578265,"El Ouazzania Moroccan Virgin Olive Oil, 1L Bottle – Authentic Mediterranean Flavor",El Ouazzania,Home Page/Food/Pantry/Pantry meal essentials,976759_976794_2807108,,28.99,,,,,True,Available,https://goto.walmart.com/c/|PUBID|/568844/9383?veh=aff&sourceid=imp_000011112222333344&u=http%3A%2F%2Faffil.walmart.com%2Fcart%2FaddToCart%3Fitems%3D14903823166,
2026-03-01,olive_oil,extra virgin olive oil 1 liter,Lake Stevens,98258,16341619614,,"Aivalos Premium Natural Cold Pressed Extra Virgin Olive Oil 1L – Low Acidity, Cold Extracted, First Press, Mediterranean Ayvalık Olive Oil, Perfect for Cooking, Salads & Dipping",Aivalos Natural Olive Oil,Home Page/Food/Pantry/International foods/European & Mediterranean,976759_976794_3854465,,24.95,,,5.0,1.0,True,Available,https://goto.walmart.com/c/|PUBID|/568844/9383?veh=aff&sourceid=imp_000011112222333344&u=http%3A%2F%2Faffil.walmart.com%2Fcart%2FaddToCart%3Fitems%3D16341619614,
2026-03-01,olive_oil,extra virgin olive oil 1 liter,Lake Stevens,98258,13063906235,710535282092,Tayeb virgin olive oil 1 liters,unknown,Home Page/Food/Pantry/Pantry meal essentials,976759_976794_2807108,,32.95,,,,,True,Available,https://goto.walmart.com/c/|PUBID|/568844/9383?veh=aff&sourceid=imp_000011112222333344&u=http%3A%2F%2Faffil.walmart.com%2Fcart%2FaddToCart%3Fitems%3D13063906235,
2026-03-01,olive_oil,extra virgin olive oil 1 liter,Lake Stevens,98258,15431606463,658686601037,"Ottavio Early Harvest Extra Virgin Olive Oil, Cold Pressed, 34 fl oz (1L), Product of Spain",Ottavio,Home Page/Food/Pantry/Pantry meal essentials,976759_976794_2807108,,31.99,,,4.0,2.0,True,Available,https://goto.walmart.com/c/|PUBID|/568844/9383?veh=aff&sourceid=imp_000011112222333344&u=http%3A%2F%2Faffil.walmart.com%2Fcart%2FaddToCart%3Fitems%3D15431606463,
2026-03-01,olive_oil,extra virgin olive oil 1 liter,Lake Stevens,98258,12207206804,,Al'ARD Extra Virgin Olive Oil First Cold Pressed One L. Tin Can/ 33.81 fl.oz. - زيت زيتون الأرض الفلسطيني,Al'ard,Home Page/Food/Pantry/Pantry meal essentials,976759_976794_2807108,,59.99,,,,,True,Available,https://goto.walmart.com/c/|PUBID|/568844/9383?veh=aff&sourceid=imp_000011112222333344&u=http%3A%2F%2Faffil.walmart.com%2Fcart%2FaddToCart%3Fitems%3D12207206804,
2026-03-01,olive_oil,extra virgin olive oil 1 liter,Lake Stevens,98258,14929118449,,"Terra Delyssa Organic Extra Virgin Olive Oil, 1L (Pack of 2)",Terra,Home Page/Food/Pantry/Cooking oils & vinegar/Olive oils,976759_976794_4649724,,32.51,35.66,8.83,4.8,361.0,True,Available,https://goto.walmart.com/c/|PUBID|/568844/9383?veh=aff&sourceid=imp_000011112222333344&u=http%3A%2F%2Faffil.walmart.com%2Fcart%2FaddToCart%3Fitems%3D14929118449,
2026-03-01,olive_oil,extra virgin olive oil 1 liter,Lake Stevens,98258,861623348,738324325393,Zoe - Extra Virgin Olive Oil - Case of 6 - 1 Liter,ZOE,Home Page/Food/Pantry/Cooking oils & vinegar/Olive oils,976759_976794_4649724,,136.59,,,,,True,Available,https://goto.walmart.com/c/|PUBID|/568844/9383?veh=aff&sourceid=imp_000011112222333344&u=http%3A%2F%2Faffil.walmart.com%2Fcart%2FaddToCart%3Fitems%3D861623348,
2026-03-01,olive_oil,extra virgin olive oil 1 liter,Lake Stevens,98258,1146835135,769256456794,"Roi Extra Virgin Olive Oil from Italy - Cucina Ligurian Olive Oil from Italy, First Cold Pressed, Pure, Polyphenol Rich EVOO, 34 fl oz (1 liter), Pack of 6",ROI,Home Page/Food/Pantry/Pantry meal essentials,976759_976794_2807108,,263.99,,,,,True,Available,https://goto.walmart.com/c/|PUBID|/568844/9383?veh=aff&sourceid=imp_000011112222333344&u=http%3A%2F%2Faffil.walmart.com%2Fcart%2FaddToCart%3Fitems%3D1146835135,
2026-03-01,olive_oil,extra virgin olive oil 1 liter,Lake Stevens,98258,184964327,656285170374,Partanna Robust Extra Virgin Olive Oil - Premium Castelvetrano Oil - Harvested in Sicily - Pure Authentic Italian - Monovarietal - Rich in Flavor - First Cold Pressed - 33.8 fl oz (1 L) Tin,Partanna,Home Page/Food/Pantry/Cooking oils & vinegar/Olive oils,976759_976794_4649724,,34.89,2.0,-1644.5,4.4,28.0,True,Available,https://goto.walmart.com/c/|PUBID|/568844/9383?veh=aff&sourceid=imp_000011112222333344&u=http%3A%2F%2Faffil.walmart.com%2Fcart%2FaddToCart%3Fitems%3D184964327,
2026-03-01,olive_oil,extra virgin olive oil 1 liter,Lake Stevens,98258,14737522019,469317901132,"(2 pack) Flora 100% Greek Extra Virgin Olive Oil, 1L",Flora Fine Foods,Home Page/Food/Pantry/Pantry meal essentials,976759_976794_2807108,,59.8,,,4.9,7.0,False,Not available,https://goto.walmart.com/c/|PUBID|/568844/9383?veh=aff&sourceid=imp_000011112222333344&u=http%3A%2F%2Faffil.walmart.com%2Fcart%2FaddToCart%3Fitems%3D14737522019,
2026-03-01,olive_oil,extra virgin olive oil 1 liter,Lake Stevens,98258,17119914714,434288954876,"4 x Terra Delyssa Organic Extra Virgin Olive Oil, 1L each",Unbranded,Home Page/Food/Pantry/Pantry meal essentials,976759_976794_2807108,,87.99,87.0,-1.14,,,True,Available,https://goto.walmart.com/c/|PUBID|/568844/9383?veh=aff&sourceid=imp_000011112222333344&u=http%3A%2F%2Faffil.walmart.com%2Fcart%2FaddToCart%3Fitems%3D17119914714,
2026-03-01,olive_oil,extra virgin olive oil 1 liter,Lake Stevens,98258,5346611183,010795269353,Campeone X-Virgin Olive Oil Blend 1 L,Campeone,Home Page/Food/Pantry/Pantry meal essentials,976759_976794_2807108,,78.14,,,,,True,Available,https://goto.walmart.com/c/|PUBID|/568844/9383?veh=aff&sourceid=imp_000011112222333344&u=http%3A%2F%2Faffil.walmart.com%2Fcart%2FaddToCart%3Fitems%3D5346611183,
2026-03-01,olive_oil,extra virgin olive oil 1 liter,Lake Stevens,98258,1435665698,000011857488,"ROI Extra Virgin Olive Oil From Italy - Cucina Ligurian Olive Oil From Italy, First Cold Pressed, Pure, Polyphenol Rich Italian EVOO, 34 fl oz (1 liter)",ROI,Home Page/Food/Pantry/Pantry meal essentials,976759_976794_2807108,,49.99,,,,,True,Available,https://goto.walmart.com/c/|PUBID|/568844/9383?veh=aff&sourceid=imp_000011112222333344&u=http%3A%2F%2Faffil.walmart.com%2Fcart%2FaddToCart%3Fitems%3D1435665698,
2026-03-01,olive_oil,extra virgin olive oil 1 liter,Lake Stevens,98258,1201519227,850043359029,Truffletopia | Bulk White Truffle Oil | Extra Virgin Olive Oil | 33.81 oz (1L) Can,unknown,Home Page/Food/Pantry/Pantry meal essentials,976759_976794_2807108,,65.99,,,,,True,Available,https://goto.walmart.com/c/|PUBID|/568844/9383?veh=aff&sourceid=imp_000011112222333344&u=http%3A%2F%2Faffil.walmart.com%2Fcart%2FaddToCart%3Fitems%3D1201519227,
2026-03-01,olive_oil,extra virgin olive oil 1 liter,Lake Stevens,98258,700995578,858566002392,"Aleta, Organic PDO Extra Virgin Olive Oil, Certified Single Estate Messara Valley Greece, Award-Winning First-Cold Press, Traceable & Kosher, 1 Lt (33.8 oz.) Tin",Aleta,Home Page/Food/Pantry/Pantry meal essentials,976759_976794_2807108,,37.95,39.95,5.01,4.8,8.0,True,Available,https://goto.walmart.com/c/|PUBID|/568844/9383?veh=aff&sourceid=imp_000011112222333344&u=http%3A%2F%2Faffil.walmart.com%2Fcart%2FaddToCart%3Fitems%3D700995578,
2026-03-01,olive_oil,extra virgin olive oil 1 liter,Kirkland,98033,982535165,850455000106,Antonio Celentano Extra Virgin Olive Oil 1 Liter PET Bottle,Antonio Celentano,Home Page/Food/Pantry/Cooking oils & vinegar/Olive oils,976759_976794_4649724,,35.0,,,,,True,Available,https://goto.walmart.com/c/|PUBID|/568844/9383?veh=aff&sourceid=imp_000011112222333344&u=http%3A%2F%2Faffil.walmart.com%2Fcart%2FaddToCart%3Fitems%3D982535165,
2026-03-01,olive_oil,extra virgin olive oil 1 liter,Kirkland,98033,14317374695,,"Terra Delyssa First Cold Pressed Organic Extra Virgin Olive Oil, Single Sourced, 1 L (34 fl. oz) Dark Glass Bottle - 1 Pack, Non-GMO, Naturally Rich in Antioxidants and Polyphenols",Terra Delyssa,Home Page/Food/Pantry/Pantry meal essentials,976759_976794_2807108,,24.99,,,4.5,12.0,True,Available,https://goto.walmart.com/c/|PUBID|/568844/9383?veh=aff&sourceid=imp_000011112222333344&u=http%3A%2F%2Faffil.walmart.com%2Fcart%2FaddToCart%3Fitems%3D14317374695,
2026-03-01,olive_oil,extra virgin olive oil 1 liter,Kirkland,98033,562238084,096619527731,"Kirkland Signature SIURANA Extra Virgin Olive Oil From Spain, 1 Liter (33.8 fl oz)",Kirkland Signature,Home Page/Food/Pantry/Pantry meal essentials,976759_976794_2807108,,30.68,,,4.3,3.0,True,Available,https://goto.walmart.com/c/|PUBID|/568844/9383?veh=aff&sourceid=imp_000011112222333344&u=http%3A%2F%2Faffil.walmart.com%2Fcart%2FaddToCart%3Fitems%3D562238084,
2026-03-01,olive_oil,extra virgin olive oil 1 liter,Kirkland,98033,3578481281,,"ZOE Extra Virgin Olive Oil 1L (33.8 fl oz), First Cold-Pressed",ZOE,Home Page/Food/Pantry/Pantry meal essentials,976759_976794_2807108,,29.99,,,,,True,Available,https://goto.walmart.com/c/|PUBID|/568844/9383?veh=aff&sourceid=imp_000011112222333344&u=http%3A%2F%2Faffil.walmart.com%2Fcart%2FaddToCart%3Fitems%3D3578481281,
2026-03-01,olive_oil,extra virgin olive oil 1 liter,Kirkland,98033,900400595,096619363780,"Kirkland Signature Organic Extra Virgin Olive Oil Terra Di Bari Bitonto, 1 Liter",Kirkland Signature,Home Page/Food/Pantry/Cooking oils & vinegar/Olive oils,976759_976794_4649724,,39.99,44.07,9.26,,,True,Available,https://goto.walmart.com/c/|PUBID|/568844/9383?veh=aff&sourceid=imp_000011112222333344&u=http%3A%2F%2Faffil.walmart.com%2Fcart%2FaddToCart%3Fitems%3D900400595,
2026-03-01,olive_oil,extra virgin olive oil 1 liter,Kirkland,98033,14527123665,619150990507,"Terra Delyssa Organic Extra Virgin Olive Oil, 1L (Pack of 2)",Terra,Home Page/Food/Pantry/Pantry meal essentials,976759_976794_2807108,,32.98,35.95,8.26,4.2,26.0,True,Available,https://goto.walmart.com/c/|PUBID|/568844/9383?veh=aff&sourceid=imp_000011112222333344&u=http%3A%2F%2Faffil.walmart.com%2Fcart%2FaddToCart%3Fitems%3D14527123665,
2026-03-01,olive_oil,extra virgin olive oil 1 liter,Kirkland,98033,16545508118,858893007336,Kouzini Organic Greek Extra Virgin Olive Oil | First Cold Pressed | 1 Liter (34 fl oz) Current Harvest | NYIOOC award Winner | Single Origin | Family Owned,Kouzini,Home Page/Food/Pantry/Pantry meal essentials,976759_976794_2807108,,36.99,,,5.0,2.0,True,Available,https://goto.walmart.com/c/|PUBID|/568844/9383?veh=aff&sourceid=imp_000011112222333344&u=http%3A%2F%2Faffil.walmart.com%2Fcart%2FaddToCart%3Fitems%3D16545508118,
2026-03-01,olive_oil,extra virgin olive oil 1 liter,Kirkland,98033,2887161084,,Carapelli - Oro Verde Extra Virgin Olive Oil: First Cold-Pressed EVOO – 33.8 Fluid Ounces (1 Liter),Carapelli,Home Page/Food/Pantry/Pantry meal essentials,976759_976794_2807108,,34.99,,,5.0,4.0,True,Available,https://goto.walmart.com/c/|PUBID|/568844/9383?veh=aff&sourceid=imp_000011112222333344&u=http%3A%2F%2Faffil.walmart.com%2Fcart%2FaddToCart%3Fitems%3D2887161084,
2026-03-01,olive_oil,extra virgin olive oil 1 liter,Kirkland,98033,163546728,656285000138,Paesanol Extra Virgin Olive Oil - 1 Liter,United Olive Oil,Home Page/Food/Pantry/Cooking oils & vinegar/Olive oils,976759_976794_4649724,,29.95,8.99,-233.15,5.0,3.0,True,Available,https://goto.walmart.com/c/|PUBID|/568844/9383?veh=aff&sourceid=imp_000011112222333344&u=http%3A%2F%2Faffil.walmart.com%2Fcart%2FaddToCart%3Fitems%3D163546728,
2026-03-01,olive_oil,extra virgin olive oil 1 liter,Kirkland,98033,905673127,850455000113,Antonio Celentano Extra Virgin Olive Oil 1 Liter PET Bottle 2 Pack,Antonio Celentano,Home Page/Food/Pantry/Cooking oils & vinegar/Olive oils,976759_976794_4649724,,58.0,,,,,True,Available,https://goto.walmart.com/c/|PUBID|/568844/9383?veh=aff&sourceid=imp_000011112222333344&u=http%3A%2F%2Faffil.walmart.com%2Fcart%2FaddToCart%3Fitems%3D905673127,
2026-03-01,olive_oil,extra virgin olive oil 1 liter,Kirkland,98033,19194464615,462517376540,"(2 pack) ZOE Extra Virgin Olive Oil 1L (33.8 fl oz), First Cold-Pressed",ZOE,Home Page/Food/Pantry/Pantry meal essentials,976759_976794_2807108,,55.98,59.98,6.67,,,True,Available,https://goto.walmart.com/c/|PUBID|/568844/9383?veh=aff&sourceid=imp_000011112222333344&u=http%3A%2F%2Faffil.walmart.com%2Fcart%2FaddToCart%3Fitems%3D19194464615,
2026-03-01,olive_oil,extra virgin olive oil 1 liter,Kirkland,98033,3790328674,746155648475,Lucini Italia Select Extra Virgin Olive Oil - Case of 6 - 1 Liter,Lucini Italia,Home Page/Food/Pantry/Pantry meal essentials,976759_976794_2807108,,224.99,,,,,True,Available,https://goto.walmart.com/c/|PUBID|/568844/9383?veh=aff&sourceid=imp_000011112222333344&u=http%3A%2F%2Faffil.walmart.com%2Fcart%2FaddToCart%3Fitems%3D3790328674,
2026-03-01,olive_oil,extra virgin olive oil 1 liter,Kirkland,98033,5440369446,040232669620,"Eastern Feast - Lebanese Extra Virgin Olive Oil, 1 L (33.8 fl oz)",Eastern Feast,Home Page/Food/Pantry/Pantry meal essentials,976759_976794_2807108,,19.99,24.99,20.01,,,True,Available,https://goto.walmart.com/c/|PUBID|/568844/9383?veh=aff&sourceid=imp_000011112222333344&u=http%3A%2F%2Faffil.walmart.com%2Fcart%2FaddToCart%3Fitems%3D5440369446,
2026-03-01,olive_oil,extra virgin olive oil 1 liter,Kirkland,98033,13567965585,096619363797,"Kirkland Signature Extra Virgin Olive Oil Terra Di Bari Bitonto, 1 Liter",Kirkland Signature,Home Page/Food/Pantry/Pantry meal essentials,976759_976794_2807108,,36.0,49.0,26.53,,,True,Available,https://goto.walmart.com/c/|PUBID|/568844/9383?veh=aff&sourceid=imp_000011112222333344&u=http%3A%2F%2Faffil.walmart.com%2Fcart%2FaddToCart%3Fitems%3D13567965585,
2026-03-01,olive_oil,extra virgin olive oil 1 liter,Kirkland,98033,15553907752,658686600917,"Ottavio Unfiltered Extra Virgin Olive Oil, 1 L",Ottavio,Home Page/Food/Pantry/Pantry meal essentials,976759_976794_2807108,,31.49,,,5.0,2.0,True,Available,https://goto.walmart.com/c/|PUBID|/568844/9383?veh=aff&sourceid=imp_000011112222333344&u=http%3A%2F%2Faffil.walmart.com%2Fcart%2FaddToCart%3Fitems%3D15553907752,
2026-03-01,olive_oil,extra virgin olive oil 1 liter,Kirkland,98033,14903823166,464931578265,"El Ouazzania Moroccan Virgin Olive Oil, 1L Bottle – Authentic Mediterranean Flavor",El Ouazzania,Home Page/Food/Pantry/Pantry meal essentials,976759_976794_2807108,,28.99,,,,,True,Available,https://goto.walmart.com/c/|PUBID|/568844/9383?veh=aff&sourceid=imp_000011112222333344&u=http%3A%2F%2Faffil.walmart.com%2Fcart%2FaddToCart%3Fitems%3D14903823166,
2026-03-01,olive_oil,extra virgin olive oil 1 liter,Kirkland,98033,16341619614,,"Aivalos Premium Natural Cold Pressed Extra Virgin Olive Oil 1L – Low Acidity, Cold Extracted, First Press, Mediterranean Ayvalık Olive Oil, Perfect for Cooking, Salads & Dipping",Aivalos Natural Olive Oil,Home Page/Food/Pantry/International foods/European & Mediterranean,976759_976794_3854465,,24.95,,,5.0,1.0,True,Available,https://goto.walmart.com/c/|PUBID|/568844/9383?veh=aff&sourceid=imp_000011112222333344&u=http%3A%2F%2Faffil.walmart.com%2Fcart%2FaddToCart%3Fitems%3D16341619614,
2026-03-01,olive_oil,extra virgin olive oil 1 liter,Kirkland,98033,13063906235,710535282092,Tayeb virgin olive oil 1 liters,unknown,Home Page/Food/Pantry/Pantry meal essentials,976759_976794_2807108,,32.95,,,,,True,Available,https://goto.walmart.com/c/|PUBID|/568844/9383?veh=aff&sourceid=imp_000011112222333344&u=http%3A%2F%2Faffil.walmart.com%2Fcart%2FaddToCart%3Fitems%3D13063906235,
2026-03-01,olive_oil,extra virgin olive oil 1 liter,Kirkland,98033,15431606463,658686601037,"Ottavio Early Harvest Extra Virgin Olive Oil, Cold Pressed, 34 fl oz (1L), Product of Spain",Ottavio,Home Page/Food/Pantry/Pantry meal essentials,976759_976794_2807108,,31.99,,,4.0,2.0,True,Available,https://goto.walmart.com/c/|PUBID|/568844/9383?veh=aff&sourceid=imp_000011112222333344&u=http%3A%2F%2Faffil.walmart.com%2Fcart%2FaddToCart%3Fitems%3D15431606463,
2026-03-01,olive_oil,extra virgin olive oil 1 liter,Kirkland,98033,12207206804,,Al'ARD Extra Virgin Olive Oil First Cold Pressed One L. Tin Can/ 33.81 fl.oz. - زيت زيتون الأرض الفلسطيني,Al'ard,Home Page/Food/Pantry/Pantry meal essentials,976759_976794_2807108,,59.99,,,,,True,Available,https://goto.walmart.com/c/|PUBID|/568844/9383?veh=aff&sourceid=imp_000011112222333344&u=http%3A%2F%2Faffil.walmart.com%2Fcart%2FaddToCart%3Fitems%3D12207206804,
2026-03-01,olive_oil,extra virgin olive oil 1 liter,Kirkland,98033,14929118449,,"Terra Delyssa Organic Extra Virgin Olive Oil, 1L (Pack of 2)",Terra,Home Page/Food/Pantry/Cooking oils & vinegar/Olive oils,976759_976794_4649724,,32.51,35.66,8.83,4.8,361.0,True,Available,https://goto.walmart.com/c/|PUBID|/568844/9383?veh=aff&sourceid=imp_000011112222333344&u=http%3A%2F%2Faffil.walmart.com%2Fcart%2FaddToCart%3Fitems%3D14929118449,
2026-03-01,olive_oil,extra virgin olive oil 1 liter,Kirkland,98033,861623348,738324325393,Zoe - Extra Virgin Olive Oil - Case of 6 - 1 Liter,ZOE,Home Page/Food/Pantry/Cooking oils & vinegar/Olive oils,976759_976794_4649724,,136.59,,,,,True,Available,https://goto.walmart.com/c/|PUBID|/568844/9383?veh=aff&sourceid=imp_000011112222333344&u=http%3A%2F%2Faffil.walmart.com%2Fcart%2FaddToCart%3Fitems%3D861623348,
2026-03-01,olive_oil,extra virgin olive oil 1 liter,Kirkland,98033,1146835135,769256456794,"Roi Extra Virgin Olive Oil from Italy - Cucina Ligurian Olive Oil from Italy, First Cold Pressed, Pure, Polyphenol Rich EVOO, 34 fl oz (1 liter), Pack of 6",ROI,Home Page/Food/Pantry/Pantry meal essentials,976759_976794_2807108,,263.99,,,,,True,Available,https://goto.walmart.com/c/|PUBID|/568844/9383?veh=aff&sourceid=imp_000011112222333344&u=http%3A%2F%2Faffil.walmart.com%2Fcart%2FaddToCart%3Fitems%3D1146835135,
2026-03-01,olive_oil,extra virgin olive oil 1 liter,Kirkland,98033,184964327,656285170374,Partanna Robust Extra Virgin Olive Oil - Premium Castelvetrano Oil - Harvested in Sicily - Pure Authentic Italian - Monovarietal - Rich in Flavor - First Cold Pressed - 33.8 fl oz (1 L) Tin,Partanna,Home Page/Food/Pantry/Cooking oils & vinegar/Olive oils,976759_976794_4649724,,34.89,2.0,-1644.5,4.4,28.0,True,Available,https://goto.walmart.com/c/|PUBID|/568844/9383?veh=aff&sourceid=imp_000011112222333344&u=http%3A%2F%2Faffil.walmart.com%2Fcart%2FaddToCart%3Fitems%3D184964327,
2026-03-01,olive_oil,extra virgin olive oil 1 liter,Kirkland,98033,14737522019,469317901132,"(2 pack) Flora 100% Greek Extra Virgin Olive Oil, 1L",Flora Fine Foods,Home Page/Food/Pantry/Pantry meal essentials,976759_976794_2807108,,59.8,,,4.9,7.0,False,Not available,https://goto.walmart.com/c/|PUBID|/568844/9383?veh=aff&sourceid=imp_000011112222333344&u=http%3A%2F%2Faffil.walmart.com%2Fcart%2FaddToCart%3Fitems%3D14737522019,
2026-03-01,olive_oil,extra virgin olive oil 1 liter,Kirkland,98033,17119914714,434288954876,"4 x Terra Delyssa Organic Extra Virgin Olive Oil, 1L each",Unbranded,Home Page/Food/Pantry/Pantry meal essentials,976759_976794_2807108,,87.99,87.0,-1.14,,,True,Available,https://goto.walmart.com/c/|PUBID|/568844/9383?veh=aff&sourceid=imp_000011112222333344&u=http%3A%2F%2Faffil.walmart.com%2Fcart%2FaddToCart%3Fitems%3D17119914714,
2026-03-01,olive_oil,extra virgin olive oil 1 liter,Kirkland,98033,5346611183,010795269353,Campeone X-Virgin Olive Oil Blend 1 L,Campeone,Home Page/Food/Pantry/Pantry meal essentials,976759_976794_2807108,,78.14,,,,,True,Available,https://goto.walmart.com/c/|PUBID|/568844/9383?veh=aff&sourceid=imp_000011112222333344&u=http%3A%2F%2Faffil.walmart.com%2Fcart%2FaddToCart%3Fitems%3D5346611183,
2026-03-01,olive_oil,extra virgin olive oil 1 liter,Kirkland,98033,1435665698,000011857488,"ROI Extra Virgin Olive Oil From Italy - Cucina Ligurian Olive Oil From Italy, First Cold Pressed, Pure, Polyphenol Rich Italian EVOO, 34 fl oz (1 liter)",ROI,Home Page/Food/Pantry/Pantry meal essentials,976759_976794_2807108,,49.99,,,,,True,Available,https://goto.walmart.com/c/|PUBID|/568844/9383?veh=aff&sourceid=imp_000011112222333344&u=http%3A%2F%2Faffil.walmart.com%2Fcart%2FaddToCart%3Fitems%3D1435665698,
2026-03-01,olive_oil,extra virgin olive oil 1 liter,Kirkland,98033,1201519227,850043359029,Truffletopia | Bulk White Truffle Oil | Extra Virgin Olive Oil | 33.81 oz (1L) Can,unknown,Home Page/Food/Pantry/Pantry meal essentials,976759_976794_2807108,,65.99,,,,,True,Available,https://goto.walmart.com/c/|PUBID|/568844/9383?veh=aff&sourceid=imp_000011112222333344&u=http%3A%2F%2Faffil.walmart.com%2Fcart%2FaddToCart%3Fitems%3D1201519227,
2026-03-01,olive_oil,extra virgin olive oil 1 liter,Kirkland,98033,700995578,858566002392,"Aleta, Organic PDO Extra Virgin Olive Oil, Certified Single Estate Messara Valley Greece, Award-Winning First-Cold Press, Traceable & Kosher, 1 Lt (33.8 oz.) Tin",Aleta,Home Page/Food/Pantry/Pantry meal essentials,976759_976794_2807108,,37.95,39.95,5.01,4.8,8.0,True,Available,https://goto.walmart.com/c/|PUBID|/568844/9383?veh=aff&sourceid=imp_000011112222333344&u=http%3A%2F%2Faffil.walmart.com%2Fcart%2FaddToCart%3Fitems%3D700995578,
2026-03-01,olive_oil,extra virgin olive oil 1 liter,E Vancouver WA,98661,982535165,850455000106,Antonio Celentano Extra Virgin Olive Oil 1 Liter PET Bottle,Antonio Celentano,Home Page/Food/Pantry/Cooking oils & vinegar/Olive oils,976759_976794_4649724,,35.0,,,,,True,Available,https://goto.walmart.com/c/|PUBID|/568844/9383?veh=aff&sourceid=imp_000011112222333344&u=http%3A%2F%2Faffil.walmart.com%2Fcart%2FaddToCart%3Fitems%3D982535165,
2026-03-01,olive_oil,extra virgin olive oil 1 liter,E Vancouver WA,98661,14317374695,,"Terra Delyssa First Cold Pressed Organic Extra Virgin Olive Oil, Single Sourced, 1 L (34 fl. oz) Dark Glass Bottle - 1 Pack, Non-GMO, Naturally Rich in Antioxidants and Polyphenols",Terra Delyssa,Home Page/Food/Pantry/Pantry meal essentials,976759_976794_2807108,,24.99,,,4.5,12.0,True,Available,https://goto.walmart.com/c/|PUBID|/568844/9383?veh=aff&sourceid=imp_000011112222333344&u=http%3A%2F%2Faffil.walmart.com%2Fcart%2FaddToCart%3Fitems%3D14317374695,
2026-03-01,olive_oil,extra virgin olive oil 1 liter,E Vancouver WA,98661,562238084,096619527731,"Kirkland Signature SIURANA Extra Virgin Olive Oil From Spain, 1 Liter (33.8 fl oz)",Kirkland Signature,Home Page/Food/Pantry/Pantry meal essentials,976759_976794_2807108,,30.68,,,4.3,3.0,True,Available,https://goto.walmart.com/c/|PUBID|/568844/9383?veh=aff&sourceid=imp_000011112222333344&u=http%3A%2F%2Faffil.walmart.com%2Fcart%2FaddToCart%3Fitems%3D562238084,
2026-03-01,olive_oil,extra virgin olive oil 1 liter,E Vancouver WA,98661,3578481281,,"ZOE Extra Virgin Olive Oil 1L (33.8 fl oz), First Cold-Pressed",ZOE,Home Page/Food/Pantry/Pantry meal essentials,976759_976794_2807108,,29.99,,,,,True,Available,https://goto.walmart.com/c/|PUBID|/568844/9383?veh=aff&sourceid=imp_000011112222333344&u=http%3A%2F%2Faffil.walmart.com%2Fcart%2FaddToCart%3Fitems%3D3578481281,
2026-03-01,olive_oil,extra virgin olive oil 1 liter,E Vancouver WA,98661,900400595,096619363780,"Kirkland Signature Organic Extra Virgin Olive Oil Terra Di Bari Bitonto, 1 Liter",Kirkland Signature,Home Page/Food/Pantry/Cooking oils & vinegar/Olive oils,976759_976794_4649724,,39.99,44.07,9.26,,,True,Available,https://goto.walmart.com/c/|PUBID|/568844/9383?veh=aff&sourceid=imp_000011112222333344&u=http%3A%2F%2Faffil.walmart.com%2Fcart%2FaddToCart%3Fitems%3D900400595,
2026-03-01,olive_oil,extra virgin olive oil 1 liter,E Vancouver WA,98661,14527123665,619150990507,"Terra Delyssa Organic Extra Virgin Olive Oil, 1L (Pack of 2)",Terra,Home Page/Food/Pantry/Pantry meal essentials,976759_976794_2807108,,32.98,35.95,8.26,4.2,26.0,True,Available,https://goto.walmart.com/c/|PUBID|/568844/9383?veh=aff&sourceid=imp_000011112222333344&u=http%3A%2F%2Faffil.walmart.com%2Fcart%2FaddToCart%3Fitems%3D14527123665,
2026-03-01,olive_oil,extra virgin olive oil 1 liter,E Vancouver WA,98661,16545508118,858893007336,Kouzini Organic Greek Extra Virgin Olive Oil | First Cold Pressed | 1 Liter (34 fl oz) Current Harvest | NYIOOC award Winner | Single Origin | Family Owned,Kouzini,Home Page/Food/Pantry/Pantry meal essentials,976759_976794_2807108,,36.99,,,5.0,2.0,True,Available,https://goto.walmart.com/c/|PUBID|/568844/9383?veh=aff&sourceid=imp_000011112222333344&u=http%3A%2F%2Faffil.walmart.com%2Fcart%2FaddToCart%3Fitems%3D16545508118,
2026-03-01,olive_oil,extra virgin olive oil 1 liter,E Vancouver WA,98661,2887161084,,Carapelli - Oro Verde Extra Virgin Olive Oil: First Cold-Pressed EVOO – 33.8 Fluid Ounces (1 Liter),Carapelli,Home Page/Food/Pantry/Pantry meal essentials,976759_976794_2807108,,34.99,,,5.0,4.0,True,Available,https://goto.walmart.com/c/|PUBID|/568844/9383?veh=aff&sourceid=imp_000011112222333344&u=http%3A%2F%2Faffil.walmart.com%2Fcart%2FaddToCart%3Fitems%3D2887161084,
2026-03-01,olive_oil,extra virgin olive oil 1 liter,E Vancouver WA,98661,163546728,656285000138,Paesanol Extra Virgin Olive Oil - 1 Liter,United Olive Oil,Home Page/Food/Pantry/Cooking oils & vinegar/Olive oils,976759_976794_4649724,,29.95,8.99,-233.15,5.0,3.0,True,Available,https://goto.walmart.com/c/|PUBID|/568844/9383?veh=aff&sourceid=imp_000011112222333344&u=http%3A%2F%2Faffil.walmart.com%2Fcart%2FaddToCart%3Fitems%3D163546728,
2026-03-01,olive_oil,extra virgin olive oil 1 liter,E Vancouver WA,98661,905673127,850455000113,Antonio Celentano Extra Virgin Olive Oil 1 Liter PET Bottle 2 Pack,Antonio Celentano,Home Page/Food/Pantry/Cooking oils & vinegar/Olive oils,976759_976794_4649724,,58.0,,,,,True,Available,https://goto.walmart.com/c/|PUBID|/568844/9383?veh=aff&sourceid=imp_000011112222333344&u=http%3A%2F%2Faffil.walmart.com%2Fcart%2FaddToCart%3Fitems%3D905673127,
2026-03-01,olive_oil,extra virgin olive oil 1 liter,E Vancouver WA,98661,19194464615,462517376540,"(2 pack) ZOE Extra Virgin Olive Oil 1L (33.8 fl oz), First Cold-Pressed",ZOE,Home Page/Food/Pantry/Pantry meal essentials,976759_976794_2807108,,55.98,59.98,6.67,,,True,Available,https://goto.walmart.com/c/|PUBID|/568844/9383?veh=aff&sourceid=imp_000011112222333344&u=http%3A%2F%2Faffil.walmart.com%2Fcart%2FaddToCart%3Fitems%3D19194464615,
2026-03-01,olive_oil,extra virgin olive oil 1 liter,E Vancouver WA,98661,3790328674,746155648475,Lucini Italia Select Extra Virgin Olive Oil - Case of 6 - 1 Liter,Lucini Italia,Home Page/Food/Pantry/Pantry meal essentials,976759_976794_2807108,,224.99,,,,,True,Available,https://goto.walmart.com/c/|PUBID|/568844/9383?veh=aff&sourceid=imp_000011112222333344&u=http%3A%2F%2Faffil.walmart.com%2Fcart%2FaddToCart%3Fitems%3D3790328674,
2026-03-01,olive_oil,extra virgin olive oil 1 liter,E Vancouver WA,98661,5440369446,040232669620,"Eastern Feast - Lebanese Extra Virgin Olive Oil, 1 L (33.8 fl oz)",Eastern Feast,Home Page/Food/Pantry/Pantry meal essentials,976759_976794_2807108,,19.99,24.99,20.01,,,True,Available,https://goto.walmart.com/c/|PUBID|/568844/9383?veh=aff&sourceid=imp_000011112222333344&u=http%3A%2F%2Faffil.walmart.com%2Fcart%2FaddToCart%3Fitems%3D5440369446,
2026-03-01,olive_oil,extra virgin olive oil 1 liter,E Vancouver WA,98661,13567965585,096619363797,"Kirkland Signature Extra Virgin Olive Oil Terra Di Bari Bitonto, 1 Liter",Kirkland Signature,Home Page/Food/Pantry/Pantry meal essentials,976759_976794_2807108,,36.0,49.0,26.53,,,True,Available,https://goto.walmart.com/c/|PUBID|/568844/9383?veh=aff&sourceid=imp_000011112222333344&u=http%3A%2F%2Faffil.walmart.com%2Fcart%2FaddToCart%3Fitems%3D13567965585,
2026-03-01,olive_oil,extra virgin olive oil 1 liter,E Vancouver WA,98661,15553907752,658686600917,"Ottavio Unfiltered Extra Virgin Olive Oil, 1 L",Ottavio,Home Page/Food/Pantry/Pantry meal essentials,976759_976794_2807108,,31.49,,,5.0,2.0,True,Available,https://goto.walmart.com/c/|PUBID|/568844/9383?veh=aff&sourceid=imp_000011112222333344&u=http%3A%2F%2Faffil.walmart.com%2Fcart%2FaddToCart%3Fitems%3D15553907752,
2026-03-01,olive_oil,extra virgin olive oil 1 liter,E Vancouver WA,98661,14903823166,464931578265,"El Ouazzania Moroccan Virgin Olive Oil, 1L Bottle – Authentic Mediterranean Flavor",El Ouazzania,Home Page/Food/Pantry/Pantry meal essentials,976759_976794_2807108,,28.99,,,,,True,Available,https://goto.walmart.com/c/|PUBID|/568844/9383?veh=aff&sourceid=imp_000011112222333344&u=http%3A%2F%2Faffil.walmart.com%2Fcart%2FaddToCart%3Fitems%3D14903823166,
2026-03-01,olive_oil,extra virgin olive oil 1 liter,E Vancouver WA,98661,16341619614,,"Aivalos Premium Natural Cold Pressed Extra Virgin Olive Oil 1L – Low Acidity, Cold Extracted, First Press, Mediterranean Ayvalık Olive Oil, Perfect for Cooking, Salads & Dipping",Aivalos Natural Olive Oil,Home Page/Food/Pantry/International foods/European & Mediterranean,976759_976794_3854465,,24.95,,,5.0,1.0,True,Available,https://goto.walmart.com/c/|PUBID|/568844/9383?veh=aff&sourceid=imp_000011112222333344&u=http%3A%2F%2Faffil.walmart.com%2Fcart%2FaddToCart%3Fitems%3D16341619614,
2026-03-01,olive_oil,extra virgin olive oil 1 liter,E Vancouver WA,98661,13063906235,710535282092,Tayeb virgin olive oil 1 liters,unknown,Home Page/Food/Pantry/Pantry meal essentials,976759_976794_2807108,,32.95,,,,,True,Available,https://goto.walmart.com/c/|PUBID|/568844/9383?veh=aff&sourceid=imp_000011112222333344&u=http%3A%2F%2Faffil.walmart.com%2Fcart%2FaddToCart%3Fitems%3D13063906235,
2026-03-01,olive_oil,extra virgin olive oil 1 liter,E Vancouver WA,98661,15431606463,658686601037,"Ottavio Early Harvest Extra Virgin Olive Oil, Cold Pressed, 34 fl oz (1L), Product of Spain",Ottavio,Home Page/Food/Pantry/Pantry meal essentials,976759_976794_2807108,,31.99,,,4.0,2.0,True,Available,https://goto.walmart.com/c/|PUBID|/568844/9383?veh=aff&sourceid=imp_000011112222333344&u=http%3A%2F%2Faffil.walmart.com%2Fcart%2FaddToCart%3Fitems%3D15431606463,
2026-03-01,olive_oil,extra virgin olive oil 1 liter,E Vancouver WA,98661,12207206804,,Al'ARD Extra Virgin Olive Oil First Cold Pressed One L. Tin Can/ 33.81 fl.oz. - زيت زيتون الأرض الفلسطيني,Al'ard,Home Page/Food/Pantry/Pantry meal essentials,976759_976794_2807108,,59.99,,,,,True,Available,https://goto.walmart.com/c/|PUBID|/568844/9383?veh=aff&sourceid=imp_000011112222333344&u=http%3A%2F%2Faffil.walmart.com%2Fcart%2FaddToCart%3Fitems%3D12207206804,
2026-03-01,olive_oil,extra virgin olive oil 1 liter,E Vancouver WA,98661,14929118449,,"Terra Delyssa Organic Extra Virgin Olive Oil, 1L (Pack of 2)",Terra,Home Page/Food/Pantry/Cooking oils & vinegar/Olive oils,976759_976794_4649724,,32.51,35.66,8.83,4.8,361.0,True,Available,https://goto.walmart.com/c/|PUBID|/568844/9383?veh=aff&sourceid=imp_000011112222333344&u=http%3A%2F%2Faffil.walmart.com%2Fcart%2FaddToCart%3Fitems%3D14929118449,
2026-03-01,olive_oil,extra virgin olive oil 1 liter,E Vancouver WA,98661,861623348,738324325393,Zoe - Extra Virgin Olive Oil - Case of 6 - 1 Liter,ZOE,Home Page/Food/Pantry/Cooking oils & vinegar/Olive oils,976759_976794_4649724,,136.59,,,,,True,Available,https://goto.walmart.com/c/|PUBID|/568844/9383?veh=aff&sourceid=imp_000011112222333344&u=http%3A%2F%2Faffil.walmart.com%2Fcart%2FaddToCart%3Fitems%3D861623348,
2026-03-01,olive_oil,extra virgin olive oil 1 liter,E Vancouver WA,98661,1146835135,769256456794,"Roi Extra Virgin Olive Oil from Italy - Cucina Ligurian Olive Oil from Italy, First Cold Pressed, Pure, Polyphenol Rich EVOO, 34 fl oz (1 liter), Pack of 6",ROI,Home Page/Food/Pantry/Pantry meal essentials,976759_976794_2807108,,263.99,,,,,True,Available,https://goto.walmart.com/c/|PUBID|/568844/9383?veh=aff&sourceid=imp_000011112222333344&u=http%3A%2F%2Faffil.walmart.com%2Fcart%2FaddToCart%3Fitems%3D1146835135,
2026-03-01,olive_oil,extra virgin olive oil 1 liter,E Vancouver WA,98661,184964327,656285170374,Partanna Robust Extra Virgin Olive Oil - Premium Castelvetrano Oil - Harvested in Sicily - Pure Authentic Italian - Monovarietal - Rich in Flavor - First Cold Pressed - 33.8 fl oz (1 L) Tin,Partanna,Home Page/Food/Pantry/Cooking oils & vinegar/Olive oils,976759_976794_4649724,,34.89,2.0,-1644.5,4.4,28.0,True,Available,https://goto.walmart.com/c/|PUBID|/568844/9383?veh=aff&sourceid=imp_000011112222333344&u=http%3A%2F%2Faffil.walmart.com%2Fcart%2FaddToCart%3Fitems%3D184964327,
2026-03-01,olive_oil,extra virgin olive oil 1 liter,E Vancouver WA,98661,14737522019,469317901132,"(2 pack) Flora 100% Greek Extra Virgin Olive Oil, 1L",Flora Fine Foods,Home Page/Food/Pantry/Pantry meal essentials,976759_976794_2807108,,59.8,,,4.9,7.0,False,Not available,https://goto.walmart.com/c/|PUBID|/568844/9383?veh=aff&sourceid=imp_000011112222333344&u=http%3A%2F%2Faffil.walmart.com%2Fcart%2FaddToCart%3Fitems%3D14737522019,
2026-03-01,olive_oil,extra virgin olive oil 1 liter,E Vancouver WA,98661,17119914714,434288954876,"4 x Terra Delyssa Organic Extra Virgin Olive Oil, 1L each",Unbranded,Home Page/Food/Pantry/Pantry meal essentials,976759_976794_2807108,,87.99,87.0,-1.14,,,True,Available,https://goto.walmart.com/c/|PUBID|/568844/9383?veh=aff&sourceid=imp_000011112222333344&u=http%3A%2F%2Faffil.walmart.com%2Fcart%2FaddToCart%3Fitems%3D17119914714,
2026-03-01,olive_oil,extra virgin olive oil 1 liter,E Vancouver WA,98661,5346611183,010795269353,Campeone X-Virgin Olive Oil Blend 1 L,Campeone,Home Page/Food/Pantry/Pantry meal essentials,976759_976794_2807108,,78.14,,,,,True,Available,https://goto.walmart.com/c/|PUBID|/568844/9383?veh=aff&sourceid=imp_000011112222333344&u=http%3A%2F%2Faffil.walmart.com%2Fcart%2FaddToCart%3Fitems%3D5346611183,
2026-03-01,olive_oil,extra virgin olive oil 1 liter,E Vancouver WA,98661,1435665698,000011857488,"ROI Extra Virgin Olive Oil From Italy - Cucina Ligurian Olive Oil From Italy, First Cold Pressed, Pure, Polyphenol Rich Italian EVOO, 34 fl oz (1 liter)",ROI,Home Page/Food/Pantry/Pantry meal essentials,976759_976794_2807108,,49.99,,,,,True,Available,https://goto.walmart.com/c/|PUBID|/568844/9383?veh=aff&sourceid=imp_000011112222333344&u=http%3A%2F%2Faffil.walmart.com%2Fcart%2FaddToCart%3Fitems%3D1435665698,
2026-03-01,olive_oil,extra virgin olive oil 1 liter,E Vancouver WA,98661,1201519227,850043359029,Truffletopia | Bulk White Truffle Oil | Extra Virgin Olive Oil | 33.81 oz (1L) Can,unknown,Home Page/Food/Pantry/Pantry meal essentials,976759_976794_2807108,,65.99,,,,,True,Available,https://goto.walmart.com/c/|PUBID|/568844/9383?veh=aff&sourceid=imp_000011112222333344&u=http%3A%2F%2Faffil.walmart.com%2Fcart%2FaddToCart%3Fitems%3D1201519227,
2026-03-01,olive_oil,extra virgin olive oil 1 liter,E Vancouver WA,98661,700995578,858566002392,"Aleta, Organic PDO Extra Virgin Olive Oil, Certified Single Estate Messara Valley Greece, Award-Winning First-Cold Press, Traceable & Kosher, 1 Lt (33.8 oz.) Tin",Aleta,Home Page/Food/Pantry/Pantry meal essentials,976759_976794_2807108,,37.95,39.95,5.01,4.8,8.0,True,Available,https://goto.walmart.com/c/|PUBID|/568844/9383?veh=aff&sourceid=imp_000011112222333344&u=http%3A%2F%2Faffil.walmart.com%2Fcart%2FaddToCart%3Fitems%3D700995578,
2026-03-01,olive_oil,extra virgin olive oil 1 liter,Lynnwood,98036,982535165,850455000106,Antonio Celentano Extra Virgin Olive Oil 1 Liter PET Bottle,Antonio Celentano,Home Page/Food/Pantry/Cooking oils & vinegar/Olive oils,976759_976794_4649724,,35.0,,,,,True,Available,https://goto.walmart.com/c/|PUBID|/568844/9383?veh=aff&sourceid=imp_000011112222333344&u=http%3A%2F%2Faffil.walmart.com%2Fcart%2FaddToCart%3Fitems%3D982535165,
2026-03-01,olive_oil,extra virgin olive oil 1 liter,Lynnwood,98036,14317374695,,"Terra Delyssa First Cold Pressed Organic Extra Virgin Olive Oil, Single Sourced, 1 L (34 fl. oz) Dark Glass Bottle - 1 Pack, Non-GMO, Naturally Rich in Antioxidants and Polyphenols",Terra Delyssa,Home Page/Food/Pantry/Pantry meal essentials,976759_976794_2807108,,24.99,,,4.5,12.0,True,Available,https://goto.walmart.com/c/|PUBID|/568844/9383?veh=aff&sourceid=imp_000011112222333344&u=http%3A%2F%2Faffil.walmart.com%2Fcart%2FaddToCart%3Fitems%3D14317374695,
2026-03-01,olive_oil,extra virgin olive oil 1 liter,Lynnwood,98036,562238084,096619527731,"Kirkland Signature SIURANA Extra Virgin Olive Oil From Spain, 1 Liter (33.8 fl oz)",Kirkland Signature,Home Page/Food/Pantry/Pantry meal essentials,976759_976794_2807108,,30.68,,,4.3,3.0,True,Available,https://goto.walmart.com/c/|PUBID|/568844/9383?veh=aff&sourceid=imp_000011112222333344&u=http%3A%2F%2Faffil.walmart.com%2Fcart%2FaddToCart%3Fitems%3D562238084,
2026-03-01,olive_oil,extra virgin olive oil 1 liter,Lynnwood,98036,3578481281,,"ZOE Extra Virgin Olive Oil 1L (33.8 fl oz), First Cold-Pressed",ZOE,Home Page/Food/Pantry/Pantry meal essentials,976759_976794_2807108,,29.99,,,,,True,Available,https://goto.walmart.com/c/|PUBID|/568844/9383?veh=aff&sourceid=imp_000011112222333344&u=http%3A%2F%2Faffil.walmart.com%2Fcart%2FaddToCart%3Fitems%3D3578481281,
2026-03-01,olive_oil,extra virgin olive oil 1 liter,Lynnwood,98036,900400595,096619363780,"Kirkland Signature Organic Extra Virgin Olive Oil Terra Di Bari Bitonto, 1 Liter",Kirkland Signature,Home Page/Food/Pantry/Cooking oils & vinegar/Olive oils,976759_976794_4649724,,39.99,44.07,9.26,,,True,Available,https://goto.walmart.com/c/|PUBID|/568844/9383?veh=aff&sourceid=imp_000011112222333344&u=http%3A%2F%2Faffil.walmart.com%2Fcart%2FaddToCart%3Fitems%3D900400595,
2026-03-01,olive_oil,extra virgin olive oil 1 liter,Lynnwood,98036,14527123665,619150990507,"Terra Delyssa Organic Extra Virgin Olive Oil, 1L (Pack of 2)",Terra,Home Page/Food/Pantry/Pantry meal essentials,976759_976794_2807108,,32.98,35.95,8.26,4.2,26.0,True,Available,https://goto.walmart.com/c/|PUBID|/568844/9383?veh=aff&sourceid=imp_000011112222333344&u=http%3A%2F%2Faffil.walmart.com%2Fcart%2FaddToCart%3Fitems%3D14527123665,
2026-03-01,olive_oil,extra virgin olive oil 1 liter,Lynnwood,98036,16545508118,858893007336,Kouzini Organic Greek Extra Virgin Olive Oil | First Cold Pressed | 1 Liter (34 fl oz) Current Harvest | NYIOOC award Winner | Single Origin | Family Owned,Kouzini,Home Page/Food/Pantry/Pantry meal essentials,976759_976794_2807108,,36.99,,,5.0,2.0,True,Available,https://goto.walmart.com/c/|PUBID|/568844/9383?veh=aff&sourceid=imp_000011112222333344&u=http%3A%2F%2Faffil.walmart.com%2Fcart%2FaddToCart%3Fitems%3D16545508118,
2026-03-01,olive_oil,extra virgin olive oil 1 liter,Lynnwood,98036,2887161084,,Carapelli - Oro Verde Extra Virgin Olive Oil: First Cold-Pressed EVOO – 33.8 Fluid Ounces (1 Liter),Carapelli,Home Page/Food/Pantry/Pantry meal essentials,976759_976794_2807108,,34.99,,,5.0,4.0,True,Available,https://goto.walmart.com/c/|PUBID|/568844/9383?veh=aff&sourceid=imp_000011112222333344&u=http%3A%2F%2Faffil.walmart.com%2Fcart%2FaddToCart%3Fitems%3D2887161084,
2026-03-01,olive_oil,extra virgin olive oil 1 liter,Lynnwood,98036,163546728,656285000138,Paesanol Extra Virgin Olive Oil - 1 Liter,United Olive Oil,Home Page/Food/Pantry/Cooking oils & vinegar/Olive oils,976759_976794_4649724,,29.95,8.99,-233.15,5.0,3.0,True,Available,https://goto.walmart.com/c/|PUBID|/568844/9383?veh=aff&sourceid=imp_000011112222333344&u=http%3A%2F%2Faffil.walmart.com%2Fcart%2FaddToCart%3Fitems%3D163546728,
2026-03-01,olive_oil,extra virgin olive oil 1 liter,Lynnwood,98036,905673127,850455000113,Antonio Celentano Extra Virgin Olive Oil 1 Liter PET Bottle 2 Pack,Antonio Celentano,Home Page/Food/Pantry/Cooking oils & vinegar/Olive oils,976759_976794_4649724,,58.0,,,,,True,Available,https://goto.walmart.com/c/|PUBID|/568844/9383?veh=aff&sourceid=imp_000011112222333344&u=http%3A%2F%2Faffil.walmart.com%2Fcart%2FaddToCart%3Fitems%3D905673127,
2026-03-01,olive_oil,extra virgin olive oil 1 liter,Lynnwood,98036,19194464615,462517376540,"(2 pack) ZOE Extra Virgin Olive Oil 1L (33.8 fl oz), First Cold-Pressed",ZOE,Home Page/Food/Pantry/Pantry meal essentials,976759_976794_2807108,,55.98,59.98,6.67,,,True,Available,https://goto.walmart.com/c/|PUBID|/568844/9383?veh=aff&sourceid=imp_000011112222333344&u=http%3A%2F%2Faffil.walmart.com%2Fcart%2FaddToCart%3Fitems%3D19194464615,
2026-03-01,olive_oil,extra virgin olive oil 1 liter,Lynnwood,98036,3790328674,746155648475,Lucini Italia Select Extra Virgin Olive Oil - Case of 6 - 1 Liter,Lucini Italia,Home Page/Food/Pantry/Pantry meal essentials,976759_976794_2807108,,224.99,,,,,True,Available,https://goto.walmart.com/c/|PUBID|/568844/9383?veh=aff&sourceid=imp_000011112222333344&u=http%3A%2F%2Faffil.walmart.com%2Fcart%2FaddToCart%3Fitems%3D3790328674,
2026-03-01,olive_oil,extra virgin olive oil 1 liter,Lynnwood,98036,5440369446,040232669620,"Eastern Feast - Lebanese Extra Virgin Olive Oil, 1 L (33.8 fl oz)",Eastern Feast,Home Page/Food/Pantry/Pantry meal essentials,976759_976794_2807108,,19.99,24.99,20.01,,,True,Available,https://goto.walmart.com/c/|PUBID|/568844/9383?veh=aff&sourceid=imp_000011112222333344&u=http%3A%2F%2Faffil.walmart.com%2Fcart%2FaddToCart%3Fitems%3D5440369446,
2026-03-01,olive_oil,extra virgin olive oil 1 liter,Lynnwood,98036,13567965585,096619363797,"Kirkland Signature Extra Virgin Olive Oil Terra Di Bari Bitonto, 1 Liter",Kirkland Signature,Home Page/Food/Pantry/Pantry meal essentials,976759_976794_2807108,,36.0,49.0,26.53,,,True,Available,https://goto.walmart.com/c/|PUBID|/568844/9383?veh=aff&sourceid=imp_000011112222333344&u=http%3A%2F%2Faffil.walmart.com%2Fcart%2FaddToCart%3Fitems%3D13567965585,
2026-03-01,olive_oil,extra virgin olive oil 1 liter,Lynnwood,98036,15553907752,658686600917,"Ottavio Unfiltered Extra Virgin Olive Oil, 1 L",Ottavio,Home Page/Food/Pantry/Pantry meal essentials,976759_976794_2807108,,31.49,,,5.0,2.0,True,Available,https://goto.walmart.com/c/|PUBID|/568844/9383?veh=aff&sourceid=imp_000011112222333344&u=http%3A%2F%2Faffil.walmart.com%2Fcart%2FaddToCart%3Fitems%3D15553907752,
2026-03-01,olive_oil,extra virgin olive oil 1 liter,Lynnwood,98036,14903823166,464931578265,"El Ouazzania Moroccan Virgin Olive Oil, 1L Bottle – Authentic Mediterranean Flavor",El Ouazzania,Home Page/Food/Pantry/Pantry meal essentials,976759_976794_2807108,,28.99,,,,,True,Available,https://goto.walmart.com/c/|PUBID|/568844/9383?veh=aff&sourceid=imp_000011112222333344&u=http%3A%2F%2Faffil.walmart.com%2Fcart%2FaddToCart%3Fitems%3D14903823166,
2026-03-01,olive_oil,extra virgin olive oil 1 liter,Lynnwood,98036,16341619614,,"Aivalos Premium Natural Cold Pressed Extra Virgin Olive Oil 1L – Low Acidity, Cold Extracted, First Press, Mediterranean Ayvalık Olive Oil, Perfect for Cooking, Salads & Dipping",Aivalos Natural Olive Oil,Home Page/Food/Pantry/International foods/European & Mediterranean,976759_976794_3854465,,24.95,,,5.0,1.0,True,Available,https://goto.walmart.com/c/|PUBID|/568844/9383?veh=aff&sourceid=imp_000011112222333344&u=http%3A%2F%2Faffil.walmart.com%2Fcart%2FaddToCart%3Fitems%3D16341619614,
2026-03-01,olive_oil,extra virgin olive oil 1 liter,Lynnwood,98036,13063906235,710535282092,Tayeb virgin olive oil 1 liters,unknown,Home Page/Food/Pantry/Pantry meal essentials,976759_976794_2807108,,32.95,,,,,True,Available,https://goto.walmart.com/c/|PUBID|/568844/9383?veh=aff&sourceid=imp_000011112222333344&u=http%3A%2F%2Faffil.walmart.com%2Fcart%2FaddToCart%3Fitems%3D13063906235,
2026-03-01,olive_oil,extra virgin olive oil 1 liter,Lynnwood,98036,15431606463,658686601037,"Ottavio Early Harvest Extra Virgin Olive Oil, Cold Pressed, 34 fl oz (1L), Product of Spain",Ottavio,Home Page/Food/Pantry/Pantry meal essentials,976759_976794_2807108,,31.99,,,4.0,2.0,True,Available,https://goto.walmart.com/c/|PUBID|/568844/9383?veh=aff&sourceid=imp_000011112222333344&u=http%3A%2F%2Faffil.walmart.com%2Fcart%2FaddToCart%3Fitems%3D15431606463,
2026-03-01,olive_oil,extra virgin olive oil 1 liter,Lynnwood,98036,12207206804,,Al'ARD Extra Virgin Olive Oil First Cold Pressed One L. Tin Can/ 33.81 fl.oz. - زيت زيتون الأرض الفلسطيني,Al'ard,Home Page/Food/Pantry/Pantry meal essentials,976759_976794_2807108,,59.99,,,,,True,Available,https://goto.walmart.com/c/|PUBID|/568844/9383?veh=aff&sourceid=imp_000011112222333344&u=http%3A%2F%2Faffil.walmart.com%2Fcart%2FaddToCart%3Fitems%3D12207206804,
2026-03-01,olive_oil,extra virgin olive oil 1 liter,Lynnwood,98036,14929118449,,"Terra Delyssa Organic Extra Virgin Olive Oil, 1L (Pack of 2)",Terra,Home Page/Food/Pantry/Cooking oils & vinegar/Olive oils,976759_976794_4649724,,32.51,35.66,8.83,4.8,361.0,True,Available,https://goto.walmart.com/c/|PUBID|/568844/9383?veh=aff&sourceid=imp_000011112222333344&u=http%3A%2F%2Faffil.walmart.com%2Fcart%2FaddToCart%3Fitems%3D14929118449,
2026-03-01,olive_oil,extra virgin olive oil 1 liter,Lynnwood,98036,861623348,738324325393,Zoe - Extra Virgin Olive Oil - Case of 6 - 1 Liter,ZOE,Home Page/Food/Pantry/Cooking oils & vinegar/Olive oils,976759_976794_4649724,,136.59,,,,,True,Available,https://goto.walmart.com/c/|PUBID|/568844/9383?veh=aff&sourceid=imp_000011112222333344&u=http%3A%2F%2Faffil.walmart.com%2Fcart%2FaddToCart%3Fitems%3D861623348,
2026-03-01,olive_oil,extra virgin olive oil 1 liter,Lynnwood,98036,1146835135,769256456794,"Roi Extra Virgin Olive Oil from Italy - Cucina Ligurian Olive Oil from Italy, First Cold Pressed, Pure, Polyphenol Rich EVOO, 34 fl oz (1 liter), Pack of 6",ROI,Home Page/Food/Pantry/Pantry meal essentials,976759_976794_2807108,,263.99,,,,,True,Available,https://goto.walmart.com/c/|PUBID|/568844/9383?veh=aff&sourceid=imp_000011112222333344&u=http%3A%2F%2Faffil.walmart.com%2Fcart%2FaddToCart%3Fitems%3D1146835135,
2026-03-01,olive_oil,extra virgin olive oil 1 liter,Lynnwood,98036,184964327,656285170374,Partanna Robust Extra Virgin Olive Oil - Premium Castelvetrano Oil - Harvested in Sicily - Pure Authentic Italian - Monovarietal - Rich in Flavor - First Cold Pressed - 33.8 fl oz (1 L) Tin,Partanna,Home Page/Food/Pantry/Cooking oils & vinegar/Olive oils,976759_976794_4649724,,34.89,2.0,-1644.5,4.4,28.0,True,Available,https://goto.walmart.com/c/|PUBID|/568844/9383?veh=aff&sourceid=imp_000011112222333344&u=http%3A%2F%2Faffil.walmart.com%2Fcart%2FaddToCart%3Fitems%3D184964327,
2026-03-01,olive_oil,extra virgin olive oil 1 liter,Lynnwood,98036,14737522019,469317901132,"(2 pack) Flora 100% Greek Extra Virgin Olive Oil, 1L",Flora Fine Foods,Home Page/Food/Pantry/Pantry meal essentials,976759_976794_2807108,,59.8,,,4.9,7.0,False,Not available,https://goto.walmart.com/c/|PUBID|/568844/9383?veh=aff&sourceid=imp_000011112222333344&u=http%3A%2F%2Faffil.walmart.com%2Fcart%2FaddToCart%3Fitems%3D14737522019,
2026-03-01,olive_oil,extra virgin olive oil 1 liter,Lynnwood,98036,17119914714,434288954876,"4 x Terra Delyssa Organic Extra Virgin Olive Oil, 1L each",Unbranded,Home Page/Food/Pantry/Pantry meal essentials,976759_976794_2807108,,87.99,87.0,-1.14,,,True,Available,https://goto.walmart.com/c/|PUBID|/568844/9383?veh=aff&sourceid=imp_000011112222333344&u=http%3A%2F%2Faffil.walmart.com%2Fcart%2FaddToCart%3Fitems%3D17119914714,
2026-03-01,olive_oil,extra virgin olive oil 1 liter,Lynnwood,98036,5346611183,010795269353,Campeone X-Virgin Olive Oil Blend 1 L,Campeone,Home Page/Food/Pantry/Pantry meal essentials,976759_976794_2807108,,78.14,,,,,True,Available,https://goto.walmart.com/c/|PUBID|/568844/9383?veh=aff&sourceid=imp_000011112222333344&u=http%3A%2F%2Faffil.walmart.com%2Fcart%2FaddToCart%3Fitems%3D5346611183,
2026-03-01,olive_oil,extra virgin olive oil 1 liter,Lynnwood,98036,1435665698,000011857488,"ROI Extra Virgin Olive Oil From Italy - Cucina Ligurian Olive Oil From Italy, First Cold Pressed, Pure, Polyphenol Rich Italian EVOO, 34 fl oz (1 liter)",ROI,Home Page/Food/Pantry/Pantry meal essentials,976759_976794_2807108,,49.99,,,,,True,Available,https://goto.walmart.com/c/|PUBID|/568844/9383?veh=aff&sourceid=imp_000011112222333344&u=http%3A%2F%2Faffil.walmart.com%2Fcart%2FaddToCart%3Fitems%3D1435665698,
2026-03-01,olive_oil,extra virgin olive oil 1 liter,Lynnwood,98036,1201519227,850043359029,Truffletopia | Bulk White Truffle Oil | Extra Virgin Olive Oil | 33.81 oz (1L) Can,unknown,Home Page/Food/Pantry/Pantry meal essentials,976759_976794_2807108,,65.99,,,,,True,Available,https://goto.walmart.com/c/|PUBID|/568844/9383?veh=aff&sourceid=imp_000011112222333344&u=http%3A%2F%2Faffil.walmart.com%2Fcart%2FaddToCart%3Fitems%3D1201519227,
2026-03-01,olive_oil,extra virgin olive oil 1 liter,Lynnwood,98036,700995578,858566002392,"Aleta, Organic PDO Extra Virgin Olive Oil, Certified Single Estate Messara Valley Greece, Award-Winning First-Cold Press, Traceable & Kosher, 1 Lt (33.8 oz.) Tin",Aleta,Home Page/Food/Pantry/Pantry meal essentials,976759_976794_2807108,,37.95,39.95,5.01,4.8,8.0,True,Available,https://goto.walmart.com/c/|PUBID|/568844/9383?veh=aff&sourceid=imp_000011112222333344&u=http%3A%2F%2Faffil.walmart.com%2Fcart%2FaddToCart%3Fitems%3D700995578,
2026-03-01,olive_oil,extra virgin olive oil 1 liter,Redmond,98052,982535165,850455000106,Antonio Celentano Extra Virgin Olive Oil 1 Liter PET Bottle,Antonio Celentano,Home Page/Food/Pantry/Cooking oils & vinegar/Olive oils,976759_976794_4649724,,35.0,,,,,True,Available,https://goto.walmart.com/c/|PUBID|/568844/9383?veh=aff&sourceid=imp_000011112222333344&u=http%3A%2F%2Faffil.walmart.com%2Fcart%2FaddToCart%3Fitems%3D982535165,
2026-03-01,olive_oil,extra virgin olive oil 1 liter,Redmond,98052,14317374695,,"Terra Delyssa First Cold Pressed Organic Extra Virgin Olive Oil, Single Sourced, 1 L (34 fl. oz) Dark Glass Bottle - 1 Pack, Non-GMO, Naturally Rich in Antioxidants and Polyphenols",Terra Delyssa,Home Page/Food/Pantry/Pantry meal essentials,976759_976794_2807108,,24.99,,,4.5,12.0,True,Available,https://goto.walmart.com/c/|PUBID|/568844/9383?veh=aff&sourceid=imp_000011112222333344&u=http%3A%2F%2Faffil.walmart.com%2Fcart%2FaddToCart%3Fitems%3D14317374695,
2026-03-01,olive_oil,extra virgin olive oil 1 liter,Redmond,98052,562238084,096619527731,"Kirkland Signature SIURANA Extra Virgin Olive Oil From Spain, 1 Liter (33.8 fl oz)",Kirkland Signature,Home Page/Food/Pantry/Pantry meal essentials,976759_976794_2807108,,30.68,,,4.3,3.0,True,Available,https://goto.walmart.com/c/|PUBID|/568844/9383?veh=aff&sourceid=imp_000011112222333344&u=http%3A%2F%2Faffil.walmart.com%2Fcart%2FaddToCart%3Fitems%3D562238084,
2026-03-01,olive_oil,extra virgin olive oil 1 liter,Redmond,98052,3578481281,,"ZOE Extra Virgin Olive Oil 1L (33.8 fl oz), First Cold-Pressed",ZOE,Home Page/Food/Pantry/Pantry meal essentials,976759_976794_2807108,,29.99,,,,,True,Available,https://goto.walmart.com/c/|PUBID|/568844/9383?veh=aff&sourceid=imp_000011112222333344&u=http%3A%2F%2Faffil.walmart.com%2Fcart%2FaddToCart%3Fitems%3D3578481281,
2026-03-01,olive_oil,extra virgin olive oil 1 liter,Redmond,98052,900400595,096619363780,"Kirkland Signature Organic Extra Virgin Olive Oil Terra Di Bari Bitonto, 1 Liter",Kirkland Signature,Home Page/Food/Pantry/Cooking oils & vinegar/Olive oils,976759_976794_4649724,,39.99,44.07,9.26,,,True,Available,https://goto.walmart.com/c/|PUBID|/568844/9383?veh=aff&sourceid=imp_000011112222333344&u=http%3A%2F%2Faffil.walmart.com%2Fcart%2FaddToCart%3Fitems%3D900400595,
2026-03-01,olive_oil,extra virgin olive oil 1 liter,Redmond,98052,14527123665,619150990507,"Terra Delyssa Organic Extra Virgin Olive Oil, 1L (Pack of 2)",Terra,Home Page/Food/Pantry/Pantry meal essentials,976759_976794_2807108,,32.98,35.95,8.26,4.2,26.0,True,Available,https://goto.walmart.com/c/|PUBID|/568844/9383?veh=aff&sourceid=imp_000011112222333344&u=http%3A%2F%2Faffil.walmart.com%2Fcart%2FaddToCart%3Fitems%3D14527123665,
2026-03-01,olive_oil,extra virgin olive oil 1 liter,Redmond,98052,16545508118,858893007336,Kouzini Organic Greek Extra Virgin Olive Oil | First Cold Pressed | 1 Liter (34 fl oz) Current Harvest | NYIOOC award Winner | Single Origin | Family Owned,Kouzini,Home Page/Food/Pantry/Pantry meal essentials,976759_976794_2807108,,36.99,,,5.0,2.0,True,Available,https://goto.walmart.com/c/|PUBID|/568844/9383?veh=aff&sourceid=imp_000011112222333344&u=http%3A%2F%2Faffil.walmart.com%2Fcart%2FaddToCart%3Fitems%3D16545508118,
2026-03-01,olive_oil,extra virgin olive oil 1 liter,Redmond,98052,2887161084,,Carapelli - Oro Verde Extra Virgin Olive Oil: First Cold-Pressed EVOO – 33.8 Fluid Ounces (1 Liter),Carapelli,Home Page/Food/Pantry/Pantry meal essentials,976759_976794_2807108,,34.99,,,5.0,4.0,True,Available,https://goto.walmart.com/c/|PUBID|/568844/9383?veh=aff&sourceid=imp_000011112222333344&u=http%3A%2F%2Faffil.walmart.com%2Fcart%2FaddToCart%3Fitems%3D2887161084,
2026-03-01,olive_oil,extra virgin olive oil 1 liter,Redmond,98052,163546728,656285000138,Paesanol Extra Virgin Olive Oil - 1 Liter,United Olive Oil,Home Page/Food/Pantry/Cooking oils & vinegar/Olive oils,976759_976794_4649724,,29.95,8.99,-233.15,5.0,3.0,True,Available,https://goto.walmart.com/c/|PUBID|/568844/9383?veh=aff&sourceid=imp_000011112222333344&u=http%3A%2F%2Faffil.walmart.com%2Fcart%2FaddToCart%3Fitems%3D163546728,
2026-03-01,olive_oil,extra virgin olive oil 1 liter,Redmond,98052,905673127,850455000113,Antonio Celentano Extra Virgin Olive Oil 1 Liter PET Bottle 2 Pack,Antonio Celentano,Home Page/Food/Pantry/Cooking oils & vinegar/Olive oils,976759_976794_4649724,,58.0,,,,,True,Available,https://goto.walmart.com/c/|PUBID|/568844/9383?veh=aff&sourceid=imp_000011112222333344&u=http%3A%2F%2Faffil.walmart.com%2Fcart%2FaddToCart%3Fitems%3D905673127,
2026-03-01,olive_oil,extra virgin olive oil 1 liter,Redmond,98052,19194464615,462517376540,"(2 pack) ZOE Extra Virgin Olive Oil 1L (33.8 fl oz), First Cold-Pressed",ZOE,Home Page/Food/Pantry/Pantry meal essentials,976759_976794_2807108,,55.98,59.98,6.67,,,True,Available,https://goto.walmart.com/c/|PUBID|/568844/9383?veh=aff&sourceid=imp_000011112222333344&u=http%3A%2F%2Faffil.walmart.com%2Fcart%2FaddToCart%3Fitems%3D19194464615,
2026-03-01,olive_oil,extra virgin olive oil 1 liter,Redmond,98052,3790328674,746155648475,Lucini Italia Select Extra Virgin Olive Oil - Case of 6 - 1 Liter,Lucini Italia,Home Page/Food/Pantry/Pantry meal essentials,976759_976794_2807108,,224.99,,,,,True,Available,https://goto.walmart.com/c/|PUBID|/568844/9383?veh=aff&sourceid=imp_000011112222333344&u=http%3A%2F%2Faffil.walmart.com%2Fcart%2FaddToCart%3Fitems%3D3790328674,
2026-03-01,olive_oil,extra virgin olive oil 1 liter,Redmond,98052,5440369446,040232669620,"Eastern Feast - Lebanese Extra Virgin Olive Oil, 1 L (33.8 fl oz)",Eastern Feast,Home Page/Food/Pantry/Pantry meal essentials,976759_976794_2807108,,19.99,24.99,20.01,,,True,Available,https://goto.walmart.com/c/|PUBID|/568844/9383?veh=aff&sourceid=imp_000011112222333344&u=http%3A%2F%2Faffil.walmart.com%2Fcart%2FaddToCart%3Fitems%3D5440369446,
2026-03-01,olive_oil,extra virgin olive oil 1 liter,Redmond,98052,13567965585,096619363797,"Kirkland Signature Extra Virgin Olive Oil Terra Di Bari Bitonto, 1 Liter",Kirkland Signature,Home Page/Food/Pantry/Pantry meal essentials,976759_976794_2807108,,36.0,49.0,26.53,,,True,Available,https://goto.walmart.com/c/|PUBID|/568844/9383?veh=aff&sourceid=imp_000011112222333344&u=http%3A%2F%2Faffil.walmart.com%2Fcart%2FaddToCart%3Fitems%3D13567965585,
2026-03-01,olive_oil,extra virgin olive oil 1 liter,Redmond,98052,15553907752,658686600917,"Ottavio Unfiltered Extra Virgin Olive Oil, 1 L",Ottavio,Home Page/Food/Pantry/Pantry meal essentials,976759_976794_2807108,,31.19,,,5.0,2.0,True,Available,https://goto.walmart.com/c/|PUBID|/568844/9383?veh=aff&sourceid=imp_000011112222333344&u=http%3A%2F%2Faffil.walmart.com%2Fcart%2FaddToCart%3Fitems%3D15553907752,
2026-03-01,olive_oil,extra virgin olive oil 1 liter,Redmond,98052,14903823166,464931578265,"El Ouazzania Moroccan Virgin Olive Oil, 1L Bottle – Authentic Mediterranean Flavor",El Ouazzania,Home Page/Food/Pantry/Pantry meal essentials,976759_976794_2807108,,28.99,,,,,True,Available,https://goto.walmart.com/c/|PUBID|/568844/9383?veh=aff&sourceid=imp_000011112222333344&u=http%3A%2F%2Faffil.walmart.com%2Fcart%2FaddToCart%3Fitems%3D14903823166,
2026-03-01,olive_oil,extra virgin olive oil 1 liter,Redmond,98052,16341619614,,"Aivalos Premium Natural Cold Pressed Extra Virgin Olive Oil 1L – Low Acidity, Cold Extracted, First Press, Mediterranean Ayvalık Olive Oil, Perfect for Cooking, Salads & Dipping",Aivalos Natural Olive Oil,Home Page/Food/Pantry/International foods/European & Mediterranean,976759_976794_3854465,,24.95,,,5.0,1.0,True,Available,https://goto.walmart.com/c/|PUBID|/568844/9383?veh=aff&sourceid=imp_000011112222333344&u=http%3A%2F%2Faffil.walmart.com%2Fcart%2FaddToCart%3Fitems%3D16341619614,
2026-03-01,olive_oil,extra virgin olive oil 1 liter,Redmond,98052,13063906235,710535282092,Tayeb virgin olive oil 1 liters,unknown,Home Page/Food/Pantry/Pantry meal essentials,976759_976794_2807108,,32.95,,,,,True,Available,https://goto.walmart.com/c/|PUBID|/568844/9383?veh=aff&sourceid=imp_000011112222333344&u=http%3A%2F%2Faffil.walmart.com%2Fcart%2FaddToCart%3Fitems%3D13063906235,
2026-03-01,olive_oil,extra virgin olive oil 1 liter,Redmond,98052,15431606463,658686601037,"Ottavio Early Harvest Extra Virgin Olive Oil, Cold Pressed, 34 fl oz (1L), Product of Spain",Ottavio,Home Page/Food/Pantry/Pantry meal essentials,976759_976794_2807108,,31.99,,,4.0,2.0,True,Available,https://goto.walmart.com/c/|PUBID|/568844/9383?veh=aff&sourceid=imp_000011112222333344&u=http%3A%2F%2Faffil.walmart.com%2Fcart%2FaddToCart%3Fitems%3D15431606463,
2026-03-01,olive_oil,extra virgin olive oil 1 liter,Redmond,98052,12207206804,,Al'ARD Extra Virgin Olive Oil First Cold Pressed One L. Tin Can/ 33.81 fl.oz. - زيت زيتون الأرض الفلسطيني,Al'ard,Home Page/Food/Pantry/Pantry meal essentials,976759_976794_2807108,,59.99,,,,,True,Available,https://goto.walmart.com/c/|PUBID|/568844/9383?veh=aff&sourceid=imp_000011112222333344&u=http%3A%2F%2Faffil.walmart.com%2Fcart%2FaddToCart%3Fitems%3D12207206804,
2026-03-01,olive_oil,extra virgin olive oil 1 liter,Redmond,98052,14929118449,,"Terra Delyssa Organic Extra Virgin Olive Oil, 1L (Pack of 2)",Terra,Home Page/Food/Pantry/Cooking oils & vinegar/Olive oils,976759_976794_4649724,,32.51,35.66,8.83,4.8,361.0,True,Available,https://goto.walmart.com/c/|PUBID|/568844/9383?veh=aff&sourceid=imp_000011112222333344&u=http%3A%2F%2Faffil.walmart.com%2Fcart%2FaddToCart%3Fitems%3D14929118449,
2026-03-01,olive_oil,extra virgin olive oil 1 liter,Redmond,98052,861623348,738324325393,Zoe - Extra Virgin Olive Oil - Case of 6 - 1 Liter,ZOE,Home Page/Food/Pantry/Cooking oils & vinegar/Olive oils,976759_976794_4649724,,136.59,,,,,True,Available,https://goto.walmart.com/c/|PUBID|/568844/9383?veh=aff&sourceid=imp_000011112222333344&u=http%3A%2F%2Faffil.walmart.com%2Fcart%2FaddToCart%3Fitems%3D861623348,
2026-03-01,olive_oil,extra virgin olive oil 1 liter,Redmond,98052,1146835135,769256456794,"Roi Extra Virgin Olive Oil from Italy - Cucina Ligurian Olive Oil from Italy, First Cold Pressed, Pure, Polyphenol Rich EVOO, 34 fl oz (1 liter), Pack of 6",ROI,Home Page/Food/Pantry/Pantry meal essentials,976759_976794_2807108,,263.99,,,,,True,Available,https://goto.walmart.com/c/|PUBID|/568844/9383?veh=aff&sourceid=imp_000011112222333344&u=http%3A%2F%2Faffil.walmart.com%2Fcart%2FaddToCart%3Fitems%3D1146835135,
2026-03-01,olive_oil,extra virgin olive oil 1 liter,Redmond,98052,184964327,656285170374,Partanna Robust Extra Virgin Olive Oil - Premium Castelvetrano Oil - Harvested in Sicily - Pure Authentic Italian - Monovarietal - Rich in Flavor - First Cold Pressed - 33.8 fl oz (1 L) Tin,Partanna,Home Page/Food/Pantry/Cooking oils & vinegar/Olive oils,976759_976794_4649724,,34.89,2.0,-1644.5,4.4,28.0,True,Available,https://goto.walmart.com/c/|PUBID|/568844/9383?veh=aff&sourceid=imp_000011112222333344&u=http%3A%2F%2Faffil.walmart.com%2Fcart%2FaddToCart%3Fitems%3D184964327,
2026-03-01,olive_oil,extra virgin olive oil 1 liter,Redmond,98052,14737522019,469317901132,"(2 pack) Flora 100% Greek Extra Virgin Olive Oil, 1L",Flora Fine Foods,Home Page/Food/Pantry/Pantry meal essentials,976759_976794_2807108,,59.8,,,4.9,7.0,False,Not available,https://goto.walmart.com/c/|PUBID|/568844/9383?veh=aff&sourceid=imp_000011112222333344&u=http%3A%2F%2Faffil.walmart.com%2Fcart%2FaddToCart%3Fitems%3D14737522019,
2026-03-01,olive_oil,extra virgin olive oil 1 liter,Redmond,98052,17119914714,434288954876,"4 x Terra Delyssa Organic Extra Virgin Olive Oil, 1L each",Unbranded,Home Page/Food/Pantry/Pantry meal essentials,976759_976794_2807108,,87.99,87.0,-1.14,,,True,Available,https://goto.walmart.com/c/|PUBID|/568844/9383?veh=aff&sourceid=imp_000011112222333344&u=http%3A%2F%2Faffil.walmart.com%2Fcart%2FaddToCart%3Fitems%3D17119914714,
2026-03-01,olive_oil,extra virgin olive oil 1 liter,Redmond,98052,5346611183,010795269353,Campeone X-Virgin Olive Oil Blend 1 L,Campeone,Home Page/Food/Pantry/Pantry meal essentials,976759_976794_2807108,,78.14,,,,,True,Available,https://goto.walmart.com/c/|PUBID|/568844/9383?veh=aff&sourceid=imp_000011112222333344&u=http%3A%2F%2Faffil.walmart.com%2Fcart%2FaddToCart%3Fitems%3D5346611183,
2026-03-01,olive_oil,extra virgin olive oil 1 liter,Redmond,98052,1435665698,000011857488,"ROI Extra Virgin Olive Oil From Italy - Cucina Ligurian Olive Oil From Italy, First Cold Pressed, Pure, Polyphenol Rich Italian EVOO, 34 fl oz (1 liter)",ROI,Home Page/Food/Pantry/Pantry meal essentials,976759_976794_2807108,,49.99,,,,,True,Available,https://goto.walmart.com/c/|PUBID|/568844/9383?veh=aff&sourceid=imp_000011112222333344&u=http%3A%2F%2Faffil.walmart.com%2Fcart%2FaddToCart%3Fitems%3D1435665698,
2026-03-01,olive_oil,extra virgin olive oil 1 liter,Redmond,98052,1201519227,850043359029,Truffletopia | Bulk White Truffle Oil | Extra Virgin Olive Oil | 33.81 oz (1L) Can,unknown,Home Page/Food/Pantry/Pantry meal essentials,976759_976794_2807108,,65.99,,,,,True,Available,https://goto.walmart.com/c/|PUBID|/568844/9383?veh=aff&sourceid=imp_000011112222333344&u=http%3A%2F%2Faffil.walmart.com%2Fcart%2FaddToCart%3Fitems%3D1201519227,
2026-03-01,olive_oil,extra virgin olive oil 1 liter,Redmond,98052,700995578,858566002392,"Aleta, Organic PDO Extra Virgin Olive Oil, Certified Single Estate Messara Valley Greece, Award-Winning First-Cold Press, Traceable & Kosher, 1 Lt (33.8 oz.) Tin",Aleta,Home Page/Food/Pantry/Pantry meal essentials,976759_976794_2807108,,37.95,39.95,5.01,4.8,8.0,True,Available,https://goto.walmart.com/c/|PUBID|/568844/9383?veh=aff&sourceid=imp_000011112222333344&u=http%3A%2F%2Faffil.walmart.com%2Fcart%2FaddToCart%3Fitems%3D700995578,
2026-03-01,olive_oil,extra virgin olive oil 2 liter,Ridgefield,98642,577293810,096619710553,Kirkland Signature Extra Virgin Italian Olive Oil 2 L,Kirkland Signature,Home Page/Food/Pantry/Cooking oils & vinegar/Olive oils,976759_976794_4649724,,45.52,61.71,26.24,4.6,21.0,True,Available,https://goto.walmart.com/c/|PUBID|/568844/9383?veh=aff&sourceid=imp_000011112222333344&u=http%3A%2F%2Faffil.walmart.com%2Fcart%2FaddToCart%3Fitems%3D577293810,
2026-03-01,olive_oil,extra virgin olive oil 2 liter,Ridgefield,98642,922877656,371655300402,"Kirkland Signature 2 x Organic Extra Virgin Olive Oil, 2 Liters - SET OF 4",Kirkland Signature,Home Page/Food/Pantry/Cooking oils & vinegar/Olive oils,976759_976794_4649724,,144.95,156.25,7.23,5.0,1.0,True,Available,https://goto.walmart.com/c/|PUBID|/568844/9383?veh=aff&sourceid=imp_000011112222333344&u=http%3A%2F%2Faffil.walmart.com%2Fcart%2FaddToCart%3Fitems%3D922877656,
2026-03-01,olive_oil,extra virgin olive oil 2 liter,Ridgefield,98642,18175364908,070404009039,"Pompeian Smooth & Fruity Extra Virgin Olive Oil, 2 L",Pompeian,Home Page/Food/Pantry/Pantry meal essentials,976759_976794_2807108,,32.99,,,5.0,1.0,True,Available,https://goto.walmart.com/c/|PUBID|/568844/9383?veh=aff&sourceid=imp_000011112222333344&u=http%3A%2F%2Faffil.walmart.com%2Fcart%2FaddToCart%3Fitems%3D18175364908,
2026-03-01,olive_oil,extra virgin olive oil 2 liter,Ridgefield,98642,714620818,039153011182,"Colavita Organic Extra Virgin Olive Oil, First Cold Pressed, Imported from Italy, 2 Liters",Colavita,Home Page/Food/Pantry/Pantry meal essentials,976759_976794_2807108,,54.99,0.0,,,,True,Available,https://goto.walmart.com/c/|PUBID|/568844/9383?veh=aff&sourceid=imp_000011112222333344&u=http%3A%2F%2Faffil.walmart.com%2Fcart%2FaddToCart%3Fitems%3D714620818,
2026-03-01,olive_oil,extra virgin olive oil 2 liter,Ridgefield,98642,19376552137,725821100752,Borges Extra Virgin Olive Oil 2L 67.6 fl oz,Borges,Home Page/Food/Pantry/International foods/European & Mediterranean,976759_976794_3854465,,45.0,,,,,True,Available,https://goto.walmart.com/c/|PUBID|/568844/9383?veh=aff&sourceid=imp_000011112222333344&u=http%3A%2F%2Faffil.walmart.com%2Fcart%2FaddToCart%3Fitems%3D19376552137,
2026-03-01,olive_oil,extra virgin olive oil 2 liter,Ridgefield,98642,527584597,371655339464,Kirkland Signature Organic Extra Virgin Olive Oil 2L (2QT 3.6 fl. oz)-set 4,Kirkland Signature,Home Page/Food/Pantry/Pantry meal essentials,976759_976794_2807108,,145.24,145.0,-0.17,,,True,Available,https://goto.walmart.com/c/|PUBID|/568844/9383?veh=aff&sourceid=imp_000011112222333344&u=http%3A%2F%2Faffil.walmart.com%2Fcart%2FaddToCart%3Fitems%3D527584597,
2026-03-01,olive_oil,extra virgin olive oil 2 liter,Ridgefield,98642,534173164,768253158670,"Extra Virgin Italian Olive Oil, 2 L",EP,Home Page/Food/Pantry/Cooking oils & vinegar/Olive oils,976759_976794_4649724,,49.98,0.0,,,,True,Available,https://goto.walmart.com/c/|PUBID|/568844/9383?veh=aff&sourceid=imp_000011112222333344&u=http%3A%2F%2Faffil.walmart.com%2Fcart%2FaddToCart%3Fitems%3D534173164,
2026-03-01,olive_oil,extra virgin olive oil 2 liter,Ridgefield,98642,407850202,096619420438,"2 Pack | Kirkland Signature Organic Extra Virgin Olive Oil, 2 L",Kirkland Signature,Home Page/Food/Pantry/Cooking oils & vinegar/Olive oils,976759_976794_4649724,,57.99,,,5.0,3.0,True,Available,https://goto.walmart.com/c/|PUBID|/568844/9383?veh=aff&sourceid=imp_000011112222333344&u=http%3A%2F%2Faffil.walmart.com%2Fcart%2FaddToCart%3Fitems%3D407850202,
2026-03-01,olive_oil,extra virgin olive oil 2 liter,Ridgefield,98642,474788994,888670073223,"Wellsley Farms Organic Extra Virgin Olive Oil, 2L",Wellsley Farms,Home Page/Food/Pantry/Cooking oils & vinegar/Olive oils,976759_976794_4649724,,37.64,48.66,22.65,0.0,0.0,True,Available,https://goto.walmart.com/c/|PUBID|/568844/9383?veh=aff&sourceid=imp_000011112222333344&u=http%3A%2F%2Faffil.walmart.com%2Fcart%2FaddToCart%3Fitems%3D474788994,
2026-03-01,olive_oil,extra virgin olive oil 2 liter,Ridgefield,98642,645755950,371655339471,Kirkland Signature Organic Extra Virgin Olive Oil 2L (2QT 3.6 fl. oz)-set 10,Kirkland Signature,Home Page/Food/Pantry/Pantry meal essentials,976759_976794_2807108,,400.75,400.75,0.0,,,True,Available,https://goto.walmart.com/c/|PUBID|/568844/9383?veh=aff&sourceid=imp_000011112222333344&u=http%3A%2F%2Faffil.walmart.com%2Fcart%2FaddToCart%3Fitems%3D645755950,
2026-03-01,olive_oil,extra virgin olive oil 2 liter,Ridgefield,98642,5202769455,604965250861,"De La Rosa 613 Extra Virgin Olive Oil, 2 L",Delarosa613,Home Page/Food/Pantry/Cooking oils & vinegar/Olive oils,976759_976794_4649724,,31.98,,,,,True,Available,https://goto.walmart.com/c/|PUBID|/568844/9383?veh=aff&sourceid=imp_000011112222333344&u=http%3A%2F%2Faffil.walmart.com%2Fcart%2FaddToCart%3Fitems%3D5202769455,
2026-03-01,olive_oil,extra virgin olive oil 2 liter,Ridgefield,98642,1455409348,759242893757,"3 Pack | Kirkland Signature Organic Extra Virgin Olive Oil, 2 L",Kirkland Signature,Home Page/Food/Pantry/Cooking oils & vinegar/Olive oils,976759_976794_4649724,,94.99,140.27,32.28,5.0,1.0,True,Available,https://goto.walmart.com/c/|PUBID|/568844/9383?veh=aff&sourceid=imp_000011112222333344&u=http%3A%2F%2Faffil.walmart.com%2Fcart%2FaddToCart%3Fitems%3D1455409348,
2026-03-01,olive_oil,extra virgin olive oil 2 liter,Ridgefield,98642,644774545,371655300419,"Kirkland Signature 2 x Organic Extra Virgin Olive Oil, 2 Liters - SET OF 10",Kirkland Signature,Home Page/Food/Pantry/Pantry meal essentials,976759_976794_2807108,,400.75,400.75,0.0,,,True,Available,https://goto.walmart.com/c/|PUBID|/568844/9383?veh=aff&sourceid=imp_000011112222333344&u=http%3A%2F%2Faffil.walmart.com%2Fcart%2FaddToCart%3Fitems%3D644774545,
2026-03-01,olive_oil,extra virgin olive oil 2 liter,Ridgefield,98642,1238378419,,Alhorro extra virgin Moroccan olive oil 1-2L,Alhorro,Home Page/Food/Pantry/Pantry meal essentials,976759_976794_2807108,,29.9,29.99,0.3,,,True,Available,https://goto.walmart.com/c/|PUBID|/568844/9383?veh=aff&sourceid=imp_000011112222333344&u=http%3A%2F%2Faffil.walmart.com%2Fcart%2FaddToCart%3Fitems%3D1238378419,
2026-03-01,olive_oil,extra virgin olive oil 2 liter,Ridgefield,98642,569824677,096619433872,"Kirkland Signature hZKjAt Organic Extra Virgin Olive Oil, 2L (5 Pack)",Kirkland Signature,Home Page/Food/Pantry/Cooking oils & vinegar/Olive oils,976759_976794_4649724,,135.99,,,1.0,1.0,True,Available,https://goto.walmart.com/c/|PUBID|/568844/9383?veh=aff&sourceid=imp_000011112222333344&u=http%3A%2F%2Faffil.walmart.com%2Fcart%2FaddToCart%3Fitems%3D569824677,
2026-03-01,olive_oil,extra virgin olive oil 2 liter,Ridgefield,98642,15467151473,100141522499,"Pack of 2 - TJs Extra Virgin Olive Oil, Liter 33.8 Fl Oz",TJS,Home Page/Food/Pantry/Cooking oils & vinegar/Olive oils,976759_976794_4649724,,36.95,,,,,True,Available,https://goto.walmart.com/c/|PUBID|/568844/9383?veh=aff&sourceid=imp_000011112222333344&u=http%3A%2F%2Faffil.walmart.com%2Fcart%2FaddToCart%3Fitems%3D15467151473,
2026-03-01,olive_oil,extra virgin olive oil 2 liter,Ridgefield,98642,565355304,041790004427,Bertolli Extra Light Olive Oil (2 L),Bertolli,Home Page/Food/Pantry/Pantry meal essentials,976759_976794_2807108,,30.99,23.78,-30.32,4.8,5507.0,True,Available,https://goto.walmart.com/c/|PUBID|/568844/9383?veh=aff&sourceid=imp_000011112222333344&u=http%3A%2F%2Faffil.walmart.com%2Fcart%2FaddToCart%3Fitems%3D565355304,
2026-03-01,olive_oil,extra virgin olive oil 2 liter,Ridgefield,98642,905673127,850455000113,Antonio Celentano Extra Virgin Olive Oil 1 Liter PET Bottle 2 Pack,Antonio Celentano,Home Page/Food/Pantry/Cooking oils & vinegar/Olive oils,976759_976794_4649724,,58.0,,,,,True,Available,https://goto.walmart.com/c/|PUBID|/568844/9383?veh=aff&sourceid=imp_000011112222333344&u=http%3A%2F%2Faffil.walmart.com%2Fcart%2FaddToCart%3Fitems%3D905673127,
2026-03-01,olive_oil,extra virgin olive oil 2 liter,Ridgefield,98642,2436649325,723651252061,Pompeian Robust Extra Virgin Olive Oil 68 fl oz (Pack of 2),Pompeian,Home Page/Food/Pantry/Cooking oils & vinegar/Olive oils,976759_976794_4649724,,55.94,57.97,3.5,,,True,Available,https://goto.walmart.com/c/|PUBID|/568844/9383?veh=aff&sourceid=imp_000011112222333344&u=http%3A%2F%2Faffil.walmart.com%2Fcart%2FaddToCart%3Fitems%3D2436649325,
2026-03-01,olive_oil,extra virgin olive oil 2 liter,Ridgefield,98642,12565370940,,Kirkland Signature Organic Cold Pressed Extra Virgin Olive Oil - 2 L,Kirkland Signature,Home Page/Food/Pantry/Pantry meal essentials,976759_976794_2807108,,49.99,48.99,-2.04,,,False,Not available,https://goto.walmart.com/c/|PUBID|/568844/9383?veh=aff&sourceid=imp_000011112222333344&u=http%3A%2F%2Faffil.walmart.com%2Fcart%2FaddToCart%3Fitems%3D12565370940,
2026-03-01,olive_oil,extra virgin olive oil 2 liter,Ridgefield,98642,15399355177,460325005034,"(2 pack) La Espanola Extra Virgin Olive Oil, 68 FL oz",La Española,Home Page/Food/Pantry/Cooking oils & vinegar/Olive oils,976759_976794_4649724,,59.96,,,4.4,36.0,False,Not available,https://goto.walmart.com/c/|PUBID|/568844/9383?veh=aff&sourceid=imp_000011112222333344&u=http%3A%2F%2Faffil.walmart.com%2Fcart%2FaddToCart%3Fitems%3D15399355177,
2026-03-01,olive_oil,extra virgin olive oil 2 liter,Ridgefield,98642,14789673489,661270946759,"Organic Extra Olive Oil, 67.68 Fluid Ounce",Unbranded,Home Page/Food/Pantry/Pantry meal essentials,976759_976794_2807108,,55.0,,,,,True,Available,https://goto.walmart.com/c/|PUBID|/568844/9383?veh=aff&sourceid=imp_000011112222333344&u=http%3A%2F%2Faffil.walmart.com%2Fcart%2FaddToCart%3Fitems%3D14789673489,
2026-03-01,olive_oil,extra virgin olive oil 2 liter,Ridgefield,98642,19194464615,462517376540,"(2 pack) ZOE Extra Virgin Olive Oil 1L (33.8 fl oz), First Cold-Pressed",ZOE,Home Page/Food/Pantry/Pantry meal essentials,976759_976794_2807108,,55.98,59.98,6.67,,,True,Available,https://goto.walmart.com/c/|PUBID|/568844/9383?veh=aff&sourceid=imp_000011112222333344&u=http%3A%2F%2Faffil.walmart.com%2Fcart%2FaddToCart%3Fitems%3D19194464615,
2026-03-01,olive_oil,extra virgin olive oil 2 liter,Ridgefield,98642,1880447820,644197911857,3 Pack | Bertolli Extra Light Olive Oil (2 L),Bertolli,Home Page/Food/Pantry/Cooking oils & vinegar/Olive oils,976759_976794_4649724,,79.98,,,,,True,Available,https://goto.walmart.com/c/|PUBID|/568844/9383?veh=aff&sourceid=imp_000011112222333344&u=http%3A%2F%2Faffil.walmart.com%2Fcart%2FaddToCart%3Fitems%3D1880447820,
2026-03-01,olive_oil,extra virgin olive oil 2 liter,Ridgefield,98642,14929118449,,"Terra Delyssa Organic Extra Virgin Olive Oil, 1L (Pack of 2)",Terra,Home Page/Food/Pantry/Cooking oils & vinegar/Olive oils,976759_976794_4649724,,32.51,35.66,8.83,4.8,361.0,True,Available,https://goto.walmart.com/c/|PUBID|/568844/9383?veh=aff&sourceid=imp_000011112222333344&u=http%3A%2F%2Faffil.walmart.com%2Fcart%2FaddToCart%3Fitems%3D14929118449,
2026-03-01,olive_oil,extra virgin olive oil 2 liter,Ridgefield,98642,1062102151,644197911833,2 Pack | Bertolli Extra Light Olive Oil (2 L),Bertolli,Home Page/Food/Pantry/Pantry meal essentials,976759_976794_2807108,,54.99,54.99,0.0,,,True,Available,https://goto.walmart.com/c/|PUBID|/568844/9383?veh=aff&sourceid=imp_000011112222333344&u=http%3A%2F%2Faffil.walmart.com%2Fcart%2FaddToCart%3Fitems%3D1062102151,
2026-03-01,olive_oil,extra virgin olive oil 2 liter,Ridgefield,98642,15330553770,070404008742,"Pompeian Simply Light Taste Olive Oil, 2 Liter, 2 ct",Pompeian,Home Page/Food/Pantry/Cooking oils & vinegar/Olive oils,976759_976794_4649724,,59.95,,,5.0,1.0,True,Available,https://goto.walmart.com/c/|PUBID|/568844/9383?veh=aff&sourceid=imp_000011112222333344&u=http%3A%2F%2Faffil.walmart.com%2Fcart%2FaddToCart%3Fitems%3D15330553770,
2026-03-01,olive_oil,extra virgin olive oil 2 liter,Ridgefield,98642,15633356125,,Trader Giotto’s 100% Italian Organic Cold Pressed Extra Virgin Olive Oil 16.9fl oz 500ml (2 Bottles),Trader Giottos,Home Page/Food/Pantry/Cooking oils & vinegar/Olive oils,976759_976794_4649724,,41.5,,,,,True,Available,https://goto.walmart.com/c/|PUBID|/568844/9383?veh=aff&sourceid=imp_000011112222333344&u=http%3A%2F%2Faffil.walmart.com%2Fcart%2FaddToCart%3Fitems%3D15633356125,
2026-03-01,olive_oil,extra virgin olive oil 2 liter,Ridgefield,98642,1487662808,011110044235,"KG Extra Virgin Olive Oil Cold Extracted, Rich and Fruity Flavor 101 fl oz , 2 Pack + Bonus",KG,Home Page/Food/Pantry/Pantry meal essentials,976759_976794_2807108,,159.99,,,,,True,Available,https://goto.walmart.com/c/|PUBID|/568844/9383?veh=aff&sourceid=imp_000011112222333344&u=http%3A%2F%2Faffil.walmart.com%2Fcart%2FaddToCart%3Fitems%3D1487662808,
2026-03-01,olive_oil,extra virgin olive oil 2 liter,Ridgefield,98642,318552176,783399844676,Pompeian Imported Extra Virgin Organic Olive Oil (Pack of 2),Pompeian,Home Page/Food/Pantry/Pantry meal essentials,976759_976794_2807108,,21.49,25.77,16.61,,,True,Available,https://goto.walmart.com/c/|PUBID|/568844/9383?veh=aff&sourceid=imp_000011112222333344&u=http%3A%2F%2Faffil.walmart.com%2Fcart%2FaddToCart%3Fitems%3D318552176,
2026-03-01,olive_oil,extra virgin olive oil 2 liter,Lacey,98503,577293810,096619710553,Kirkland Signature Extra Virgin Italian Olive Oil 2 L,Kirkland Signature,Home Page/Food/Pantry/Cooking oils & vinegar/Olive oils,976759_976794_4649724,,45.52,61.71,26.24,4.6,21.0,True,Available,https://goto.walmart.com/c/|PUBID|/568844/9383?veh=aff&sourceid=imp_000011112222333344&u=http%3A%2F%2Faffil.walmart.com%2Fcart%2FaddToCart%3Fitems%3D577293810,
2026-03-01,olive_oil,extra virgin olive oil 2 liter,Lacey,98503,922877656,371655300402,"Kirkland Signature 2 x Organic Extra Virgin Olive Oil, 2 Liters - SET OF 4",Kirkland Signature,Home Page/Food/Pantry/Cooking oils & vinegar/Olive oils,976759_976794_4649724,,144.95,156.25,7.23,5.0,1.0,True,Available,https://goto.walmart.com/c/|PUBID|/568844/9383?veh=aff&sourceid=imp_000011112222333344&u=http%3A%2F%2Faffil.walmart.com%2Fcart%2FaddToCart%3Fitems%3D922877656,
2026-03-01,olive_oil,extra virgin olive oil 2 liter,Lacey,98503,18175364908,070404009039,"Pompeian Smooth & Fruity Extra Virgin Olive Oil, 2 L",Pompeian,Home Page/Food/Pantry/Pantry meal essentials,976759_976794_2807108,,32.99,,,5.0,1.0,True,Available,https://goto.walmart.com/c/|PUBID|/568844/9383?veh=aff&sourceid=imp_000011112222333344&u=http%3A%2F%2Faffil.walmart.com%2Fcart%2FaddToCart%3Fitems%3D18175364908,
2026-03-01,olive_oil,extra virgin olive oil 2 liter,Lacey,98503,714620818,039153011182,"Colavita Organic Extra Virgin Olive Oil, First Cold Pressed, Imported from Italy, 2 Liters",Colavita,Home Page/Food/Pantry/Pantry meal essentials,976759_976794_2807108,,54.99,0.0,,,,True,Available,https://goto.walmart.com/c/|PUBID|/568844/9383?veh=aff&sourceid=imp_000011112222333344&u=http%3A%2F%2Faffil.walmart.com%2Fcart%2FaddToCart%3Fitems%3D714620818,
2026-03-01,olive_oil,extra virgin olive oil 2 liter,Lacey,98503,19376552137,725821100752,Borges Extra Virgin Olive Oil 2L 67.6 fl oz,Borges,Home Page/Food/Pantry/International foods/European & Mediterranean,976759_976794_3854465,,45.0,,,,,True,Available,https://goto.walmart.com/c/|PUBID|/568844/9383?veh=aff&sourceid=imp_000011112222333344&u=http%3A%2F%2Faffil.walmart.com%2Fcart%2FaddToCart%3Fitems%3D19376552137,
2026-03-01,olive_oil,extra virgin olive oil 2 liter,Lacey,98503,527584597,371655339464,Kirkland Signature Organic Extra Virgin Olive Oil 2L (2QT 3.6 fl. oz)-set 4,Kirkland Signature,Home Page/Food/Pantry/Pantry meal essentials,976759_976794_2807108,,145.24,145.0,-0.17,,,True,Available,https://goto.walmart.com/c/|PUBID|/568844/9383?veh=aff&sourceid=imp_000011112222333344&u=http%3A%2F%2Faffil.walmart.com%2Fcart%2FaddToCart%3Fitems%3D527584597,
2026-03-01,olive_oil,extra virgin olive oil 2 liter,Lacey,98503,534173164,768253158670,"Extra Virgin Italian Olive Oil, 2 L",EP,Home Page/Food/Pantry/Cooking oils & vinegar/Olive oils,976759_976794_4649724,,49.98,0.0,,,,True,Available,https://goto.walmart.com/c/|PUBID|/568844/9383?veh=aff&sourceid=imp_000011112222333344&u=http%3A%2F%2Faffil.walmart.com%2Fcart%2FaddToCart%3Fitems%3D534173164,
2026-03-01,olive_oil,extra virgin olive oil 2 liter,Lacey,98503,407850202,096619420438,"2 Pack | Kirkland Signature Organic Extra Virgin Olive Oil, 2 L",Kirkland Signature,Home Page/Food/Pantry/Cooking oils & vinegar/Olive oils,976759_976794_4649724,,57.99,,,5.0,3.0,True,Available,https://goto.walmart.com/c/|PUBID|/568844/9383?veh=aff&sourceid=imp_000011112222333344&u=http%3A%2F%2Faffil.walmart.com%2Fcart%2FaddToCart%3Fitems%3D407850202,
2026-03-01,olive_oil,extra virgin olive oil 2 liter,Lacey,98503,474788994,888670073223,"Wellsley Farms Organic Extra Virgin Olive Oil, 2L",Wellsley Farms,Home Page/Food/Pantry/Cooking oils & vinegar/Olive oils,976759_976794_4649724,,37.63,48.66,22.67,0.0,0.0,True,Available,https://goto.walmart.com/c/|PUBID|/568844/9383?veh=aff&sourceid=imp_000011112222333344&u=http%3A%2F%2Faffil.walmart.com%2Fcart%2FaddToCart%3Fitems%3D474788994,
2026-03-01,olive_oil,extra virgin olive oil 2 liter,Lacey,98503,645755950,371655339471,Kirkland Signature Organic Extra Virgin Olive Oil 2L (2QT 3.6 fl. oz)-set 10,Kirkland Signature,Home Page/Food/Pantry/Pantry meal essentials,976759_976794_2807108,,400.75,400.75,0.0,,,True,Available,https://goto.walmart.com/c/|PUBID|/568844/9383?veh=aff&sourceid=imp_000011112222333344&u=http%3A%2F%2Faffil.walmart.com%2Fcart%2FaddToCart%3Fitems%3D645755950,
2026-03-01,olive_oil,extra virgin olive oil 2 liter,Lacey,98503,5202769455,604965250861,"De La Rosa 613 Extra Virgin Olive Oil, 2 L",Delarosa613,Home Page/Food/Pantry/Cooking oils & vinegar/Olive oils,976759_976794_4649724,,31.98,,,,,True,Available,https://goto.walmart.com/c/|PUBID|/568844/9383?veh=aff&sourceid=imp_000011112222333344&u=http%3A%2F%2Faffil.walmart.com%2Fcart%2FaddToCart%3Fitems%3D5202769455,
2026-03-01,olive_oil,extra virgin olive oil 2 liter,Lacey,98503,1455409348,759242893757,"3 Pack | Kirkland Signature Organic Extra Virgin Olive Oil, 2 L",Kirkland Signature,Home Page/Food/Pantry/Cooking oils & vinegar/Olive oils,976759_976794_4649724,,94.99,140.27,32.28,5.0,1.0,True,Available,https://goto.walmart.com/c/|PUBID|/568844/9383?veh=aff&sourceid=imp_000011112222333344&u=http%3A%2F%2Faffil.walmart.com%2Fcart%2FaddToCart%3Fitems%3D1455409348,
2026-03-01,olive_oil,extra virgin olive oil 2 liter,Lacey,98503,644774545,371655300419,"Kirkland Signature 2 x Organic Extra Virgin Olive Oil, 2 Liters - SET OF 10",Kirkland Signature,Home Page/Food/Pantry/Pantry meal essentials,976759_976794_2807108,,400.75,400.75,0.0,,,True,Available,https://goto.walmart.com/c/|PUBID|/568844/9383?veh=aff&sourceid=imp_000011112222333344&u=http%3A%2F%2Faffil.walmart.com%2Fcart%2FaddToCart%3Fitems%3D644774545,
2026-03-01,olive_oil,extra virgin olive oil 2 liter,Lacey,98503,1238378419,,Alhorro extra virgin Moroccan olive oil 1-2L,Alhorro,Home Page/Food/Pantry/Pantry meal essentials,976759_976794_2807108,,29.9,29.99,0.3,,,True,Available,https://goto.walmart.com/c/|PUBID|/568844/9383?veh=aff&sourceid=imp_000011112222333344&u=http%3A%2F%2Faffil.walmart.com%2Fcart%2FaddToCart%3Fitems%3D1238378419,
2026-03-01,olive_oil,extra virgin olive oil 2 liter,Lacey,98503,569824677,096619433872,"Kirkland Signature hZKjAt Organic Extra Virgin Olive Oil, 2L (5 Pack)",Kirkland Signature,Home Page/Food/Pantry/Cooking oils & vinegar/Olive oils,976759_976794_4649724,,135.99,,,1.0,1.0,True,Available,https://goto.walmart.com/c/|PUBID|/568844/9383?veh=aff&sourceid=imp_000011112222333344&u=http%3A%2F%2Faffil.walmart.com%2Fcart%2FaddToCart%3Fitems%3D569824677,
2026-03-01,olive_oil,extra virgin olive oil 2 liter,Lacey,98503,15467151473,100141522499,"Pack of 2 - TJs Extra Virgin Olive Oil, Liter 33.8 Fl Oz",TJS,Home Page/Food/Pantry/Cooking oils & vinegar/Olive oils,976759_976794_4649724,,36.95,,,,,True,Available,https://goto.walmart.com/c/|PUBID|/568844/9383?veh=aff&sourceid=imp_000011112222333344&u=http%3A%2F%2Faffil.walmart.com%2Fcart%2FaddToCart%3Fitems%3D15467151473,
2026-03-01,olive_oil,extra virgin olive oil 2 liter,Lacey,98503,565355304,041790004427,Bertolli Extra Light Olive Oil (2 L),Bertolli,Home Page/Food/Pantry/Pantry meal essentials,976759_976794_2807108,,30.99,23.78,-30.32,4.8,5507.0,True,Available,https://goto.walmart.com/c/|PUBID|/568844/9383?veh=aff&sourceid=imp_000011112222333344&u=http%3A%2F%2Faffil.walmart.com%2Fcart%2FaddToCart%3Fitems%3D565355304,
2026-03-01,olive_oil,extra virgin olive oil 2 liter,Lacey,98503,905673127,850455000113,Antonio Celentano Extra Virgin Olive Oil 1 Liter PET Bottle 2 Pack,Antonio Celentano,Home Page/Food/Pantry/Cooking oils & vinegar/Olive oils,976759_976794_4649724,,58.0,,,,,True,Available,https://goto.walmart.com/c/|PUBID|/568844/9383?veh=aff&sourceid=imp_000011112222333344&u=http%3A%2F%2Faffil.walmart.com%2Fcart%2FaddToCart%3Fitems%3D905673127,
2026-03-01,olive_oil,extra virgin olive oil 2 liter,Lacey,98503,2436649325,723651252061,Pompeian Robust Extra Virgin Olive Oil 68 fl oz (Pack of 2),Pompeian,Home Page/Food/Pantry/Cooking oils & vinegar/Olive oils,976759_976794_4649724,,55.94,57.97,3.5,,,True,Available,https://goto.walmart.com/c/|PUBID|/568844/9383?veh=aff&sourceid=imp_000011112222333344&u=http%3A%2F%2Faffil.walmart.com%2Fcart%2FaddToCart%3Fitems%3D2436649325,
2026-03-01,olive_oil,extra virgin olive oil 2 liter,Lacey,98503,12565370940,,Kirkland Signature Organic Cold Pressed Extra Virgin Olive Oil - 2 L,Kirkland Signature,Home Page/Food/Pantry/Pantry meal essentials,976759_976794_2807108,,49.99,48.99,-2.04,,,False,Not available,https://goto.walmart.com/c/|PUBID|/568844/9383?veh=aff&sourceid=imp_000011112222333344&u=http%3A%2F%2Faffil.walmart.com%2Fcart%2FaddToCart%3Fitems%3D12565370940,
2026-03-01,olive_oil,extra virgin olive oil 2 liter,Lacey,98503,15399355177,460325005034,"(2 pack) La Espanola Extra Virgin Olive Oil, 68 FL oz",La Española,Home Page/Food/Pantry/Cooking oils & vinegar/Olive oils,976759_976794_4649724,,59.96,,,4.4,36.0,False,Not available,https://goto.walmart.com/c/|PUBID|/568844/9383?veh=aff&sourceid=imp_000011112222333344&u=http%3A%2F%2Faffil.walmart.com%2Fcart%2FaddToCart%3Fitems%3D15399355177,
2026-03-01,olive_oil,extra virgin olive oil 2 liter,Lacey,98503,14789673489,661270946759,"Organic Extra Olive Oil, 67.68 Fluid Ounce",Unbranded,Home Page/Food/Pantry/Pantry meal essentials,976759_976794_2807108,,55.0,,,,,True,Available,https://goto.walmart.com/c/|PUBID|/568844/9383?veh=aff&sourceid=imp_000011112222333344&u=http%3A%2F%2Faffil.walmart.com%2Fcart%2FaddToCart%3Fitems%3D14789673489,
2026-03-01,olive_oil,extra virgin olive oil 2 liter,Lacey,98503,19194464615,462517376540,"(2 pack) ZOE Extra Virgin Olive Oil 1L (33.8 fl oz), First Cold-Pressed",ZOE,Home Page/Food/Pantry/Pantry meal essentials,976759_976794_2807108,,55.98,59.98,6.67,,,True,Available,https://goto.walmart.com/c/|PUBID|/568844/9383?veh=aff&sourceid=imp_000011112222333344&u=http%3A%2F%2Faffil.walmart.com%2Fcart%2FaddToCart%3Fitems%3D19194464615,
2026-03-01,olive_oil,extra virgin olive oil 2 liter,Lacey,98503,1880447820,644197911857,3 Pack | Bertolli Extra Light Olive Oil (2 L),Bertolli,Home Page/Food/Pantry/Cooking oils & vinegar/Olive oils,976759_976794_4649724,,79.98,,,,,True,Available,https://goto.walmart.com/c/|PUBID|/568844/9383?veh=aff&sourceid=imp_000011112222333344&u=http%3A%2F%2Faffil.walmart.com%2Fcart%2FaddToCart%3Fitems%3D1880447820,
2026-03-01,olive_oil,extra virgin olive oil 2 liter,Lacey,98503,14929118449,,"Terra Delyssa Organic Extra Virgin Olive Oil, 1L (Pack of 2)",Terra,Home Page/Food/Pantry/Cooking oils & vinegar/Olive oils,976759_976794_4649724,,32.51,35.66,8.83,4.8,361.0,True,Available,https://goto.walmart.com/c/|PUBID|/568844/9383?veh=aff&sourceid=imp_000011112222333344&u=http%3A%2F%2Faffil.walmart.com%2Fcart%2FaddToCart%3Fitems%3D14929118449,
2026-03-01,olive_oil,extra virgin olive oil 2 liter,Lacey,98503,1062102151,644197911833,2 Pack | Bertolli Extra Light Olive Oil (2 L),Bertolli,Home Page/Food/Pantry/Pantry meal essentials,976759_976794_2807108,,54.99,54.99,0.0,,,True,Available,https://goto.walmart.com/c/|PUBID|/568844/9383?veh=aff&sourceid=imp_000011112222333344&u=http%3A%2F%2Faffil.walmart.com%2Fcart%2FaddToCart%3Fitems%3D1062102151,
2026-03-01,olive_oil,extra virgin olive oil 2 liter,Lacey,98503,15330553770,070404008742,"Pompeian Simply Light Taste Olive Oil, 2 Liter, 2 ct",Pompeian,Home Page/Food/Pantry/Cooking oils & vinegar/Olive oils,976759_976794_4649724,,59.95,,,5.0,1.0,True,Available,https://goto.walmart.com/c/|PUBID|/568844/9383?veh=aff&sourceid=imp_000011112222333344&u=http%3A%2F%2Faffil.walmart.com%2Fcart%2FaddToCart%3Fitems%3D15330553770,
2026-03-01,olive_oil,extra virgin olive oil 2 liter,Lacey,98503,15633356125,,Trader Giotto’s 100% Italian Organic Cold Pressed Extra Virgin Olive Oil 16.9fl oz 500ml (2 Bottles),Trader Giottos,Home Page/Food/Pantry/Cooking oils & vinegar/Olive oils,976759_976794_4649724,,41.5,,,,,True,Available,https://goto.walmart.com/c/|PUBID|/568844/9383?veh=aff&sourceid=imp_000011112222333344&u=http%3A%2F%2Faffil.walmart.com%2Fcart%2FaddToCart%3Fitems%3D15633356125,
2026-03-01,olive_oil,extra virgin olive oil 2 liter,Lacey,98503,1487662808,011110044235,"KG Extra Virgin Olive Oil Cold Extracted, Rich and Fruity Flavor 101 fl oz , 2 Pack + Bonus",KG,Home Page/Food/Pantry/Pantry meal essentials,976759_976794_2807108,,159.99,,,,,True,Available,https://goto.walmart.com/c/|PUBID|/568844/9383?veh=aff&sourceid=imp_000011112222333344&u=http%3A%2F%2Faffil.walmart.com%2Fcart%2FaddToCart%3Fitems%3D1487662808,
2026-03-01,olive_oil,extra virgin olive oil 2 liter,Lacey,98503,318552176,783399844676,Pompeian Imported Extra Virgin Organic Olive Oil (Pack of 2),Pompeian,Home Page/Food/Pantry/Pantry meal essentials,976759_976794_2807108,,21.49,25.77,16.61,,,True,Available,https://goto.walmart.com/c/|PUBID|/568844/9383?veh=aff&sourceid=imp_000011112222333344&u=http%3A%2F%2Faffil.walmart.com%2Fcart%2FaddToCart%3Fitems%3D318552176,
2026-03-01,olive_oil,extra virgin olive oil 2 liter,Burlington,98233,577293810,096619710553,Kirkland Signature Extra Virgin Italian Olive Oil 2 L,Kirkland Signature,Home Page/Food/Pantry/Cooking oils & vinegar/Olive oils,976759_976794_4649724,,45.52,61.71,26.24,4.6,21.0,True,Available,https://goto.walmart.com/c/|PUBID|/568844/9383?veh=aff&sourceid=imp_000011112222333344&u=http%3A%2F%2Faffil.walmart.com%2Fcart%2FaddToCart%3Fitems%3D577293810,
2026-03-01,olive_oil,extra virgin olive oil 2 liter,Burlington,98233,922877656,371655300402,"Kirkland Signature 2 x Organic Extra Virgin Olive Oil, 2 Liters - SET OF 4",Kirkland Signature,Home Page/Food/Pantry/Cooking oils & vinegar/Olive oils,976759_976794_4649724,,144.95,156.25,7.23,5.0,1.0,True,Available,https://goto.walmart.com/c/|PUBID|/568844/9383?veh=aff&sourceid=imp_000011112222333344&u=http%3A%2F%2Faffil.walmart.com%2Fcart%2FaddToCart%3Fitems%3D922877656,
2026-03-01,olive_oil,extra virgin olive oil 2 liter,Burlington,98233,18175364908,070404009039,"Pompeian Smooth & Fruity Extra Virgin Olive Oil, 2 L",Pompeian,Home Page/Food/Pantry/Pantry meal essentials,976759_976794_2807108,,32.99,,,5.0,1.0,True,Available,https://goto.walmart.com/c/|PUBID|/568844/9383?veh=aff&sourceid=imp_000011112222333344&u=http%3A%2F%2Faffil.walmart.com%2Fcart%2FaddToCart%3Fitems%3D18175364908,
2026-03-01,olive_oil,extra virgin olive oil 2 liter,Burlington,98233,714620818,039153011182,"Colavita Organic Extra Virgin Olive Oil, First Cold Pressed, Imported from Italy, 2 Liters",Colavita,Home Page/Food/Pantry/Pantry meal essentials,976759_976794_2807108,,54.99,0.0,,,,True,Available,https://goto.walmart.com/c/|PUBID|/568844/9383?veh=aff&sourceid=imp_000011112222333344&u=http%3A%2F%2Faffil.walmart.com%2Fcart%2FaddToCart%3Fitems%3D714620818,
2026-03-01,olive_oil,extra virgin olive oil 2 liter,Burlington,98233,19376552137,725821100752,Borges Extra Virgin Olive Oil 2L 67.6 fl oz,Borges,Home Page/Food/Pantry/International foods/European & Mediterranean,976759_976794_3854465,,45.0,,,,,True,Available,https://goto.walmart.com/c/|PUBID|/568844/9383?veh=aff&sourceid=imp_000011112222333344&u=http%3A%2F%2Faffil.walmart.com%2Fcart%2FaddToCart%3Fitems%3D19376552137,
2026-03-01,olive_oil,extra virgin olive oil 2 liter,Burlington,98233,527584597,371655339464,Kirkland Signature Organic Extra Virgin Olive Oil 2L (2QT 3.6 fl. oz)-set 4,Kirkland Signature,Home Page/Food/Pantry/Pantry meal essentials,976759_976794_2807108,,145.24,145.0,-0.17,,,True,Available,https://goto.walmart.com/c/|PUBID|/568844/9383?veh=aff&sourceid=imp_000011112222333344&u=http%3A%2F%2Faffil.walmart.com%2Fcart%2FaddToCart%3Fitems%3D527584597,
2026-03-01,olive_oil,extra virgin olive oil 2 liter,Burlington,98233,534173164,768253158670,"Extra Virgin Italian Olive Oil, 2 L",EP,Home Page/Food/Pantry/Cooking oils & vinegar/Olive oils,976759_976794_4649724,,49.98,0.0,,,,True,Available,https://goto.walmart.com/c/|PUBID|/568844/9383?veh=aff&sourceid=imp_000011112222333344&u=http%3A%2F%2Faffil.walmart.com%2Fcart%2FaddToCart%3Fitems%3D534173164,
2026-03-01,olive_oil,extra virgin olive oil 2 liter,Burlington,98233,407850202,096619420438,"2 Pack | Kirkland Signature Organic Extra Virgin Olive Oil, 2 L",Kirkland Signature,Home Page/Food/Pantry/Cooking oils & vinegar/Olive oils,976759_976794_4649724,,57.99,,,5.0,3.0,True,Available,https://goto.walmart.com/c/|PUBID|/568844/9383?veh=aff&sourceid=imp_000011112222333344&u=http%3A%2F%2Faffil.walmart.com%2Fcart%2FaddToCart%3Fitems%3D407850202,
2026-03-01,olive_oil,extra virgin olive oil 2 liter,Burlington,98233,474788994,888670073223,"Wellsley Farms Organic Extra Virgin Olive Oil, 2L",Wellsley Farms,Home Page/Food/Pantry/Cooking oils & vinegar/Olive oils,976759_976794_4649724,,37.64,48.66,22.65,0.0,0.0,True,Available,https://goto.walmart.com/c/|PUBID|/568844/9383?veh=aff&sourceid=imp_000011112222333344&u=http%3A%2F%2Faffil.walmart.com%2Fcart%2FaddToCart%3Fitems%3D474788994,
2026-03-01,olive_oil,extra virgin olive oil 2 liter,Burlington,98233,645755950,371655339471,Kirkland Signature Organic Extra Virgin Olive Oil 2L (2QT 3.6 fl. oz)-set 10,Kirkland Signature,Home Page/Food/Pantry/Pantry meal essentials,976759_976794_2807108,,400.75,400.75,0.0,,,True,Available,https://goto.walmart.com/c/|PUBID|/568844/9383?veh=aff&sourceid=imp_000011112222333344&u=http%3A%2F%2Faffil.walmart.com%2Fcart%2FaddToCart%3Fitems%3D645755950,
2026-03-01,olive_oil,extra virgin olive oil 2 liter,Burlington,98233,5202769455,604965250861,"De La Rosa 613 Extra Virgin Olive Oil, 2 L",Delarosa613,Home Page/Food/Pantry/Cooking oils & vinegar/Olive oils,976759_976794_4649724,,31.98,,,,,True,Available,https://goto.walmart.com/c/|PUBID|/568844/9383?veh=aff&sourceid=imp_000011112222333344&u=http%3A%2F%2Faffil.walmart.com%2Fcart%2FaddToCart%3Fitems%3D5202769455,
2026-03-01,olive_oil,extra virgin olive oil 2 liter,Burlington,98233,1455409348,759242893757,"3 Pack | Kirkland Signature Organic Extra Virgin Olive Oil, 2 L",Kirkland Signature,Home Page/Food/Pantry/Cooking oils & vinegar/Olive oils,976759_976794_4649724,,94.99,140.27,32.28,5.0,1.0,True,Available,https://goto.walmart.com/c/|PUBID|/568844/9383?veh=aff&sourceid=imp_000011112222333344&u=http%3A%2F%2Faffil.walmart.com%2Fcart%2FaddToCart%3Fitems%3D1455409348,
2026-03-01,olive_oil,extra virgin olive oil 2 liter,Burlington,98233,644774545,371655300419,"Kirkland Signature 2 x Organic Extra Virgin Olive Oil, 2 Liters - SET OF 10",Kirkland Signature,Home Page/Food/Pantry/Pantry meal essentials,976759_976794_2807108,,400.75,400.75,0.0,,,True,Available,https://goto.walmart.com/c/|PUBID|/568844/9383?veh=aff&sourceid=imp_000011112222333344&u=http%3A%2F%2Faffil.walmart.com%2Fcart%2FaddToCart%3Fitems%3D644774545,
2026-03-01,olive_oil,extra virgin olive oil 2 liter,Burlington,98233,1238378419,,Alhorro extra virgin Moroccan olive oil 1-2L,Alhorro,Home Page/Food/Pantry/Pantry meal essentials,976759_976794_2807108,,29.9,29.99,0.3,,,True,Available,https://goto.walmart.com/c/|PUBID|/568844/9383?veh=aff&sourceid=imp_000011112222333344&u=http%3A%2F%2Faffil.walmart.com%2Fcart%2FaddToCart%3Fitems%3D1238378419,
2026-03-01,olive_oil,extra virgin olive oil 2 liter,Burlington,98233,569824677,096619433872,"Kirkland Signature hZKjAt Organic Extra Virgin Olive Oil, 2L (5 Pack)",Kirkland Signature,Home Page/Food/Pantry/Cooking oils & vinegar/Olive oils,976759_976794_4649724,,135.99,,,1.0,1.0,True,Available,https://goto.walmart.com/c/|PUBID|/568844/9383?veh=aff&sourceid=imp_000011112222333344&u=http%3A%2F%2Faffil.walmart.com%2Fcart%2FaddToCart%3Fitems%3D569824677,
2026-03-01,olive_oil,extra virgin olive oil 2 liter,Burlington,98233,15467151473,100141522499,"Pack of 2 - TJs Extra Virgin Olive Oil, Liter 33.8 Fl Oz",TJS,Home Page/Food/Pantry/Cooking oils & vinegar/Olive oils,976759_976794_4649724,,36.95,,,,,True,Available,https://goto.walmart.com/c/|PUBID|/568844/9383?veh=aff&sourceid=imp_000011112222333344&u=http%3A%2F%2Faffil.walmart.com%2Fcart%2FaddToCart%3Fitems%3D15467151473,
2026-03-01,olive_oil,extra virgin olive oil 2 liter,Burlington,98233,565355304,041790004427,Bertolli Extra Light Olive Oil (2 L),Bertolli,Home Page/Food/Pantry/Pantry meal essentials,976759_976794_2807108,,30.99,23.78,-30.32,4.8,5507.0,True,Available,https://goto.walmart.com/c/|PUBID|/568844/9383?veh=aff&sourceid=imp_000011112222333344&u=http%3A%2F%2Faffil.walmart.com%2Fcart%2FaddToCart%3Fitems%3D565355304,
2026-03-01,olive_oil,extra virgin olive oil 2 liter,Burlington,98233,905673127,850455000113,Antonio Celentano Extra Virgin Olive Oil 1 Liter PET Bottle 2 Pack,Antonio Celentano,Home Page/Food/Pantry/Cooking oils & vinegar/Olive oils,976759_976794_4649724,,58.0,,,,,True,Available,https://goto.walmart.com/c/|PUBID|/568844/9383?veh=aff&sourceid=imp_000011112222333344&u=http%3A%2F%2Faffil.walmart.com%2Fcart%2FaddToCart%3Fitems%3D905673127,
2026-03-01,olive_oil,extra virgin olive oil 2 liter,Burlington,98233,2436649325,723651252061,Pompeian Robust Extra Virgin Olive Oil 68 fl oz (Pack of 2),Pompeian,Home Page/Food/Pantry/Cooking oils & vinegar/Olive oils,976759_976794_4649724,,55.94,57.97,3.5,,,True,Available,https://goto.walmart.com/c/|PUBID|/568844/9383?veh=aff&sourceid=imp_000011112222333344&u=http%3A%2F%2Faffil.walmart.com%2Fcart%2FaddToCart%3Fitems%3D2436649325,
2026-03-01,olive_oil,extra virgin olive oil 2 liter,Burlington,98233,12565370940,,Kirkland Signature Organic Cold Pressed Extra Virgin Olive Oil - 2 L,Kirkland Signature,Home Page/Food/Pantry/Pantry meal essentials,976759_976794_2807108,,49.99,48.99,-2.04,,,False,Not available,https://goto.walmart.com/c/|PUBID|/568844/9383?veh=aff&sourceid=imp_000011112222333344&u=http%3A%2F%2Faffil.walmart.com%2Fcart%2FaddToCart%3Fitems%3D12565370940,
2026-03-01,olive_oil,extra virgin olive oil 2 liter,Burlington,98233,15399355177,460325005034,"(2 pack) La Espanola Extra Virgin Olive Oil, 68 FL oz",La Española,Home Page/Food/Pantry/Cooking oils & vinegar/Olive oils,976759_976794_4649724,,59.96,,,4.4,36.0,False,Not available,https://goto.walmart.com/c/|PUBID|/568844/9383?veh=aff&sourceid=imp_000011112222333344&u=http%3A%2F%2Faffil.walmart.com%2Fcart%2FaddToCart%3Fitems%3D15399355177,
2026-03-01,olive_oil,extra virgin olive oil 2 liter,Burlington,98233,14789673489,661270946759,"Organic Extra Olive Oil, 67.68 Fluid Ounce",Unbranded,Home Page/Food/Pantry/Pantry meal essentials,976759_976794_2807108,,55.0,,,,,True,Available,https://goto.walmart.com/c/|PUBID|/568844/9383?veh=aff&sourceid=imp_000011112222333344&u=http%3A%2F%2Faffil.walmart.com%2Fcart%2FaddToCart%3Fitems%3D14789673489,
2026-03-01,olive_oil,extra virgin olive oil 2 liter,Burlington,98233,19194464615,462517376540,"(2 pack) ZOE Extra Virgin Olive Oil 1L (33.8 fl oz), First Cold-Pressed",ZOE,Home Page/Food/Pantry/Pantry meal essentials,976759_976794_2807108,,55.98,59.98,6.67,,,True,Available,https://goto.walmart.com/c/|PUBID|/568844/9383?veh=aff&sourceid=imp_000011112222333344&u=http%3A%2F%2Faffil.walmart.com%2Fcart%2FaddToCart%3Fitems%3D19194464615,
2026-03-01,olive_oil,extra virgin olive oil 2 liter,Burlington,98233,1880447820,644197911857,3 Pack | Bertolli Extra Light Olive Oil (2 L),Bertolli,Home Page/Food/Pantry/Cooking oils & vinegar/Olive oils,976759_976794_4649724,,79.98,,,,,True,Available,https://goto.walmart.com/c/|PUBID|/568844/9383?veh=aff&sourceid=imp_000011112222333344&u=http%3A%2F%2Faffil.walmart.com%2Fcart%2FaddToCart%3Fitems%3D1880447820,
2026-03-01,olive_oil,extra virgin olive oil 2 liter,Burlington,98233,14929118449,,"Terra Delyssa Organic Extra Virgin Olive Oil, 1L (Pack of 2)",Terra,Home Page/Food/Pantry/Cooking oils & vinegar/Olive oils,976759_976794_4649724,,32.51,35.66,8.83,4.8,361.0,True,Available,https://goto.walmart.com/c/|PUBID|/568844/9383?veh=aff&sourceid=imp_000011112222333344&u=http%3A%2F%2Faffil.walmart.com%2Fcart%2FaddToCart%3Fitems%3D14929118449,
2026-03-01,olive_oil,extra virgin olive oil 2 liter,Burlington,98233,1062102151,644197911833,2 Pack | Bertolli Extra Light Olive Oil (2 L),Bertolli,Home Page/Food/Pantry/Pantry meal essentials,976759_976794_2807108,,54.99,54.99,0.0,,,True,Available,https://goto.walmart.com/c/|PUBID|/568844/9383?veh=aff&sourceid=imp_000011112222333344&u=http%3A%2F%2Faffil.walmart.com%2Fcart%2FaddToCart%3Fitems%3D1062102151,
2026-03-01,olive_oil,extra virgin olive oil 2 liter,Burlington,98233,15330553770,070404008742,"Pompeian Simply Light Taste Olive Oil, 2 Liter, 2 ct",Pompeian,Home Page/Food/Pantry/Cooking oils & vinegar/Olive oils,976759_976794_4649724,,59.95,,,5.0,1.0,True,Available,https://goto.walmart.com/c/|PUBID|/568844/9383?veh=aff&sourceid=imp_000011112222333344&u=http%3A%2F%2Faffil.walmart.com%2Fcart%2FaddToCart%3Fitems%3D15330553770,
2026-03-01,olive_oil,extra virgin olive oil 2 liter,Burlington,98233,15633356125,,Trader Giotto’s 100% Italian Organic Cold Pressed Extra Virgin Olive Oil 16.9fl oz 500ml (2 Bottles),Trader Giottos,Home Page/Food/Pantry/Cooking oils & vinegar/Olive oils,976759_976794_4649724,,41.5,,,,,True,Available,https://goto.walmart.com/c/|PUBID|/568844/9383?veh=aff&sourceid=imp_000011112222333344&u=http%3A%2F%2Faffil.walmart.com%2Fcart%2FaddToCart%3Fitems%3D15633356125,
2026-03-01,olive_oil,extra virgin olive oil 2 liter,Burlington,98233,1487662808,011110044235,"KG Extra Virgin Olive Oil Cold Extracted, Rich and Fruity Flavor 101 fl oz , 2 Pack + Bonus",KG,Home Page/Food/Pantry/Pantry meal essentials,976759_976794_2807108,,159.99,,,,,True,Available,https://goto.walmart.com/c/|PUBID|/568844/9383?veh=aff&sourceid=imp_000011112222333344&u=http%3A%2F%2Faffil.walmart.com%2Fcart%2FaddToCart%3Fitems%3D1487662808,
2026-03-01,olive_oil,extra virgin olive oil 2 liter,Burlington,98233,318552176,783399844676,Pompeian Imported Extra Virgin Organic Olive Oil (Pack of 2),Pompeian,Home Page/Food/Pantry/Pantry meal essentials,976759_976794_2807108,,21.49,25.77,16.61,,,True,Available,https://goto.walmart.com/c/|PUBID|/568844/9383?veh=aff&sourceid=imp_000011112222333344&u=http%3A%2F%2Faffil.walmart.com%2Fcart%2FaddToCart%3Fitems%3D318552176,
2026-03-01,olive_oil,extra virgin olive oil 2 liter,Lake Stevens,98258,577293810,096619710553,Kirkland Signature Extra Virgin Italian Olive Oil 2 L,Kirkland Signature,Home Page/Food/Pantry/Cooking oils & vinegar/Olive oils,976759_976794_4649724,,45.52,61.71,26.24,4.6,21.0,True,Available,https://goto.walmart.com/c/|PUBID|/568844/9383?veh=aff&sourceid=imp_000011112222333344&u=http%3A%2F%2Faffil.walmart.com%2Fcart%2FaddToCart%3Fitems%3D577293810,
2026-03-01,olive_oil,extra virgin olive oil 2 liter,Lake Stevens,98258,922877656,371655300402,"Kirkland Signature 2 x Organic Extra Virgin Olive Oil, 2 Liters - SET OF 4",Kirkland Signature,Home Page/Food/Pantry/Cooking oils & vinegar/Olive oils,976759_976794_4649724,,144.95,156.25,7.23,5.0,1.0,True,Available,https://goto.walmart.com/c/|PUBID|/568844/9383?veh=aff&sourceid=imp_000011112222333344&u=http%3A%2F%2Faffil.walmart.com%2Fcart%2FaddToCart%3Fitems%3D922877656,
2026-03-01,olive_oil,extra virgin olive oil 2 liter,Lake Stevens,98258,18175364908,070404009039,"Pompeian Smooth & Fruity Extra Virgin Olive Oil, 2 L",Pompeian,Home Page/Food/Pantry/Pantry meal essentials,976759_976794_2807108,,32.99,,,5.0,1.0,True,Available,https://goto.walmart.com/c/|PUBID|/568844/9383?veh=aff&sourceid=imp_000011112222333344&u=http%3A%2F%2Faffil.walmart.com%2Fcart%2FaddToCart%3Fitems%3D18175364908,
2026-03-01,olive_oil,extra virgin olive oil 2 liter,Lake Stevens,98258,714620818,039153011182,"Colavita Organic Extra Virgin Olive Oil, First Cold Pressed, Imported from Italy, 2 Liters",Colavita,Home Page/Food/Pantry/Pantry meal essentials,976759_976794_2807108,,54.99,0.0,,,,True,Available,https://goto.walmart.com/c/|PUBID|/568844/9383?veh=aff&sourceid=imp_000011112222333344&u=http%3A%2F%2Faffil.walmart.com%2Fcart%2FaddToCart%3Fitems%3D714620818,
2026-03-01,olive_oil,extra virgin olive oil 2 liter,Lake Stevens,98258,19376552137,725821100752,Borges Extra Virgin Olive Oil 2L 67.6 fl oz,Borges,Home Page/Food/Pantry/International foods/European & Mediterranean,976759_976794_3854465,,45.0,,,,,True,Available,https://goto.walmart.com/c/|PUBID|/568844/9383?veh=aff&sourceid=imp_000011112222333344&u=http%3A%2F%2Faffil.walmart.com%2Fcart%2FaddToCart%3Fitems%3D19376552137,
2026-03-01,olive_oil,extra virgin olive oil 2 liter,Lake Stevens,98258,527584597,371655339464,Kirkland Signature Organic Extra Virgin Olive Oil 2L (2QT 3.6 fl. oz)-set 4,Kirkland Signature,Home Page/Food/Pantry/Pantry meal essentials,976759_976794_2807108,,145.24,145.0,-0.17,,,True,Available,https://goto.walmart.com/c/|PUBID|/568844/9383?veh=aff&sourceid=imp_000011112222333344&u=http%3A%2F%2Faffil.walmart.com%2Fcart%2FaddToCart%3Fitems%3D527584597,
2026-03-01,olive_oil,extra virgin olive oil 2 liter,Lake Stevens,98258,534173164,768253158670,"Extra Virgin Italian Olive Oil, 2 L",EP,Home Page/Food/Pantry/Cooking oils & vinegar/Olive oils,976759_976794_4649724,,49.98,0.0,,,,True,Available,https://goto.walmart.com/c/|PUBID|/568844/9383?veh=aff&sourceid=imp_000011112222333344&u=http%3A%2F%2Faffil.walmart.com%2Fcart%2FaddToCart%3Fitems%3D534173164,
2026-03-01,olive_oil,extra virgin olive oil 2 liter,Lake Stevens,98258,407850202,096619420438,"2 Pack | Kirkland Signature Organic Extra Virgin Olive Oil, 2 L",Kirkland Signature,Home Page/Food/Pantry/Cooking oils & vinegar/Olive oils,976759_976794_4649724,,57.99,,,5.0,3.0,True,Available,https://goto.walmart.com/c/|PUBID|/568844/9383?veh=aff&sourceid=imp_000011112222333344&u=http%3A%2F%2Faffil.walmart.com%2Fcart%2FaddToCart%3Fitems%3D407850202,
2026-03-01,olive_oil,extra virgin olive oil 2 liter,Lake Stevens,98258,474788994,888670073223,"Wellsley Farms Organic Extra Virgin Olive Oil, 2L",Wellsley Farms,Home Page/Food/Pantry/Cooking oils & vinegar/Olive oils,976759_976794_4649724,,37.63,48.66,22.67,0.0,0.0,True,Available,https://goto.walmart.com/c/|PUBID|/568844/9383?veh=aff&sourceid=imp_000011112222333344&u=http%3A%2F%2Faffil.walmart.com%2Fcart%2FaddToCart%3Fitems%3D474788994,
2026-03-01,olive_oil,extra virgin olive oil 2 liter,Lake Stevens,98258,645755950,371655339471,Kirkland Signature Organic Extra Virgin Olive Oil 2L (2QT 3.6 fl. oz)-set 10,Kirkland Signature,Home Page/Food/Pantry/Pantry meal essentials,976759_976794_2807108,,400.75,400.75,0.0,,,True,Available,https://goto.walmart.com/c/|PUBID|/568844/9383?veh=aff&sourceid=imp_000011112222333344&u=http%3A%2F%2Faffil.walmart.com%2Fcart%2FaddToCart%3Fitems%3D645755950,
2026-03-01,olive_oil,extra virgin olive oil 2 liter,Lake Stevens,98258,5202769455,604965250861,"De La Rosa 613 Extra Virgin Olive Oil, 2 L",Delarosa613,Home Page/Food/Pantry/Cooking oils & vinegar/Olive oils,976759_976794_4649724,,31.98,,,,,True,Available,https://goto.walmart.com/c/|PUBID|/568844/9383?veh=aff&sourceid=imp_000011112222333344&u=http%3A%2F%2Faffil.walmart.com%2Fcart%2FaddToCart%3Fitems%3D5202769455,
2026-03-01,olive_oil,extra virgin olive oil 2 liter,Lake Stevens,98258,1455409348,759242893757,"3 Pack | Kirkland Signature Organic Extra Virgin Olive Oil, 2 L",Kirkland Signature,Home Page/Food/Pantry/Cooking oils & vinegar/Olive oils,976759_976794_4649724,,94.99,140.27,32.28,5.0,1.0,True,Available,https://goto.walmart.com/c/|PUBID|/568844/9383?veh=aff&sourceid=imp_000011112222333344&u=http%3A%2F%2Faffil.walmart.com%2Fcart%2FaddToCart%3Fitems%3D1455409348,
2026-03-01,olive_oil,extra virgin olive oil 2 liter,Lake Stevens,98258,644774545,371655300419,"Kirkland Signature 2 x Organic Extra Virgin Olive Oil, 2 Liters - SET OF 10",Kirkland Signature,Home Page/Food/Pantry/Pantry meal essentials,976759_976794_2807108,,400.75,400.75,0.0,,,True,Available,https://goto.walmart.com/c/|PUBID|/568844/9383?veh=aff&sourceid=imp_000011112222333344&u=http%3A%2F%2Faffil.walmart.com%2Fcart%2FaddToCart%3Fitems%3D644774545,
2026-03-01,olive_oil,extra virgin olive oil 2 liter,Lake Stevens,98258,1238378419,,Alhorro extra virgin Moroccan olive oil 1-2L,Alhorro,Home Page/Food/Pantry/Pantry meal essentials,976759_976794_2807108,,29.9,29.99,0.3,,,True,Available,https://goto.walmart.com/c/|PUBID|/568844/9383?veh=aff&sourceid=imp_000011112222333344&u=http%3A%2F%2Faffil.walmart.com%2Fcart%2FaddToCart%3Fitems%3D1238378419,
2026-03-01,olive_oil,extra virgin olive oil 2 liter,Lake Stevens,98258,569824677,096619433872,"Kirkland Signature hZKjAt Organic Extra Virgin Olive Oil, 2L (5 Pack)",Kirkland Signature,Home Page/Food/Pantry/Cooking oils & vinegar/Olive oils,976759_976794_4649724,,135.99,,,1.0,1.0,True,Available,https://goto.walmart.com/c/|PUBID|/568844/9383?veh=aff&sourceid=imp_000011112222333344&u=http%3A%2F%2Faffil.walmart.com%2Fcart%2FaddToCart%3Fitems%3D569824677,
2026-03-01,olive_oil,extra virgin olive oil 2 liter,Lake Stevens,98258,15467151473,100141522499,"Pack of 2 - TJs Extra Virgin Olive Oil, Liter 33.8 Fl Oz",TJS,Home Page/Food/Pantry/Cooking oils & vinegar/Olive oils,976759_976794_4649724,,36.95,,,,,True,Available,https://goto.walmart.com/c/|PUBID|/568844/9383?veh=aff&sourceid=imp_000011112222333344&u=http%3A%2F%2Faffil.walmart.com%2Fcart%2FaddToCart%3Fitems%3D15467151473,
2026-03-01,olive_oil,extra virgin olive oil 2 liter,Lake Stevens,98258,565355304,041790004427,Bertolli Extra Light Olive Oil (2 L),Bertolli,Home Page/Food/Pantry/Pantry meal essentials,976759_976794_2807108,,30.99,23.78,-30.32,4.8,5507.0,True,Available,https://goto.walmart.com/c/|PUBID|/568844/9383?veh=aff&sourceid=imp_000011112222333344&u=http%3A%2F%2Faffil.walmart.com%2Fcart%2FaddToCart%3Fitems%3D565355304,
2026-03-01,olive_oil,extra virgin olive oil 2 liter,Lake Stevens,98258,905673127,850455000113,Antonio Celentano Extra Virgin Olive Oil 1 Liter PET Bottle 2 Pack,Antonio Celentano,Home Page/Food/Pantry/Cooking oils & vinegar/Olive oils,976759_976794_4649724,,58.0,,,,,True,Available,https://goto.walmart.com/c/|PUBID|/568844/9383?veh=aff&sourceid=imp_000011112222333344&u=http%3A%2F%2Faffil.walmart.com%2Fcart%2FaddToCart%3Fitems%3D905673127,
2026-03-01,olive_oil,extra virgin olive oil 2 liter,Lake Stevens,98258,2436649325,723651252061,Pompeian Robust Extra Virgin Olive Oil 68 fl oz (Pack of 2),Pompeian,Home Page/Food/Pantry/Cooking oils & vinegar/Olive oils,976759_976794_4649724,,55.94,57.97,3.5,,,True,Available,https://goto.walmart.com/c/|PUBID|/568844/9383?veh=aff&sourceid=imp_000011112222333344&u=http%3A%2F%2Faffil.walmart.com%2Fcart%2FaddToCart%3Fitems%3D2436649325,
2026-03-01,olive_oil,extra virgin olive oil 2 liter,Lake Stevens,98258,12565370940,,Kirkland Signature Organic Cold Pressed Extra Virgin Olive Oil - 2 L,Kirkland Signature,Home Page/Food/Pantry/Pantry meal essentials,976759_976794_2807108,,49.99,48.99,-2.04,,,False,Not available,https://goto.walmart.com/c/|PUBID|/568844/9383?veh=aff&sourceid=imp_000011112222333344&u=http%3A%2F%2Faffil.walmart.com%2Fcart%2FaddToCart%3Fitems%3D12565370940,
2026-03-01,olive_oil,extra virgin olive oil 2 liter,Lake Stevens,98258,15399355177,460325005034,"(2 pack) La Espanola Extra Virgin Olive Oil, 68 FL oz",La Española,Home Page/Food/Pantry/Cooking oils & vinegar/Olive oils,976759_976794_4649724,,59.96,,,4.4,36.0,False,Not available,https://goto.walmart.com/c/|PUBID|/568844/9383?veh=aff&sourceid=imp_000011112222333344&u=http%3A%2F%2Faffil.walmart.com%2Fcart%2FaddToCart%3Fitems%3D15399355177,
2026-03-01,olive_oil,extra virgin olive oil 2 liter,Lake Stevens,98258,14789673489,661270946759,"Organic Extra Olive Oil, 67.68 Fluid Ounce",Unbranded,Home Page/Food/Pantry/Pantry meal essentials,976759_976794_2807108,,55.0,,,,,True,Available,https://goto.walmart.com/c/|PUBID|/568844/9383?veh=aff&sourceid=imp_000011112222333344&u=http%3A%2F%2Faffil.walmart.com%2Fcart%2FaddToCart%3Fitems%3D14789673489,
2026-03-01,olive_oil,extra virgin olive oil 2 liter,Lake Stevens,98258,19194464615,462517376540,"(2 pack) ZOE Extra Virgin Olive Oil 1L (33.8 fl oz), First Cold-Pressed",ZOE,Home Page/Food/Pantry/Pantry meal essentials,976759_976794_2807108,,55.98,59.98,6.67,,,True,Available,https://goto.walmart.com/c/|PUBID|/568844/9383?veh=aff&sourceid=imp_000011112222333344&u=http%3A%2F%2Faffil.walmart.com%2Fcart%2FaddToCart%3Fitems%3D19194464615,
2026-03-01,olive_oil,extra virgin olive oil 2 liter,Lake Stevens,98258,1880447820,644197911857,3 Pack | Bertolli Extra Light Olive Oil (2 L),Bertolli,Home Page/Food/Pantry/Cooking oils & vinegar/Olive oils,976759_976794_4649724,,79.98,,,,,True,Available,https://goto.walmart.com/c/|PUBID|/568844/9383?veh=aff&sourceid=imp_000011112222333344&u=http%3A%2F%2Faffil.walmart.com%2Fcart%2FaddToCart%3Fitems%3D1880447820,
2026-03-01,olive_oil,extra virgin olive oil 2 liter,Lake Stevens,98258,14929118449,,"Terra Delyssa Organic Extra Virgin Olive Oil, 1L (Pack of 2)",Terra,Home Page/Food/Pantry/Cooking oils & vinegar/Olive oils,976759_976794_4649724,,32.51,35.66,8.83,4.8,361.0,True,Available,https://goto.walmart.com/c/|PUBID|/568844/9383?veh=aff&sourceid=imp_000011112222333344&u=http%3A%2F%2Faffil.walmart.com%2Fcart%2FaddToCart%3Fitems%3D14929118449,
2026-03-01,olive_oil,extra virgin olive oil 2 liter,Lake Stevens,98258,1062102151,644197911833,2 Pack | Bertolli Extra Light Olive Oil (2 L),Bertolli,Home Page/Food/Pantry/Pantry meal essentials,976759_976794_2807108,,54.99,54.99,0.0,,,True,Available,https://goto.walmart.com/c/|PUBID|/568844/9383?veh=aff&sourceid=imp_000011112222333344&u=http%3A%2F%2Faffil.walmart.com%2Fcart%2FaddToCart%3Fitems%3D1062102151,
2026-03-01,olive_oil,extra virgin olive oil 2 liter,Lake Stevens,98258,15330553770,070404008742,"Pompeian Simply Light Taste Olive Oil, 2 Liter, 2 ct",Pompeian,Home Page/Food/Pantry/Cooking oils & vinegar/Olive oils,976759_976794_4649724,,59.95,,,5.0,1.0,True,Available,https://goto.walmart.com/c/|PUBID|/568844/9383?veh=aff&sourceid=imp_000011112222333344&u=http%3A%2F%2Faffil.walmart.com%2Fcart%2FaddToCart%3Fitems%3D15330553770,
2026-03-01,olive_oil,extra virgin olive oil 2 liter,Lake Stevens,98258,15633356125,,Trader Giotto’s 100% Italian Organic Cold Pressed Extra Virgin Olive Oil 16.9fl oz 500ml (2 Bottles),Trader Giottos,Home Page/Food/Pantry/Cooking oils & vinegar/Olive oils,976759_976794_4649724,,41.5,,,,,True,Available,https://goto.walmart.com/c/|PUBID|/568844/9383?veh=aff&sourceid=imp_000011112222333344&u=http%3A%2F%2Faffil.walmart.com%2Fcart%2FaddToCart%3Fitems%3D15633356125,
2026-03-01,olive_oil,extra virgin olive oil 2 liter,Lake Stevens,98258,1487662808,011110044235,"KG Extra Virgin Olive Oil Cold Extracted, Rich and Fruity Flavor 101 fl oz , 2 Pack + Bonus",KG,Home Page/Food/Pantry/Pantry meal essentials,976759_976794_2807108,,159.99,,,,,True,Available,https://goto.walmart.com/c/|PUBID|/568844/9383?veh=aff&sourceid=imp_000011112222333344&u=http%3A%2F%2Faffil.walmart.com%2Fcart%2FaddToCart%3Fitems%3D1487662808,
2026-03-01,olive_oil,extra virgin olive oil 2 liter,Lake Stevens,98258,318552176,783399844676,Pompeian Imported Extra Virgin Organic Olive Oil (Pack of 2),Pompeian,Home Page/Food/Pantry/Pantry meal essentials,976759_976794_2807108,,21.49,25.77,16.61,,,True,Available,https://goto.walmart.com/c/|PUBID|/568844/9383?veh=aff&sourceid=imp_000011112222333344&u=http%3A%2F%2Faffil.walmart.com%2Fcart%2FaddToCart%3Fitems%3D318552176,
2026-03-01,olive_oil,extra virgin olive oil 2 liter,Kirkland,98033,577293810,096619710553,Kirkland Signature Extra Virgin Italian Olive Oil 2 L,Kirkland Signature,Home Page/Food/Pantry/Cooking oils & vinegar/Olive oils,976759_976794_4649724,,45.52,61.71,26.24,4.6,21.0,True,Available,https://goto.walmart.com/c/|PUBID|/568844/9383?veh=aff&sourceid=imp_000011112222333344&u=http%3A%2F%2Faffil.walmart.com%2Fcart%2FaddToCart%3Fitems%3D577293810,
2026-03-01,olive_oil,extra virgin olive oil 2 liter,Kirkland,98033,922877656,371655300402,"Kirkland Signature 2 x Organic Extra Virgin Olive Oil, 2 Liters - SET OF 4",Kirkland Signature,Home Page/Food/Pantry/Cooking oils & vinegar/Olive oils,976759_976794_4649724,,144.95,156.25,7.23,5.0,1.0,True,Available,https://goto.walmart.com/c/|PUBID|/568844/9383?veh=aff&sourceid=imp_000011112222333344&u=http%3A%2F%2Faffil.walmart.com%2Fcart%2FaddToCart%3Fitems%3D922877656,
2026-03-01,olive_oil,extra virgin olive oil 2 liter,Kirkland,98033,18175364908,070404009039,"Pompeian Smooth & Fruity Extra Virgin Olive Oil, 2 L",Pompeian,Home Page/Food/Pantry/Pantry meal essentials,976759_976794_2807108,,32.99,,,5.0,1.0,True,Available,https://goto.walmart.com/c/|PUBID|/568844/9383?veh=aff&sourceid=imp_000011112222333344&u=http%3A%2F%2Faffil.walmart.com%2Fcart%2FaddToCart%3Fitems%3D18175364908,
2026-03-01,olive_oil,extra virgin olive oil 2 liter,Kirkland,98033,714620818,039153011182,"Colavita Organic Extra Virgin Olive Oil, First Cold Pressed, Imported from Italy, 2 Liters",Colavita,Home Page/Food/Pantry/Pantry meal essentials,976759_976794_2807108,,54.99,0.0,,,,True,Available,https://goto.walmart.com/c/|PUBID|/568844/9383?veh=aff&sourceid=imp_000011112222333344&u=http%3A%2F%2Faffil.walmart.com%2Fcart%2FaddToCart%3Fitems%3D714620818,
2026-03-01,olive_oil,extra virgin olive oil 2 liter,Kirkland,98033,19376552137,725821100752,Borges Extra Virgin Olive Oil 2L 67.6 fl oz,Borges,Home Page/Food/Pantry/International foods/European & Mediterranean,976759_976794_3854465,,45.0,,,,,True,Available,https://goto.walmart.com/c/|PUBID|/568844/9383?veh=aff&sourceid=imp_000011112222333344&u=http%3A%2F%2Faffil.walmart.com%2Fcart%2FaddToCart%3Fitems%3D19376552137,
2026-03-01,olive_oil,extra virgin olive oil 2 liter,Kirkland,98033,527584597,371655339464,Kirkland Signature Organic Extra Virgin Olive Oil 2L (2QT 3.6 fl. oz)-set 4,Kirkland Signature,Home Page/Food/Pantry/Pantry meal essentials,976759_976794_2807108,,145.24,145.0,-0.17,,,True,Available,https://goto.walmart.com/c/|PUBID|/568844/9383?veh=aff&sourceid=imp_000011112222333344&u=http%3A%2F%2Faffil.walmart.com%2Fcart%2FaddToCart%3Fitems%3D527584597,
2026-03-01,olive_oil,extra virgin olive oil 2 liter,Kirkland,98033,534173164,768253158670,"Extra Virgin Italian Olive Oil, 2 L",EP,Home Page/Food/Pantry/Cooking oils & vinegar/Olive oils,976759_976794_4649724,,49.98,0.0,,,,True,Available,https://goto.walmart.com/c/|PUBID|/568844/9383?veh=aff&sourceid=imp_000011112222333344&u=http%3A%2F%2Faffil.walmart.com%2Fcart%2FaddToCart%3Fitems%3D534173164,
2026-03-01,olive_oil,extra virgin olive oil 2 liter,Kirkland,98033,407850202,096619420438,"2 Pack | Kirkland Signature Organic Extra Virgin Olive Oil, 2 L",Kirkland Signature,Home Page/Food/Pantry/Cooking oils & vinegar/Olive oils,976759_976794_4649724,,57.99,,,5.0,3.0,True,Available,https://goto.walmart.com/c/|PUBID|/568844/9383?veh=aff&sourceid=imp_000011112222333344&u=http%3A%2F%2Faffil.walmart.com%2Fcart%2FaddToCart%3Fitems%3D407850202,
2026-03-01,olive_oil,extra virgin olive oil 2 liter,Kirkland,98033,474788994,888670073223,"Wellsley Farms Organic Extra Virgin Olive Oil, 2L",Wellsley Farms,Home Page/Food/Pantry/Cooking oils & vinegar/Olive oils,976759_976794_4649724,,37.64,48.66,22.65,0.0,0.0,True,Available,https://goto.walmart.com/c/|PUBID|/568844/9383?veh=aff&sourceid=imp_000011112222333344&u=http%3A%2F%2Faffil.walmart.com%2Fcart%2FaddToCart%3Fitems%3D474788994,
2026-03-01,olive_oil,extra virgin olive oil 2 liter,Kirkland,98033,645755950,371655339471,Kirkland Signature Organic Extra Virgin Olive Oil 2L (2QT 3.6 fl. oz)-set 10,Kirkland Signature,Home Page/Food/Pantry/Pantry meal essentials,976759_976794_2807108,,400.75,400.75,0.0,,,True,Available,https://goto.walmart.com/c/|PUBID|/568844/9383?veh=aff&sourceid=imp_000011112222333344&u=http%3A%2F%2Faffil.walmart.com%2Fcart%2FaddToCart%3Fitems%3D645755950,
2026-03-01,olive_oil,extra virgin olive oil 2 liter,Kirkland,98033,5202769455,604965250861,"De La Rosa 613 Extra Virgin Olive Oil, 2 L",Delarosa613,Home Page/Food/Pantry/Cooking oils & vinegar/Olive oils,976759_976794_4649724,,31.98,,,,,True,Available,https://goto.walmart.com/c/|PUBID|/568844/9383?veh=aff&sourceid=imp_000011112222333344&u=http%3A%2F%2Faffil.walmart.com%2Fcart%2FaddToCart%3Fitems%3D5202769455,
2026-03-01,olive_oil,extra virgin olive oil 2 liter,Kirkland,98033,1455409348,759242893757,"3 Pack | Kirkland Signature Organic Extra Virgin Olive Oil, 2 L",Kirkland Signature,Home Page/Food/Pantry/Cooking oils & vinegar/Olive oils,976759_976794_4649724,,94.99,140.27,32.28,5.0,1.0,True,Available,https://goto.walmart.com/c/|PUBID|/568844/9383?veh=aff&sourceid=imp_000011112222333344&u=http%3A%2F%2Faffil.walmart.com%2Fcart%2FaddToCart%3Fitems%3D1455409348,
2026-03-01,olive_oil,extra virgin olive oil 2 liter,Kirkland,98033,644774545,371655300419,"Kirkland Signature 2 x Organic Extra Virgin Olive Oil, 2 Liters - SET OF 10",Kirkland Signature,Home Page/Food/Pantry/Pantry meal essentials,976759_976794_2807108,,400.75,400.75,0.0,,,True,Available,https://goto.walmart.com/c/|PUBID|/568844/9383?veh=aff&sourceid=imp_000011112222333344&u=http%3A%2F%2Faffil.walmart.com%2Fcart%2FaddToCart%3Fitems%3D644774545,
2026-03-01,olive_oil,extra virgin olive oil 2 liter,Kirkland,98033,1238378419,,Alhorro extra virgin Moroccan olive oil 1-2L,Alhorro,Home Page/Food/Pantry/Pantry meal essentials,976759_976794_2807108,,29.9,29.99,0.3,,,True,Available,https://goto.walmart.com/c/|PUBID|/568844/9383?veh=aff&sourceid=imp_000011112222333344&u=http%3A%2F%2Faffil.walmart.com%2Fcart%2FaddToCart%3Fitems%3D1238378419,
2026-03-01,olive_oil,extra virgin olive oil 2 liter,Kirkland,98033,569824677,096619433872,"Kirkland Signature hZKjAt Organic Extra Virgin Olive Oil, 2L (5 Pack)",Kirkland Signature,Home Page/Food/Pantry/Cooking oils & vinegar/Olive oils,976759_976794_4649724,,135.99,,,1.0,1.0,True,Available,https://goto.walmart.com/c/|PUBID|/568844/9383?veh=aff&sourceid=imp_000011112222333344&u=http%3A%2F%2Faffil.walmart.com%2Fcart%2FaddToCart%3Fitems%3D569824677,
2026-03-01,olive_oil,extra virgin olive oil 2 liter,Kirkland,98033,15467151473,100141522499,"Pack of 2 - TJs Extra Virgin Olive Oil, Liter 33.8 Fl Oz",TJS,Home Page/Food/Pantry/Cooking oils & vinegar/Olive oils,976759_976794_4649724,,36.95,,,,,True,Available,https://goto.walmart.com/c/|PUBID|/568844/9383?veh=aff&sourceid=imp_000011112222333344&u=http%3A%2F%2Faffil.walmart.com%2Fcart%2FaddToCart%3Fitems%3D15467151473,
2026-03-01,olive_oil,extra virgin olive oil 2 liter,Kirkland,98033,565355304,041790004427,Bertolli Extra Light Olive Oil (2 L),Bertolli,Home Page/Food/Pantry/Pantry meal essentials,976759_976794_2807108,,30.99,23.78,-30.32,4.8,5507.0,True,Available,https://goto.walmart.com/c/|PUBID|/568844/9383?veh=aff&sourceid=imp_000011112222333344&u=http%3A%2F%2Faffil.walmart.com%2Fcart%2FaddToCart%3Fitems%3D565355304,
2026-03-01,olive_oil,extra virgin olive oil 2 liter,Kirkland,98033,905673127,850455000113,Antonio Celentano Extra Virgin Olive Oil 1 Liter PET Bottle 2 Pack,Antonio Celentano,Home Page/Food/Pantry/Cooking oils & vinegar/Olive oils,976759_976794_4649724,,58.0,,,,,True,Available,https://goto.walmart.com/c/|PUBID|/568844/9383?veh=aff&sourceid=imp_000011112222333344&u=http%3A%2F%2Faffil.walmart.com%2Fcart%2FaddToCart%3Fitems%3D905673127,
2026-03-01,olive_oil,extra virgin olive oil 2 liter,Kirkland,98033,2436649325,723651252061,Pompeian Robust Extra Virgin Olive Oil 68 fl oz (Pack of 2),Pompeian,Home Page/Food/Pantry/Cooking oils & vinegar/Olive oils,976759_976794_4649724,,55.94,57.97,3.5,,,True,Available,https://goto.walmart.com/c/|PUBID|/568844/9383?veh=aff&sourceid=imp_000011112222333344&u=http%3A%2F%2Faffil.walmart.com%2Fcart%2FaddToCart%3Fitems%3D2436649325,
2026-03-01,olive_oil,extra virgin olive oil 2 liter,Kirkland,98033,12565370940,,Kirkland Signature Organic Cold Pressed Extra Virgin Olive Oil - 2 L,Kirkland Signature,Home Page/Food/Pantry/Pantry meal essentials,976759_976794_2807108,,49.99,48.99,-2.04,,,False,Not available,https://goto.walmart.com/c/|PUBID|/568844/9383?veh=aff&sourceid=imp_000011112222333344&u=http%3A%2F%2Faffil.walmart.com%2Fcart%2FaddToCart%3Fitems%3D12565370940,
2026-03-01,olive_oil,extra virgin olive oil 2 liter,Kirkland,98033,15399355177,460325005034,"(2 pack) La Espanola Extra Virgin Olive Oil, 68 FL oz",La Española,Home Page/Food/Pantry/Cooking oils & vinegar/Olive oils,976759_976794_4649724,,59.96,,,4.4,36.0,False,Not available,https://goto.walmart.com/c/|PUBID|/568844/9383?veh=aff&sourceid=imp_000011112222333344&u=http%3A%2F%2Faffil.walmart.com%2Fcart%2FaddToCart%3Fitems%3D15399355177,
2026-03-01,olive_oil,extra virgin olive oil 2 liter,Kirkland,98033,14789673489,661270946759,"Organic Extra Olive Oil, 67.68 Fluid Ounce",Unbranded,Home Page/Food/Pantry/Pantry meal essentials,976759_976794_2807108,,55.0,,,,,True,Available,https://goto.walmart.com/c/|PUBID|/568844/9383?veh=aff&sourceid=imp_000011112222333344&u=http%3A%2F%2Faffil.walmart.com%2Fcart%2FaddToCart%3Fitems%3D14789673489,
2026-03-01,olive_oil,extra virgin olive oil 2 liter,Kirkland,98033,19194464615,462517376540,"(2 pack) ZOE Extra Virgin Olive Oil 1L (33.8 fl oz), First Cold-Pressed",ZOE,Home Page/Food/Pantry/Pantry meal essentials,976759_976794_2807108,,55.98,59.98,6.67,,,True,Available,https://goto.walmart.com/c/|PUBID|/568844/9383?veh=aff&sourceid=imp_000011112222333344&u=http%3A%2F%2Faffil.walmart.com%2Fcart%2FaddToCart%3Fitems%3D19194464615,
2026-03-01,olive_oil,extra virgin olive oil 2 liter,Kirkland,98033,1880447820,644197911857,3 Pack | Bertolli Extra Light Olive Oil (2 L),Bertolli,Home Page/Food/Pantry/Cooking oils & vinegar/Olive oils,976759_976794_4649724,,79.98,,,,,True,Available,https://goto.walmart.com/c/|PUBID|/568844/9383?veh=aff&sourceid=imp_000011112222333344&u=http%3A%2F%2Faffil.walmart.com%2Fcart%2FaddToCart%3Fitems%3D1880447820,
2026-03-01,olive_oil,extra virgin olive oil 2 liter,Kirkland,98033,14929118449,,"Terra Delyssa Organic Extra Virgin Olive Oil, 1L (Pack of 2)",Terra,Home Page/Food/Pantry/Cooking oils & vinegar/Olive oils,976759_976794_4649724,,32.51,35.66,8.83,4.8,361.0,True,Available,https://goto.walmart.com/c/|PUBID|/568844/9383?veh=aff&sourceid=imp_000011112222333344&u=http%3A%2F%2Faffil.walmart.com%2Fcart%2FaddToCart%3Fitems%3D14929118449,
2026-03-01,olive_oil,extra virgin olive oil 2 liter,Kirkland,98033,1062102151,644197911833,2 Pack | Bertolli Extra Light Olive Oil (2 L),Bertolli,Home Page/Food/Pantry/Pantry meal essentials,976759_976794_2807108,,54.99,54.99,0.0,,,True,Available,https://goto.walmart.com/c/|PUBID|/568844/9383?veh=aff&sourceid=imp_000011112222333344&u=http%3A%2F%2Faffil.walmart.com%2Fcart%2FaddToCart%3Fitems%3D1062102151,
2026-03-01,olive_oil,extra virgin olive oil 2 liter,Kirkland,98033,15330553770,070404008742,"Pompeian Simply Light Taste Olive Oil, 2 Liter, 2 ct",Pompeian,Home Page/Food/Pantry/Cooking oils & vinegar/Olive oils,976759_976794_4649724,,59.95,,,5.0,1.0,True,Available,https://goto.walmart.com/c/|PUBID|/568844/9383?veh=aff&sourceid=imp_000011112222333344&u=http%3A%2F%2Faffil.walmart.com%2Fcart%2FaddToCart%3Fitems%3D15330553770,
2026-03-01,olive_oil,extra virgin olive oil 2 liter,Kirkland,98033,15633356125,,Trader Giotto’s 100% Italian Organic Cold Pressed Extra Virgin Olive Oil 16.9fl oz 500ml (2 Bottles),Trader Giottos,Home Page/Food/Pantry/Cooking oils & vinegar/Olive oils,976759_976794_4649724,,41.5,,,,,True,Available,https://goto.walmart.com/c/|PUBID|/568844/9383?veh=aff&sourceid=imp_000011112222333344&u=http%3A%2F%2Faffil.walmart.com%2Fcart%2FaddToCart%3Fitems%3D15633356125,
2026-03-01,olive_oil,extra virgin olive oil 2 liter,Kirkland,98033,1487662808,011110044235,"KG Extra Virgin Olive Oil Cold Extracted, Rich and Fruity Flavor 101 fl oz , 2 Pack + Bonus",KG,Home Page/Food/Pantry/Pantry meal essentials,976759_976794_2807108,,159.99,,,,,True,Available,https://goto.walmart.com/c/|PUBID|/568844/9383?veh=aff&sourceid=imp_000011112222333344&u=http%3A%2F%2Faffil.walmart.com%2Fcart%2FaddToCart%3Fitems%3D1487662808,
2026-03-01,olive_oil,extra virgin olive oil 2 liter,Kirkland,98033,318552176,783399844676,Pompeian Imported Extra Virgin Organic Olive Oil (Pack of 2),Pompeian,Home Page/Food/Pantry/Pantry meal essentials,976759_976794_2807108,,21.49,25.77,16.61,,,True,Available,https://goto.walmart.com/c/|PUBID|/568844/9383?veh=aff&sourceid=imp_000011112222333344&u=http%3A%2F%2Faffil.walmart.com%2Fcart%2FaddToCart%3Fitems%3D318552176,
2026-03-01,olive_oil,extra virgin olive oil 2 liter,E Vancouver WA,98661,577293810,096619710553,Kirkland Signature Extra Virgin Italian Olive Oil 2 L,Kirkland Signature,Home Page/Food/Pantry/Cooking oils & vinegar/Olive oils,976759_976794_4649724,,45.52,61.71,26.24,4.6,21.0,True,Available,https://goto.walmart.com/c/|PUBID|/568844/9383?veh=aff&sourceid=imp_000011112222333344&u=http%3A%2F%2Faffil.walmart.com%2Fcart%2FaddToCart%3Fitems%3D577293810,
2026-03-01,olive_oil,extra virgin olive oil 2 liter,E Vancouver WA,98661,922877656,371655300402,"Kirkland Signature 2 x Organic Extra Virgin Olive Oil, 2 Liters - SET OF 4",Kirkland Signature,Home Page/Food/Pantry/Cooking oils & vinegar/Olive oils,976759_976794_4649724,,144.95,156.25,7.23,5.0,1.0,True,Available,https://goto.walmart.com/c/|PUBID|/568844/9383?veh=aff&sourceid=imp_000011112222333344&u=http%3A%2F%2Faffil.walmart.com%2Fcart%2FaddToCart%3Fitems%3D922877656,
2026-03-01,olive_oil,extra virgin olive oil 2 liter,E Vancouver WA,98661,18175364908,070404009039,"Pompeian Smooth & Fruity Extra Virgin Olive Oil, 2 L",Pompeian,Home Page/Food/Pantry/Pantry meal essentials,976759_976794_2807108,,32.99,,,5.0,1.0,True,Available,https://goto.walmart.com/c/|PUBID|/568844/9383?veh=aff&sourceid=imp_000011112222333344&u=http%3A%2F%2Faffil.walmart.com%2Fcart%2FaddToCart%3Fitems%3D18175364908,
2026-03-01,olive_oil,extra virgin olive oil 2 liter,E Vancouver WA,98661,714620818,039153011182,"Colavita Organic Extra Virgin Olive Oil, First Cold Pressed, Imported from Italy, 2 Liters",Colavita,Home Page/Food/Pantry/Pantry meal essentials,976759_976794_2807108,,54.99,0.0,,,,True,Available,https://goto.walmart.com/c/|PUBID|/568844/9383?veh=aff&sourceid=imp_000011112222333344&u=http%3A%2F%2Faffil.walmart.com%2Fcart%2FaddToCart%3Fitems%3D714620818,
2026-03-01,olive_oil,extra virgin olive oil 2 liter,E Vancouver WA,98661,19376552137,725821100752,Borges Extra Virgin Olive Oil 2L 67.6 fl oz,Borges,Home Page/Food/Pantry/International foods/European & Mediterranean,976759_976794_3854465,,45.0,,,,,True,Available,https://goto.walmart.com/c/|PUBID|/568844/9383?veh=aff&sourceid=imp_000011112222333344&u=http%3A%2F%2Faffil.walmart.com%2Fcart%2FaddToCart%3Fitems%3D19376552137,
2026-03-01,olive_oil,extra virgin olive oil 2 liter,E Vancouver WA,98661,527584597,371655339464,Kirkland Signature Organic Extra Virgin Olive Oil 2L (2QT 3.6 fl. oz)-set 4,Kirkland Signature,Home Page/Food/Pantry/Pantry meal essentials,976759_976794_2807108,,145.24,145.0,-0.17,,,True,Available,https://goto.walmart.com/c/|PUBID|/568844/9383?veh=aff&sourceid=imp_000011112222333344&u=http%3A%2F%2Faffil.walmart.com%2Fcart%2FaddToCart%3Fitems%3D527584597,
2026-03-01,olive_oil,extra virgin olive oil 2 liter,E Vancouver WA,98661,534173164,768253158670,"Extra Virgin Italian Olive Oil, 2 L",EP,Home Page/Food/Pantry/Cooking oils & vinegar/Olive oils,976759_976794_4649724,,49.98,0.0,,,,True,Available,https://goto.walmart.com/c/|PUBID|/568844/9383?veh=aff&sourceid=imp_000011112222333344&u=http%3A%2F%2Faffil.walmart.com%2Fcart%2FaddToCart%3Fitems%3D534173164,
2026-03-01,olive_oil,extra virgin olive oil 2 liter,E Vancouver WA,98661,407850202,096619420438,"2 Pack | Kirkland Signature Organic Extra Virgin Olive Oil, 2 L",Kirkland Signature,Home Page/Food/Pantry/Cooking oils & vinegar/Olive oils,976759_976794_4649724,,57.99,,,5.0,3.0,True,Available,https://goto.walmart.com/c/|PUBID|/568844/9383?veh=aff&sourceid=imp_000011112222333344&u=http%3A%2F%2Faffil.walmart.com%2Fcart%2FaddToCart%3Fitems%3D407850202,
2026-03-01,olive_oil,extra virgin olive oil 2 liter,E Vancouver WA,98661,474788994,888670073223,"Wellsley Farms Organic Extra Virgin Olive Oil, 2L",Wellsley Farms,Home Page/Food/Pantry/Cooking oils & vinegar/Olive oils,976759_976794_4649724,,37.63,48.66,22.67,0.0,0.0,True,Available,https://goto.walmart.com/c/|PUBID|/568844/9383?veh=aff&sourceid=imp_000011112222333344&u=http%3A%2F%2Faffil.walmart.com%2Fcart%2FaddToCart%3Fitems%3D474788994,
2026-03-01,olive_oil,extra virgin olive oil 2 liter,E Vancouver WA,98661,645755950,371655339471,Kirkland Signature Organic Extra Virgin Olive Oil 2L (2QT 3.6 fl. oz)-set 10,Kirkland Signature,Home Page/Food/Pantry/Pantry meal essentials,976759_976794_2807108,,400.75,400.75,0.0,,,True,Available,https://goto.walmart.com/c/|PUBID|/568844/9383?veh=aff&sourceid=imp_000011112222333344&u=http%3A%2F%2Faffil.walmart.com%2Fcart%2FaddToCart%3Fitems%3D645755950,
2026-03-01,olive_oil,extra virgin olive oil 2 liter,E Vancouver WA,98661,5202769455,604965250861,"De La Rosa 613 Extra Virgin Olive Oil, 2 L",Delarosa613,Home Page/Food/Pantry/Cooking oils & vinegar/Olive oils,976759_976794_4649724,,31.98,,,,,True,Available,https://goto.walmart.com/c/|PUBID|/568844/9383?veh=aff&sourceid=imp_000011112222333344&u=http%3A%2F%2Faffil.walmart.com%2Fcart%2FaddToCart%3Fitems%3D5202769455,
2026-03-01,olive_oil,extra virgin olive oil 2 liter,E Vancouver WA,98661,1455409348,759242893757,"3 Pack | Kirkland Signature Organic Extra Virgin Olive Oil, 2 L",Kirkland Signature,Home Page/Food/Pantry/Cooking oils & vinegar/Olive oils,976759_976794_4649724,,94.99,140.27,32.28,5.0,1.0,True,Available,https://goto.walmart.com/c/|PUBID|/568844/9383?veh=aff&sourceid=imp_000011112222333344&u=http%3A%2F%2Faffil.walmart.com%2Fcart%2FaddToCart%3Fitems%3D1455409348,
2026-03-01,olive_oil,extra virgin olive oil 2 liter,E Vancouver WA,98661,644774545,371655300419,"Kirkland Signature 2 x Organic Extra Virgin Olive Oil, 2 Liters - SET OF 10",Kirkland Signature,Home Page/Food/Pantry/Pantry meal essentials,976759_976794_2807108,,400.75,400.75,0.0,,,True,Available,https://goto.walmart.com/c/|PUBID|/568844/9383?veh=aff&sourceid=imp_000011112222333344&u=http%3A%2F%2Faffil.walmart.com%2Fcart%2FaddToCart%3Fitems%3D644774545,
2026-03-01,olive_oil,extra virgin olive oil 2 liter,E Vancouver WA,98661,1238378419,,Alhorro extra virgin Moroccan olive oil 1-2L,Alhorro,Home Page/Food/Pantry/Pantry meal essentials,976759_976794_2807108,,29.9,29.99,0.3,,,True,Available,https://goto.walmart.com/c/|PUBID|/568844/9383?veh=aff&sourceid=imp_000011112222333344&u=http%3A%2F%2Faffil.walmart.com%2Fcart%2FaddToCart%3Fitems%3D1238378419,
2026-03-01,olive_oil,extra virgin olive oil 2 liter,E Vancouver WA,98661,569824677,096619433872,"Kirkland Signature hZKjAt Organic Extra Virgin Olive Oil, 2L (5 Pack)",Kirkland Signature,Home Page/Food/Pantry/Cooking oils & vinegar/Olive oils,976759_976794_4649724,,135.99,,,1.0,1.0,True,Available,https://goto.walmart.com/c/|PUBID|/568844/9383?veh=aff&sourceid=imp_000011112222333344&u=http%3A%2F%2Faffil.walmart.com%2Fcart%2FaddToCart%3Fitems%3D569824677,
2026-03-01,olive_oil,extra virgin olive oil 2 liter,E Vancouver WA,98661,15467151473,100141522499,"Pack of 2 - TJs Extra Virgin Olive Oil, Liter 33.8 Fl Oz",TJS,Home Page/Food/Pantry/Cooking oils & vinegar/Olive oils,976759_976794_4649724,,36.95,,,,,True,Available,https://goto.walmart.com/c/|PUBID|/568844/9383?veh=aff&sourceid=imp_000011112222333344&u=http%3A%2F%2Faffil.walmart.com%2Fcart%2FaddToCart%3Fitems%3D15467151473,
2026-03-01,olive_oil,extra virgin olive oil 2 liter,E Vancouver WA,98661,565355304,041790004427,Bertolli Extra Light Olive Oil (2 L),Bertolli,Home Page/Food/Pantry/Pantry meal essentials,976759_976794_2807108,,30.99,23.78,-30.32,4.8,5507.0,True,Available,https://goto.walmart.com/c/|PUBID|/568844/9383?veh=aff&sourceid=imp_000011112222333344&u=http%3A%2F%2Faffil.walmart.com%2Fcart%2FaddToCart%3Fitems%3D565355304,
2026-03-01,olive_oil,extra virgin olive oil 2 liter,E Vancouver WA,98661,905673127,850455000113,Antonio Celentano Extra Virgin Olive Oil 1 Liter PET Bottle 2 Pack,Antonio Celentano,Home Page/Food/Pantry/Cooking oils & vinegar/Olive oils,976759_976794_4649724,,58.0,,,,,True,Available,https://goto.walmart.com/c/|PUBID|/568844/9383?veh=aff&sourceid=imp_000011112222333344&u=http%3A%2F%2Faffil.walmart.com%2Fcart%2FaddToCart%3Fitems%3D905673127,
2026-03-01,olive_oil,extra virgin olive oil 2 liter,E Vancouver WA,98661,2436649325,723651252061,Pompeian Robust Extra Virgin Olive Oil 68 fl oz (Pack of 2),Pompeian,Home Page/Food/Pantry/Cooking oils & vinegar/Olive oils,976759_976794_4649724,,55.94,57.97,3.5,,,True,Available,https://goto.walmart.com/c/|PUBID|/568844/9383?veh=aff&sourceid=imp_000011112222333344&u=http%3A%2F%2Faffil.walmart.com%2Fcart%2FaddToCart%3Fitems%3D2436649325,
2026-03-01,olive_oil,extra virgin olive oil 2 liter,E Vancouver WA,98661,12565370940,,Kirkland Signature Organic Cold Pressed Extra Virgin Olive Oil - 2 L,Kirkland Signature,Home Page/Food/Pantry/Pantry meal essentials,976759_976794_2807108,,49.99,48.99,-2.04,,,False,Not available,https://goto.walmart.com/c/|PUBID|/568844/9383?veh=aff&sourceid=imp_000011112222333344&u=http%3A%2F%2Faffil.walmart.com%2Fcart%2FaddToCart%3Fitems%3D12565370940,
2026-03-01,olive_oil,extra virgin olive oil 2 liter,E Vancouver WA,98661,15399355177,460325005034,"(2 pack) La Espanola Extra Virgin Olive Oil, 68 FL oz",La Española,Home Page/Food/Pantry/Cooking oils & vinegar/Olive oils,976759_976794_4649724,,59.96,,,4.4,36.0,False,Not available,https://goto.walmart.com/c/|PUBID|/568844/9383?veh=aff&sourceid=imp_000011112222333344&u=http%3A%2F%2Faffil.walmart.com%2Fcart%2FaddToCart%3Fitems%3D15399355177,
2026-03-01,olive_oil,extra virgin olive oil 2 liter,E Vancouver WA,98661,14789673489,661270946759,"Organic Extra Olive Oil, 67.68 Fluid Ounce",Unbranded,Home Page/Food/Pantry/Pantry meal essentials,976759_976794_2807108,,55.0,,,,,True,Available,https://goto.walmart.com/c/|PUBID|/568844/9383?veh=aff&sourceid=imp_000011112222333344&u=http%3A%2F%2Faffil.walmart.com%2Fcart%2FaddToCart%3Fitems%3D14789673489,
2026-03-01,olive_oil,extra virgin olive oil 2 liter,E Vancouver WA,98661,19194464615,462517376540,"(2 pack) ZOE Extra Virgin Olive Oil 1L (33.8 fl oz), First Cold-Pressed",ZOE,Home Page/Food/Pantry/Pantry meal essentials,976759_976794_2807108,,55.98,59.98,6.67,,,True,Available,https://goto.walmart.com/c/|PUBID|/568844/9383?veh=aff&sourceid=imp_000011112222333344&u=http%3A%2F%2Faffil.walmart.com%2Fcart%2FaddToCart%3Fitems%3D19194464615,
2026-03-01,olive_oil,extra virgin olive oil 2 liter,E Vancouver WA,98661,1880447820,644197911857,3 Pack | Bertolli Extra Light Olive Oil (2 L),Bertolli,Home Page/Food/Pantry/Cooking oils & vinegar/Olive oils,976759_976794_4649724,,79.98,,,,,True,Available,https://goto.walmart.com/c/|PUBID|/568844/9383?veh=aff&sourceid=imp_000011112222333344&u=http%3A%2F%2Faffil.walmart.com%2Fcart%2FaddToCart%3Fitems%3D1880447820,
2026-03-01,olive_oil,extra virgin olive oil 2 liter,E Vancouver WA,98661,14929118449,,"Terra Delyssa Organic Extra Virgin Olive Oil, 1L (Pack of 2)",Terra,Home Page/Food/Pantry/Cooking oils & vinegar/Olive oils,976759_976794_4649724,,32.51,35.66,8.83,4.8,361.0,True,Available,https://goto.walmart.com/c/|PUBID|/568844/9383?veh=aff&sourceid=imp_000011112222333344&u=http%3A%2F%2Faffil.walmart.com%2Fcart%2FaddToCart%3Fitems%3D14929118449,
2026-03-01,olive_oil,extra virgin olive oil 2 liter,E Vancouver WA,98661,1062102151,644197911833,2 Pack | Bertolli Extra Light Olive Oil (2 L),Bertolli,Home Page/Food/Pantry/Pantry meal essentials,976759_976794_2807108,,54.99,54.99,0.0,,,True,Available,https://goto.walmart.com/c/|PUBID|/568844/9383?veh=aff&sourceid=imp_000011112222333344&u=http%3A%2F%2Faffil.walmart.com%2Fcart%2FaddToCart%3Fitems%3D1062102151,
2026-03-01,olive_oil,extra virgin olive oil 2 liter,E Vancouver WA,98661,15330553770,070404008742,"Pompeian Simply Light Taste Olive Oil, 2 Liter, 2 ct",Pompeian,Home Page/Food/Pantry/Cooking oils & vinegar/Olive oils,976759_976794_4649724,,59.95,,,5.0,1.0,True,Available,https://goto.walmart.com/c/|PUBID|/568844/9383?veh=aff&sourceid=imp_000011112222333344&u=http%3A%2F%2Faffil.walmart.com%2Fcart%2FaddToCart%3Fitems%3D15330553770,
2026-03-01,olive_oil,extra virgin olive oil 2 liter,E Vancouver WA,98661,15633356125,,Trader Giotto’s 100% Italian Organic Cold Pressed Extra Virgin Olive Oil 16.9fl oz 500ml (2 Bottles),Trader Giottos,Home Page/Food/Pantry/Cooking oils & vinegar/Olive oils,976759_976794_4649724,,41.5,,,,,True,Available,https://goto.walmart.com/c/|PUBID|/568844/9383?veh=aff&sourceid=imp_000011112222333344&u=http%3A%2F%2Faffil.walmart.com%2Fcart%2FaddToCart%3Fitems%3D15633356125,
2026-03-01,olive_oil,extra virgin olive oil 2 liter,E Vancouver WA,98661,1487662808,011110044235,"KG Extra Virgin Olive Oil Cold Extracted, Rich and Fruity Flavor 101 fl oz , 2 Pack + Bonus",KG,Home Page/Food/Pantry/Pantry meal essentials,976759_976794_2807108,,159.99,,,,,True,Available,https://goto.walmart.com/c/|PUBID|/568844/9383?veh=aff&sourceid=imp_000011112222333344&u=http%3A%2F%2Faffil.walmart.com%2Fcart%2FaddToCart%3Fitems%3D1487662808,
2026-03-01,olive_oil,extra virgin olive oil 2 liter,E Vancouver WA,98661,318552176,783399844676,Pompeian Imported Extra Virgin Organic Olive Oil (Pack of 2),Pompeian,Home Page/Food/Pantry/Pantry meal essentials,976759_976794_2807108,,21.49,25.77,16.61,,,True,Available,https://goto.walmart.com/c/|PUBID|/568844/9383?veh=aff&sourceid=imp_000011112222333344&u=http%3A%2F%2Faffil.walmart.com%2Fcart%2FaddToCart%3Fitems%3D318552176,
2026-03-01,olive_oil,extra virgin olive oil 2 liter,Lynnwood,98036,577293810,096619710553,Kirkland Signature Extra Virgin Italian Olive Oil 2 L,Kirkland Signature,Home Page/Food/Pantry/Cooking oils & vinegar/Olive oils,976759_976794_4649724,,45.52,61.71,26.24,4.6,21.0,True,Available,https://goto.walmart.com/c/|PUBID|/568844/9383?veh=aff&sourceid=imp_000011112222333344&u=http%3A%2F%2Faffil.walmart.com%2Fcart%2FaddToCart%3Fitems%3D577293810,
2026-03-01,olive_oil,extra virgin olive oil 2 liter,Lynnwood,98036,922877656,371655300402,"Kirkland Signature 2 x Organic Extra Virgin Olive Oil, 2 Liters - SET OF 4",Kirkland Signature,Home Page/Food/Pantry/Cooking oils & vinegar/Olive oils,976759_976794_4649724,,144.95,156.25,7.23,5.0,1.0,True,Available,https://goto.walmart.com/c/|PUBID|/568844/9383?veh=aff&sourceid=imp_000011112222333344&u=http%3A%2F%2Faffil.walmart.com%2Fcart%2FaddToCart%3Fitems%3D922877656,
2026-03-01,olive_oil,extra virgin olive oil 2 liter,Lynnwood,98036,18175364908,070404009039,"Pompeian Smooth & Fruity Extra Virgin Olive Oil, 2 L",Pompeian,Home Page/Food/Pantry/Pantry meal essentials,976759_976794_2807108,,32.99,,,5.0,1.0,True,Available,https://goto.walmart.com/c/|PUBID|/568844/9383?veh=aff&sourceid=imp_000011112222333344&u=http%3A%2F%2Faffil.walmart.com%2Fcart%2FaddToCart%3Fitems%3D18175364908,
2026-03-01,olive_oil,extra virgin olive oil 2 liter,Lynnwood,98036,714620818,039153011182,"Colavita Organic Extra Virgin Olive Oil, First Cold Pressed, Imported from Italy, 2 Liters",Colavita,Home Page/Food/Pantry/Pantry meal essentials,976759_976794_2807108,,54.99,0.0,,,,True,Available,https://goto.walmart.com/c/|PUBID|/568844/9383?veh=aff&sourceid=imp_000011112222333344&u=http%3A%2F%2Faffil.walmart.com%2Fcart%2FaddToCart%3Fitems%3D714620818,
2026-03-01,olive_oil,extra virgin olive oil 2 liter,Lynnwood,98036,19376552137,725821100752,Borges Extra Virgin Olive Oil 2L 67.6 fl oz,Borges,Home Page/Food/Pantry/International foods/European & Mediterranean,976759_976794_3854465,,45.0,,,,,True,Available,https://goto.walmart.com/c/|PUBID|/568844/9383?veh=aff&sourceid=imp_000011112222333344&u=http%3A%2F%2Faffil.walmart.com%2Fcart%2FaddToCart%3Fitems%3D19376552137,
2026-03-01,olive_oil,extra virgin olive oil 2 liter,Lynnwood,98036,527584597,371655339464,Kirkland Signature Organic Extra Virgin Olive Oil 2L (2QT 3.6 fl. oz)-set 4,Kirkland Signature,Home Page/Food/Pantry/Pantry meal essentials,976759_976794_2807108,,145.24,145.0,-0.17,,,True,Available,https://goto.walmart.com/c/|PUBID|/568844/9383?veh=aff&sourceid=imp_000011112222333344&u=http%3A%2F%2Faffil.walmart.com%2Fcart%2FaddToCart%3Fitems%3D527584597,
2026-03-01,olive_oil,extra virgin olive oil 2 liter,Lynnwood,98036,534173164,768253158670,"Extra Virgin Italian Olive Oil, 2 L",EP,Home Page/Food/Pantry/Cooking oils & vinegar/Olive oils,976759_976794_4649724,,49.98,0.0,,,,True,Available,https://goto.walmart.com/c/|PUBID|/568844/9383?veh=aff&sourceid=imp_000011112222333344&u=http%3A%2F%2Faffil.walmart.com%2Fcart%2FaddToCart%3Fitems%3D534173164,
2026-03-01,olive_oil,extra virgin olive oil 2 liter,Lynnwood,98036,407850202,096619420438,"2 Pack | Kirkland Signature Organic Extra Virgin Olive Oil, 2 L",Kirkland Signature,Home Page/Food/Pantry/Cooking oils & vinegar/Olive oils,976759_976794_4649724,,57.99,,,5.0,3.0,True,Available,https://goto.walmart.com/c/|PUBID|/568844/9383?veh=aff&sourceid=imp_000011112222333344&u=http%3A%2F%2Faffil.walmart.com%2Fcart%2FaddToCart%3Fitems%3D407850202,
2026-03-01,olive_oil,extra virgin olive oil 2 liter,Lynnwood,98036,474788994,888670073223,"Wellsley Farms Organic Extra Virgin Olive Oil, 2L",Wellsley Farms,Home Page/Food/Pantry/Cooking oils & vinegar/Olive oils,976759_976794_4649724,,37.63,48.66,22.67,0.0,0.0,True,Available,https://goto.walmart.com/c/|PUBID|/568844/9383?veh=aff&sourceid=imp_000011112222333344&u=http%3A%2F%2Faffil.walmart.com%2Fcart%2FaddToCart%3Fitems%3D474788994,
2026-03-01,olive_oil,extra virgin olive oil 2 liter,Lynnwood,98036,645755950,371655339471,Kirkland Signature Organic Extra Virgin Olive Oil 2L (2QT 3.6 fl. oz)-set 10,Kirkland Signature,Home Page/Food/Pantry/Pantry meal essentials,976759_976794_2807108,,400.75,400.75,0.0,,,True,Available,https://goto.walmart.com/c/|PUBID|/568844/9383?veh=aff&sourceid=imp_000011112222333344&u=http%3A%2F%2Faffil.walmart.com%2Fcart%2FaddToCart%3Fitems%3D645755950,
2026-03-01,olive_oil,extra virgin olive oil 2 liter,Lynnwood,98036,5202769455,604965250861,"De La Rosa 613 Extra Virgin Olive Oil, 2 L",Delarosa613,Home Page/Food/Pantry/Cooking oils & vinegar/Olive oils,976759_976794_4649724,,31.98,,,,,True,Available,https://goto.walmart.com/c/|PUBID|/568844/9383?veh=aff&sourceid=imp_000011112222333344&u=http%3A%2F%2Faffil.walmart.com%2Fcart%2FaddToCart%3Fitems%3D5202769455,
2026-03-01,olive_oil,extra virgin olive oil 2 liter,Lynnwood,98036,1455409348,759242893757,"3 Pack | Kirkland Signature Organic Extra Virgin Olive Oil, 2 L",Kirkland Signature,Home Page/Food/Pantry/Cooking oils & vinegar/Olive oils,976759_976794_4649724,,94.99,140.27,32.28,5.0,1.0,True,Available,https://goto.walmart.com/c/|PUBID|/568844/9383?veh=aff&sourceid=imp_000011112222333344&u=http%3A%2F%2Faffil.walmart.com%2Fcart%2FaddToCart%3Fitems%3D1455409348,
2026-03-01,olive_oil,extra virgin olive oil 2 liter,Lynnwood,98036,644774545,371655300419,"Kirkland Signature 2 x Organic Extra Virgin Olive Oil, 2 Liters - SET OF 10",Kirkland Signature,Home Page/Food/Pantry/Pantry meal essentials,976759_976794_2807108,,400.75,400.75,0.0,,,True,Available,https://goto.walmart.com/c/|PUBID|/568844/9383?veh=aff&sourceid=imp_000011112222333344&u=http%3A%2F%2Faffil.walmart.com%2Fcart%2FaddToCart%3Fitems%3D644774545,
2026-03-01,olive_oil,extra virgin olive oil 2 liter,Lynnwood,98036,1238378419,,Alhorro extra virgin Moroccan olive oil 1-2L,Alhorro,Home Page/Food/Pantry/Pantry meal essentials,976759_976794_2807108,,29.9,29.99,0.3,,,True,Available,https://goto.walmart.com/c/|PUBID|/568844/9383?veh=aff&sourceid=imp_000011112222333344&u=http%3A%2F%2Faffil.walmart.com%2Fcart%2FaddToCart%3Fitems%3D1238378419,
2026-03-01,olive_oil,extra virgin olive oil 2 liter,Lynnwood,98036,569824677,096619433872,"Kirkland Signature hZKjAt Organic Extra Virgin Olive Oil, 2L (5 Pack)",Kirkland Signature,Home Page/Food/Pantry/Cooking oils & vinegar/Olive oils,976759_976794_4649724,,135.99,,,1.0,1.0,True,Available,https://goto.walmart.com/c/|PUBID|/568844/9383?veh=aff&sourceid=imp_000011112222333344&u=http%3A%2F%2Faffil.walmart.com%2Fcart%2FaddToCart%3Fitems%3D569824677,
2026-03-01,olive_oil,extra virgin olive oil 2 liter,Lynnwood,98036,15467151473,100141522499,"Pack of 2 - TJs Extra Virgin Olive Oil, Liter 33.8 Fl Oz",TJS,Home Page/Food/Pantry/Cooking oils & vinegar/Olive oils,976759_976794_4649724,,36.95,,,,,True,Available,https://goto.walmart.com/c/|PUBID|/568844/9383?veh=aff&sourceid=imp_000011112222333344&u=http%3A%2F%2Faffil.walmart.com%2Fcart%2FaddToCart%3Fitems%3D15467151473,
2026-03-01,olive_oil,extra virgin olive oil 2 liter,Lynnwood,98036,565355304,041790004427,Bertolli Extra Light Olive Oil (2 L),Bertolli,Home Page/Food/Pantry/Pantry meal essentials,976759_976794_2807108,,30.99,23.78,-30.32,4.8,5507.0,True,Available,https://goto.walmart.com/c/|PUBID|/568844/9383?veh=aff&sourceid=imp_000011112222333344&u=http%3A%2F%2Faffil.walmart.com%2Fcart%2FaddToCart%3Fitems%3D565355304,
2026-03-01,olive_oil,extra virgin olive oil 2 liter,Lynnwood,98036,905673127,850455000113,Antonio Celentano Extra Virgin Olive Oil 1 Liter PET Bottle 2 Pack,Antonio Celentano,Home Page/Food/Pantry/Cooking oils & vinegar/Olive oils,976759_976794_4649724,,58.0,,,,,True,Available,https://goto.walmart.com/c/|PUBID|/568844/9383?veh=aff&sourceid=imp_000011112222333344&u=http%3A%2F%2Faffil.walmart.com%2Fcart%2FaddToCart%3Fitems%3D905673127,
2026-03-01,olive_oil,extra virgin olive oil 2 liter,Lynnwood,98036,2436649325,723651252061,Pompeian Robust Extra Virgin Olive Oil 68 fl oz (Pack of 2),Pompeian,Home Page/Food/Pantry/Cooking oils & vinegar/Olive oils,976759_976794_4649724,,55.94,57.97,3.5,,,True,Available,https://goto.walmart.com/c/|PUBID|/568844/9383?veh=aff&sourceid=imp_000011112222333344&u=http%3A%2F%2Faffil.walmart.com%2Fcart%2FaddToCart%3Fitems%3D2436649325,
2026-03-01,olive_oil,extra virgin olive oil 2 liter,Lynnwood,98036,12565370940,,Kirkland Signature Organic Cold Pressed Extra Virgin Olive Oil - 2 L,Kirkland Signature,Home Page/Food/Pantry/Pantry meal essentials,976759_976794_2807108,,49.99,48.99,-2.04,,,False,Not available,https://goto.walmart.com/c/|PUBID|/568844/9383?veh=aff&sourceid=imp_000011112222333344&u=http%3A%2F%2Faffil.walmart.com%2Fcart%2FaddToCart%3Fitems%3D12565370940,
2026-03-01,olive_oil,extra virgin olive oil 2 liter,Lynnwood,98036,15399355177,460325005034,"(2 pack) La Espanola Extra Virgin Olive Oil, 68 FL oz",La Española,Home Page/Food/Pantry/Cooking oils & vinegar/Olive oils,976759_976794_4649724,,59.96,,,4.4,36.0,False,Not available,https://goto.walmart.com/c/|PUBID|/568844/9383?veh=aff&sourceid=imp_000011112222333344&u=http%3A%2F%2Faffil.walmart.com%2Fcart%2FaddToCart%3Fitems%3D15399355177,
2026-03-01,olive_oil,extra virgin olive oil 2 liter,Lynnwood,98036,14789673489,661270946759,"Organic Extra Olive Oil, 67.68 Fluid Ounce",Unbranded,Home Page/Food/Pantry/Pantry meal essentials,976759_976794_2807108,,55.0,,,,,True,Available,https://goto.walmart.com/c/|PUBID|/568844/9383?veh=aff&sourceid=imp_000011112222333344&u=http%3A%2F%2Faffil.walmart.com%2Fcart%2FaddToCart%3Fitems%3D14789673489,
2026-03-01,olive_oil,extra virgin olive oil 2 liter,Lynnwood,98036,19194464615,462517376540,"(2 pack) ZOE Extra Virgin Olive Oil 1L (33.8 fl oz), First Cold-Pressed",ZOE,Home Page/Food/Pantry/Pantry meal essentials,976759_976794_2807108,,55.98,59.98,6.67,,,True,Available,https://goto.walmart.com/c/|PUBID|/568844/9383?veh=aff&sourceid=imp_000011112222333344&u=http%3A%2F%2Faffil.walmart.com%2Fcart%2FaddToCart%3Fitems%3D19194464615,
2026-03-01,olive_oil,extra virgin olive oil 2 liter,Lynnwood,98036,1880447820,644197911857,3 Pack | Bertolli Extra Light Olive Oil (2 L),Bertolli,Home Page/Food/Pantry/Cooking oils & vinegar/Olive oils,976759_976794_4649724,,79.98,,,,,True,Available,https://goto.walmart.com/c/|PUBID|/568844/9383?veh=aff&sourceid=imp_000011112222333344&u=http%3A%2F%2Faffil.walmart.com%2Fcart%2FaddToCart%3Fitems%3D1880447820,
2026-03-01,olive_oil,extra virgin olive oil 2 liter,Lynnwood,98036,14929118449,,"Terra Delyssa Organic Extra Virgin Olive Oil, 1L (Pack of 2)",Terra,Home Page/Food/Pantry/Cooking oils & vinegar/Olive oils,976759_976794_4649724,,32.51,35.66,8.83,4.8,361.0,True,Available,https://goto.walmart.com/c/|PUBID|/568844/9383?veh=aff&sourceid=imp_000011112222333344&u=http%3A%2F%2Faffil.walmart.com%2Fcart%2FaddToCart%3Fitems%3D14929118449,
2026-03-01,olive_oil,extra virgin olive oil 2 liter,Lynnwood,98036,1062102151,644197911833,2 Pack | Bertolli Extra Light Olive Oil (2 L),Bertolli,Home Page/Food/Pantry/Pantry meal essentials,976759_976794_2807108,,54.99,54.99,0.0,,,True,Available,https://goto.walmart.com/c/|PUBID|/568844/9383?veh=aff&sourceid=imp_000011112222333344&u=http%3A%2F%2Faffil.walmart.com%2Fcart%2FaddToCart%3Fitems%3D1062102151,
2026-03-01,olive_oil,extra virgin olive oil 2 liter,Lynnwood,98036,15330553770,070404008742,"Pompeian Simply Light Taste Olive Oil, 2 Liter, 2 ct",Pompeian,Home Page/Food/Pantry/Cooking oils & vinegar/Olive oils,976759_976794_4649724,,59.95,,,5.0,1.0,True,Available,https://goto.walmart.com/c/|PUBID|/568844/9383?veh=aff&sourceid=imp_000011112222333344&u=http%3A%2F%2Faffil.walmart.com%2Fcart%2FaddToCart%3Fitems%3D15330553770,
2026-03-01,olive_oil,extra virgin olive oil 2 liter,Lynnwood,98036,15633356125,,Trader Giotto’s 100% Italian Organic Cold Pressed Extra Virgin Olive Oil 16.9fl oz 500ml (2 Bottles),Trader Giottos,Home Page/Food/Pantry/Cooking oils & vinegar/Olive oils,976759_976794_4649724,,41.5,,,,,True,Available,https://goto.walmart.com/c/|PUBID|/568844/9383?veh=aff&sourceid=imp_000011112222333344&u=http%3A%2F%2Faffil.walmart.com%2Fcart%2FaddToCart%3Fitems%3D15633356125,
2026-03-01,olive_oil,extra virgin olive oil 2 liter,Lynnwood,98036,1487662808,011110044235,"KG Extra Virgin Olive Oil Cold Extracted, Rich and Fruity Flavor 101 fl oz , 2 Pack + Bonus",KG,Home Page/Food/Pantry/Pantry meal essentials,976759_976794_2807108,,159.99,,,,,True,Available,https://goto.walmart.com/c/|PUBID|/568844/9383?veh=aff&sourceid=imp_000011112222333344&u=http%3A%2F%2Faffil.walmart.com%2Fcart%2FaddToCart%3Fitems%3D1487662808,
2026-03-01,olive_oil,extra virgin olive oil 2 liter,Lynnwood,98036,318552176,783399844676,Pompeian Imported Extra Virgin Organic Olive Oil (Pack of 2),Pompeian,Home Page/Food/Pantry/Pantry meal essentials,976759_976794_2807108,,21.49,25.77,16.61,,,True,Available,https://goto.walmart.com/c/|PUBID|/568844/9383?veh=aff&sourceid=imp_000011112222333344&u=http%3A%2F%2Faffil.walmart.com%2Fcart%2FaddToCart%3Fitems%3D318552176,
2026-03-01,olive_oil,extra virgin olive oil 2 liter,Redmond,98052,577293810,096619710553,Kirkland Signature Extra Virgin Italian Olive Oil 2 L,Kirkland Signature,Home Page/Food/Pantry/Cooking oils & vinegar/Olive oils,976759_976794_4649724,,45.52,61.71,26.24,4.6,21.0,True,Available,https://goto.walmart.com/c/|PUBID|/568844/9383?veh=aff&sourceid=imp_000011112222333344&u=http%3A%2F%2Faffil.walmart.com%2Fcart%2FaddToCart%3Fitems%3D577293810,
2026-03-01,olive_oil,extra virgin olive oil 2 liter,Redmond,98052,922877656,371655300402,"Kirkland Signature 2 x Organic Extra Virgin Olive Oil, 2 Liters - SET OF 4",Kirkland Signature,Home Page/Food/Pantry/Cooking oils & vinegar/Olive oils,976759_976794_4649724,,144.95,156.25,7.23,5.0,1.0,True,Available,https://goto.walmart.com/c/|PUBID|/568844/9383?veh=aff&sourceid=imp_000011112222333344&u=http%3A%2F%2Faffil.walmart.com%2Fcart%2FaddToCart%3Fitems%3D922877656,
2026-03-01,olive_oil,extra virgin olive oil 2 liter,Redmond,98052,18175364908,070404009039,"Pompeian Smooth & Fruity Extra Virgin Olive Oil, 2 L",Pompeian,Home Page/Food/Pantry/Pantry meal essentials,976759_976794_2807108,,32.99,,,5.0,1.0,True,Available,https://goto.walmart.com/c/|PUBID|/568844/9383?veh=aff&sourceid=imp_000011112222333344&u=http%3A%2F%2Faffil.walmart.com%2Fcart%2FaddToCart%3Fitems%3D18175364908,
2026-03-01,olive_oil,extra virgin olive oil 2 liter,Redmond,98052,714620818,039153011182,"Colavita Organic Extra Virgin Olive Oil, First Cold Pressed, Imported from Italy, 2 Liters",Colavita,Home Page/Food/Pantry/Pantry meal essentials,976759_976794_2807108,,54.99,0.0,,,,True,Available,https://goto.walmart.com/c/|PUBID|/568844/9383?veh=aff&sourceid=imp_000011112222333344&u=http%3A%2F%2Faffil.walmart.com%2Fcart%2FaddToCart%3Fitems%3D714620818,
2026-03-01,olive_oil,extra virgin olive oil 2 liter,Redmond,98052,19376552137,725821100752,Borges Extra Virgin Olive Oil 2L 67.6 fl oz,Borges,Home Page/Food/Pantry/International foods/European & Mediterranean,976759_976794_3854465,,45.0,,,,,True,Available,https://goto.walmart.com/c/|PUBID|/568844/9383?veh=aff&sourceid=imp_000011112222333344&u=http%3A%2F%2Faffil.walmart.com%2Fcart%2FaddToCart%3Fitems%3D19376552137,
2026-03-01,olive_oil,extra virgin olive oil 2 liter,Redmond,98052,527584597,371655339464,Kirkland Signature Organic Extra Virgin Olive Oil 2L (2QT 3.6 fl. oz)-set 4,Kirkland Signature,Home Page/Food/Pantry/Pantry meal essentials,976759_976794_2807108,,145.24,145.0,-0.17,,,True,Available,https://goto.walmart.com/c/|PUBID|/568844/9383?veh=aff&sourceid=imp_000011112222333344&u=http%3A%2F%2Faffil.walmart.com%2Fcart%2FaddToCart%3Fitems%3D527584597,
2026-03-01,olive_oil,extra virgin olive oil 2 liter,Redmond,98052,534173164,768253158670,"Extra Virgin Italian Olive Oil, 2 L",EP,Home Page/Food/Pantry/Cooking oils & vinegar/Olive oils,976759_976794_4649724,,49.98,0.0,,,,True,Available,https://goto.walmart.com/c/|PUBID|/568844/9383?veh=aff&sourceid=imp_000011112222333344&u=http%3A%2F%2Faffil.walmart.com%2Fcart%2FaddToCart%3Fitems%3D534173164,
2026-03-01,olive_oil,extra virgin olive oil 2 liter,Redmond,98052,407850202,096619420438,"2 Pack | Kirkland Signature Organic Extra Virgin Olive Oil, 2 L",Kirkland Signature,Home Page/Food/Pantry/Cooking oils & vinegar/Olive oils,976759_976794_4649724,,57.99,,,5.0,3.0,True,Available,https://goto.walmart.com/c/|PUBID|/568844/9383?veh=aff&sourceid=imp_000011112222333344&u=http%3A%2F%2Faffil.walmart.com%2Fcart%2FaddToCart%3Fitems%3D407850202,
2026-03-01,olive_oil,extra virgin olive oil 2 liter,Redmond,98052,474788994,888670073223,"Wellsley Farms Organic Extra Virgin Olive Oil, 2L",Wellsley Farms,Home Page/Food/Pantry/Cooking oils & vinegar/Olive oils,976759_976794_4649724,,37.63,48.66,22.67,0.0,0.0,True,Available,https://goto.walmart.com/c/|PUBID|/568844/9383?veh=aff&sourceid=imp_000011112222333344&u=http%3A%2F%2Faffil.walmart.com%2Fcart%2FaddToCart%3Fitems%3D474788994,
2026-03-01,olive_oil,extra virgin olive oil 2 liter,Redmond,98052,645755950,371655339471,Kirkland Signature Organic Extra Virgin Olive Oil 2L (2QT 3.6 fl. oz)-set 10,Kirkland Signature,Home Page/Food/Pantry/Pantry meal essentials,976759_976794_2807108,,400.75,400.75,0.0,,,True,Available,https://goto.walmart.com/c/|PUBID|/568844/9383?veh=aff&sourceid=imp_000011112222333344&u=http%3A%2F%2Faffil.walmart.com%2Fcart%2FaddToCart%3Fitems%3D645755950,
2026-03-01,olive_oil,extra virgin olive oil 2 liter,Redmond,98052,5202769455,604965250861,"De La Rosa 613 Extra Virgin Olive Oil, 2 L",Delarosa613,Home Page/Food/Pantry/Cooking oils & vinegar/Olive oils,976759_976794_4649724,,31.98,,,,,True,Available,https://goto.walmart.com/c/|PUBID|/568844/9383?veh=aff&sourceid=imp_000011112222333344&u=http%3A%2F%2Faffil.walmart.com%2Fcart%2FaddToCart%3Fitems%3D5202769455,
2026-03-01,olive_oil,extra virgin olive oil 2 liter,Redmond,98052,1455409348,759242893757,"3 Pack | Kirkland Signature Organic Extra Virgin Olive Oil, 2 L",Kirkland Signature,Home Page/Food/Pantry/Cooking oils & vinegar/Olive oils,976759_976794_4649724,,94.99,140.27,32.28,5.0,1.0,True,Available,https://goto.walmart.com/c/|PUBID|/568844/9383?veh=aff&sourceid=imp_000011112222333344&u=http%3A%2F%2Faffil.walmart.com%2Fcart%2FaddToCart%3Fitems%3D1455409348,
2026-03-01,olive_oil,extra virgin olive oil 2 liter,Redmond,98052,644774545,371655300419,"Kirkland Signature 2 x Organic Extra Virgin Olive Oil, 2 Liters - SET OF 10",Kirkland Signature,Home Page/Food/Pantry/Pantry meal essentials,976759_976794_2807108,,400.75,400.75,0.0,,,True,Available,https://goto.walmart.com/c/|PUBID|/568844/9383?veh=aff&sourceid=imp_000011112222333344&u=http%3A%2F%2Faffil.walmart.com%2Fcart%2FaddToCart%3Fitems%3D644774545,
2026-03-01,olive_oil,extra virgin olive oil 2 liter,Redmond,98052,1238378419,,Alhorro extra virgin Moroccan olive oil 1-2L,Alhorro,Home Page/Food/Pantry/Pantry meal essentials,976759_976794_2807108,,29.9,29.99,0.3,,,True,Available,https://goto.walmart.com/c/|PUBID|/568844/9383?veh=aff&sourceid=imp_000011112222333344&u=http%3A%2F%2Faffil.walmart.com%2Fcart%2FaddToCart%3Fitems%3D1238378419,
2026-03-01,olive_oil,extra virgin olive oil 2 liter,Redmond,98052,569824677,096619433872,"Kirkland Signature hZKjAt Organic Extra Virgin Olive Oil, 2L (5 Pack)",Kirkland Signature,Home Page/Food/Pantry/Cooking oils & vinegar/Olive oils,976759_976794_4649724,,135.99,,,1.0,1.0,True,Available,https://goto.walmart.com/c/|PUBID|/568844/9383?veh=aff&sourceid=imp_000011112222333344&u=http%3A%2F%2Faffil.walmart.com%2Fcart%2FaddToCart%3Fitems%3D569824677,
2026-03-01,olive_oil,extra virgin olive oil 2 liter,Redmond,98052,15467151473,100141522499,"Pack of 2 - TJs Extra Virgin Olive Oil, Liter 33.8 Fl Oz",TJS,Home Page/Food/Pantry/Cooking oils & vinegar/Olive oils,976759_976794_4649724,,36.95,,,,,True,Available,https://goto.walmart.com/c/|PUBID|/568844/9383?veh=aff&sourceid=imp_000011112222333344&u=http%3A%2F%2Faffil.walmart.com%2Fcart%2FaddToCart%3Fitems%3D15467151473,
2026-03-01,olive_oil,extra virgin olive oil 2 liter,Redmond,98052,565355304,041790004427,Bertolli Extra Light Olive Oil (2 L),Bertolli,Home Page/Food/Pantry/Pantry meal essentials,976759_976794_2807108,,30.99,23.78,-30.32,4.8,5507.0,True,Available,https://goto.walmart.com/c/|PUBID|/568844/9383?veh=aff&sourceid=imp_000011112222333344&u=http%3A%2F%2Faffil.walmart.com%2Fcart%2FaddToCart%3Fitems%3D565355304,
2026-03-01,olive_oil,extra virgin olive oil 2 liter,Redmond,98052,905673127,850455000113,Antonio Celentano Extra Virgin Olive Oil 1 Liter PET Bottle 2 Pack,Antonio Celentano,Home Page/Food/Pantry/Cooking oils & vinegar/Olive oils,976759_976794_4649724,,58.0,,,,,True,Available,https://goto.walmart.com/c/|PUBID|/568844/9383?veh=aff&sourceid=imp_000011112222333344&u=http%3A%2F%2Faffil.walmart.com%2Fcart%2FaddToCart%3Fitems%3D905673127,
2026-03-01,olive_oil,extra virgin olive oil 2 liter,Redmond,98052,2436649325,723651252061,Pompeian Robust Extra Virgin Olive Oil 68 fl oz (Pack of 2),Pompeian,Home Page/Food/Pantry/Cooking oils & vinegar/Olive oils,976759_976794_4649724,,55.94,57.97,3.5,,,True,Available,https://goto.walmart.com/c/|PUBID|/568844/9383?veh=aff&sourceid=imp_000011112222333344&u=http%3A%2F%2Faffil.walmart.com%2Fcart%2FaddToCart%3Fitems%3D2436649325,
2026-03-01,olive_oil,extra virgin olive oil 2 liter,Redmond,98052,12565370940,,Kirkland Signature Organic Cold Pressed Extra Virgin Olive Oil - 2 L,Kirkland Signature,Home Page/Food/Pantry/Pantry meal essentials,976759_976794_2807108,,49.99,48.99,-2.04,,,False,Not available,https://goto.walmart.com/c/|PUBID|/568844/9383?veh=aff&sourceid=imp_000011112222333344&u=http%3A%2F%2Faffil.walmart.com%2Fcart%2FaddToCart%3Fitems%3D12565370940,
2026-03-01,olive_oil,extra virgin olive oil 2 liter,Redmond,98052,15399355177,460325005034,"(2 pack) La Espanola Extra Virgin Olive Oil, 68 FL oz",La Española,Home Page/Food/Pantry/Cooking oils & vinegar/Olive oils,976759_976794_4649724,,59.96,,,4.4,36.0,False,Not available,https://goto.walmart.com/c/|PUBID|/568844/9383?veh=aff&sourceid=imp_000011112222333344&u=http%3A%2F%2Faffil.walmart.com%2Fcart%2FaddToCart%3Fitems%3D15399355177,
2026-03-01,olive_oil,extra virgin olive oil 2 liter,Redmond,98052,14789673489,661270946759,"Organic Extra Olive Oil, 67.68 Fluid Ounce",Unbranded,Home Page/Food/Pantry/Pantry meal essentials,976759_976794_2807108,,55.0,,,,,True,Available,https://goto.walmart.com/c/|PUBID|/568844/9383?veh=aff&sourceid=imp_000011112222333344&u=http%3A%2F%2Faffil.walmart.com%2Fcart%2FaddToCart%3Fitems%3D14789673489,
2026-03-01,olive_oil,extra virgin olive oil 2 liter,Redmond,98052,19194464615,462517376540,"(2 pack) ZOE Extra Virgin Olive Oil 1L (33.8 fl oz), First Cold-Pressed",ZOE,Home Page/Food/Pantry/Pantry meal essentials,976759_976794_2807108,,55.98,59.98,6.67,,,True,Available,https://goto.walmart.com/c/|PUBID|/568844/9383?veh=aff&sourceid=imp_000011112222333344&u=http%3A%2F%2Faffil.walmart.com%2Fcart%2FaddToCart%3Fitems%3D19194464615,
2026-03-01,olive_oil,extra virgin olive oil 2 liter,Redmond,98052,1880447820,644197911857,3 Pack | Bertolli Extra Light Olive Oil (2 L),Bertolli,Home Page/Food/Pantry/Cooking oils & vinegar/Olive oils,976759_976794_4649724,,79.98,,,,,True,Available,https://goto.walmart.com/c/|PUBID|/568844/9383?veh=aff&sourceid=imp_000011112222333344&u=http%3A%2F%2Faffil.walmart.com%2Fcart%2FaddToCart%3Fitems%3D1880447820,
2026-03-01,olive_oil,extra virgin olive oil 2 liter,Redmond,98052,14929118449,,"Terra Delyssa Organic Extra Virgin Olive Oil, 1L (Pack of 2)",Terra,Home Page/Food/Pantry/Cooking oils & vinegar/Olive oils,976759_976794_4649724,,32.51,35.66,8.83,4.8,361.0,True,Available,https://goto.walmart.com/c/|PUBID|/568844/9383?veh=aff&sourceid=imp_000011112222333344&u=http%3A%2F%2Faffil.walmart.com%2Fcart%2FaddToCart%3Fitems%3D14929118449,
2026-03-01,olive_oil,extra virgin olive oil 2 liter,Redmond,98052,1062102151,644197911833,2 Pack | Bertolli Extra Light Olive Oil (2 L),Bertolli,Home Page/Food/Pantry/Pantry meal essentials,976759_976794_2807108,,54.99,54.99,0.0,,,True,Available,https://goto.walmart.com/c/|PUBID|/568844/9383?veh=aff&sourceid=imp_000011112222333344&u=http%3A%2F%2Faffil.walmart.com%2Fcart%2FaddToCart%3Fitems%3D1062102151,
2026-03-01,olive_oil,extra virgin olive oil 2 liter,Redmond,98052,15330553770,070404008742,"Pompeian Simply Light Taste Olive Oil, 2 Liter, 2 ct",Pompeian,Home Page/Food/Pantry/Cooking oils & vinegar/Olive oils,976759_976794_4649724,,59.95,,,5.0,1.0,True,Available,https://goto.walmart.com/c/|PUBID|/568844/9383?veh=aff&sourceid=imp_000011112222333344&u=http%3A%2F%2Faffil.walmart.com%2Fcart%2FaddToCart%3Fitems%3D15330553770,
2026-03-01,olive_oil,extra virgin olive oil 2 liter,Redmond,98052,15633356125,,Trader Giotto’s 100% Italian Organic Cold Pressed Extra Virgin Olive Oil 16.9fl oz 500ml (2 Bottles),Trader Giottos,Home Page/Food/Pantry/Cooking oils & vinegar/Olive oils,976759_976794_4649724,,41.5,,,,,True,Available,https://goto.walmart.com/c/|PUBID|/568844/9383?veh=aff&sourceid=imp_000011112222333344&u=http%3A%2F%2Faffil.walmart.com%2Fcart%2FaddToCart%3Fitems%3D15633356125,
2026-03-01,olive_oil,extra virgin olive oil 2 liter,Redmond,98052,1487662808,011110044235,"KG Extra Virgin Olive Oil Cold Extracted, Rich and Fruity Flavor 101 fl oz , 2 Pack + Bonus",KG,Home Page/Food/Pantry/Pantry meal essentials,976759_976794_2807108,,159.99,,,,,True,Available,https://goto.walmart.com/c/|PUBID|/568844/9383?veh=aff&sourceid=imp_000011112222333344&u=http%3A%2F%2Faffil.walmart.com%2Fcart%2FaddToCart%3Fitems%3D1487662808,
2026-03-01,olive_oil,extra virgin olive oil 2 liter,Redmond,98052,318552176,783399844676,Pompeian Imported Extra Virgin Organic Olive Oil (Pack of 2),Pompeian,Home Page/Food/Pantry/Pantry meal essentials,976759_976794_2807108,,21.49,25.77,16.61,,,True,Available,https://goto.walmart.com/c/|PUBID|/568844/9383?veh=aff&sourceid=imp_000011112222333344&u=http%3A%2F%2Faffil.walmart.com%2Fcart%2FaddToCart%3Fitems%3D318552176,
2026-03-01,olive_oil,olive oil glass bottle,Ridgefield,98642,47440603,,"Terra Delyssa Extra Virgin Olive Oil, 17 fl. oz., Glass",Terra Delyssa,Home Page/Food/Pantry/Cooking oils & vinegar/Olive oils,976759_976794_4649724,,8.68,9.99,13.11,4.8,2260.0,True,Available,https://goto.walmart.com/c/|PUBID|/568844/9383?veh=aff&sourceid=imp_000011112222333344&u=http%3A%2F%2Faffil.walmart.com%2Fcart%2FaddToCart%3Fitems%3D47440603,
2026-03-01,olive_oil,olive oil glass bottle,Ridgefield,98642,142999457,041618501206,"Olivari Greece Extra Virgin Olive Oil, 17 fl oz Glass Bottle",Olivari,Home Page/Food/Pantry/Cooking oils & vinegar/Olive oils,976759_976794_4649724,,6.96,6.96,0.0,4.8,135.0,True,Available,https://goto.walmart.com/c/|PUBID|/568844/9383?veh=aff&sourceid=imp_000011112222333344&u=http%3A%2F%2Faffil.walmart.com%2Fcart%2FaddToCart%3Fitems%3D142999457,
2026-03-01,olive_oil,olive oil glass bottle,Ridgefield,98642,174040925,,"Terra Delyssa Organic Extra Virgin Olive Oil, 34 fl. oz. Glass",Terra Delyssa,Home Page/Food/Pantry/Cooking oils & vinegar/Olive oils,976759_976794_4649724,,15.48,11.99,-29.11,4.8,1789.0,True,Available,https://goto.walmart.com/c/|PUBID|/568844/9383?veh=aff&sourceid=imp_000011112222333344&u=http%3A%2F%2Faffil.walmart.com%2Fcart%2FaddToCart%3Fitems%3D174040925,
2026-03-01,olive_oil,olive oil glass bottle,Ridgefield,98642,986641125,041618501190,"Olivari Organic Extra Virgin Olive Oil, 17 fl oz Glass Bottle",Olivari,Home Page/Food/Pantry/Cooking oils & vinegar/Olive oils,976759_976794_4649724,,9.52,,,4.7,154.0,False,Not available,https://goto.walmart.com/c/|PUBID|/568844/9383?veh=aff&sourceid=imp_000011112222333344&u=http%3A%2F%2Faffil.walmart.com%2Fcart%2FaddToCart%3Fitems%3D986641125,
2026-03-01,olive_oil,olive oil glass bottle,Ridgefield,98642,410501824,041618501794,"Olivari Marmelo Estate Reserve Extra Virgin Olive Oil, 17 fl oz Glass Bottle",Olivari,Home Page/Food/Pantry/Cooking oils & vinegar/Olive oils,976759_976794_4649724,,8.97,21.0,57.29,4.8,92.0,True,Available,https://goto.walmart.com/c/|PUBID|/568844/9383?veh=aff&sourceid=imp_000011112222333344&u=http%3A%2F%2Faffil.walmart.com%2Fcart%2FaddToCart%3Fitems%3D410501824,
2026-03-01,olive_oil,olive oil glass bottle,Ridgefield,98642,813324297,656285206219,Partanna Robust Extra Virgin Olive Oil - Premium Castelvetrano Olive Oil - Harvested in Sicily - Pure Authentic Italian - Monovarietal - Rich in Flavor - First Cold Pressed - 16.9oz (500 ML) Glass,Partanna,Home Page/Food/Pantry/Pantry meal essentials,976759_976794_2807108,,10.93,17.0,35.71,4.7,178.0,True,Available,https://goto.walmart.com/c/|PUBID|/568844/9383?veh=aff&sourceid=imp_000011112222333344&u=http%3A%2F%2Faffil.walmart.com%2Fcart%2FaddToCart%3Fitems%3D813324297,
2026-03-01,olive_oil,olive oil glass bottle,Ridgefield,98642,3009860465,656285176253,Partanna Everyday Mild Extra Virgin Olive Oil - Premium Castelvetrano Olive Oil - Harvested in Sicily - Pure Authentic Italian - Rich in Flavor - First Cold Pressed - 16.9oz (500 ML) Glass,Partanna,Home Page/Food/Pantry/Cooking oils & vinegar/Olive oils,976759_976794_4649724,,9.97,23.0,56.65,4.8,113.0,True,Available,https://goto.walmart.com/c/|PUBID|/568844/9383?veh=aff&sourceid=imp_000011112222333344&u=http%3A%2F%2Faffil.walmart.com%2Fcart%2FaddToCart%3Fitems%3D3009860465,
2026-03-01,olive_oil,olive oil glass bottle,Ridgefield,98642,649662280,019521550161,Carapelli Original Extra Virgin Olive Oil 16.9 fl oz,Carapelli,Home Page/Food/Pantry/Cooking oils & vinegar/Olive oils,976759_976794_4649724,,9.87,10.0,1.3,4.7,555.0,True,Available,https://goto.walmart.com/c/|PUBID|/568844/9383?veh=aff&sourceid=imp_000011112222333344&u=http%3A%2F%2Faffil.walmart.com%2Fcart%2FaddToCart%3Fitems%3D649662280,
2026-03-01,olive_oil,olive oil glass bottle,Ridgefield,98642,51630343,078742131641,"Great Value Organic Extra Virgin Olive Oil, 17 fl oz",Great Value,Home Page/Food/Pantry/Cooking oils & vinegar/Cooking oils,976759_976794_4649724,,7.36,4.48,-64.29,4.6,2206.0,False,Not available,https://goto.walmart.com/c/|PUBID|/568844/9383?veh=aff&sourceid=imp_000011112222333344&u=http%3A%2F%2Faffil.walmart.com%2Fcart%2FaddToCart%3Fitems%3D51630343,
2026-03-01,olive_oil,olive oil glass bottle,Ridgefield,98642,45622226,757645030205,Newmans Own 16.9z Organics Extra Virgin Olive Oil,Newman's Own,Home Page/Food/Pantry/Cooking oils & vinegar/Olive oils,976759_976794_4649724,,9.97,116.98,91.48,4.8,306.0,True,Available,https://goto.walmart.com/c/|PUBID|/568844/9383?veh=aff&sourceid=imp_000011112222333344&u=http%3A%2F%2Faffil.walmart.com%2Fcart%2FaddToCart%3Fitems%3D45622226,
2026-03-01,olive_oil,olive oil glass bottle,Ridgefield,98642,14317374695,,"Terra Delyssa First Cold Pressed Organic Extra Virgin Olive Oil, Single Sourced, 1 L (34 fl. oz) Dark Glass Bottle - 1 Pack, Non-GMO, Naturally Rich in Antioxidants and Polyphenols",Terra Delyssa,Home Page/Food/Pantry/Pantry meal essentials,976759_976794_2807108,,24.99,,,4.5,12.0,True,Available,https://goto.walmart.com/c/|PUBID|/568844/9383?veh=aff&sourceid=imp_000011112222333344&u=http%3A%2F%2Faffil.walmart.com%2Fcart%2FaddToCart%3Fitems%3D14317374695,
2026-03-01,olive_oil,olive oil glass bottle,Ridgefield,98642,47440602,888003593152,"Terra Delyssa Extra Virgin Olive Oil, 34 fl. Oz",Terra Delyssa,Home Page/Food/Pantry/Cooking oils & vinegar/Olive oils,976759_976794_4649724,,14.97,8.98,-66.7,4.7,4432.0,True,Available,https://goto.walmart.com/c/|PUBID|/568844/9383?veh=aff&sourceid=imp_000011112222333344&u=http%3A%2F%2Faffil.walmart.com%2Fcart%2FaddToCart%3Fitems%3D47440602,
2026-03-01,olive_oil,olive oil glass bottle,Ridgefield,98642,10292273,041790001600,"Bertolli Extra Virgin Olive Oil, Rich Taste",Bertolli,Home Page/Food/Pantry/Cooking oils & vinegar/Cooking oils,976759_976794_4649724,,8.47,5.98,-41.64,4.7,3116.0,True,Available,https://goto.walmart.com/c/|PUBID|/568844/9383?veh=aff&sourceid=imp_000011112222333344&u=http%3A%2F%2Faffil.walmart.com%2Fcart%2FaddToCart%3Fitems%3D10292273,
2026-03-01,olive_oil,olive oil glass bottle,Ridgefield,98642,15529688,039153010079,"Colavita Extra Virgin Olive Oil, 8.5 fl oz, Glass Bottle",Colavita,Home Page/Food/Pantry/Cooking oils & vinegar/Olive oils,976759_976794_4649724,,14.99,8.99,-66.74,5.0,7.0,True,Available,https://goto.walmart.com/c/|PUBID|/568844/9383?veh=aff&sourceid=imp_000011112222333344&u=http%3A%2F%2Faffil.walmart.com%2Fcart%2FaddToCart%3Fitems%3D15529688,
2026-03-01,olive_oil,olive oil glass bottle,Ridgefield,98642,454902833,748323564297,Containly Hand Painted Glass 8 oz Olive Oil Dispenser with Stainless Steel Spout and Cruet,Containly,Home Page/Home/Storage & Organization/Shop all Storage & Organization,4044_90828_1294036,,9.76,10.95,10.87,4.8,49.0,True,Available,https://goto.walmart.com/c/|PUBID|/568844/9383?veh=aff&sourceid=imp_000011112222333344&u=http%3A%2F%2Faffil.walmart.com%2Fcart%2FaddToCart%3Fitems%3D454902833,
2026-03-01,olive_oil,olive oil glass bottle,Ridgefield,98642,865809479,748323564266,"Containly 8oz Glass Olive Oil / Vinegar Bottle for Kitchen, Olive Oil Dispenser With Stainless Steel Spout for Easy Pouring, Slight Green Tint",Containly,Home Page/Home/Storage & Organization/Shop all Storage & Organization,4044_90828_1294036,,10.95,9.99,-9.61,4.5,17.0,True,Available,https://goto.walmart.com/c/|PUBID|/568844/9383?veh=aff&sourceid=imp_000011112222333344&u=http%3A%2F%2Faffil.walmart.com%2Fcart%2FaddToCart%3Fitems%3D865809479,
2026-03-01,olive_oil,olive oil glass bottle,Ridgefield,98642,1280679668,880005320477,"Organic High Polyphenol Rich Extra Virgin Olive Oil OLIVIE PLUS 30X | Moroccan Desert Olive Oil | EVOO | MD Recommended | Organic, Kosher | 250 ml Glass Bottle",OLIVIE LES BIENFAITS DE L'OLIVIER,Home Page/Food/Pantry/Pantry meal essentials,976759_976794_2807108,,31.0,99.99,69.0,4.7,93.0,True,Available,https://goto.walmart.com/c/|PUBID|/568844/9383?veh=aff&sourceid=imp_000011112222333344&u=http%3A%2F%2Faffil.walmart.com%2Fcart%2FaddToCart%3Fitems%3D1280679668,
2026-03-01,olive_oil,olive oil glass bottle,Ridgefield,98642,16627927,041618080206,"GEM Extra Virgin Olive Oil for Seasoning and Finishing, 8.5 fl oz",GEM,Home Page/Food/Pantry/Cooking oils & vinegar/Olive oils,976759_976794_4649724,,4.48,29.99,85.06,4.5,1002.0,True,Available,https://goto.walmart.com/c/|PUBID|/568844/9383?veh=aff&sourceid=imp_000011112222333344&u=http%3A%2F%2Faffil.walmart.com%2Fcart%2FaddToCart%3Fitems%3D16627927,
2026-03-01,olive_oil,olive oil glass bottle,Ridgefield,98642,46572000,041736010147,Filippo Berio Extra Virgin Olive Oil 16.9 fl oz,Filippo Berio,Home Page/Food/Pantry/Cooking oils & vinegar/Olive oils,976759_976794_4649724,,7.48,0.0,,4.7,884.0,True,Available,https://goto.walmart.com/c/|PUBID|/568844/9383?veh=aff&sourceid=imp_000011112222333344&u=http%3A%2F%2Faffil.walmart.com%2Fcart%2FaddToCart%3Fitems%3D46572000,
2026-03-01,olive_oil,olive oil glass bottle,Ridgefield,98642,16066252117,673571657173,"Ogetok Dual-Purpose 2-in-1 Glass Oil Bottle - Spray & Pour Design with Cap, 16oz Olive Oil Spray,Tempered Glass for Kitchen, Gardening & Outdoor Use",Ogetok,Home Page/Home/Storage & Organization/Shop all Storage & Organization,4044_90828_1294036,,10.99,12.99,15.4,,,True,Available,https://goto.walmart.com/c/|PUBID|/568844/9383?veh=aff&sourceid=imp_000011112222333344&u=http%3A%2F%2Faffil.walmart.com%2Fcart%2FaddToCart%3Fitems%3D16066252117,
2026-03-01,olive_oil,olive oil glass bottle,Ridgefield,98642,14782053963,468423699919,"(2 pack) Olivari Organic Extra Virgin Olive Oil, 17 fl oz Glass Bottle",Olivari,Home Page/Food/Pantry/Pantry meal essentials,976759_976794_2807108,,19.04,,,4.7,154.0,True,Available,https://goto.walmart.com/c/|PUBID|/568844/9383?veh=aff&sourceid=imp_000011112222333344&u=http%3A%2F%2Faffil.walmart.com%2Fcart%2FaddToCart%3Fitems%3D14782053963,
2026-03-01,olive_oil,olive oil glass bottle,Ridgefield,98642,976946829,810017170098,"Cobram Estate Classic Flavor 100% California Extra Virgin Olive Oil, 12.7 fl oz Bottle – First Cold Pressed, Easy-Pour Cooking Oil",Cobram Estate,Home Page/Food/Pantry/Cooking oils & vinegar/Olive oils,976759_976794_4649724,,10.97,52.91,79.27,4.8,295.0,True,Available,https://goto.walmart.com/c/|PUBID|/568844/9383?veh=aff&sourceid=imp_000011112222333344&u=http%3A%2F%2Faffil.walmart.com%2Fcart%2FaddToCart%3Fitems%3D976946829,
2026-03-01,olive_oil,olive oil glass bottle,Ridgefield,98642,5097576872,702103780420,"17oz Olive Oil Dispenser Bottle,Glass Oil Dispenser,Cooking Oil and Vinegar Cruet Set with Stainless Steel Pourer,Olive Oil Bottle for Kitchen",Wayeept,Home Page/Home/Storage & Organization/Shop all Storage & Organization,4044_90828_1294036,,11.99,12.99,7.7,4.9,84.0,True,Available,https://goto.walmart.com/c/|PUBID|/568844/9383?veh=aff&sourceid=imp_000011112222333344&u=http%3A%2F%2Faffil.walmart.com%2Fcart%2FaddToCart%3Fitems%3D5097576872,
2026-03-01,olive_oil,olive oil glass bottle,Ridgefield,98642,2324440358,,"Molimoli Olive x2 Oil Dispenser Glass Bottle 350ml for Kitchen. Silver Weighted Pourer 2.72""W x 8.62""H",MoliMoli,Home Page/Home/Storage & Organization/Shop all Storage & Organization,4044_90828_1294036,,29.95,,,5.0,7.0,True,Available,https://goto.walmart.com/c/|PUBID|/568844/9383?veh=aff&sourceid=imp_000011112222333344&u=http%3A%2F%2Faffil.walmart.com%2Fcart%2FaddToCart%3Fitems%3D2324440358,
2026-03-01,olive_oil,olive oil glass bottle,Ridgefield,98642,16524222,048676442403,"Anchor Hocking Olive Oil and Vinegar Glass Bottle with Stainless Steel Spout, 11 Ounce, Designed to Help with Proper Produce Storage",Anchor Hocking,Home Page/Home/Kitchen & Dining/Kitchen Storage & Organization/Counter Organizers,4044_623679_1032619,,3.98,14.0,71.57,4.5,2349.0,False,Not available,https://goto.walmart.com/c/|PUBID|/568844/9383?veh=aff&sourceid=imp_000011112222333344&u=http%3A%2F%2Faffil.walmart.com%2Fcart%2FaddToCart%3Fitems%3D16524222,
2026-03-01,olive_oil,olive oil glass bottle,Ridgefield,98642,13871566675,014484610525,"ZJDOAK Clear Glass Olive Oil Dispenser Bottles, and Vinegar Cruet Bottle Includes Pourers, Funnel, Cooking Container for Kitchen",ZJDOAK,Home Page/Home/Storage & Organization/Shop all Storage & Organization,4044_90828_1294036,,8.98,19.65,54.3,,,True,Available,https://goto.walmart.com/c/|PUBID|/568844/9383?veh=aff&sourceid=imp_000011112222333344&u=http%3A%2F%2Faffil.walmart.com%2Fcart%2FaddToCart%3Fitems%3D13871566675,
2026-03-01,olive_oil,olive oil glass bottle,Ridgefield,98642,1979588192,,"LES TERROIRS DE MARRAKECH Moroccan Organic Extra Virgin Olive Oil, Polyphenol Rich, Cold Pressed from Bicentenary olive trees, Most Awarded, Trusted by Michelin Star Chefs, 17 Fl Oz Glass Bottle",Les Terroirs de Marrakech,Home Page/Food/Pantry/Pantry meal essentials,976759_976794_2807108,,39.99,99.99,60.01,4.5,2.0,True,Available,https://goto.walmart.com/c/|PUBID|/568844/9383?veh=aff&sourceid=imp_000011112222333344&u=http%3A%2F%2Faffil.walmart.com%2Fcart%2FaddToCart%3Fitems%3D1979588192,
2026-03-01,olive_oil,olive oil glass bottle,Ridgefield,98642,13779050073,729016882973,"Cook with Color 2-in-1 Glass Olive Oil Dispenser & Spray Bottle, Precision & Durability",COOK WITH COLOR,Home Page/Home/Storage & Organization/Shop all Storage & Organization,4044_90828_1294036,,5.96,,,4.6,158.0,True,Available,https://goto.walmart.com/c/|PUBID|/568844/9383?veh=aff&sourceid=imp_000011112222333344&u=http%3A%2F%2Faffil.walmart.com%2Fcart%2FaddToCart%3Fitems%3D13779050073,
2026-03-01,olive_oil,olive oil glass bottle,Ridgefield,98642,755339402,649270737171,"LandHope Oil Bottle Glass with Spout,Olive Oil Vinegar Dispenser for Kitchen and BBQ (125ml/4.27oz)",LandHope,Home Page/Home/Storage & Organization/Shop all Storage & Organization,4044_90828_1294036,,5.99,16.99,64.74,4.7,29.0,True,Available,https://goto.walmart.com/c/|PUBID|/568844/9383?veh=aff&sourceid=imp_000011112222333344&u=http%3A%2F%2Faffil.walmart.com%2Fcart%2FaddToCart%3Fitems%3D755339402,
2026-03-01,olive_oil,olive oil glass bottle,Ridgefield,98642,292823406,748323563962,Containly Glass Bottle 16 oz Olive Oil/Vinegar Dispenser for Kitchen with Stainless Steel Spout,Containly,Home Page/Home/Storage & Organization/Shop all Storage & Organization,4044_90828_1294036,,12.95,,,4.6,25.0,True,Available,https://goto.walmart.com/c/|PUBID|/568844/9383?veh=aff&sourceid=imp_000011112222333344&u=http%3A%2F%2Faffil.walmart.com%2Fcart%2FaddToCart%3Fitems%3D292823406,
2026-03-01,olive_oil,olive oil glass bottle,Lacey,98503,47440603,,"Terra Delyssa Extra Virgin Olive Oil, 17 fl. oz., Glass",Terra Delyssa,Home Page/Food/Pantry/Cooking oils & vinegar/Olive oils,976759_976794_4649724,,8.68,9.99,13.11,4.8,2260.0,True,Available,https://goto.walmart.com/c/|PUBID|/568844/9383?veh=aff&sourceid=imp_000011112222333344&u=http%3A%2F%2Faffil.walmart.com%2Fcart%2FaddToCart%3Fitems%3D47440603,
2026-03-01,olive_oil,olive oil glass bottle,Lacey,98503,142999457,041618501206,"Olivari Greece Extra Virgin Olive Oil, 17 fl oz Glass Bottle",Olivari,Home Page/Food/Pantry/Cooking oils & vinegar/Olive oils,976759_976794_4649724,,6.96,6.96,0.0,4.8,135.0,True,Available,https://goto.walmart.com/c/|PUBID|/568844/9383?veh=aff&sourceid=imp_000011112222333344&u=http%3A%2F%2Faffil.walmart.com%2Fcart%2FaddToCart%3Fitems%3D142999457,
2026-03-01,olive_oil,olive oil glass bottle,Lacey,98503,174040925,,"Terra Delyssa Organic Extra Virgin Olive Oil, 34 fl. oz. Glass",Terra Delyssa,Home Page/Food/Pantry/Cooking oils & vinegar/Olive oils,976759_976794_4649724,,15.48,11.99,-29.11,4.8,1789.0,True,Available,https://goto.walmart.com/c/|PUBID|/568844/9383?veh=aff&sourceid=imp_000011112222333344&u=http%3A%2F%2Faffil.walmart.com%2Fcart%2FaddToCart%3Fitems%3D174040925,
2026-03-01,olive_oil,olive oil glass bottle,Lacey,98503,986641125,041618501190,"Olivari Organic Extra Virgin Olive Oil, 17 fl oz Glass Bottle",Olivari,Home Page/Food/Pantry/Cooking oils & vinegar/Olive oils,976759_976794_4649724,,9.52,,,4.7,154.0,False,Not available,https://goto.walmart.com/c/|PUBID|/568844/9383?veh=aff&sourceid=imp_000011112222333344&u=http%3A%2F%2Faffil.walmart.com%2Fcart%2FaddToCart%3Fitems%3D986641125,
2026-03-01,olive_oil,olive oil glass bottle,Lacey,98503,410501824,041618501794,"Olivari Marmelo Estate Reserve Extra Virgin Olive Oil, 17 fl oz Glass Bottle",Olivari,Home Page/Food/Pantry/Cooking oils & vinegar/Olive oils,976759_976794_4649724,,8.97,21.0,57.29,4.8,92.0,True,Available,https://goto.walmart.com/c/|PUBID|/568844/9383?veh=aff&sourceid=imp_000011112222333344&u=http%3A%2F%2Faffil.walmart.com%2Fcart%2FaddToCart%3Fitems%3D410501824,
2026-03-01,olive_oil,olive oil glass bottle,Lacey,98503,813324297,656285206219,Partanna Robust Extra Virgin Olive Oil - Premium Castelvetrano Olive Oil - Harvested in Sicily - Pure Authentic Italian - Monovarietal - Rich in Flavor - First Cold Pressed - 16.9oz (500 ML) Glass,Partanna,Home Page/Food/Pantry/Pantry meal essentials,976759_976794_2807108,,10.93,17.0,35.71,4.7,178.0,True,Available,https://goto.walmart.com/c/|PUBID|/568844/9383?veh=aff&sourceid=imp_000011112222333344&u=http%3A%2F%2Faffil.walmart.com%2Fcart%2FaddToCart%3Fitems%3D813324297,
2026-03-01,olive_oil,olive oil glass bottle,Lacey,98503,3009860465,656285176253,Partanna Everyday Mild Extra Virgin Olive Oil - Premium Castelvetrano Olive Oil - Harvested in Sicily - Pure Authentic Italian - Rich in Flavor - First Cold Pressed - 16.9oz (500 ML) Glass,Partanna,Home Page/Food/Pantry/Cooking oils & vinegar/Olive oils,976759_976794_4649724,,9.97,23.0,56.65,4.8,113.0,True,Available,https://goto.walmart.com/c/|PUBID|/568844/9383?veh=aff&sourceid=imp_000011112222333344&u=http%3A%2F%2Faffil.walmart.com%2Fcart%2FaddToCart%3Fitems%3D3009860465,
2026-03-01,olive_oil,olive oil glass bottle,Lacey,98503,649662280,019521550161,Carapelli Original Extra Virgin Olive Oil 16.9 fl oz,Carapelli,Home Page/Food/Pantry/Cooking oils & vinegar/Olive oils,976759_976794_4649724,,9.87,10.0,1.3,4.7,555.0,True,Available,https://goto.walmart.com/c/|PUBID|/568844/9383?veh=aff&sourceid=imp_000011112222333344&u=http%3A%2F%2Faffil.walmart.com%2Fcart%2FaddToCart%3Fitems%3D649662280,
2026-03-01,olive_oil,olive oil glass bottle,Lacey,98503,51630343,078742131641,"Great Value Organic Extra Virgin Olive Oil, 17 fl oz",Great Value,Home Page/Food/Pantry/Cooking oils & vinegar/Cooking oils,976759_976794_4649724,,7.36,4.48,-64.29,4.6,2206.0,False,Not available,https://goto.walmart.com/c/|PUBID|/568844/9383?veh=aff&sourceid=imp_000011112222333344&u=http%3A%2F%2Faffil.walmart.com%2Fcart%2FaddToCart%3Fitems%3D51630343,
2026-03-01,olive_oil,olive oil glass bottle,Lacey,98503,45622226,757645030205,Newmans Own 16.9z Organics Extra Virgin Olive Oil,Newman's Own,Home Page/Food/Pantry/Cooking oils & vinegar/Olive oils,976759_976794_4649724,,9.97,116.98,91.48,4.8,306.0,True,Available,https://goto.walmart.com/c/|PUBID|/568844/9383?veh=aff&sourceid=imp_000011112222333344&u=http%3A%2F%2Faffil.walmart.com%2Fcart%2FaddToCart%3Fitems%3D45622226,
2026-03-01,olive_oil,olive oil glass bottle,Lacey,98503,14317374695,,"Terra Delyssa First Cold Pressed Organic Extra Virgin Olive Oil, Single Sourced, 1 L (34 fl. oz) Dark Glass Bottle - 1 Pack, Non-GMO, Naturally Rich in Antioxidants and Polyphenols",Terra Delyssa,Home Page/Food/Pantry/Pantry meal essentials,976759_976794_2807108,,24.99,,,4.5,12.0,True,Available,https://goto.walmart.com/c/|PUBID|/568844/9383?veh=aff&sourceid=imp_000011112222333344&u=http%3A%2F%2Faffil.walmart.com%2Fcart%2FaddToCart%3Fitems%3D14317374695,
2026-03-01,olive_oil,olive oil glass bottle,Lacey,98503,47440602,888003593152,"Terra Delyssa Extra Virgin Olive Oil, 34 fl. Oz",Terra Delyssa,Home Page/Food/Pantry/Cooking oils & vinegar/Olive oils,976759_976794_4649724,,14.97,8.98,-66.7,4.7,4432.0,True,Available,https://goto.walmart.com/c/|PUBID|/568844/9383?veh=aff&sourceid=imp_000011112222333344&u=http%3A%2F%2Faffil.walmart.com%2Fcart%2FaddToCart%3Fitems%3D47440602,
2026-03-01,olive_oil,olive oil glass bottle,Lacey,98503,10292273,041790001600,"Bertolli Extra Virgin Olive Oil, Rich Taste",Bertolli,Home Page/Food/Pantry/Cooking oils & vinegar/Cooking oils,976759_976794_4649724,,8.47,5.98,-41.64,4.7,3116.0,True,Available,https://goto.walmart.com/c/|PUBID|/568844/9383?veh=aff&sourceid=imp_000011112222333344&u=http%3A%2F%2Faffil.walmart.com%2Fcart%2FaddToCart%3Fitems%3D10292273,
2026-03-01,olive_oil,olive oil glass bottle,Lacey,98503,15529688,039153010079,"Colavita Extra Virgin Olive Oil, 8.5 fl oz, Glass Bottle",Colavita,Home Page/Food/Pantry/Cooking oils & vinegar/Olive oils,976759_976794_4649724,,14.99,8.99,-66.74,5.0,7.0,True,Available,https://goto.walmart.com/c/|PUBID|/568844/9383?veh=aff&sourceid=imp_000011112222333344&u=http%3A%2F%2Faffil.walmart.com%2Fcart%2FaddToCart%3Fitems%3D15529688,
2026-03-01,olive_oil,olive oil glass bottle,Lacey,98503,454902833,748323564297,Containly Hand Painted Glass 8 oz Olive Oil Dispenser with Stainless Steel Spout and Cruet,Containly,Home Page/Home/Storage & Organization/Shop all Storage & Organization,4044_90828_1294036,,9.76,10.95,10.87,4.8,49.0,True,Available,https://goto.walmart.com/c/|PUBID|/568844/9383?veh=aff&sourceid=imp_000011112222333344&u=http%3A%2F%2Faffil.walmart.com%2Fcart%2FaddToCart%3Fitems%3D454902833,
2026-03-01,olive_oil,olive oil glass bottle,Lacey,98503,865809479,748323564266,"Containly 8oz Glass Olive Oil / Vinegar Bottle for Kitchen, Olive Oil Dispenser With Stainless Steel Spout for Easy Pouring, Slight Green Tint",Containly,Home Page/Home/Storage & Organization/Shop all Storage & Organization,4044_90828_1294036,,10.95,9.99,-9.61,4.5,17.0,True,Available,https://goto.walmart.com/c/|PUBID|/568844/9383?veh=aff&sourceid=imp_000011112222333344&u=http%3A%2F%2Faffil.walmart.com%2Fcart%2FaddToCart%3Fitems%3D865809479,
2026-03-01,olive_oil,olive oil glass bottle,Lacey,98503,1280679668,880005320477,"Organic High Polyphenol Rich Extra Virgin Olive Oil OLIVIE PLUS 30X | Moroccan Desert Olive Oil | EVOO | MD Recommended | Organic, Kosher | 250 ml Glass Bottle",OLIVIE LES BIENFAITS DE L'OLIVIER,Home Page/Food/Pantry/Pantry meal essentials,976759_976794_2807108,,31.0,99.99,69.0,4.7,93.0,True,Available,https://goto.walmart.com/c/|PUBID|/568844/9383?veh=aff&sourceid=imp_000011112222333344&u=http%3A%2F%2Faffil.walmart.com%2Fcart%2FaddToCart%3Fitems%3D1280679668,
2026-03-01,olive_oil,olive oil glass bottle,Lacey,98503,16627927,041618080206,"GEM Extra Virgin Olive Oil for Seasoning and Finishing, 8.5 fl oz",GEM,Home Page/Food/Pantry/Cooking oils & vinegar/Olive oils,976759_976794_4649724,,4.48,29.99,85.06,4.5,1002.0,True,Available,https://goto.walmart.com/c/|PUBID|/568844/9383?veh=aff&sourceid=imp_000011112222333344&u=http%3A%2F%2Faffil.walmart.com%2Fcart%2FaddToCart%3Fitems%3D16627927,
2026-03-01,olive_oil,olive oil glass bottle,Lacey,98503,46572000,041736010147,Filippo Berio Extra Virgin Olive Oil 16.9 fl oz,Filippo Berio,Home Page/Food/Pantry/Cooking oils & vinegar/Olive oils,976759_976794_4649724,,7.48,0.0,,4.7,884.0,True,Available,https://goto.walmart.com/c/|PUBID|/568844/9383?veh=aff&sourceid=imp_000011112222333344&u=http%3A%2F%2Faffil.walmart.com%2Fcart%2FaddToCart%3Fitems%3D46572000,
2026-03-01,olive_oil,olive oil glass bottle,Lacey,98503,16066252117,673571657173,"Ogetok Dual-Purpose 2-in-1 Glass Oil Bottle - Spray & Pour Design with Cap, 16oz Olive Oil Spray,Tempered Glass for Kitchen, Gardening & Outdoor Use",Ogetok,Home Page/Home/Storage & Organization/Shop all Storage & Organization,4044_90828_1294036,,10.99,12.99,15.4,,,True,Available,https://goto.walmart.com/c/|PUBID|/568844/9383?veh=aff&sourceid=imp_000011112222333344&u=http%3A%2F%2Faffil.walmart.com%2Fcart%2FaddToCart%3Fitems%3D16066252117,
2026-03-01,olive_oil,olive oil glass bottle,Lacey,98503,14782053963,468423699919,"(2 pack) Olivari Organic Extra Virgin Olive Oil, 17 fl oz Glass Bottle",Olivari,Home Page/Food/Pantry/Pantry meal essentials,976759_976794_2807108,,19.04,,,4.7,154.0,True,Available,https://goto.walmart.com/c/|PUBID|/568844/9383?veh=aff&sourceid=imp_000011112222333344&u=http%3A%2F%2Faffil.walmart.com%2Fcart%2FaddToCart%3Fitems%3D14782053963,
2026-03-01,olive_oil,olive oil glass bottle,Lacey,98503,976946829,810017170098,"Cobram Estate Classic Flavor 100% California Extra Virgin Olive Oil, 12.7 fl oz Bottle – First Cold Pressed, Easy-Pour Cooking Oil",Cobram Estate,Home Page/Food/Pantry/Cooking oils & vinegar/Olive oils,976759_976794_4649724,,10.97,52.91,79.27,4.8,295.0,True,Available,https://goto.walmart.com/c/|PUBID|/568844/9383?veh=aff&sourceid=imp_000011112222333344&u=http%3A%2F%2Faffil.walmart.com%2Fcart%2FaddToCart%3Fitems%3D976946829,
2026-03-01,olive_oil,olive oil glass bottle,Lacey,98503,5097576872,702103780420,"17oz Olive Oil Dispenser Bottle,Glass Oil Dispenser,Cooking Oil and Vinegar Cruet Set with Stainless Steel Pourer,Olive Oil Bottle for Kitchen",Wayeept,Home Page/Home/Storage & Organization/Shop all Storage & Organization,4044_90828_1294036,,11.99,12.99,7.7,4.9,84.0,True,Available,https://goto.walmart.com/c/|PUBID|/568844/9383?veh=aff&sourceid=imp_000011112222333344&u=http%3A%2F%2Faffil.walmart.com%2Fcart%2FaddToCart%3Fitems%3D5097576872,
2026-03-01,olive_oil,olive oil glass bottle,Lacey,98503,2324440358,,"Molimoli Olive x2 Oil Dispenser Glass Bottle 350ml for Kitchen. Silver Weighted Pourer 2.72""W x 8.62""H",MoliMoli,Home Page/Home/Storage & Organization/Shop all Storage & Organization,4044_90828_1294036,,29.95,,,5.0,7.0,True,Available,https://goto.walmart.com/c/|PUBID|/568844/9383?veh=aff&sourceid=imp_000011112222333344&u=http%3A%2F%2Faffil.walmart.com%2Fcart%2FaddToCart%3Fitems%3D2324440358,
2026-03-01,olive_oil,olive oil glass bottle,Lacey,98503,16524222,048676442403,"Anchor Hocking Olive Oil and Vinegar Glass Bottle with Stainless Steel Spout, 11 Ounce, Designed to Help with Proper Produce Storage",Anchor Hocking,Home Page/Home/Kitchen & Dining/Kitchen Storage & Organization/Counter Organizers,4044_623679_1032619,,3.98,14.0,71.57,4.5,2349.0,False,Not available,https://goto.walmart.com/c/|PUBID|/568844/9383?veh=aff&sourceid=imp_000011112222333344&u=http%3A%2F%2Faffil.walmart.com%2Fcart%2FaddToCart%3Fitems%3D16524222,
2026-03-01,olive_oil,olive oil glass bottle,Lacey,98503,13871566675,014484610525,"ZJDOAK Clear Glass Olive Oil Dispenser Bottles, and Vinegar Cruet Bottle Includes Pourers, Funnel, Cooking Container for Kitchen",ZJDOAK,Home Page/Home/Storage & Organization/Shop all Storage & Organization,4044_90828_1294036,,8.98,19.65,54.3,,,True,Available,https://goto.walmart.com/c/|PUBID|/568844/9383?veh=aff&sourceid=imp_000011112222333344&u=http%3A%2F%2Faffil.walmart.com%2Fcart%2FaddToCart%3Fitems%3D13871566675,
2026-03-01,olive_oil,olive oil glass bottle,Lacey,98503,1979588192,,"LES TERROIRS DE MARRAKECH Moroccan Organic Extra Virgin Olive Oil, Polyphenol Rich, Cold Pressed from Bicentenary olive trees, Most Awarded, Trusted by Michelin Star Chefs, 17 Fl Oz Glass Bottle",Les Terroirs de Marrakech,Home Page/Food/Pantry/Pantry meal essentials,976759_976794_2807108,,39.99,99.99,60.01,4.5,2.0,True,Available,https://goto.walmart.com/c/|PUBID|/568844/9383?veh=aff&sourceid=imp_000011112222333344&u=http%3A%2F%2Faffil.walmart.com%2Fcart%2FaddToCart%3Fitems%3D1979588192,
2026-03-01,olive_oil,olive oil glass bottle,Lacey,98503,13779050073,729016882973,"Cook with Color 2-in-1 Glass Olive Oil Dispenser & Spray Bottle, Precision & Durability",COOK WITH COLOR,Home Page/Home/Storage & Organization/Shop all Storage & Organization,4044_90828_1294036,,5.96,,,4.6,158.0,True,Available,https://goto.walmart.com/c/|PUBID|/568844/9383?veh=aff&sourceid=imp_000011112222333344&u=http%3A%2F%2Faffil.walmart.com%2Fcart%2FaddToCart%3Fitems%3D13779050073,
2026-03-01,olive_oil,olive oil glass bottle,Lacey,98503,755339402,649270737171,"LandHope Oil Bottle Glass with Spout,Olive Oil Vinegar Dispenser for Kitchen and BBQ (125ml/4.27oz)",LandHope,Home Page/Home/Storage & Organization/Shop all Storage & Organization,4044_90828_1294036,,5.99,16.99,64.74,4.7,29.0,True,Available,https://goto.walmart.com/c/|PUBID|/568844/9383?veh=aff&sourceid=imp_000011112222333344&u=http%3A%2F%2Faffil.walmart.com%2Fcart%2FaddToCart%3Fitems%3D755339402,
2026-03-01,olive_oil,olive oil glass bottle,Lacey,98503,292823406,748323563962,Containly Glass Bottle 16 oz Olive Oil/Vinegar Dispenser for Kitchen with Stainless Steel Spout,Containly,Home Page/Home/Storage & Organization/Shop all Storage & Organization,4044_90828_1294036,,12.95,,,4.6,25.0,True,Available,https://goto.walmart.com/c/|PUBID|/568844/9383?veh=aff&sourceid=imp_000011112222333344&u=http%3A%2F%2Faffil.walmart.com%2Fcart%2FaddToCart%3Fitems%3D292823406,
2026-03-01,olive_oil,olive oil glass bottle,Burlington,98233,47440603,,"Terra Delyssa Extra Virgin Olive Oil, 17 fl. oz., Glass",Terra Delyssa,Home Page/Food/Pantry/Cooking oils & vinegar/Olive oils,976759_976794_4649724,,8.68,9.99,13.11,4.8,2260.0,True,Available,https://goto.walmart.com/c/|PUBID|/568844/9383?veh=aff&sourceid=imp_000011112222333344&u=http%3A%2F%2Faffil.walmart.com%2Fcart%2FaddToCart%3Fitems%3D47440603,
2026-03-01,olive_oil,olive oil glass bottle,Burlington,98233,142999457,041618501206,"Olivari Greece Extra Virgin Olive Oil, 17 fl oz Glass Bottle",Olivari,Home Page/Food/Pantry/Cooking oils & vinegar/Olive oils,976759_976794_4649724,,6.96,6.96,0.0,4.8,135.0,True,Available,https://goto.walmart.com/c/|PUBID|/568844/9383?veh=aff&sourceid=imp_000011112222333344&u=http%3A%2F%2Faffil.walmart.com%2Fcart%2FaddToCart%3Fitems%3D142999457,
2026-03-01,olive_oil,olive oil glass bottle,Burlington,98233,174040925,,"Terra Delyssa Organic Extra Virgin Olive Oil, 34 fl. oz. Glass",Terra Delyssa,Home Page/Food/Pantry/Cooking oils & vinegar/Olive oils,976759_976794_4649724,,15.48,11.99,-29.11,4.8,1789.0,True,Available,https://goto.walmart.com/c/|PUBID|/568844/9383?veh=aff&sourceid=imp_000011112222333344&u=http%3A%2F%2Faffil.walmart.com%2Fcart%2FaddToCart%3Fitems%3D174040925,
2026-03-01,olive_oil,olive oil glass bottle,Burlington,98233,986641125,041618501190,"Olivari Organic Extra Virgin Olive Oil, 17 fl oz Glass Bottle",Olivari,Home Page/Food/Pantry/Cooking oils & vinegar/Olive oils,976759_976794_4649724,,9.52,,,4.7,154.0,False,Not available,https://goto.walmart.com/c/|PUBID|/568844/9383?veh=aff&sourceid=imp_000011112222333344&u=http%3A%2F%2Faffil.walmart.com%2Fcart%2FaddToCart%3Fitems%3D986641125,
2026-03-01,olive_oil,olive oil glass bottle,Burlington,98233,410501824,041618501794,"Olivari Marmelo Estate Reserve Extra Virgin Olive Oil, 17 fl oz Glass Bottle",Olivari,Home Page/Food/Pantry/Cooking oils & vinegar/Olive oils,976759_976794_4649724,,8.97,21.0,57.29,4.8,92.0,True,Available,https://goto.walmart.com/c/|PUBID|/568844/9383?veh=aff&sourceid=imp_000011112222333344&u=http%3A%2F%2Faffil.walmart.com%2Fcart%2FaddToCart%3Fitems%3D410501824,
2026-03-01,olive_oil,olive oil glass bottle,Burlington,98233,813324297,656285206219,Partanna Robust Extra Virgin Olive Oil - Premium Castelvetrano Olive Oil - Harvested in Sicily - Pure Authentic Italian - Monovarietal - Rich in Flavor - First Cold Pressed - 16.9oz (500 ML) Glass,Partanna,Home Page/Food/Pantry/Pantry meal essentials,976759_976794_2807108,,10.93,17.0,35.71,4.7,178.0,True,Available,https://goto.walmart.com/c/|PUBID|/568844/9383?veh=aff&sourceid=imp_000011112222333344&u=http%3A%2F%2Faffil.walmart.com%2Fcart%2FaddToCart%3Fitems%3D813324297,
2026-03-01,olive_oil,olive oil glass bottle,Burlington,98233,3009860465,656285176253,Partanna Everyday Mild Extra Virgin Olive Oil - Premium Castelvetrano Olive Oil - Harvested in Sicily - Pure Authentic Italian - Rich in Flavor - First Cold Pressed - 16.9oz (500 ML) Glass,Partanna,Home Page/Food/Pantry/Cooking oils & vinegar/Olive oils,976759_976794_4649724,,9.97,23.0,56.65,4.8,113.0,True,Available,https://goto.walmart.com/c/|PUBID|/568844/9383?veh=aff&sourceid=imp_000011112222333344&u=http%3A%2F%2Faffil.walmart.com%2Fcart%2FaddToCart%3Fitems%3D3009860465,
2026-03-01,olive_oil,olive oil glass bottle,Burlington,98233,649662280,019521550161,Carapelli Original Extra Virgin Olive Oil 16.9 fl oz,Carapelli,Home Page/Food/Pantry/Cooking oils & vinegar/Olive oils,976759_976794_4649724,,9.87,10.0,1.3,4.7,555.0,True,Available,https://goto.walmart.com/c/|PUBID|/568844/9383?veh=aff&sourceid=imp_000011112222333344&u=http%3A%2F%2Faffil.walmart.com%2Fcart%2FaddToCart%3Fitems%3D649662280,
2026-03-01,olive_oil,olive oil glass bottle,Burlington,98233,51630343,078742131641,"Great Value Organic Extra Virgin Olive Oil, 17 fl oz",Great Value,Home Page/Food/Pantry/Cooking oils & vinegar/Cooking oils,976759_976794_4649724,,7.36,4.48,-64.29,4.6,2206.0,False,Not available,https://goto.walmart.com/c/|PUBID|/568844/9383?veh=aff&sourceid=imp_000011112222333344&u=http%3A%2F%2Faffil.walmart.com%2Fcart%2FaddToCart%3Fitems%3D51630343,
2026-03-01,olive_oil,olive oil glass bottle,Burlington,98233,45622226,757645030205,Newmans Own 16.9z Organics Extra Virgin Olive Oil,Newman's Own,Home Page/Food/Pantry/Cooking oils & vinegar/Olive oils,976759_976794_4649724,,9.97,116.98,91.48,4.8,306.0,True,Available,https://goto.walmart.com/c/|PUBID|/568844/9383?veh=aff&sourceid=imp_000011112222333344&u=http%3A%2F%2Faffil.walmart.com%2Fcart%2FaddToCart%3Fitems%3D45622226,
2026-03-01,olive_oil,olive oil glass bottle,Burlington,98233,14317374695,,"Terra Delyssa First Cold Pressed Organic Extra Virgin Olive Oil, Single Sourced, 1 L (34 fl. oz) Dark Glass Bottle - 1 Pack, Non-GMO, Naturally Rich in Antioxidants and Polyphenols",Terra Delyssa,Home Page/Food/Pantry/Pantry meal essentials,976759_976794_2807108,,24.99,,,4.5,12.0,True,Available,https://goto.walmart.com/c/|PUBID|/568844/9383?veh=aff&sourceid=imp_000011112222333344&u=http%3A%2F%2Faffil.walmart.com%2Fcart%2FaddToCart%3Fitems%3D14317374695,
2026-03-01,olive_oil,olive oil glass bottle,Burlington,98233,47440602,888003593152,"Terra Delyssa Extra Virgin Olive Oil, 34 fl. Oz",Terra Delyssa,Home Page/Food/Pantry/Cooking oils & vinegar/Olive oils,976759_976794_4649724,,14.97,8.98,-66.7,4.7,4432.0,True,Available,https://goto.walmart.com/c/|PUBID|/568844/9383?veh=aff&sourceid=imp_000011112222333344&u=http%3A%2F%2Faffil.walmart.com%2Fcart%2FaddToCart%3Fitems%3D47440602,
2026-03-01,olive_oil,olive oil glass bottle,Burlington,98233,10292273,041790001600,"Bertolli Extra Virgin Olive Oil, Rich Taste",Bertolli,Home Page/Food/Pantry/Cooking oils & vinegar/Cooking oils,976759_976794_4649724,,8.47,5.98,-41.64,4.7,3116.0,True,Available,https://goto.walmart.com/c/|PUBID|/568844/9383?veh=aff&sourceid=imp_000011112222333344&u=http%3A%2F%2Faffil.walmart.com%2Fcart%2FaddToCart%3Fitems%3D10292273,
2026-03-01,olive_oil,olive oil glass bottle,Burlington,98233,15529688,039153010079,"Colavita Extra Virgin Olive Oil, 8.5 fl oz, Glass Bottle",Colavita,Home Page/Food/Pantry/Cooking oils & vinegar/Olive oils,976759_976794_4649724,,14.99,8.99,-66.74,5.0,7.0,True,Available,https://goto.walmart.com/c/|PUBID|/568844/9383?veh=aff&sourceid=imp_000011112222333344&u=http%3A%2F%2Faffil.walmart.com%2Fcart%2FaddToCart%3Fitems%3D15529688,
2026-03-01,olive_oil,olive oil glass bottle,Burlington,98233,454902833,748323564297,Containly Hand Painted Glass 8 oz Olive Oil Dispenser with Stainless Steel Spout and Cruet,Containly,Home Page/Home/Storage & Organization/Shop all Storage & Organization,4044_90828_1294036,,9.76,10.95,10.87,4.8,49.0,True,Available,https://goto.walmart.com/c/|PUBID|/568844/9383?veh=aff&sourceid=imp_000011112222333344&u=http%3A%2F%2Faffil.walmart.com%2Fcart%2FaddToCart%3Fitems%3D454902833,
2026-03-01,olive_oil,olive oil glass bottle,Burlington,98233,865809479,748323564266,"Containly 8oz Glass Olive Oil / Vinegar Bottle for Kitchen, Olive Oil Dispenser With Stainless Steel Spout for Easy Pouring, Slight Green Tint",Containly,Home Page/Home/Storage & Organization/Shop all Storage & Organization,4044_90828_1294036,,10.95,9.99,-9.61,4.5,17.0,True,Available,https://goto.walmart.com/c/|PUBID|/568844/9383?veh=aff&sourceid=imp_000011112222333344&u=http%3A%2F%2Faffil.walmart.com%2Fcart%2FaddToCart%3Fitems%3D865809479,
2026-03-01,olive_oil,olive oil glass bottle,Burlington,98233,1280679668,880005320477,"Organic High Polyphenol Rich Extra Virgin Olive Oil OLIVIE PLUS 30X | Moroccan Desert Olive Oil | EVOO | MD Recommended | Organic, Kosher | 250 ml Glass Bottle",OLIVIE LES BIENFAITS DE L'OLIVIER,Home Page/Food/Pantry/Pantry meal essentials,976759_976794_2807108,,31.0,99.99,69.0,4.7,93.0,True,Available,https://goto.walmart.com/c/|PUBID|/568844/9383?veh=aff&sourceid=imp_000011112222333344&u=http%3A%2F%2Faffil.walmart.com%2Fcart%2FaddToCart%3Fitems%3D1280679668,
2026-03-01,olive_oil,olive oil glass bottle,Burlington,98233,16627927,041618080206,"GEM Extra Virgin Olive Oil for Seasoning and Finishing, 8.5 fl oz",GEM,Home Page/Food/Pantry/Cooking oils & vinegar/Olive oils,976759_976794_4649724,,4.48,29.99,85.06,4.5,1002.0,True,Available,https://goto.walmart.com/c/|PUBID|/568844/9383?veh=aff&sourceid=imp_000011112222333344&u=http%3A%2F%2Faffil.walmart.com%2Fcart%2FaddToCart%3Fitems%3D16627927,
2026-03-01,olive_oil,olive oil glass bottle,Burlington,98233,46572000,041736010147,Filippo Berio Extra Virgin Olive Oil 16.9 fl oz,Filippo Berio,Home Page/Food/Pantry/Cooking oils & vinegar/Olive oils,976759_976794_4649724,,7.48,0.0,,4.7,884.0,True,Available,https://goto.walmart.com/c/|PUBID|/568844/9383?veh=aff&sourceid=imp_000011112222333344&u=http%3A%2F%2Faffil.walmart.com%2Fcart%2FaddToCart%3Fitems%3D46572000,
2026-03-01,olive_oil,olive oil glass bottle,Burlington,98233,16066252117,673571657173,"Ogetok Dual-Purpose 2-in-1 Glass Oil Bottle - Spray & Pour Design with Cap, 16oz Olive Oil Spray,Tempered Glass for Kitchen, Gardening & Outdoor Use",Ogetok,Home Page/Home/Storage & Organization/Shop all Storage & Organization,4044_90828_1294036,,10.99,12.99,15.4,,,True,Available,https://goto.walmart.com/c/|PUBID|/568844/9383?veh=aff&sourceid=imp_000011112222333344&u=http%3A%2F%2Faffil.walmart.com%2Fcart%2FaddToCart%3Fitems%3D16066252117,
2026-03-01,olive_oil,olive oil glass bottle,Burlington,98233,14782053963,468423699919,"(2 pack) Olivari Organic Extra Virgin Olive Oil, 17 fl oz Glass Bottle",Olivari,Home Page/Food/Pantry/Pantry meal essentials,976759_976794_2807108,,19.04,,,4.7,154.0,True,Available,https://goto.walmart.com/c/|PUBID|/568844/9383?veh=aff&sourceid=imp_000011112222333344&u=http%3A%2F%2Faffil.walmart.com%2Fcart%2FaddToCart%3Fitems%3D14782053963,
2026-03-01,olive_oil,olive oil glass bottle,Burlington,98233,976946829,810017170098,"Cobram Estate Classic Flavor 100% California Extra Virgin Olive Oil, 12.7 fl oz Bottle – First Cold Pressed, Easy-Pour Cooking Oil",Cobram Estate,Home Page/Food/Pantry/Cooking oils & vinegar/Olive oils,976759_976794_4649724,,10.97,52.91,79.27,4.8,295.0,True,Available,https://goto.walmart.com/c/|PUBID|/568844/9383?veh=aff&sourceid=imp_000011112222333344&u=http%3A%2F%2Faffil.walmart.com%2Fcart%2FaddToCart%3Fitems%3D976946829,
2026-03-01,olive_oil,olive oil glass bottle,Burlington,98233,5097576872,702103780420,"17oz Olive Oil Dispenser Bottle,Glass Oil Dispenser,Cooking Oil and Vinegar Cruet Set with Stainless Steel Pourer,Olive Oil Bottle for Kitchen",Wayeept,Home Page/Home/Storage & Organization/Shop all Storage & Organization,4044_90828_1294036,,11.99,12.99,7.7,4.9,84.0,True,Available,https://goto.walmart.com/c/|PUBID|/568844/9383?veh=aff&sourceid=imp_000011112222333344&u=http%3A%2F%2Faffil.walmart.com%2Fcart%2FaddToCart%3Fitems%3D5097576872,
2026-03-01,olive_oil,olive oil glass bottle,Burlington,98233,2324440358,,"Molimoli Olive x2 Oil Dispenser Glass Bottle 350ml for Kitchen. Silver Weighted Pourer 2.72""W x 8.62""H",MoliMoli,Home Page/Home/Storage & Organization/Shop all Storage & Organization,4044_90828_1294036,,29.95,,,5.0,7.0,True,Available,https://goto.walmart.com/c/|PUBID|/568844/9383?veh=aff&sourceid=imp_000011112222333344&u=http%3A%2F%2Faffil.walmart.com%2Fcart%2FaddToCart%3Fitems%3D2324440358,
2026-03-01,olive_oil,olive oil glass bottle,Burlington,98233,16524222,048676442403,"Anchor Hocking Olive Oil and Vinegar Glass Bottle with Stainless Steel Spout, 11 Ounce, Designed to Help with Proper Produce Storage",Anchor Hocking,Home Page/Home/Kitchen & Dining/Kitchen Storage & Organization/Counter Organizers,4044_623679_1032619,,3.98,14.0,71.57,4.5,2349.0,False,Not available,https://goto.walmart.com/c/|PUBID|/568844/9383?veh=aff&sourceid=imp_000011112222333344&u=http%3A%2F%2Faffil.walmart.com%2Fcart%2FaddToCart%3Fitems%3D16524222,
2026-03-01,olive_oil,olive oil glass bottle,Burlington,98233,13871566675,014484610525,"ZJDOAK Clear Glass Olive Oil Dispenser Bottles, and Vinegar Cruet Bottle Includes Pourers, Funnel, Cooking Container for Kitchen",ZJDOAK,Home Page/Home/Storage & Organization/Shop all Storage & Organization,4044_90828_1294036,,8.98,19.65,54.3,,,True,Available,https://goto.walmart.com/c/|PUBID|/568844/9383?veh=aff&sourceid=imp_000011112222333344&u=http%3A%2F%2Faffil.walmart.com%2Fcart%2FaddToCart%3Fitems%3D13871566675,
2026-03-01,olive_oil,olive oil glass bottle,Burlington,98233,1979588192,,"LES TERROIRS DE MARRAKECH Moroccan Organic Extra Virgin Olive Oil, Polyphenol Rich, Cold Pressed from Bicentenary olive trees, Most Awarded, Trusted by Michelin Star Chefs, 17 Fl Oz Glass Bottle",Les Terroirs de Marrakech,Home Page/Food/Pantry/Pantry meal essentials,976759_976794_2807108,,39.99,99.99,60.01,4.5,2.0,True,Available,https://goto.walmart.com/c/|PUBID|/568844/9383?veh=aff&sourceid=imp_000011112222333344&u=http%3A%2F%2Faffil.walmart.com%2Fcart%2FaddToCart%3Fitems%3D1979588192,
2026-03-01,olive_oil,olive oil glass bottle,Burlington,98233,13779050073,729016882973,"Cook with Color 2-in-1 Glass Olive Oil Dispenser & Spray Bottle, Precision & Durability",COOK WITH COLOR,Home Page/Home/Storage & Organization/Shop all Storage & Organization,4044_90828_1294036,,5.96,,,4.6,158.0,True,Available,https://goto.walmart.com/c/|PUBID|/568844/9383?veh=aff&sourceid=imp_000011112222333344&u=http%3A%2F%2Faffil.walmart.com%2Fcart%2FaddToCart%3Fitems%3D13779050073,
2026-03-01,olive_oil,olive oil glass bottle,Burlington,98233,755339402,649270737171,"LandHope Oil Bottle Glass with Spout,Olive Oil Vinegar Dispenser for Kitchen and BBQ (125ml/4.27oz)",LandHope,Home Page/Home/Storage & Organization/Shop all Storage & Organization,4044_90828_1294036,,5.99,16.99,64.74,4.7,29.0,True,Available,https://goto.walmart.com/c/|PUBID|/568844/9383?veh=aff&sourceid=imp_000011112222333344&u=http%3A%2F%2Faffil.walmart.com%2Fcart%2FaddToCart%3Fitems%3D755339402,
2026-03-01,olive_oil,olive oil glass bottle,Burlington,98233,292823406,748323563962,Containly Glass Bottle 16 oz Olive Oil/Vinegar Dispenser for Kitchen with Stainless Steel Spout,Containly,Home Page/Home/Storage & Organization/Shop all Storage & Organization,4044_90828_1294036,,12.95,,,4.6,25.0,True,Available,https://goto.walmart.com/c/|PUBID|/568844/9383?veh=aff&sourceid=imp_000011112222333344&u=http%3A%2F%2Faffil.walmart.com%2Fcart%2FaddToCart%3Fitems%3D292823406,
2026-03-01,olive_oil,olive oil glass bottle,Lake Stevens,98258,47440603,,"Terra Delyssa Extra Virgin Olive Oil, 17 fl. oz., Glass",Terra Delyssa,Home Page/Food/Pantry/Cooking oils & vinegar/Olive oils,976759_976794_4649724,,8.68,9.99,13.11,4.8,2260.0,True,Available,https://goto.walmart.com/c/|PUBID|/568844/9383?veh=aff&sourceid=imp_000011112222333344&u=http%3A%2F%2Faffil.walmart.com%2Fcart%2FaddToCart%3Fitems%3D47440603,
2026-03-01,olive_oil,olive oil glass bottle,Lake Stevens,98258,142999457,041618501206,"Olivari Greece Extra Virgin Olive Oil, 17 fl oz Glass Bottle",Olivari,Home Page/Food/Pantry/Cooking oils & vinegar/Olive oils,976759_976794_4649724,,6.96,6.96,0.0,4.8,135.0,True,Available,https://goto.walmart.com/c/|PUBID|/568844/9383?veh=aff&sourceid=imp_000011112222333344&u=http%3A%2F%2Faffil.walmart.com%2Fcart%2FaddToCart%3Fitems%3D142999457,
2026-03-01,olive_oil,olive oil glass bottle,Lake Stevens,98258,174040925,,"Terra Delyssa Organic Extra Virgin Olive Oil, 34 fl. oz. Glass",Terra Delyssa,Home Page/Food/Pantry/Cooking oils & vinegar/Olive oils,976759_976794_4649724,,15.48,11.99,-29.11,4.8,1789.0,True,Available,https://goto.walmart.com/c/|PUBID|/568844/9383?veh=aff&sourceid=imp_000011112222333344&u=http%3A%2F%2Faffil.walmart.com%2Fcart%2FaddToCart%3Fitems%3D174040925,
2026-03-01,olive_oil,olive oil glass bottle,Lake Stevens,98258,986641125,041618501190,"Olivari Organic Extra Virgin Olive Oil, 17 fl oz Glass Bottle",Olivari,Home Page/Food/Pantry/Cooking oils & vinegar/Olive oils,976759_976794_4649724,,9.52,,,4.7,154.0,False,Not available,https://goto.walmart.com/c/|PUBID|/568844/9383?veh=aff&sourceid=imp_000011112222333344&u=http%3A%2F%2Faffil.walmart.com%2Fcart%2FaddToCart%3Fitems%3D986641125,
2026-03-01,olive_oil,olive oil glass bottle,Lake Stevens,98258,410501824,041618501794,"Olivari Marmelo Estate Reserve Extra Virgin Olive Oil, 17 fl oz Glass Bottle",Olivari,Home Page/Food/Pantry/Cooking oils & vinegar/Olive oils,976759_976794_4649724,,8.97,21.0,57.29,4.8,92.0,True,Available,https://goto.walmart.com/c/|PUBID|/568844/9383?veh=aff&sourceid=imp_000011112222333344&u=http%3A%2F%2Faffil.walmart.com%2Fcart%2FaddToCart%3Fitems%3D410501824,
2026-03-01,olive_oil,olive oil glass bottle,Lake Stevens,98258,813324297,656285206219,Partanna Robust Extra Virgin Olive Oil - Premium Castelvetrano Olive Oil - Harvested in Sicily - Pure Authentic Italian - Monovarietal - Rich in Flavor - First Cold Pressed - 16.9oz (500 ML) Glass,Partanna,Home Page/Food/Pantry/Pantry meal essentials,976759_976794_2807108,,10.93,17.0,35.71,4.7,178.0,True,Available,https://goto.walmart.com/c/|PUBID|/568844/9383?veh=aff&sourceid=imp_000011112222333344&u=http%3A%2F%2Faffil.walmart.com%2Fcart%2FaddToCart%3Fitems%3D813324297,
2026-03-01,olive_oil,olive oil glass bottle,Lake Stevens,98258,3009860465,656285176253,Partanna Everyday Mild Extra Virgin Olive Oil - Premium Castelvetrano Olive Oil - Harvested in Sicily - Pure Authentic Italian - Rich in Flavor - First Cold Pressed - 16.9oz (500 ML) Glass,Partanna,Home Page/Food/Pantry/Cooking oils & vinegar/Olive oils,976759_976794_4649724,,9.97,23.0,56.65,4.8,113.0,True,Available,https://goto.walmart.com/c/|PUBID|/568844/9383?veh=aff&sourceid=imp_000011112222333344&u=http%3A%2F%2Faffil.walmart.com%2Fcart%2FaddToCart%3Fitems%3D3009860465,
2026-03-01,olive_oil,olive oil glass bottle,Lake Stevens,98258,649662280,019521550161,Carapelli Original Extra Virgin Olive Oil 16.9 fl oz,Carapelli,Home Page/Food/Pantry/Cooking oils & vinegar/Olive oils,976759_976794_4649724,,9.87,10.0,1.3,4.7,555.0,True,Available,https://goto.walmart.com/c/|PUBID|/568844/9383?veh=aff&sourceid=imp_000011112222333344&u=http%3A%2F%2Faffil.walmart.com%2Fcart%2FaddToCart%3Fitems%3D649662280,
2026-03-01,olive_oil,olive oil glass bottle,Lake Stevens,98258,51630343,078742131641,"Great Value Organic Extra Virgin Olive Oil, 17 fl oz",Great Value,Home Page/Food/Pantry/Cooking oils & vinegar/Cooking oils,976759_976794_4649724,,7.36,4.48,-64.29,4.6,2206.0,False,Not available,https://goto.walmart.com/c/|PUBID|/568844/9383?veh=aff&sourceid=imp_000011112222333344&u=http%3A%2F%2Faffil.walmart.com%2Fcart%2FaddToCart%3Fitems%3D51630343,
2026-03-01,olive_oil,olive oil glass bottle,Lake Stevens,98258,45622226,757645030205,Newmans Own 16.9z Organics Extra Virgin Olive Oil,Newman's Own,Home Page/Food/Pantry/Cooking oils & vinegar/Olive oils,976759_976794_4649724,,9.97,116.98,91.48,4.8,306.0,True,Available,https://goto.walmart.com/c/|PUBID|/568844/9383?veh=aff&sourceid=imp_000011112222333344&u=http%3A%2F%2Faffil.walmart.com%2Fcart%2FaddToCart%3Fitems%3D45622226,
2026-03-01,olive_oil,olive oil glass bottle,Lake Stevens,98258,14317374695,,"Terra Delyssa First Cold Pressed Organic Extra Virgin Olive Oil, Single Sourced, 1 L (34 fl. oz) Dark Glass Bottle - 1 Pack, Non-GMO, Naturally Rich in Antioxidants and Polyphenols",Terra Delyssa,Home Page/Food/Pantry/Pantry meal essentials,976759_976794_2807108,,24.99,,,4.5,12.0,True,Available,https://goto.walmart.com/c/|PUBID|/568844/9383?veh=aff&sourceid=imp_000011112222333344&u=http%3A%2F%2Faffil.walmart.com%2Fcart%2FaddToCart%3Fitems%3D14317374695,
2026-03-01,olive_oil,olive oil glass bottle,Lake Stevens,98258,47440602,888003593152,"Terra Delyssa Extra Virgin Olive Oil, 34 fl. Oz",Terra Delyssa,Home Page/Food/Pantry/Cooking oils & vinegar/Olive oils,976759_976794_4649724,,14.97,8.98,-66.7,4.7,4432.0,True,Available,https://goto.walmart.com/c/|PUBID|/568844/9383?veh=aff&sourceid=imp_000011112222333344&u=http%3A%2F%2Faffil.walmart.com%2Fcart%2FaddToCart%3Fitems%3D47440602,
2026-03-01,olive_oil,olive oil glass bottle,Lake Stevens,98258,10292273,041790001600,"Bertolli Extra Virgin Olive Oil, Rich Taste",Bertolli,Home Page/Food/Pantry/Cooking oils & vinegar/Cooking oils,976759_976794_4649724,,8.47,5.98,-41.64,4.7,3116.0,True,Available,https://goto.walmart.com/c/|PUBID|/568844/9383?veh=aff&sourceid=imp_000011112222333344&u=http%3A%2F%2Faffil.walmart.com%2Fcart%2FaddToCart%3Fitems%3D10292273,
2026-03-01,olive_oil,olive oil glass bottle,Lake Stevens,98258,15529688,039153010079,"Colavita Extra Virgin Olive Oil, 8.5 fl oz, Glass Bottle",Colavita,Home Page/Food/Pantry/Cooking oils & vinegar/Olive oils,976759_976794_4649724,,14.99,8.99,-66.74,5.0,7.0,True,Available,https://goto.walmart.com/c/|PUBID|/568844/9383?veh=aff&sourceid=imp_000011112222333344&u=http%3A%2F%2Faffil.walmart.com%2Fcart%2FaddToCart%3Fitems%3D15529688,
2026-03-01,olive_oil,olive oil glass bottle,Lake Stevens,98258,454902833,748323564297,Containly Hand Painted Glass 8 oz Olive Oil Dispenser with Stainless Steel Spout and Cruet,Containly,Home Page/Home/Storage & Organization/Shop all Storage & Organization,4044_90828_1294036,,9.76,10.95,10.87,4.8,49.0,True,Available,https://goto.walmart.com/c/|PUBID|/568844/9383?veh=aff&sourceid=imp_000011112222333344&u=http%3A%2F%2Faffil.walmart.com%2Fcart%2FaddToCart%3Fitems%3D454902833,
2026-03-01,olive_oil,olive oil glass bottle,Lake Stevens,98258,865809479,748323564266,"Containly 8oz Glass Olive Oil / Vinegar Bottle for Kitchen, Olive Oil Dispenser With Stainless Steel Spout for Easy Pouring, Slight Green Tint",Containly,Home Page/Home/Storage & Organization/Shop all Storage & Organization,4044_90828_1294036,,10.95,9.99,-9.61,4.5,17.0,True,Available,https://goto.walmart.com/c/|PUBID|/568844/9383?veh=aff&sourceid=imp_000011112222333344&u=http%3A%2F%2Faffil.walmart.com%2Fcart%2FaddToCart%3Fitems%3D865809479,
2026-03-01,olive_oil,olive oil glass bottle,Lake Stevens,98258,1280679668,880005320477,"Organic High Polyphenol Rich Extra Virgin Olive Oil OLIVIE PLUS 30X | Moroccan Desert Olive Oil | EVOO | MD Recommended | Organic, Kosher | 250 ml Glass Bottle",OLIVIE LES BIENFAITS DE L'OLIVIER,Home Page/Food/Pantry/Pantry meal essentials,976759_976794_2807108,,31.0,99.99,69.0,4.7,93.0,True,Available,https://goto.walmart.com/c/|PUBID|/568844/9383?veh=aff&sourceid=imp_000011112222333344&u=http%3A%2F%2Faffil.walmart.com%2Fcart%2FaddToCart%3Fitems%3D1280679668,
2026-03-01,olive_oil,olive oil glass bottle,Lake Stevens,98258,16627927,041618080206,"GEM Extra Virgin Olive Oil for Seasoning and Finishing, 8.5 fl oz",GEM,Home Page/Food/Pantry/Cooking oils & vinegar/Olive oils,976759_976794_4649724,,4.48,29.99,85.06,4.5,1002.0,True,Available,https://goto.walmart.com/c/|PUBID|/568844/9383?veh=aff&sourceid=imp_000011112222333344&u=http%3A%2F%2Faffil.walmart.com%2Fcart%2FaddToCart%3Fitems%3D16627927,
2026-03-01,olive_oil,olive oil glass bottle,Lake Stevens,98258,46572000,041736010147,Filippo Berio Extra Virgin Olive Oil 16.9 fl oz,Filippo Berio,Home Page/Food/Pantry/Cooking oils & vinegar/Olive oils,976759_976794_4649724,,7.48,0.0,,4.7,884.0,True,Available,https://goto.walmart.com/c/|PUBID|/568844/9383?veh=aff&sourceid=imp_000011112222333344&u=http%3A%2F%2Faffil.walmart.com%2Fcart%2FaddToCart%3Fitems%3D46572000,
2026-03-01,olive_oil,olive oil glass bottle,Lake Stevens,98258,16066252117,673571657173,"Ogetok Dual-Purpose 2-in-1 Glass Oil Bottle - Spray & Pour Design with Cap, 16oz Olive Oil Spray,Tempered Glass for Kitchen, Gardening & Outdoor Use",Ogetok,Home Page/Home/Storage & Organization/Shop all Storage & Organization,4044_90828_1294036,,10.99,12.99,15.4,,,True,Available,https://goto.walmart.com/c/|PUBID|/568844/9383?veh=aff&sourceid=imp_000011112222333344&u=http%3A%2F%2Faffil.walmart.com%2Fcart%2FaddToCart%3Fitems%3D16066252117,
2026-03-01,olive_oil,olive oil glass bottle,Lake Stevens,98258,14782053963,468423699919,"(2 pack) Olivari Organic Extra Virgin Olive Oil, 17 fl oz Glass Bottle",Olivari,Home Page/Food/Pantry/Pantry meal essentials,976759_976794_2807108,,19.04,,,4.7,154.0,True,Available,https://goto.walmart.com/c/|PUBID|/568844/9383?veh=aff&sourceid=imp_000011112222333344&u=http%3A%2F%2Faffil.walmart.com%2Fcart%2FaddToCart%3Fitems%3D14782053963,
2026-03-01,olive_oil,olive oil glass bottle,Lake Stevens,98258,976946829,810017170098,"Cobram Estate Classic Flavor 100% California Extra Virgin Olive Oil, 12.7 fl oz Bottle – First Cold Pressed, Easy-Pour Cooking Oil",Cobram Estate,Home Page/Food/Pantry/Cooking oils & vinegar/Olive oils,976759_976794_4649724,,10.97,52.91,79.27,4.8,295.0,True,Available,https://goto.walmart.com/c/|PUBID|/568844/9383?veh=aff&sourceid=imp_000011112222333344&u=http%3A%2F%2Faffil.walmart.com%2Fcart%2FaddToCart%3Fitems%3D976946829,
2026-03-01,olive_oil,olive oil glass bottle,Lake Stevens,98258,5097576872,702103780420,"17oz Olive Oil Dispenser Bottle,Glass Oil Dispenser,Cooking Oil and Vinegar Cruet Set with Stainless Steel Pourer,Olive Oil Bottle for Kitchen",Wayeept,Home Page/Home/Storage & Organization/Shop all Storage & Organization,4044_90828_1294036,,11.99,12.99,7.7,4.9,84.0,True,Available,https://goto.walmart.com/c/|PUBID|/568844/9383?veh=aff&sourceid=imp_000011112222333344&u=http%3A%2F%2Faffil.walmart.com%2Fcart%2FaddToCart%3Fitems%3D5097576872,
2026-03-01,olive_oil,olive oil glass bottle,Lake Stevens,98258,2324440358,,"Molimoli Olive x2 Oil Dispenser Glass Bottle 350ml for Kitchen. Silver Weighted Pourer 2.72""W x 8.62""H",MoliMoli,Home Page/Home/Storage & Organization/Shop all Storage & Organization,4044_90828_1294036,,29.95,,,5.0,7.0,True,Available,https://goto.walmart.com/c/|PUBID|/568844/9383?veh=aff&sourceid=imp_000011112222333344&u=http%3A%2F%2Faffil.walmart.com%2Fcart%2FaddToCart%3Fitems%3D2324440358,
2026-03-01,olive_oil,olive oil glass bottle,Lake Stevens,98258,16524222,048676442403,"Anchor Hocking Olive Oil and Vinegar Glass Bottle with Stainless Steel Spout, 11 Ounce, Designed to Help with Proper Produce Storage",Anchor Hocking,Home Page/Home/Kitchen & Dining/Kitchen Storage & Organization/Counter Organizers,4044_623679_1032619,,3.98,14.0,71.57,4.5,2349.0,False,Not available,https://goto.walmart.com/c/|PUBID|/568844/9383?veh=aff&sourceid=imp_000011112222333344&u=http%3A%2F%2Faffil.walmart.com%2Fcart%2FaddToCart%3Fitems%3D16524222,
2026-03-01,olive_oil,olive oil glass bottle,Lake Stevens,98258,13871566675,014484610525,"ZJDOAK Clear Glass Olive Oil Dispenser Bottles, and Vinegar Cruet Bottle Includes Pourers, Funnel, Cooking Container for Kitchen",ZJDOAK,Home Page/Home/Storage & Organization/Shop all Storage & Organization,4044_90828_1294036,,8.98,19.65,54.3,,,True,Available,https://goto.walmart.com/c/|PUBID|/568844/9383?veh=aff&sourceid=imp_000011112222333344&u=http%3A%2F%2Faffil.walmart.com%2Fcart%2FaddToCart%3Fitems%3D13871566675,
2026-03-01,olive_oil,olive oil glass bottle,Lake Stevens,98258,1979588192,,"LES TERROIRS DE MARRAKECH Moroccan Organic Extra Virgin Olive Oil, Polyphenol Rich, Cold Pressed from Bicentenary olive trees, Most Awarded, Trusted by Michelin Star Chefs, 17 Fl Oz Glass Bottle",Les Terroirs de Marrakech,Home Page/Food/Pantry/Pantry meal essentials,976759_976794_2807108,,39.99,99.99,60.01,4.5,2.0,True,Available,https://goto.walmart.com/c/|PUBID|/568844/9383?veh=aff&sourceid=imp_000011112222333344&u=http%3A%2F%2Faffil.walmart.com%2Fcart%2FaddToCart%3Fitems%3D1979588192,
2026-03-01,olive_oil,olive oil glass bottle,Lake Stevens,98258,13779050073,729016882973,"Cook with Color 2-in-1 Glass Olive Oil Dispenser & Spray Bottle, Precision & Durability",COOK WITH COLOR,Home Page/Home/Storage & Organization/Shop all Storage & Organization,4044_90828_1294036,,5.96,,,4.6,158.0,True,Available,https://goto.walmart.com/c/|PUBID|/568844/9383?veh=aff&sourceid=imp_000011112222333344&u=http%3A%2F%2Faffil.walmart.com%2Fcart%2FaddToCart%3Fitems%3D13779050073,
2026-03-01,olive_oil,olive oil glass bottle,Lake Stevens,98258,755339402,649270737171,"LandHope Oil Bottle Glass with Spout,Olive Oil Vinegar Dispenser for Kitchen and BBQ (125ml/4.27oz)",LandHope,Home Page/Home/Storage & Organization/Shop all Storage & Organization,4044_90828_1294036,,5.99,16.99,64.74,4.7,29.0,True,Available,https://goto.walmart.com/c/|PUBID|/568844/9383?veh=aff&sourceid=imp_000011112222333344&u=http%3A%2F%2Faffil.walmart.com%2Fcart%2FaddToCart%3Fitems%3D755339402,
2026-03-01,olive_oil,olive oil glass bottle,Lake Stevens,98258,292823406,748323563962,Containly Glass Bottle 16 oz Olive Oil/Vinegar Dispenser for Kitchen with Stainless Steel Spout,Containly,Home Page/Home/Storage & Organization/Shop all Storage & Organization,4044_90828_1294036,,12.95,,,4.6,25.0,True,Available,https://goto.walmart.com/c/|PUBID|/568844/9383?veh=aff&sourceid=imp_000011112222333344&u=http%3A%2F%2Faffil.walmart.com%2Fcart%2FaddToCart%3Fitems%3D292823406,
2026-03-01,olive_oil,olive oil glass bottle,Kirkland,98033,47440603,,"Terra Delyssa Extra Virgin Olive Oil, 17 fl. oz., Glass",Terra Delyssa,Home Page/Food/Pantry/Cooking oils & vinegar/Olive oils,976759_976794_4649724,,8.68,9.99,13.11,4.8,2260.0,True,Available,https://goto.walmart.com/c/|PUBID|/568844/9383?veh=aff&sourceid=imp_000011112222333344&u=http%3A%2F%2Faffil.walmart.com%2Fcart%2FaddToCart%3Fitems%3D47440603,
2026-03-01,olive_oil,olive oil glass bottle,Kirkland,98033,142999457,041618501206,"Olivari Greece Extra Virgin Olive Oil, 17 fl oz Glass Bottle",Olivari,Home Page/Food/Pantry/Cooking oils & vinegar/Olive oils,976759_976794_4649724,,6.96,6.96,0.0,4.8,135.0,True,Available,https://goto.walmart.com/c/|PUBID|/568844/9383?veh=aff&sourceid=imp_000011112222333344&u=http%3A%2F%2Faffil.walmart.com%2Fcart%2FaddToCart%3Fitems%3D142999457,
2026-03-01,olive_oil,olive oil glass bottle,Kirkland,98033,174040925,,"Terra Delyssa Organic Extra Virgin Olive Oil, 34 fl. oz. Glass",Terra Delyssa,Home Page/Food/Pantry/Cooking oils & vinegar/Olive oils,976759_976794_4649724,,15.48,11.99,-29.11,4.8,1789.0,True,Available,https://goto.walmart.com/c/|PUBID|/568844/9383?veh=aff&sourceid=imp_000011112222333344&u=http%3A%2F%2Faffil.walmart.com%2Fcart%2FaddToCart%3Fitems%3D174040925,
2026-03-01,olive_oil,olive oil glass bottle,Kirkland,98033,986641125,041618501190,"Olivari Organic Extra Virgin Olive Oil, 17 fl oz Glass Bottle",Olivari,Home Page/Food/Pantry/Cooking oils & vinegar/Olive oils,976759_976794_4649724,,9.52,,,4.7,154.0,False,Not available,https://goto.walmart.com/c/|PUBID|/568844/9383?veh=aff&sourceid=imp_000011112222333344&u=http%3A%2F%2Faffil.walmart.com%2Fcart%2FaddToCart%3Fitems%3D986641125,
2026-03-01,olive_oil,olive oil glass bottle,Kirkland,98033,410501824,041618501794,"Olivari Marmelo Estate Reserve Extra Virgin Olive Oil, 17 fl oz Glass Bottle",Olivari,Home Page/Food/Pantry/Cooking oils & vinegar/Olive oils,976759_976794_4649724,,8.97,21.0,57.29,4.8,92.0,True,Available,https://goto.walmart.com/c/|PUBID|/568844/9383?veh=aff&sourceid=imp_000011112222333344&u=http%3A%2F%2Faffil.walmart.com%2Fcart%2FaddToCart%3Fitems%3D410501824,
2026-03-01,olive_oil,olive oil glass bottle,Kirkland,98033,813324297,656285206219,Partanna Robust Extra Virgin Olive Oil - Premium Castelvetrano Olive Oil - Harvested in Sicily - Pure Authentic Italian - Monovarietal - Rich in Flavor - First Cold Pressed - 16.9oz (500 ML) Glass,Partanna,Home Page/Food/Pantry/Pantry meal essentials,976759_976794_2807108,,10.93,17.0,35.71,4.7,178.0,True,Available,https://goto.walmart.com/c/|PUBID|/568844/9383?veh=aff&sourceid=imp_000011112222333344&u=http%3A%2F%2Faffil.walmart.com%2Fcart%2FaddToCart%3Fitems%3D813324297,
2026-03-01,olive_oil,olive oil glass bottle,Kirkland,98033,3009860465,656285176253,Partanna Everyday Mild Extra Virgin Olive Oil - Premium Castelvetrano Olive Oil - Harvested in Sicily - Pure Authentic Italian - Rich in Flavor - First Cold Pressed - 16.9oz (500 ML) Glass,Partanna,Home Page/Food/Pantry/Cooking oils & vinegar/Olive oils,976759_976794_4649724,,9.97,23.0,56.65,4.8,113.0,True,Available,https://goto.walmart.com/c/|PUBID|/568844/9383?veh=aff&sourceid=imp_000011112222333344&u=http%3A%2F%2Faffil.walmart.com%2Fcart%2FaddToCart%3Fitems%3D3009860465,
2026-03-01,olive_oil,olive oil glass bottle,Kirkland,98033,649662280,019521550161,Carapelli Original Extra Virgin Olive Oil 16.9 fl oz,Carapelli,Home Page/Food/Pantry/Cooking oils & vinegar/Olive oils,976759_976794_4649724,,9.87,10.0,1.3,4.7,555.0,True,Available,https://goto.walmart.com/c/|PUBID|/568844/9383?veh=aff&sourceid=imp_000011112222333344&u=http%3A%2F%2Faffil.walmart.com%2Fcart%2FaddToCart%3Fitems%3D649662280,
2026-03-01,olive_oil,olive oil glass bottle,Kirkland,98033,51630343,078742131641,"Great Value Organic Extra Virgin Olive Oil, 17 fl oz",Great Value,Home Page/Food/Pantry/Cooking oils & vinegar/Cooking oils,976759_976794_4649724,,7.36,4.48,-64.29,4.6,2206.0,False,Not available,https://goto.walmart.com/c/|PUBID|/568844/9383?veh=aff&sourceid=imp_000011112222333344&u=http%3A%2F%2Faffil.walmart.com%2Fcart%2FaddToCart%3Fitems%3D51630343,
2026-03-01,olive_oil,olive oil glass bottle,Kirkland,98033,45622226,757645030205,Newmans Own 16.9z Organics Extra Virgin Olive Oil,Newman's Own,Home Page/Food/Pantry/Cooking oils & vinegar/Olive oils,976759_976794_4649724,,9.97,116.98,91.48,4.8,306.0,True,Available,https://goto.walmart.com/c/|PUBID|/568844/9383?veh=aff&sourceid=imp_000011112222333344&u=http%3A%2F%2Faffil.walmart.com%2Fcart%2FaddToCart%3Fitems%3D45622226,
2026-03-01,olive_oil,olive oil glass bottle,Kirkland,98033,14317374695,,"Terra Delyssa First Cold Pressed Organic Extra Virgin Olive Oil, Single Sourced, 1 L (34 fl. oz) Dark Glass Bottle - 1 Pack, Non-GMO, Naturally Rich in Antioxidants and Polyphenols",Terra Delyssa,Home Page/Food/Pantry/Pantry meal essentials,976759_976794_2807108,,24.99,,,4.5,12.0,True,Available,https://goto.walmart.com/c/|PUBID|/568844/9383?veh=aff&sourceid=imp_000011112222333344&u=http%3A%2F%2Faffil.walmart.com%2Fcart%2FaddToCart%3Fitems%3D14317374695,
2026-03-01,olive_oil,olive oil glass bottle,Kirkland,98033,47440602,888003593152,"Terra Delyssa Extra Virgin Olive Oil, 34 fl. Oz",Terra Delyssa,Home Page/Food/Pantry/Cooking oils & vinegar/Olive oils,976759_976794_4649724,,14.97,8.98,-66.7,4.7,4432.0,True,Available,https://goto.walmart.com/c/|PUBID|/568844/9383?veh=aff&sourceid=imp_000011112222333344&u=http%3A%2F%2Faffil.walmart.com%2Fcart%2FaddToCart%3Fitems%3D47440602,
2026-03-01,olive_oil,olive oil glass bottle,Kirkland,98033,10292273,041790001600,"Bertolli Extra Virgin Olive Oil, Rich Taste",Bertolli,Home Page/Food/Pantry/Cooking oils & vinegar/Cooking oils,976759_976794_4649724,,8.47,5.98,-41.64,4.7,3116.0,True,Available,https://goto.walmart.com/c/|PUBID|/568844/9383?veh=aff&sourceid=imp_000011112222333344&u=http%3A%2F%2Faffil.walmart.com%2Fcart%2FaddToCart%3Fitems%3D10292273,
2026-03-01,olive_oil,olive oil glass bottle,Kirkland,98033,15529688,039153010079,"Colavita Extra Virgin Olive Oil, 8.5 fl oz, Glass Bottle",Colavita,Home Page/Food/Pantry/Cooking oils & vinegar/Olive oils,976759_976794_4649724,,14.99,8.99,-66.74,5.0,7.0,True,Available,https://goto.walmart.com/c/|PUBID|/568844/9383?veh=aff&sourceid=imp_000011112222333344&u=http%3A%2F%2Faffil.walmart.com%2Fcart%2FaddToCart%3Fitems%3D15529688,
2026-03-01,olive_oil,olive oil glass bottle,Kirkland,98033,454902833,748323564297,Containly Hand Painted Glass 8 oz Olive Oil Dispenser with Stainless Steel Spout and Cruet,Containly,Home Page/Home/Storage & Organization/Shop all Storage & Organization,4044_90828_1294036,,9.76,10.95,10.87,4.8,49.0,True,Available,https://goto.walmart.com/c/|PUBID|/568844/9383?veh=aff&sourceid=imp_000011112222333344&u=http%3A%2F%2Faffil.walmart.com%2Fcart%2FaddToCart%3Fitems%3D454902833,
2026-03-01,olive_oil,olive oil glass bottle,Kirkland,98033,865809479,748323564266,"Containly 8oz Glass Olive Oil / Vinegar Bottle for Kitchen, Olive Oil Dispenser With Stainless Steel Spout for Easy Pouring, Slight Green Tint",Containly,Home Page/Home/Storage & Organization/Shop all Storage & Organization,4044_90828_1294036,,10.95,9.99,-9.61,4.5,17.0,True,Available,https://goto.walmart.com/c/|PUBID|/568844/9383?veh=aff&sourceid=imp_000011112222333344&u=http%3A%2F%2Faffil.walmart.com%2Fcart%2FaddToCart%3Fitems%3D865809479,
2026-03-01,olive_oil,olive oil glass bottle,Kirkland,98033,1280679668,880005320477,"Organic High Polyphenol Rich Extra Virgin Olive Oil OLIVIE PLUS 30X | Moroccan Desert Olive Oil | EVOO | MD Recommended | Organic, Kosher | 250 ml Glass Bottle",OLIVIE LES BIENFAITS DE L'OLIVIER,Home Page/Food/Pantry/Pantry meal essentials,976759_976794_2807108,,31.0,99.99,69.0,4.7,93.0,True,Available,https://goto.walmart.com/c/|PUBID|/568844/9383?veh=aff&sourceid=imp_000011112222333344&u=http%3A%2F%2Faffil.walmart.com%2Fcart%2FaddToCart%3Fitems%3D1280679668,
2026-03-01,olive_oil,olive oil glass bottle,Kirkland,98033,16627927,041618080206,"GEM Extra Virgin Olive Oil for Seasoning and Finishing, 8.5 fl oz",GEM,Home Page/Food/Pantry/Cooking oils & vinegar/Olive oils,976759_976794_4649724,,4.48,29.99,85.06,4.5,1002.0,True,Available,https://goto.walmart.com/c/|PUBID|/568844/9383?veh=aff&sourceid=imp_000011112222333344&u=http%3A%2F%2Faffil.walmart.com%2Fcart%2FaddToCart%3Fitems%3D16627927,
2026-03-01,olive_oil,olive oil glass bottle,Kirkland,98033,46572000,041736010147,Filippo Berio Extra Virgin Olive Oil 16.9 fl oz,Filippo Berio,Home Page/Food/Pantry/Cooking oils & vinegar/Olive oils,976759_976794_4649724,,7.48,0.0,,4.7,884.0,True,Available,https://goto.walmart.com/c/|PUBID|/568844/9383?veh=aff&sourceid=imp_000011112222333344&u=http%3A%2F%2Faffil.walmart.com%2Fcart%2FaddToCart%3Fitems%3D46572000,
2026-03-01,olive_oil,olive oil glass bottle,Kirkland,98033,16066252117,673571657173,"Ogetok Dual-Purpose 2-in-1 Glass Oil Bottle - Spray & Pour Design with Cap, 16oz Olive Oil Spray,Tempered Glass for Kitchen, Gardening & Outdoor Use",Ogetok,Home Page/Home/Storage & Organization/Shop all Storage & Organization,4044_90828_1294036,,10.99,12.99,15.4,,,True,Available,https://goto.walmart.com/c/|PUBID|/568844/9383?veh=aff&sourceid=imp_000011112222333344&u=http%3A%2F%2Faffil.walmart.com%2Fcart%2FaddToCart%3Fitems%3D16066252117,
2026-03-01,olive_oil,olive oil glass bottle,Kirkland,98033,14782053963,468423699919,"(2 pack) Olivari Organic Extra Virgin Olive Oil, 17 fl oz Glass Bottle",Olivari,Home Page/Food/Pantry/Pantry meal essentials,976759_976794_2807108,,19.04,,,4.7,154.0,True,Available,https://goto.walmart.com/c/|PUBID|/568844/9383?veh=aff&sourceid=imp_000011112222333344&u=http%3A%2F%2Faffil.walmart.com%2Fcart%2FaddToCart%3Fitems%3D14782053963,
2026-03-01,olive_oil,olive oil glass bottle,Kirkland,98033,976946829,810017170098,"Cobram Estate Classic Flavor 100% California Extra Virgin Olive Oil, 12.7 fl oz Bottle – First Cold Pressed, Easy-Pour Cooking Oil",Cobram Estate,Home Page/Food/Pantry/Cooking oils & vinegar/Olive oils,976759_976794_4649724,,10.97,52.91,79.27,4.8,295.0,True,Available,https://goto.walmart.com/c/|PUBID|/568844/9383?veh=aff&sourceid=imp_000011112222333344&u=http%3A%2F%2Faffil.walmart.com%2Fcart%2FaddToCart%3Fitems%3D976946829,
2026-03-01,olive_oil,olive oil glass bottle,Kirkland,98033,5097576872,702103780420,"17oz Olive Oil Dispenser Bottle,Glass Oil Dispenser,Cooking Oil and Vinegar Cruet Set with Stainless Steel Pourer,Olive Oil Bottle for Kitchen",Wayeept,Home Page/Home/Storage & Organization/Shop all Storage & Organization,4044_90828_1294036,,11.99,12.99,7.7,4.9,84.0,True,Available,https://goto.walmart.com/c/|PUBID|/568844/9383?veh=aff&sourceid=imp_000011112222333344&u=http%3A%2F%2Faffil.walmart.com%2Fcart%2FaddToCart%3Fitems%3D5097576872,
2026-03-01,olive_oil,olive oil glass bottle,Kirkland,98033,2324440358,,"Molimoli Olive x2 Oil Dispenser Glass Bottle 350ml for Kitchen. Silver Weighted Pourer 2.72""W x 8.62""H",MoliMoli,Home Page/Home/Storage & Organization/Shop all Storage & Organization,4044_90828_1294036,,29.95,,,5.0,7.0,True,Available,https://goto.walmart.com/c/|PUBID|/568844/9383?veh=aff&sourceid=imp_000011112222333344&u=http%3A%2F%2Faffil.walmart.com%2Fcart%2FaddToCart%3Fitems%3D2324440358,
2026-03-01,olive_oil,olive oil glass bottle,Kirkland,98033,16524222,048676442403,"Anchor Hocking Olive Oil and Vinegar Glass Bottle with Stainless Steel Spout, 11 Ounce, Designed to Help with Proper Produce Storage",Anchor Hocking,Home Page/Home/Kitchen & Dining/Kitchen Storage & Organization/Counter Organizers,4044_623679_1032619,,3.98,14.0,71.57,4.5,2349.0,False,Not available,https://goto.walmart.com/c/|PUBID|/568844/9383?veh=aff&sourceid=imp_000011112222333344&u=http%3A%2F%2Faffil.walmart.com%2Fcart%2FaddToCart%3Fitems%3D16524222,
2026-03-01,olive_oil,olive oil glass bottle,Kirkland,98033,13871566675,014484610525,"ZJDOAK Clear Glass Olive Oil Dispenser Bottles, and Vinegar Cruet Bottle Includes Pourers, Funnel, Cooking Container for Kitchen",ZJDOAK,Home Page/Home/Storage & Organization/Shop all Storage & Organization,4044_90828_1294036,,8.98,19.65,54.3,,,True,Available,https://goto.walmart.com/c/|PUBID|/568844/9383?veh=aff&sourceid=imp_000011112222333344&u=http%3A%2F%2Faffil.walmart.com%2Fcart%2FaddToCart%3Fitems%3D13871566675,
2026-03-01,olive_oil,olive oil glass bottle,Kirkland,98033,1979588192,,"LES TERROIRS DE MARRAKECH Moroccan Organic Extra Virgin Olive Oil, Polyphenol Rich, Cold Pressed from Bicentenary olive trees, Most Awarded, Trusted by Michelin Star Chefs, 17 Fl Oz Glass Bottle",Les Terroirs de Marrakech,Home Page/Food/Pantry/Pantry meal essentials,976759_976794_2807108,,39.99,99.99,60.01,4.5,2.0,True,Available,https://goto.walmart.com/c/|PUBID|/568844/9383?veh=aff&sourceid=imp_000011112222333344&u=http%3A%2F%2Faffil.walmart.com%2Fcart%2FaddToCart%3Fitems%3D1979588192,
2026-03-01,olive_oil,olive oil glass bottle,Kirkland,98033,13779050073,729016882973,"Cook with Color 2-in-1 Glass Olive Oil Dispenser & Spray Bottle, Precision & Durability",COOK WITH COLOR,Home Page/Home/Storage & Organization/Shop all Storage & Organization,4044_90828_1294036,,5.96,,,4.6,158.0,True,Available,https://goto.walmart.com/c/|PUBID|/568844/9383?veh=aff&sourceid=imp_000011112222333344&u=http%3A%2F%2Faffil.walmart.com%2Fcart%2FaddToCart%3Fitems%3D13779050073,
2026-03-01,olive_oil,olive oil glass bottle,Kirkland,98033,755339402,649270737171,"LandHope Oil Bottle Glass with Spout,Olive Oil Vinegar Dispenser for Kitchen and BBQ (125ml/4.27oz)",LandHope,Home Page/Home/Storage & Organization/Shop all Storage & Organization,4044_90828_1294036,,5.99,16.99,64.74,4.7,29.0,True,Available,https://goto.walmart.com/c/|PUBID|/568844/9383?veh=aff&sourceid=imp_000011112222333344&u=http%3A%2F%2Faffil.walmart.com%2Fcart%2FaddToCart%3Fitems%3D755339402,
2026-03-01,olive_oil,olive oil glass bottle,Kirkland,98033,292823406,748323563962,Containly Glass Bottle 16 oz Olive Oil/Vinegar Dispenser for Kitchen with Stainless Steel Spout,Containly,Home Page/Home/Storage & Organization/Shop all Storage & Organization,4044_90828_1294036,,12.95,,,4.6,25.0,True,Available,https://goto.walmart.com/c/|PUBID|/568844/9383?veh=aff&sourceid=imp_000011112222333344&u=http%3A%2F%2Faffil.walmart.com%2Fcart%2FaddToCart%3Fitems%3D292823406,
2026-03-01,olive_oil,olive oil glass bottle,E Vancouver WA,98661,47440603,,"Terra Delyssa Extra Virgin Olive Oil, 17 fl. oz., Glass",Terra Delyssa,Home Page/Food/Pantry/Cooking oils & vinegar/Olive oils,976759_976794_4649724,,8.68,9.99,13.11,4.8,2260.0,True,Available,https://goto.walmart.com/c/|PUBID|/568844/9383?veh=aff&sourceid=imp_000011112222333344&u=http%3A%2F%2Faffil.walmart.com%2Fcart%2FaddToCart%3Fitems%3D47440603,
2026-03-01,olive_oil,olive oil glass bottle,E Vancouver WA,98661,142999457,041618501206,"Olivari Greece Extra Virgin Olive Oil, 17 fl oz Glass Bottle",Olivari,Home Page/Food/Pantry/Cooking oils & vinegar/Olive oils,976759_976794_4649724,,6.96,6.96,0.0,4.8,135.0,True,Available,https://goto.walmart.com/c/|PUBID|/568844/9383?veh=aff&sourceid=imp_000011112222333344&u=http%3A%2F%2Faffil.walmart.com%2Fcart%2FaddToCart%3Fitems%3D142999457,
2026-03-01,olive_oil,olive oil glass bottle,E Vancouver WA,98661,174040925,,"Terra Delyssa Organic Extra Virgin Olive Oil, 34 fl. oz. Glass",Terra Delyssa,Home Page/Food/Pantry/Cooking oils & vinegar/Olive oils,976759_976794_4649724,,15.48,11.99,-29.11,4.8,1789.0,True,Available,https://goto.walmart.com/c/|PUBID|/568844/9383?veh=aff&sourceid=imp_000011112222333344&u=http%3A%2F%2Faffil.walmart.com%2Fcart%2FaddToCart%3Fitems%3D174040925,
2026-03-01,olive_oil,olive oil glass bottle,E Vancouver WA,98661,986641125,041618501190,"Olivari Organic Extra Virgin Olive Oil, 17 fl oz Glass Bottle",Olivari,Home Page/Food/Pantry/Cooking oils & vinegar/Olive oils,976759_976794_4649724,,9.52,,,4.7,154.0,False,Not available,https://goto.walmart.com/c/|PUBID|/568844/9383?veh=aff&sourceid=imp_000011112222333344&u=http%3A%2F%2Faffil.walmart.com%2Fcart%2FaddToCart%3Fitems%3D986641125,
2026-03-01,olive_oil,olive oil glass bottle,E Vancouver WA,98661,410501824,041618501794,"Olivari Marmelo Estate Reserve Extra Virgin Olive Oil, 17 fl oz Glass Bottle",Olivari,Home Page/Food/Pantry/Cooking oils & vinegar/Olive oils,976759_976794_4649724,,8.97,21.0,57.29,4.8,92.0,True,Available,https://goto.walmart.com/c/|PUBID|/568844/9383?veh=aff&sourceid=imp_000011112222333344&u=http%3A%2F%2Faffil.walmart.com%2Fcart%2FaddToCart%3Fitems%3D410501824,
2026-03-01,olive_oil,olive oil glass bottle,E Vancouver WA,98661,813324297,656285206219,Partanna Robust Extra Virgin Olive Oil - Premium Castelvetrano Olive Oil - Harvested in Sicily - Pure Authentic Italian - Monovarietal - Rich in Flavor - First Cold Pressed - 16.9oz (500 ML) Glass,Partanna,Home Page/Food/Pantry/Pantry meal essentials,976759_976794_2807108,,10.93,17.0,35.71,4.7,178.0,True,Available,https://goto.walmart.com/c/|PUBID|/568844/9383?veh=aff&sourceid=imp_000011112222333344&u=http%3A%2F%2Faffil.walmart.com%2Fcart%2FaddToCart%3Fitems%3D813324297,
2026-03-01,olive_oil,olive oil glass bottle,E Vancouver WA,98661,3009860465,656285176253,Partanna Everyday Mild Extra Virgin Olive Oil - Premium Castelvetrano Olive Oil - Harvested in Sicily - Pure Authentic Italian - Rich in Flavor - First Cold Pressed - 16.9oz (500 ML) Glass,Partanna,Home Page/Food/Pantry/Cooking oils & vinegar/Olive oils,976759_976794_4649724,,9.97,23.0,56.65,4.8,113.0,True,Available,https://goto.walmart.com/c/|PUBID|/568844/9383?veh=aff&sourceid=imp_000011112222333344&u=http%3A%2F%2Faffil.walmart.com%2Fcart%2FaddToCart%3Fitems%3D3009860465,
2026-03-01,olive_oil,olive oil glass bottle,E Vancouver WA,98661,649662280,019521550161,Carapelli Original Extra Virgin Olive Oil 16.9 fl oz,Carapelli,Home Page/Food/Pantry/Cooking oils & vinegar/Olive oils,976759_976794_4649724,,9.87,10.0,1.3,4.7,555.0,True,Available,https://goto.walmart.com/c/|PUBID|/568844/9383?veh=aff&sourceid=imp_000011112222333344&u=http%3A%2F%2Faffil.walmart.com%2Fcart%2FaddToCart%3Fitems%3D649662280,
2026-03-01,olive_oil,olive oil glass bottle,E Vancouver WA,98661,51630343,078742131641,"Great Value Organic Extra Virgin Olive Oil, 17 fl oz",Great Value,Home Page/Food/Pantry/Cooking oils & vinegar/Cooking oils,976759_976794_4649724,,7.36,4.48,-64.29,4.6,2206.0,False,Not available,https://goto.walmart.com/c/|PUBID|/568844/9383?veh=aff&sourceid=imp_000011112222333344&u=http%3A%2F%2Faffil.walmart.com%2Fcart%2FaddToCart%3Fitems%3D51630343,
2026-03-01,olive_oil,olive oil glass bottle,E Vancouver WA,98661,45622226,757645030205,Newmans Own 16.9z Organics Extra Virgin Olive Oil,Newman's Own,Home Page/Food/Pantry/Cooking oils & vinegar/Olive oils,976759_976794_4649724,,9.97,116.98,91.48,4.8,306.0,True,Available,https://goto.walmart.com/c/|PUBID|/568844/9383?veh=aff&sourceid=imp_000011112222333344&u=http%3A%2F%2Faffil.walmart.com%2Fcart%2FaddToCart%3Fitems%3D45622226,
2026-03-01,olive_oil,olive oil glass bottle,E Vancouver WA,98661,14317374695,,"Terra Delyssa First Cold Pressed Organic Extra Virgin Olive Oil, Single Sourced, 1 L (34 fl. oz) Dark Glass Bottle - 1 Pack, Non-GMO, Naturally Rich in Antioxidants and Polyphenols",Terra Delyssa,Home Page/Food/Pantry/Pantry meal essentials,976759_976794_2807108,,24.99,,,4.5,12.0,True,Available,https://goto.walmart.com/c/|PUBID|/568844/9383?veh=aff&sourceid=imp_000011112222333344&u=http%3A%2F%2Faffil.walmart.com%2Fcart%2FaddToCart%3Fitems%3D14317374695,
2026-03-01,olive_oil,olive oil glass bottle,E Vancouver WA,98661,47440602,888003593152,"Terra Delyssa Extra Virgin Olive Oil, 34 fl. Oz",Terra Delyssa,Home Page/Food/Pantry/Cooking oils & vinegar/Olive oils,976759_976794_4649724,,14.97,8.98,-66.7,4.7,4432.0,True,Available,https://goto.walmart.com/c/|PUBID|/568844/9383?veh=aff&sourceid=imp_000011112222333344&u=http%3A%2F%2Faffil.walmart.com%2Fcart%2FaddToCart%3Fitems%3D47440602,
2026-03-01,olive_oil,olive oil glass bottle,E Vancouver WA,98661,10292273,041790001600,"Bertolli Extra Virgin Olive Oil, Rich Taste",Bertolli,Home Page/Food/Pantry/Cooking oils & vinegar/Cooking oils,976759_976794_4649724,,8.47,5.98,-41.64,4.7,3116.0,True,Available,https://goto.walmart.com/c/|PUBID|/568844/9383?veh=aff&sourceid=imp_000011112222333344&u=http%3A%2F%2Faffil.walmart.com%2Fcart%2FaddToCart%3Fitems%3D10292273,
2026-03-01,olive_oil,olive oil glass bottle,E Vancouver WA,98661,15529688,039153010079,"Colavita Extra Virgin Olive Oil, 8.5 fl oz, Glass Bottle",Colavita,Home Page/Food/Pantry/Cooking oils & vinegar/Olive oils,976759_976794_4649724,,14.99,8.99,-66.74,5.0,7.0,True,Available,https://goto.walmart.com/c/|PUBID|/568844/9383?veh=aff&sourceid=imp_000011112222333344&u=http%3A%2F%2Faffil.walmart.com%2Fcart%2FaddToCart%3Fitems%3D15529688,
2026-03-01,olive_oil,olive oil glass bottle,E Vancouver WA,98661,454902833,748323564297,Containly Hand Painted Glass 8 oz Olive Oil Dispenser with Stainless Steel Spout and Cruet,Containly,Home Page/Home/Storage & Organization/Shop all Storage & Organization,4044_90828_1294036,,9.76,10.95,10.87,4.8,49.0,True,Available,https://goto.walmart.com/c/|PUBID|/568844/9383?veh=aff&sourceid=imp_000011112222333344&u=http%3A%2F%2Faffil.walmart.com%2Fcart%2FaddToCart%3Fitems%3D454902833,
2026-03-01,olive_oil,olive oil glass bottle,E Vancouver WA,98661,865809479,748323564266,"Containly 8oz Glass Olive Oil / Vinegar Bottle for Kitchen, Olive Oil Dispenser With Stainless Steel Spout for Easy Pouring, Slight Green Tint",Containly,Home Page/Home/Storage & Organization/Shop all Storage & Organization,4044_90828_1294036,,10.95,9.99,-9.61,4.5,17.0,True,Available,https://goto.walmart.com/c/|PUBID|/568844/9383?veh=aff&sourceid=imp_000011112222333344&u=http%3A%2F%2Faffil.walmart.com%2Fcart%2FaddToCart%3Fitems%3D865809479,
2026-03-01,olive_oil,olive oil glass bottle,E Vancouver WA,98661,1280679668,880005320477,"Organic High Polyphenol Rich Extra Virgin Olive Oil OLIVIE PLUS 30X | Moroccan Desert Olive Oil | EVOO | MD Recommended | Organic, Kosher | 250 ml Glass Bottle",OLIVIE LES BIENFAITS DE L'OLIVIER,Home Page/Food/Pantry/Pantry meal essentials,976759_976794_2807108,,31.0,99.99,69.0,4.7,93.0,True,Available,https://goto.walmart.com/c/|PUBID|/568844/9383?veh=aff&sourceid=imp_000011112222333344&u=http%3A%2F%2Faffil.walmart.com%2Fcart%2FaddToCart%3Fitems%3D1280679668,
2026-03-01,olive_oil,olive oil glass bottle,E Vancouver WA,98661,16627927,041618080206,"GEM Extra Virgin Olive Oil for Seasoning and Finishing, 8.5 fl oz",GEM,Home Page/Food/Pantry/Cooking oils & vinegar/Olive oils,976759_976794_4649724,,4.48,29.99,85.06,4.5,1002.0,True,Available,https://goto.walmart.com/c/|PUBID|/568844/9383?veh=aff&sourceid=imp_000011112222333344&u=http%3A%2F%2Faffil.walmart.com%2Fcart%2FaddToCart%3Fitems%3D16627927,
2026-03-01,olive_oil,olive oil glass bottle,E Vancouver WA,98661,46572000,041736010147,Filippo Berio Extra Virgin Olive Oil 16.9 fl oz,Filippo Berio,Home Page/Food/Pantry/Cooking oils & vinegar/Olive oils,976759_976794_4649724,,7.48,0.0,,4.7,884.0,True,Available,https://goto.walmart.com/c/|PUBID|/568844/9383?veh=aff&sourceid=imp_000011112222333344&u=http%3A%2F%2Faffil.walmart.com%2Fcart%2FaddToCart%3Fitems%3D46572000,
2026-03-01,olive_oil,olive oil glass bottle,E Vancouver WA,98661,16066252117,673571657173,"Ogetok Dual-Purpose 2-in-1 Glass Oil Bottle - Spray & Pour Design with Cap, 16oz Olive Oil Spray,Tempered Glass for Kitchen, Gardening & Outdoor Use",Ogetok,Home Page/Home/Storage & Organization/Shop all Storage & Organization,4044_90828_1294036,,10.99,12.99,15.4,,,True,Available,https://goto.walmart.com/c/|PUBID|/568844/9383?veh=aff&sourceid=imp_000011112222333344&u=http%3A%2F%2Faffil.walmart.com%2Fcart%2FaddToCart%3Fitems%3D16066252117,
2026-03-01,olive_oil,olive oil glass bottle,E Vancouver WA,98661,14782053963,468423699919,"(2 pack) Olivari Organic Extra Virgin Olive Oil, 17 fl oz Glass Bottle",Olivari,Home Page/Food/Pantry/Pantry meal essentials,976759_976794_2807108,,19.04,,,4.7,154.0,True,Available,https://goto.walmart.com/c/|PUBID|/568844/9383?veh=aff&sourceid=imp_000011112222333344&u=http%3A%2F%2Faffil.walmart.com%2Fcart%2FaddToCart%3Fitems%3D14782053963,
2026-03-01,olive_oil,olive oil glass bottle,E Vancouver WA,98661,976946829,810017170098,"Cobram Estate Classic Flavor 100% California Extra Virgin Olive Oil, 12.7 fl oz Bottle – First Cold Pressed, Easy-Pour Cooking Oil",Cobram Estate,Home Page/Food/Pantry/Cooking oils & vinegar/Olive oils,976759_976794_4649724,,10.97,52.91,79.27,4.8,295.0,True,Available,https://goto.walmart.com/c/|PUBID|/568844/9383?veh=aff&sourceid=imp_000011112222333344&u=http%3A%2F%2Faffil.walmart.com%2Fcart%2FaddToCart%3Fitems%3D976946829,
2026-03-01,olive_oil,olive oil glass bottle,E Vancouver WA,98661,5097576872,702103780420,"17oz Olive Oil Dispenser Bottle,Glass Oil Dispenser,Cooking Oil and Vinegar Cruet Set with Stainless Steel Pourer,Olive Oil Bottle for Kitchen",Wayeept,Home Page/Home/Storage & Organization/Shop all Storage & Organization,4044_90828_1294036,,11.99,12.99,7.7,4.9,84.0,True,Available,https://goto.walmart.com/c/|PUBID|/568844/9383?veh=aff&sourceid=imp_000011112222333344&u=http%3A%2F%2Faffil.walmart.com%2Fcart%2FaddToCart%3Fitems%3D5097576872,
2026-03-01,olive_oil,olive oil glass bottle,E Vancouver WA,98661,2324440358,,"Molimoli Olive x2 Oil Dispenser Glass Bottle 350ml for Kitchen. Silver Weighted Pourer 2.72""W x 8.62""H",MoliMoli,Home Page/Home/Storage & Organization/Shop all Storage & Organization,4044_90828_1294036,,29.95,,,5.0,7.0,True,Available,https://goto.walmart.com/c/|PUBID|/568844/9383?veh=aff&sourceid=imp_000011112222333344&u=http%3A%2F%2Faffil.walmart.com%2Fcart%2FaddToCart%3Fitems%3D2324440358,
2026-03-01,olive_oil,olive oil glass bottle,E Vancouver WA,98661,16524222,048676442403,"Anchor Hocking Olive Oil and Vinegar Glass Bottle with Stainless Steel Spout, 11 Ounce, Designed to Help with Proper Produce Storage",Anchor Hocking,Home Page/Home/Kitchen & Dining/Kitchen Storage & Organization/Counter Organizers,4044_623679_1032619,,3.98,14.0,71.57,4.5,2349.0,False,Not available,https://goto.walmart.com/c/|PUBID|/568844/9383?veh=aff&sourceid=imp_000011112222333344&u=http%3A%2F%2Faffil.walmart.com%2Fcart%2FaddToCart%3Fitems%3D16524222,
2026-03-01,olive_oil,olive oil glass bottle,E Vancouver WA,98661,13871566675,014484610525,"ZJDOAK Clear Glass Olive Oil Dispenser Bottles, and Vinegar Cruet Bottle Includes Pourers, Funnel, Cooking Container for Kitchen",ZJDOAK,Home Page/Home/Storage & Organization/Shop all Storage & Organization,4044_90828_1294036,,8.98,19.65,54.3,,,True,Available,https://goto.walmart.com/c/|PUBID|/568844/9383?veh=aff&sourceid=imp_000011112222333344&u=http%3A%2F%2Faffil.walmart.com%2Fcart%2FaddToCart%3Fitems%3D13871566675,
2026-03-01,olive_oil,olive oil glass bottle,E Vancouver WA,98661,1979588192,,"LES TERROIRS DE MARRAKECH Moroccan Organic Extra Virgin Olive Oil, Polyphenol Rich, Cold Pressed from Bicentenary olive trees, Most Awarded, Trusted by Michelin Star Chefs, 17 Fl Oz Glass Bottle",Les Terroirs de Marrakech,Home Page/Food/Pantry/Pantry meal essentials,976759_976794_2807108,,39.99,99.99,60.01,4.5,2.0,True,Available,https://goto.walmart.com/c/|PUBID|/568844/9383?veh=aff&sourceid=imp_000011112222333344&u=http%3A%2F%2Faffil.walmart.com%2Fcart%2FaddToCart%3Fitems%3D1979588192,
2026-03-01,olive_oil,olive oil glass bottle,E Vancouver WA,98661,13779050073,729016882973,"Cook with Color 2-in-1 Glass Olive Oil Dispenser & Spray Bottle, Precision & Durability",COOK WITH COLOR,Home Page/Home/Storage & Organization/Shop all Storage & Organization,4044_90828_1294036,,5.96,,,4.6,158.0,True,Available,https://goto.walmart.com/c/|PUBID|/568844/9383?veh=aff&sourceid=imp_000011112222333344&u=http%3A%2F%2Faffil.walmart.com%2Fcart%2FaddToCart%3Fitems%3D13779050073,
2026-03-01,olive_oil,olive oil glass bottle,E Vancouver WA,98661,755339402,649270737171,"LandHope Oil Bottle Glass with Spout,Olive Oil Vinegar Dispenser for Kitchen and BBQ (125ml/4.27oz)",LandHope,Home Page/Home/Storage & Organization/Shop all Storage & Organization,4044_90828_1294036,,5.99,16.99,64.74,4.7,29.0,True,Available,https://goto.walmart.com/c/|PUBID|/568844/9383?veh=aff&sourceid=imp_000011112222333344&u=http%3A%2F%2Faffil.walmart.com%2Fcart%2FaddToCart%3Fitems%3D755339402,
2026-03-01,olive_oil,olive oil glass bottle,E Vancouver WA,98661,292823406,748323563962,Containly Glass Bottle 16 oz Olive Oil/Vinegar Dispenser for Kitchen with Stainless Steel Spout,Containly,Home Page/Home/Storage & Organization/Shop all Storage & Organization,4044_90828_1294036,,12.95,,,4.6,25.0,True,Available,https://goto.walmart.com/c/|PUBID|/568844/9383?veh=aff&sourceid=imp_000011112222333344&u=http%3A%2F%2Faffil.walmart.com%2Fcart%2FaddToCart%3Fitems%3D292823406,
2026-03-01,olive_oil,olive oil glass bottle,Lynnwood,98036,47440603,,"Terra Delyssa Extra Virgin Olive Oil, 17 fl. oz., Glass",Terra Delyssa,Home Page/Food/Pantry/Cooking oils & vinegar/Olive oils,976759_976794_4649724,,8.68,9.99,13.11,4.8,2260.0,True,Available,https://goto.walmart.com/c/|PUBID|/568844/9383?veh=aff&sourceid=imp_000011112222333344&u=http%3A%2F%2Faffil.walmart.com%2Fcart%2FaddToCart%3Fitems%3D47440603,
2026-03-01,olive_oil,olive oil glass bottle,Lynnwood,98036,142999457,041618501206,"Olivari Greece Extra Virgin Olive Oil, 17 fl oz Glass Bottle",Olivari,Home Page/Food/Pantry/Cooking oils & vinegar/Olive oils,976759_976794_4649724,,6.96,6.96,0.0,4.8,135.0,True,Available,https://goto.walmart.com/c/|PUBID|/568844/9383?veh=aff&sourceid=imp_000011112222333344&u=http%3A%2F%2Faffil.walmart.com%2Fcart%2FaddToCart%3Fitems%3D142999457,
2026-03-01,olive_oil,olive oil glass bottle,Lynnwood,98036,174040925,,"Terra Delyssa Organic Extra Virgin Olive Oil, 34 fl. oz. Glass",Terra Delyssa,Home Page/Food/Pantry/Cooking oils & vinegar/Olive oils,976759_976794_4649724,,15.48,11.99,-29.11,4.8,1789.0,True,Available,https://goto.walmart.com/c/|PUBID|/568844/9383?veh=aff&sourceid=imp_000011112222333344&u=http%3A%2F%2Faffil.walmart.com%2Fcart%2FaddToCart%3Fitems%3D174040925,
2026-03-01,olive_oil,olive oil glass bottle,Lynnwood,98036,986641125,041618501190,"Olivari Organic Extra Virgin Olive Oil, 17 fl oz Glass Bottle",Olivari,Home Page/Food/Pantry/Cooking oils & vinegar/Olive oils,976759_976794_4649724,,9.52,,,4.7,154.0,False,Not available,https://goto.walmart.com/c/|PUBID|/568844/9383?veh=aff&sourceid=imp_000011112222333344&u=http%3A%2F%2Faffil.walmart.com%2Fcart%2FaddToCart%3Fitems%3D986641125,
2026-03-01,olive_oil,olive oil glass bottle,Lynnwood,98036,410501824,041618501794,"Olivari Marmelo Estate Reserve Extra Virgin Olive Oil, 17 fl oz Glass Bottle",Olivari,Home Page/Food/Pantry/Cooking oils & vinegar/Olive oils,976759_976794_4649724,,8.97,21.0,57.29,4.8,92.0,True,Available,https://goto.walmart.com/c/|PUBID|/568844/9383?veh=aff&sourceid=imp_000011112222333344&u=http%3A%2F%2Faffil.walmart.com%2Fcart%2FaddToCart%3Fitems%3D410501824,
2026-03-01,olive_oil,olive oil glass bottle,Lynnwood,98036,813324297,656285206219,Partanna Robust Extra Virgin Olive Oil - Premium Castelvetrano Olive Oil - Harvested in Sicily - Pure Authentic Italian - Monovarietal - Rich in Flavor - First Cold Pressed - 16.9oz (500 ML) Glass,Partanna,Home Page/Food/Pantry/Pantry meal essentials,976759_976794_2807108,,10.93,17.0,35.71,4.7,178.0,True,Available,https://goto.walmart.com/c/|PUBID|/568844/9383?veh=aff&sourceid=imp_000011112222333344&u=http%3A%2F%2Faffil.walmart.com%2Fcart%2FaddToCart%3Fitems%3D813324297,
2026-03-01,olive_oil,olive oil glass bottle,Lynnwood,98036,3009860465,656285176253,Partanna Everyday Mild Extra Virgin Olive Oil - Premium Castelvetrano Olive Oil - Harvested in Sicily - Pure Authentic Italian - Rich in Flavor - First Cold Pressed - 16.9oz (500 ML) Glass,Partanna,Home Page/Food/Pantry/Cooking oils & vinegar/Olive oils,976759_976794_4649724,,9.97,23.0,56.65,4.8,113.0,True,Available,https://goto.walmart.com/c/|PUBID|/568844/9383?veh=aff&sourceid=imp_000011112222333344&u=http%3A%2F%2Faffil.walmart.com%2Fcart%2FaddToCart%3Fitems%3D3009860465,
2026-03-01,olive_oil,olive oil glass bottle,Lynnwood,98036,649662280,019521550161,Carapelli Original Extra Virgin Olive Oil 16.9 fl oz,Carapelli,Home Page/Food/Pantry/Cooking oils & vinegar/Olive oils,976759_976794_4649724,,9.87,10.0,1.3,4.7,555.0,True,Available,https://goto.walmart.com/c/|PUBID|/568844/9383?veh=aff&sourceid=imp_000011112222333344&u=http%3A%2F%2Faffil.walmart.com%2Fcart%2FaddToCart%3Fitems%3D649662280,
2026-03-01,olive_oil,olive oil glass bottle,Lynnwood,98036,51630343,078742131641,"Great Value Organic Extra Virgin Olive Oil, 17 fl oz",Great Value,Home Page/Food/Pantry/Cooking oils & vinegar/Cooking oils,976759_976794_4649724,,7.36,4.48,-64.29,4.6,2206.0,False,Not available,https://goto.walmart.com/c/|PUBID|/568844/9383?veh=aff&sourceid=imp_000011112222333344&u=http%3A%2F%2Faffil.walmart.com%2Fcart%2FaddToCart%3Fitems%3D51630343,
2026-03-01,olive_oil,olive oil glass bottle,Lynnwood,98036,45622226,757645030205,Newmans Own 16.9z Organics Extra Virgin Olive Oil,Newman's Own,Home Page/Food/Pantry/Cooking oils & vinegar/Olive oils,976759_976794_4649724,,9.97,116.98,91.48,4.8,306.0,True,Available,https://goto.walmart.com/c/|PUBID|/568844/9383?veh=aff&sourceid=imp_000011112222333344&u=http%3A%2F%2Faffil.walmart.com%2Fcart%2FaddToCart%3Fitems%3D45622226,
2026-03-01,olive_oil,olive oil glass bottle,Lynnwood,98036,14317374695,,"Terra Delyssa First Cold Pressed Organic Extra Virgin Olive Oil, Single Sourced, 1 L (34 fl. oz) Dark Glass Bottle - 1 Pack, Non-GMO, Naturally Rich in Antioxidants and Polyphenols",Terra Delyssa,Home Page/Food/Pantry/Pantry meal essentials,976759_976794_2807108,,24.99,,,4.5,12.0,True,Available,https://goto.walmart.com/c/|PUBID|/568844/9383?veh=aff&sourceid=imp_000011112222333344&u=http%3A%2F%2Faffil.walmart.com%2Fcart%2FaddToCart%3Fitems%3D14317374695,
2026-03-01,olive_oil,olive oil glass bottle,Lynnwood,98036,47440602,888003593152,"Terra Delyssa Extra Virgin Olive Oil, 34 fl. Oz",Terra Delyssa,Home Page/Food/Pantry/Cooking oils & vinegar/Olive oils,976759_976794_4649724,,14.97,8.98,-66.7,4.7,4432.0,True,Available,https://goto.walmart.com/c/|PUBID|/568844/9383?veh=aff&sourceid=imp_000011112222333344&u=http%3A%2F%2Faffil.walmart.com%2Fcart%2FaddToCart%3Fitems%3D47440602,
2026-03-01,olive_oil,olive oil glass bottle,Lynnwood,98036,10292273,041790001600,"Bertolli Extra Virgin Olive Oil, Rich Taste",Bertolli,Home Page/Food/Pantry/Cooking oils & vinegar/Cooking oils,976759_976794_4649724,,8.47,5.98,-41.64,4.7,3116.0,True,Available,https://goto.walmart.com/c/|PUBID|/568844/9383?veh=aff&sourceid=imp_000011112222333344&u=http%3A%2F%2Faffil.walmart.com%2Fcart%2FaddToCart%3Fitems%3D10292273,
2026-03-01,olive_oil,olive oil glass bottle,Lynnwood,98036,15529688,039153010079,"Colavita Extra Virgin Olive Oil, 8.5 fl oz, Glass Bottle",Colavita,Home Page/Food/Pantry/Cooking oils & vinegar/Olive oils,976759_976794_4649724,,14.99,8.99,-66.74,5.0,7.0,True,Available,https://goto.walmart.com/c/|PUBID|/568844/9383?veh=aff&sourceid=imp_000011112222333344&u=http%3A%2F%2Faffil.walmart.com%2Fcart%2FaddToCart%3Fitems%3D15529688,
2026-03-01,olive_oil,olive oil glass bottle,Lynnwood,98036,454902833,748323564297,Containly Hand Painted Glass 8 oz Olive Oil Dispenser with Stainless Steel Spout and Cruet,Containly,Home Page/Home/Storage & Organization/Shop all Storage & Organization,4044_90828_1294036,,9.76,10.95,10.87,4.8,49.0,True,Available,https://goto.walmart.com/c/|PUBID|/568844/9383?veh=aff&sourceid=imp_000011112222333344&u=http%3A%2F%2Faffil.walmart.com%2Fcart%2FaddToCart%3Fitems%3D454902833,
2026-03-01,olive_oil,olive oil glass bottle,Lynnwood,98036,865809479,748323564266,"Containly 8oz Glass Olive Oil / Vinegar Bottle for Kitchen, Olive Oil Dispenser With Stainless Steel Spout for Easy Pouring, Slight Green Tint",Containly,Home Page/Home/Storage & Organization/Shop all Storage & Organization,4044_90828_1294036,,10.95,9.99,-9.61,4.5,17.0,True,Available,https://goto.walmart.com/c/|PUBID|/568844/9383?veh=aff&sourceid=imp_000011112222333344&u=http%3A%2F%2Faffil.walmart.com%2Fcart%2FaddToCart%3Fitems%3D865809479,
2026-03-01,olive_oil,olive oil glass bottle,Lynnwood,98036,1280679668,880005320477,"Organic High Polyphenol Rich Extra Virgin Olive Oil OLIVIE PLUS 30X | Moroccan Desert Olive Oil | EVOO | MD Recommended | Organic, Kosher | 250 ml Glass Bottle",OLIVIE LES BIENFAITS DE L'OLIVIER,Home Page/Food/Pantry/Pantry meal essentials,976759_976794_2807108,,31.0,99.99,69.0,4.7,93.0,True,Available,https://goto.walmart.com/c/|PUBID|/568844/9383?veh=aff&sourceid=imp_000011112222333344&u=http%3A%2F%2Faffil.walmart.com%2Fcart%2FaddToCart%3Fitems%3D1280679668,
2026-03-01,olive_oil,olive oil glass bottle,Lynnwood,98036,16627927,041618080206,"GEM Extra Virgin Olive Oil for Seasoning and Finishing, 8.5 fl oz",GEM,Home Page/Food/Pantry/Cooking oils & vinegar/Olive oils,976759_976794_4649724,,4.48,29.99,85.06,4.5,1002.0,True,Available,https://goto.walmart.com/c/|PUBID|/568844/9383?veh=aff&sourceid=imp_000011112222333344&u=http%3A%2F%2Faffil.walmart.com%2Fcart%2FaddToCart%3Fitems%3D16627927,
2026-03-01,olive_oil,olive oil glass bottle,Lynnwood,98036,46572000,041736010147,Filippo Berio Extra Virgin Olive Oil 16.9 fl oz,Filippo Berio,Home Page/Food/Pantry/Cooking oils & vinegar/Olive oils,976759_976794_4649724,,7.48,0.0,,4.7,884.0,True,Available,https://goto.walmart.com/c/|PUBID|/568844/9383?veh=aff&sourceid=imp_000011112222333344&u=http%3A%2F%2Faffil.walmart.com%2Fcart%2FaddToCart%3Fitems%3D46572000,
2026-03-01,olive_oil,olive oil glass bottle,Lynnwood,98036,16066252117,673571657173,"Ogetok Dual-Purpose 2-in-1 Glass Oil Bottle - Spray & Pour Design with Cap, 16oz Olive Oil Spray,Tempered Glass for Kitchen, Gardening & Outdoor Use",Ogetok,Home Page/Home/Storage & Organization/Shop all Storage & Organization,4044_90828_1294036,,10.99,12.99,15.4,,,True,Available,https://goto.walmart.com/c/|PUBID|/568844/9383?veh=aff&sourceid=imp_000011112222333344&u=http%3A%2F%2Faffil.walmart.com%2Fcart%2FaddToCart%3Fitems%3D16066252117,
2026-03-01,olive_oil,olive oil glass bottle,Lynnwood,98036,14782053963,468423699919,"(2 pack) Olivari Organic Extra Virgin Olive Oil, 17 fl oz Glass Bottle",Olivari,Home Page/Food/Pantry/Pantry meal essentials,976759_976794_2807108,,19.04,,,4.7,154.0,True,Available,https://goto.walmart.com/c/|PUBID|/568844/9383?veh=aff&sourceid=imp_000011112222333344&u=http%3A%2F%2Faffil.walmart.com%2Fcart%2FaddToCart%3Fitems%3D14782053963,
2026-03-01,olive_oil,olive oil glass bottle,Lynnwood,98036,976946829,810017170098,"Cobram Estate Classic Flavor 100% California Extra Virgin Olive Oil, 12.7 fl oz Bottle – First Cold Pressed, Easy-Pour Cooking Oil",Cobram Estate,Home Page/Food/Pantry/Cooking oils & vinegar/Olive oils,976759_976794_4649724,,10.97,52.91,79.27,4.8,295.0,True,Available,https://goto.walmart.com/c/|PUBID|/568844/9383?veh=aff&sourceid=imp_000011112222333344&u=http%3A%2F%2Faffil.walmart.com%2Fcart%2FaddToCart%3Fitems%3D976946829,
2026-03-01,olive_oil,olive oil glass bottle,Lynnwood,98036,5097576872,702103780420,"17oz Olive Oil Dispenser Bottle,Glass Oil Dispenser,Cooking Oil and Vinegar Cruet Set with Stainless Steel Pourer,Olive Oil Bottle for Kitchen",Wayeept,Home Page/Home/Storage & Organization/Shop all Storage & Organization,4044_90828_1294036,,11.99,12.99,7.7,4.9,84.0,True,Available,https://goto.walmart.com/c/|PUBID|/568844/9383?veh=aff&sourceid=imp_000011112222333344&u=http%3A%2F%2Faffil.walmart.com%2Fcart%2FaddToCart%3Fitems%3D5097576872,
2026-03-01,olive_oil,olive oil glass bottle,Lynnwood,98036,2324440358,,"Molimoli Olive x2 Oil Dispenser Glass Bottle 350ml for Kitchen. Silver Weighted Pourer 2.72""W x 8.62""H",MoliMoli,Home Page/Home/Storage & Organization/Shop all Storage & Organization,4044_90828_1294036,,29.95,,,5.0,7.0,True,Available,https://goto.walmart.com/c/|PUBID|/568844/9383?veh=aff&sourceid=imp_000011112222333344&u=http%3A%2F%2Faffil.walmart.com%2Fcart%2FaddToCart%3Fitems%3D2324440358,
2026-03-01,olive_oil,olive oil glass bottle,Lynnwood,98036,16524222,048676442403,"Anchor Hocking Olive Oil and Vinegar Glass Bottle with Stainless Steel Spout, 11 Ounce, Designed to Help with Proper Produce Storage",Anchor Hocking,Home Page/Home/Kitchen & Dining/Kitchen Storage & Organization/Counter Organizers,4044_623679_1032619,,3.98,14.0,71.57,4.5,2349.0,False,Not available,https://goto.walmart.com/c/|PUBID|/568844/9383?veh=aff&sourceid=imp_000011112222333344&u=http%3A%2F%2Faffil.walmart.com%2Fcart%2FaddToCart%3Fitems%3D16524222,
2026-03-01,olive_oil,olive oil glass bottle,Lynnwood,98036,13871566675,014484610525,"ZJDOAK Clear Glass Olive Oil Dispenser Bottles, and Vinegar Cruet Bottle Includes Pourers, Funnel, Cooking Container for Kitchen",ZJDOAK,Home Page/Home/Storage & Organization/Shop all Storage & Organization,4044_90828_1294036,,8.98,19.65,54.3,,,True,Available,https://goto.walmart.com/c/|PUBID|/568844/9383?veh=aff&sourceid=imp_000011112222333344&u=http%3A%2F%2Faffil.walmart.com%2Fcart%2FaddToCart%3Fitems%3D13871566675,
2026-03-01,olive_oil,olive oil glass bottle,Lynnwood,98036,1979588192,,"LES TERROIRS DE MARRAKECH Moroccan Organic Extra Virgin Olive Oil, Polyphenol Rich, Cold Pressed from Bicentenary olive trees, Most Awarded, Trusted by Michelin Star Chefs, 17 Fl Oz Glass Bottle",Les Terroirs de Marrakech,Home Page/Food/Pantry/Pantry meal essentials,976759_976794_2807108,,39.99,99.99,60.01,4.5,2.0,True,Available,https://goto.walmart.com/c/|PUBID|/568844/9383?veh=aff&sourceid=imp_000011112222333344&u=http%3A%2F%2Faffil.walmart.com%2Fcart%2FaddToCart%3Fitems%3D1979588192,
2026-03-01,olive_oil,olive oil glass bottle,Lynnwood,98036,13779050073,729016882973,"Cook with Color 2-in-1 Glass Olive Oil Dispenser & Spray Bottle, Precision & Durability",COOK WITH COLOR,Home Page/Home/Storage & Organization/Shop all Storage & Organization,4044_90828_1294036,,5.96,,,4.6,158.0,True,Available,https://goto.walmart.com/c/|PUBID|/568844/9383?veh=aff&sourceid=imp_000011112222333344&u=http%3A%2F%2Faffil.walmart.com%2Fcart%2FaddToCart%3Fitems%3D13779050073,
2026-03-01,olive_oil,olive oil glass bottle,Lynnwood,98036,755339402,649270737171,"LandHope Oil Bottle Glass with Spout,Olive Oil Vinegar Dispenser for Kitchen and BBQ (125ml/4.27oz)",LandHope,Home Page/Home/Storage & Organization/Shop all Storage & Organization,4044_90828_1294036,,5.99,16.99,64.74,4.7,29.0,True,Available,https://goto.walmart.com/c/|PUBID|/568844/9383?veh=aff&sourceid=imp_000011112222333344&u=http%3A%2F%2Faffil.walmart.com%2Fcart%2FaddToCart%3Fitems%3D755339402,
2026-03-01,olive_oil,olive oil glass bottle,Lynnwood,98036,292823406,748323563962,Containly Glass Bottle 16 oz Olive Oil/Vinegar Dispenser for Kitchen with Stainless Steel Spout,Containly,Home Page/Home/Storage & Organization/Shop all Storage & Organization,4044_90828_1294036,,12.95,,,4.6,25.0,True,Available,https://goto.walmart.com/c/|PUBID|/568844/9383?veh=aff&sourceid=imp_000011112222333344&u=http%3A%2F%2Faffil.walmart.com%2Fcart%2FaddToCart%3Fitems%3D292823406,
2026-03-01,olive_oil,olive oil glass bottle,Redmond,98052,47440603,,"Terra Delyssa Extra Virgin Olive Oil, 17 fl. oz., Glass",Terra Delyssa,Home Page/Food/Pantry/Cooking oils & vinegar/Olive oils,976759_976794_4649724,,8.68,9.99,13.11,4.8,2260.0,True,Available,https://goto.walmart.com/c/|PUBID|/568844/9383?veh=aff&sourceid=imp_000011112222333344&u=http%3A%2F%2Faffil.walmart.com%2Fcart%2FaddToCart%3Fitems%3D47440603,
2026-03-01,olive_oil,olive oil glass bottle,Redmond,98052,142999457,041618501206,"Olivari Greece Extra Virgin Olive Oil, 17 fl oz Glass Bottle",Olivari,Home Page/Food/Pantry/Cooking oils & vinegar/Olive oils,976759_976794_4649724,,6.96,6.96,0.0,4.8,135.0,True,Available,https://goto.walmart.com/c/|PUBID|/568844/9383?veh=aff&sourceid=imp_000011112222333344&u=http%3A%2F%2Faffil.walmart.com%2Fcart%2FaddToCart%3Fitems%3D142999457,
2026-03-01,olive_oil,olive oil glass bottle,Redmond,98052,174040925,,"Terra Delyssa Organic Extra Virgin Olive Oil, 34 fl. oz. Glass",Terra Delyssa,Home Page/Food/Pantry/Cooking oils & vinegar/Olive oils,976759_976794_4649724,,15.48,11.99,-29.11,4.8,1789.0,True,Available,https://goto.walmart.com/c/|PUBID|/568844/9383?veh=aff&sourceid=imp_000011112222333344&u=http%3A%2F%2Faffil.walmart.com%2Fcart%2FaddToCart%3Fitems%3D174040925,
2026-03-01,olive_oil,olive oil glass bottle,Redmond,98052,986641125,041618501190,"Olivari Organic Extra Virgin Olive Oil, 17 fl oz Glass Bottle",Olivari,Home Page/Food/Pantry/Cooking oils & vinegar/Olive oils,976759_976794_4649724,,9.52,,,4.7,154.0,False,Not available,https://goto.walmart.com/c/|PUBID|/568844/9383?veh=aff&sourceid=imp_000011112222333344&u=http%3A%2F%2Faffil.walmart.com%2Fcart%2FaddToCart%3Fitems%3D986641125,
2026-03-01,olive_oil,olive oil glass bottle,Redmond,98052,410501824,041618501794,"Olivari Marmelo Estate Reserve Extra Virgin Olive Oil, 17 fl oz Glass Bottle",Olivari,Home Page/Food/Pantry/Cooking oils & vinegar/Olive oils,976759_976794_4649724,,8.97,21.0,57.29,4.8,92.0,True,Available,https://goto.walmart.com/c/|PUBID|/568844/9383?veh=aff&sourceid=imp_000011112222333344&u=http%3A%2F%2Faffil.walmart.com%2Fcart%2FaddToCart%3Fitems%3D410501824,
2026-03-01,olive_oil,olive oil glass bottle,Redmond,98052,813324297,656285206219,Partanna Robust Extra Virgin Olive Oil - Premium Castelvetrano Olive Oil - Harvested in Sicily - Pure Authentic Italian - Monovarietal - Rich in Flavor - First Cold Pressed - 16.9oz (500 ML) Glass,Partanna,Home Page/Food/Pantry/Pantry meal essentials,976759_976794_2807108,,10.93,17.0,35.71,4.7,178.0,True,Available,https://goto.walmart.com/c/|PUBID|/568844/9383?veh=aff&sourceid=imp_000011112222333344&u=http%3A%2F%2Faffil.walmart.com%2Fcart%2FaddToCart%3Fitems%3D813324297,
2026-03-01,olive_oil,olive oil glass bottle,Redmond,98052,3009860465,656285176253,Partanna Everyday Mild Extra Virgin Olive Oil - Premium Castelvetrano Olive Oil - Harvested in Sicily - Pure Authentic Italian - Rich in Flavor - First Cold Pressed - 16.9oz (500 ML) Glass,Partanna,Home Page/Food/Pantry/Cooking oils & vinegar/Olive oils,976759_976794_4649724,,9.97,23.0,56.65,4.8,113.0,True,Available,https://goto.walmart.com/c/|PUBID|/568844/9383?veh=aff&sourceid=imp_000011112222333344&u=http%3A%2F%2Faffil.walmart.com%2Fcart%2FaddToCart%3Fitems%3D3009860465,
2026-03-01,olive_oil,olive oil glass bottle,Redmond,98052,649662280,019521550161,Carapelli Original Extra Virgin Olive Oil 16.9 fl oz,Carapelli,Home Page/Food/Pantry/Cooking oils & vinegar/Olive oils,976759_976794_4649724,,9.87,10.0,1.3,4.7,555.0,True,Available,https://goto.walmart.com/c/|PUBID|/568844/9383?veh=aff&sourceid=imp_000011112222333344&u=http%3A%2F%2Faffil.walmart.com%2Fcart%2FaddToCart%3Fitems%3D649662280,
2026-03-01,olive_oil,olive oil glass bottle,Redmond,98052,51630343,078742131641,"Great Value Organic Extra Virgin Olive Oil, 17 fl oz",Great Value,Home Page/Food/Pantry/Cooking oils & vinegar/Cooking oils,976759_976794_4649724,,7.36,4.48,-64.29,4.6,2206.0,False,Not available,https://goto.walmart.com/c/|PUBID|/568844/9383?veh=aff&sourceid=imp_000011112222333344&u=http%3A%2F%2Faffil.walmart.com%2Fcart%2FaddToCart%3Fitems%3D51630343,
2026-03-01,olive_oil,olive oil glass bottle,Redmond,98052,45622226,757645030205,Newmans Own 16.9z Organics Extra Virgin Olive Oil,Newman's Own,Home Page/Food/Pantry/Cooking oils & vinegar/Olive oils,976759_976794_4649724,,9.97,116.98,91.48,4.8,306.0,True,Available,https://goto.walmart.com/c/|PUBID|/568844/9383?veh=aff&sourceid=imp_000011112222333344&u=http%3A%2F%2Faffil.walmart.com%2Fcart%2FaddToCart%3Fitems%3D45622226,
2026-03-01,olive_oil,olive oil glass bottle,Redmond,98052,14317374695,,"Terra Delyssa First Cold Pressed Organic Extra Virgin Olive Oil, Single Sourced, 1 L (34 fl. oz) Dark Glass Bottle - 1 Pack, Non-GMO, Naturally Rich in Antioxidants and Polyphenols",Terra Delyssa,Home Page/Food/Pantry/Pantry meal essentials,976759_976794_2807108,,24.99,,,4.5,12.0,True,Available,https://goto.walmart.com/c/|PUBID|/568844/9383?veh=aff&sourceid=imp_000011112222333344&u=http%3A%2F%2Faffil.walmart.com%2Fcart%2FaddToCart%3Fitems%3D14317374695,
2026-03-01,olive_oil,olive oil glass bottle,Redmond,98052,47440602,888003593152,"Terra Delyssa Extra Virgin Olive Oil, 34 fl. Oz",Terra Delyssa,Home Page/Food/Pantry/Cooking oils & vinegar/Olive oils,976759_976794_4649724,,14.97,8.98,-66.7,4.7,4432.0,True,Available,https://goto.walmart.com/c/|PUBID|/568844/9383?veh=aff&sourceid=imp_000011112222333344&u=http%3A%2F%2Faffil.walmart.com%2Fcart%2FaddToCart%3Fitems%3D47440602,
2026-03-01,olive_oil,olive oil glass bottle,Redmond,98052,10292273,041790001600,"Bertolli Extra Virgin Olive Oil, Rich Taste",Bertolli,Home Page/Food/Pantry/Cooking oils & vinegar/Cooking oils,976759_976794_4649724,,8.47,5.98,-41.64,4.7,3116.0,True,Available,https://goto.walmart.com/c/|PUBID|/568844/9383?veh=aff&sourceid=imp_000011112222333344&u=http%3A%2F%2Faffil.walmart.com%2Fcart%2FaddToCart%3Fitems%3D10292273,
2026-03-01,olive_oil,olive oil glass bottle,Redmond,98052,15529688,039153010079,"Colavita Extra Virgin Olive Oil, 8.5 fl oz, Glass Bottle",Colavita,Home Page/Food/Pantry/Cooking oils & vinegar/Olive oils,976759_976794_4649724,,14.99,8.99,-66.74,5.0,7.0,True,Available,https://goto.walmart.com/c/|PUBID|/568844/9383?veh=aff&sourceid=imp_000011112222333344&u=http%3A%2F%2Faffil.walmart.com%2Fcart%2FaddToCart%3Fitems%3D15529688,
2026-03-01,olive_oil,olive oil glass bottle,Redmond,98052,454902833,748323564297,Containly Hand Painted Glass 8 oz Olive Oil Dispenser with Stainless Steel Spout and Cruet,Containly,Home Page/Home/Storage & Organization/Shop all Storage & Organization,4044_90828_1294036,,9.76,10.95,10.87,4.8,49.0,True,Available,https://goto.walmart.com/c/|PUBID|/568844/9383?veh=aff&sourceid=imp_000011112222333344&u=http%3A%2F%2Faffil.walmart.com%2Fcart%2FaddToCart%3Fitems%3D454902833,
2026-03-01,olive_oil,olive oil glass bottle,Redmond,98052,865809479,748323564266,"Containly 8oz Glass Olive Oil / Vinegar Bottle for Kitchen, Olive Oil Dispenser With Stainless Steel Spout for Easy Pouring, Slight Green Tint",Containly,Home Page/Home/Storage & Organization/Shop all Storage & Organization,4044_90828_1294036,,10.95,9.99,-9.61,4.5,17.0,True,Available,https://goto.walmart.com/c/|PUBID|/568844/9383?veh=aff&sourceid=imp_000011112222333344&u=http%3A%2F%2Faffil.walmart.com%2Fcart%2FaddToCart%3Fitems%3D865809479,
2026-03-01,olive_oil,olive oil glass bottle,Redmond,98052,1280679668,880005320477,"Organic High Polyphenol Rich Extra Virgin Olive Oil OLIVIE PLUS 30X | Moroccan Desert Olive Oil | EVOO | MD Recommended | Organic, Kosher | 250 ml Glass Bottle",OLIVIE LES BIENFAITS DE L'OLIVIER,Home Page/Food/Pantry/Pantry meal essentials,976759_976794_2807108,,31.0,99.99,69.0,4.7,93.0,True,Available,https://goto.walmart.com/c/|PUBID|/568844/9383?veh=aff&sourceid=imp_000011112222333344&u=http%3A%2F%2Faffil.walmart.com%2Fcart%2FaddToCart%3Fitems%3D1280679668,
2026-03-01,olive_oil,olive oil glass bottle,Redmond,98052,16627927,041618080206,"GEM Extra Virgin Olive Oil for Seasoning and Finishing, 8.5 fl oz",GEM,Home Page/Food/Pantry/Cooking oils & vinegar/Olive oils,976759_976794_4649724,,4.48,29.99,85.06,4.5,1002.0,True,Available,https://goto.walmart.com/c/|PUBID|/568844/9383?veh=aff&sourceid=imp_000011112222333344&u=http%3A%2F%2Faffil.walmart.com%2Fcart%2FaddToCart%3Fitems%3D16627927,
2026-03-01,olive_oil,olive oil glass bottle,Redmond,98052,46572000,041736010147,Filippo Berio Extra Virgin Olive Oil 16.9 fl oz,Filippo Berio,Home Page/Food/Pantry/Cooking oils & vinegar/Olive oils,976759_976794_4649724,,7.48,0.0,,4.7,884.0,True,Available,https://goto.walmart.com/c/|PUBID|/568844/9383?veh=aff&sourceid=imp_000011112222333344&u=http%3A%2F%2Faffil.walmart.com%2Fcart%2FaddToCart%3Fitems%3D46572000,
2026-03-01,olive_oil,olive oil glass bottle,Redmond,98052,16066252117,673571657173,"Ogetok Dual-Purpose 2-in-1 Glass Oil Bottle - Spray & Pour Design with Cap, 16oz Olive Oil Spray,Tempered Glass for Kitchen, Gardening & Outdoor Use",Ogetok,Home Page/Home/Storage & Organization/Shop all Storage & Organization,4044_90828_1294036,,10.99,12.99,15.4,,,True,Available,https://goto.walmart.com/c/|PUBID|/568844/9383?veh=aff&sourceid=imp_000011112222333344&u=http%3A%2F%2Faffil.walmart.com%2Fcart%2FaddToCart%3Fitems%3D16066252117,
2026-03-01,olive_oil,olive oil glass bottle,Redmond,98052,14782053963,468423699919,"(2 pack) Olivari Organic Extra Virgin Olive Oil, 17 fl oz Glass Bottle",Olivari,Home Page/Food/Pantry/Pantry meal essentials,976759_976794_2807108,,19.04,,,4.7,154.0,True,Available,https://goto.walmart.com/c/|PUBID|/568844/9383?veh=aff&sourceid=imp_000011112222333344&u=http%3A%2F%2Faffil.walmart.com%2Fcart%2FaddToCart%3Fitems%3D14782053963,
2026-03-01,olive_oil,olive oil glass bottle,Redmond,98052,976946829,810017170098,"Cobram Estate Classic Flavor 100% California Extra Virgin Olive Oil, 12.7 fl oz Bottle – First Cold Pressed, Easy-Pour Cooking Oil",Cobram Estate,Home Page/Food/Pantry/Cooking oils & vinegar/Olive oils,976759_976794_4649724,,10.97,52.91,79.27,4.8,295.0,True,Available,https://goto.walmart.com/c/|PUBID|/568844/9383?veh=aff&sourceid=imp_000011112222333344&u=http%3A%2F%2Faffil.walmart.com%2Fcart%2FaddToCart%3Fitems%3D976946829,
2026-03-01,olive_oil,olive oil glass bottle,Redmond,98052,5097576872,702103780420,"17oz Olive Oil Dispenser Bottle,Glass Oil Dispenser,Cooking Oil and Vinegar Cruet Set with Stainless Steel Pourer,Olive Oil Bottle for Kitchen",Wayeept,Home Page/Home/Storage & Organization/Shop all Storage & Organization,4044_90828_1294036,,11.99,12.99,7.7,4.9,84.0,True,Available,https://goto.walmart.com/c/|PUBID|/568844/9383?veh=aff&sourceid=imp_000011112222333344&u=http%3A%2F%2Faffil.walmart.com%2Fcart%2FaddToCart%3Fitems%3D5097576872,
2026-03-01,olive_oil,olive oil glass bottle,Redmond,98052,2324440358,,"Molimoli Olive x2 Oil Dispenser Glass Bottle 350ml for Kitchen. Silver Weighted Pourer 2.72""W x 8.62""H",MoliMoli,Home Page/Home/Storage & Organization/Shop all Storage & Organization,4044_90828_1294036,,29.95,,,5.0,7.0,True,Available,https://goto.walmart.com/c/|PUBID|/568844/9383?veh=aff&sourceid=imp_000011112222333344&u=http%3A%2F%2Faffil.walmart.com%2Fcart%2FaddToCart%3Fitems%3D2324440358,
2026-03-01,olive_oil,olive oil glass bottle,Redmond,98052,16524222,048676442403,"Anchor Hocking Olive Oil and Vinegar Glass Bottle with Stainless Steel Spout, 11 Ounce, Designed to Help with Proper Produce Storage",Anchor Hocking,Home Page/Home/Kitchen & Dining/Kitchen Storage & Organization/Counter Organizers,4044_623679_1032619,,3.98,14.0,71.57,4.5,2349.0,False,Not available,https://goto.walmart.com/c/|PUBID|/568844/9383?veh=aff&sourceid=imp_000011112222333344&u=http%3A%2F%2Faffil.walmart.com%2Fcart%2FaddToCart%3Fitems%3D16524222,
2026-03-01,olive_oil,olive oil glass bottle,Redmond,98052,13871566675,014484610525,"ZJDOAK Clear Glass Olive Oil Dispenser Bottles, and Vinegar Cruet Bottle Includes Pourers, Funnel, Cooking Container for Kitchen",ZJDOAK,Home Page/Home/Storage & Organization/Shop all Storage & Organization,4044_90828_1294036,,8.98,19.65,54.3,,,True,Available,https://goto.walmart.com/c/|PUBID|/568844/9383?veh=aff&sourceid=imp_000011112222333344&u=http%3A%2F%2Faffil.walmart.com%2Fcart%2FaddToCart%3Fitems%3D13871566675,
2026-03-01,olive_oil,olive oil glass bottle,Redmond,98052,1979588192,,"LES TERROIRS DE MARRAKECH Moroccan Organic Extra Virgin Olive Oil, Polyphenol Rich, Cold Pressed from Bicentenary olive trees, Most Awarded, Trusted by Michelin Star Chefs, 17 Fl Oz Glass Bottle",Les Terroirs de Marrakech,Home Page/Food/Pantry/Pantry meal essentials,976759_976794_2807108,,39.99,99.99,60.01,4.5,2.0,True,Available,https://goto.walmart.com/c/|PUBID|/568844/9383?veh=aff&sourceid=imp_000011112222333344&u=http%3A%2F%2Faffil.walmart.com%2Fcart%2FaddToCart%3Fitems%3D1979588192,
2026-03-01,olive_oil,olive oil glass bottle,Redmond,98052,13779050073,729016882973,"Cook with Color 2-in-1 Glass Olive Oil Dispenser & Spray Bottle, Precision & Durability",COOK WITH COLOR,Home Page/Home/Storage & Organization/Shop all Storage & Organization,4044_90828_1294036,,5.96,,,4.6,158.0,True,Available,https://goto.walmart.com/c/|PUBID|/568844/9383?veh=aff&sourceid=imp_000011112222333344&u=http%3A%2F%2Faffil.walmart.com%2Fcart%2FaddToCart%3Fitems%3D13779050073,
2026-03-01,olive_oil,olive oil glass bottle,Redmond,98052,755339402,649270737171,"LandHope Oil Bottle Glass with Spout,Olive Oil Vinegar Dispenser for Kitchen and BBQ (125ml/4.27oz)",LandHope,Home Page/Home/Storage & Organization/Shop all Storage & Organization,4044_90828_1294036,,5.99,16.99,64.74,4.7,29.0,True,Available,https://goto.walmart.com/c/|PUBID|/568844/9383?veh=aff&sourceid=imp_000011112222333344&u=http%3A%2F%2Faffil.walmart.com%2Fcart%2FaddToCart%3Fitems%3D755339402,
2026-03-01,olive_oil,olive oil glass bottle,Redmond,98052,292823406,748323563962,Containly Glass Bottle 16 oz Olive Oil/Vinegar Dispenser for Kitchen with Stainless Steel Spout,Containly,Home Page/Home/Storage & Organization/Shop all Storage & Organization,4044_90828_1294036,,12.95,,,4.6,25.0,True,Available,https://goto.walmart.com/c/|PUBID|/568844/9383?veh=aff&sourceid=imp_000011112222333344&u=http%3A%2F%2Faffil.walmart.com%2Fcart%2FaddToCart%3Fitems%3D292823406,
