run_date,category,query,location_name,input_zip,item_id,upc,name,brand,category_path,category_node,parent_category,sale_price,msrp,discount_pct,customer_rating,num_reviews,available_online,stock,product_url,lookup_error
2026-03-01,paper_towel,paper towels 12 rolls,Seattle,98101,15106305176,194346458820,"Great Value Everyday Strong Paper Towels, 12 Double Rolls",Great Value,Home Page/Household Essentials/Paper & Plastic/Paper Towels/All Paper Towels,1115193_1073264_1149383,,10.84,,,4.6,786.0,False,Not available,https://goto.walmart.com/c/|PUBID|/568844/9383?veh=aff&sourceid=imp_000011112222333344&u=http%3A%2F%2Faffil.walmart.com%2Fcart%2FaddToCart%3Fitems%3D15106305176,
2026-03-01,paper_towel,paper towels 12 rolls,Seattle,98101,8888501886,054000566738,"Scott Paper Towels, Choose-A-Sheet, 12 Double Rolls",Scott,Home Page/Household Essentials/Paper & Plastic/Paper Towels/All Paper Towels,1115193_1073264_1149383,,11.98,16.0,25.12,4.5,15441.0,True,Available,https://goto.walmart.com/c/|PUBID|/568844/9383?veh=aff&sourceid=imp_000011112222333344&u=http%3A%2F%2Faffil.walmart.com%2Fcart%2FaddToCart%3Fitems%3D8888501886,
2026-03-01,paper_towel,paper towels 12 rolls,Seattle,98101,15106373822,194346393299,"Great Value Ultra Strong Paper Towels, 12 Triple Rolls",Great Value,Home Page/Household Essentials/Paper & Plastic/Paper Towels/All Paper Towels,1115193_1073264_1149383,,22.56,,,4.7,13066.0,False,Not available,https://goto.walmart.com/c/|PUBID|/568844/9383?veh=aff&sourceid=imp_000011112222333344&u=http%3A%2F%2Faffil.walmart.com%2Fcart%2FaddToCart%3Fitems%3D15106373822,
2026-03-01,paper_towel,paper towels 12 rolls,Seattle,98101,2101922242,030772061305,"Bounty Select-a-Size Paper Towels, 12 Double Rolls, White",Bounty,Home Page/Household Essentials/Paper & Plastic/Paper Towels/All Paper Towels,1115193_1073264_1149383,,34.99,38.6,9.35,4.7,27660.0,True,Available,https://goto.walmart.com/c/|PUBID|/568844/9383?veh=aff&sourceid=imp_000011112222333344&u=http%3A%2F%2Faffil.walmart.com%2Fcart%2FaddToCart%3Fitems%3D2101922242,
2026-03-01,paper_towel,paper towels 12 rolls,Seattle,98101,14584700257,030772157053,"Bounty Paper Towels Select-A-Size White, 12 Double Rolls, 82 Sheets per Roll",Bounty,Home Page/Household Essentials/Paper & Plastic/Paper Towels/All Paper Towels,1115193_1073264_1149383,,36.93,62.88,41.27,4.6,14881.0,True,Available,https://goto.walmart.com/c/|PUBID|/568844/9383?veh=aff&sourceid=imp_000011112222333344&u=http%3A%2F%2Faffil.walmart.com%2Fcart%2FaddToCart%3Fitems%3D14584700257,
2026-03-01,paper_towel,paper towels 12 rolls,Seattle,98101,12868367090,042000446747,"Brawny Tear-a-Square 3-Ply Paper Towels, 12 Double Rolls, 76 Sheets Per Roll",Brawny,Home Page/Household Essentials/Paper & Plastic/Paper Towels/All Paper Towels,1115193_1073264_1149383,,19.97,,,4.7,3677.0,True,Available,https://goto.walmart.com/c/|PUBID|/568844/9383?veh=aff&sourceid=imp_000011112222333344&u=http%3A%2F%2Faffil.walmart.com%2Fcart%2FaddToCart%3Fitems%3D12868367090,
2026-03-01,paper_towel,paper towels 12 rolls,Seattle,98101,5152062063,054000554162,"Scott Choose-a-Sheet Paper Towels, 12 Double Rolls",Scott,Home Page/Household Essentials/Paper & Plastic/Paper Towels/All Paper Towels,1115193_1073264_1149383,,17.62,47.67,63.04,4.4,7160.0,True,Available,https://goto.walmart.com/c/|PUBID|/568844/9383?veh=aff&sourceid=imp_000011112222333344&u=http%3A%2F%2Faffil.walmart.com%2Fcart%2FaddToCart%3Fitems%3D5152062063,
2026-03-01,paper_towel,paper towels 12 rolls,Seattle,98101,14600911831,030772160411,"Bounty Paper Towels Select-A-Size White, 12 Triple Rolls, 123 Sheets per Roll",Bounty,Home Page/Household Essentials/Paper & Plastic/Paper Towels/All Paper Towels,1115193_1073264_1149383,,33.18,,,4.5,10895.0,True,Available,https://goto.walmart.com/c/|PUBID|/568844/9383?veh=aff&sourceid=imp_000011112222333344&u=http%3A%2F%2Faffil.walmart.com%2Fcart%2FaddToCart%3Fitems%3D14600911831,
2026-03-01,paper_towel,paper towels 12 rolls,Seattle,98101,5295279377,030400223532,"Sparkle Tear-a-Square Paper Towels, 8 Double Rolls",Sparkle Towels,Home Page/Household Essentials/Paper & Plastic/Paper Towels/All Paper Towels,1115193_1073264_1149383,,13.97,,,4.6,11117.0,True,Available,https://goto.walmart.com/c/|PUBID|/568844/9383?veh=aff&sourceid=imp_000011112222333344&u=http%3A%2F%2Faffil.walmart.com%2Fcart%2FaddToCart%3Fitems%3D5295279377,
2026-03-01,paper_towel,paper towels 12 rolls,Seattle,98101,492040077,054000530678,"Scott Choose-a-Sheet Paper Towels, 12 Double Rolls",Scott,Home Page/Household Essentials/Paper & Plastic/Paper Towels/All Paper Towels,1115193_1073264_1149383,,27.49,10.98,-150.36,4.5,12734.0,True,Available,https://goto.walmart.com/c/|PUBID|/568844/9383?veh=aff&sourceid=imp_000011112222333344&u=http%3A%2F%2Faffil.walmart.com%2Fcart%2FaddToCart%3Fitems%3D492040077,
2026-03-01,paper_towel,paper towels 12 rolls,Seattle,98101,341223401,030400222801,"Sparkle Pick-A-Size Paper Towels, 12 Double Rolls, White, Everyday Value Paper Towel",Sparkle Towels,Home Page/Household Essentials/Paper & Plastic/Paper Towels/All Paper Towels,1115193_1073264_1149383,,25.99,10.98,-136.7,4.6,26387.0,True,Available,https://goto.walmart.com/c/|PUBID|/568844/9383?veh=aff&sourceid=imp_000011112222333344&u=http%3A%2F%2Faffil.walmart.com%2Fcart%2FaddToCart%3Fitems%3D341223401,
2026-03-01,paper_towel,paper towels 12 rolls,Seattle,98101,14694850765,036000565355,"Viva Signature Cloth Paper Towels, 12 Double Rolls, 86 Sheets per Roll",Viva,Home Page/Household Essentials/Paper & Plastic/Paper Towels/All Paper Towels,1115193_1073264_1149383,,21.67,30.83,29.71,4.5,3678.0,True,Available,https://goto.walmart.com/c/|PUBID|/568844/9383?veh=aff&sourceid=imp_000011112222333344&u=http%3A%2F%2Faffil.walmart.com%2Fcart%2FaddToCart%3Fitems%3D14694850765,
2026-03-01,paper_towel,paper towels 12 rolls,Seattle,98101,15160761322,606430563186,"Sparkle Pick-A-Size Paper Towels, 6 Double Rolls = 12 Regular Rolls, Everyday Value Paper Towel With Full And Half Sheets",Sparkle,Home Page/Household Essentials/Paper & Plastic/Paper Towels/All Paper Towels,1115193_1073264_1149383,,18.1,,,5.0,13.0,True,Available,https://goto.walmart.com/c/|PUBID|/568844/9383?veh=aff&sourceid=imp_000011112222333344&u=http%3A%2F%2Faffil.walmart.com%2Fcart%2FaddToCart%3Fitems%3D15160761322,
2026-03-01,paper_towel,paper towels 12 rolls,Seattle,98101,5245428013,030772118337,"Bounty Paper Towels Select-A-Size, 12 Triple Rolls",Bounty,Home Page/Household Essentials/Paper & Plastic/Paper Towels/All Paper Towels,1115193_1073264_1149383,,46.48,62.0,25.03,4.6,9518.0,True,Available,https://goto.walmart.com/c/|PUBID|/568844/9383?veh=aff&sourceid=imp_000011112222333344&u=http%3A%2F%2Faffil.walmart.com%2Fcart%2FaddToCart%3Fitems%3D5245428013,
2026-03-01,paper_towel,paper towels 12 rolls,Seattle,98101,659509750,037000746522,"Bounty Essentials Select-a-Size Paper Towels, White, 12 Double Rolls",Bounty,Home Page/Household Essentials/Paper & Plastic/Paper Towels/Bounty Paper Towels,1115193_1073264_1149383,,36.0,58.99,38.97,4.4,1386.0,True,Available,https://goto.walmart.com/c/|PUBID|/568844/9383?veh=aff&sourceid=imp_000011112222333344&u=http%3A%2F%2Faffil.walmart.com%2Fcart%2FaddToCart%3Fitems%3D659509750,
2026-03-01,paper_towel,paper towels 12 rolls,Seattle,98101,19600251067,830548437750,"Viva Signature Cloth Paper Towels, 12 Double Rolls, 86 Sheets per Roll",Viva,Home Page/Household Essentials/Paper & Plastic/Paper Towels/All Paper Towels,1115193_1073264_1149383,,148.98,,,4.5,3677.0,True,Available,https://goto.walmart.com/c/|PUBID|/568844/9383?veh=aff&sourceid=imp_000011112222333344&u=http%3A%2F%2Faffil.walmart.com%2Fcart%2FaddToCart%3Fitems%3D19600251067,
2026-03-01,paper_towel,paper towels 12 rolls,Seattle,98101,1642102365,036000548785,"Viva Signature Cloth Paper Towels, 12 Double Rolls",Viva,Home Page/Household Essentials/Paper & Plastic/Paper Towels/All Paper Towels,1115193_1073264_1149383,,35.5,32.48,-9.3,4.5,4604.0,True,Available,https://goto.walmart.com/c/|PUBID|/568844/9383?veh=aff&sourceid=imp_000011112222333344&u=http%3A%2F%2Faffil.walmart.com%2Fcart%2FaddToCart%3Fitems%3D1642102365,
2026-03-01,paper_towel,paper towels 12 rolls,Seattle,98101,2450395625,100376044360,"Bounty Select-A-Size Paper Towels, White, 12 Double Rolls, 12 Count",Bounty,Home Page/Household Essentials/Paper & Plastic/Paper Towels/Bounty Paper Towels,1115193_1073264_1149383,,34.0,36.4,6.59,4.6,78.0,True,Available,https://goto.walmart.com/c/|PUBID|/568844/9383?veh=aff&sourceid=imp_000011112222333344&u=http%3A%2F%2Faffil.walmart.com%2Fcart%2FaddToCart%3Fitems%3D2450395625,
2026-03-01,paper_towel,paper towels 12 rolls,Seattle,98101,5316226188,042000444743,"Brawny Tear-a-Square Paper Towels, 12 Double Rolls",Brawny,Home Page/Household Essentials/Paper & Plastic/Paper Towels/All Paper Towels,1115193_1073264_1149383,,28.99,30.98,6.42,4.8,241.0,True,Available,https://goto.walmart.com/c/|PUBID|/568844/9383?veh=aff&sourceid=imp_000011112222333344&u=http%3A%2F%2Faffil.walmart.com%2Fcart%2FaddToCart%3Fitems%3D5316226188,
2026-03-01,paper_towel,paper towels 12 rolls,Seattle,98101,41136307,054867000567,"Morcon Tissue Morsoft Universal Roll Towels, 8"" x 350 ft, Brown, 12 Rolls/Carton -MORR12350",Morcon,Home Page/Industrial & Scientific/Janitorial & Sanitation Supplies/Janitorial Disposables/Commercial Paper Towels,6197502_5702707_7272148,,36.7,44.08,16.74,4.6,40.0,True,Available,https://goto.walmart.com/c/|PUBID|/568844/9383?veh=aff&sourceid=imp_000011112222333344&u=http%3A%2F%2Faffil.walmart.com%2Fcart%2FaddToCart%3Fitems%3D41136307,
2026-03-01,paper_towel,paper towels 12 rolls,Seattle,98101,17720201802,,"Ultra Strong Paper Towels, 12 Double Rolls",Forge,Home Page/Household Essentials/Paper & Plastic/Paper Towels/All Paper Towels,1115193_1073264_1149383,,52.99,,,,,True,Available,https://goto.walmart.com/c/|PUBID|/568844/9383?veh=aff&sourceid=imp_000011112222333344&u=http%3A%2F%2Faffil.walmart.com%2Fcart%2FaddToCart%3Fitems%3D17720201802,
2026-03-01,paper_towel,paper towels 12 rolls,Seattle,98101,14659322454,036000565362,"Viva Signature Cloth Paper Towels, 12 Triple Rolls, 129 Sheets per Roll",Viva,Home Page/Household Essentials/Paper & Plastic/Paper Towels/All Paper Towels,1115193_1073264_1149383,,28.98,,,4.6,4171.0,True,Available,https://goto.walmart.com/c/|PUBID|/568844/9383?veh=aff&sourceid=imp_000011112222333344&u=http%3A%2F%2Faffil.walmart.com%2Fcart%2FaddToCart%3Fitems%3D14659322454,
2026-03-01,paper_towel,paper towels 12 rolls,Seattle,98101,11471560819,732623794362,Seventh Generation White Paper Towels 2 Roll Pack 1 Ea (Pack Of 12),Seventh Generation,Home Page/Household Essentials/Household Essentials by Brand/Seventh Generation/All Seventh Generation,1115193_8250903_1416618,,130.99,,,,,True,Available,https://goto.walmart.com/c/|PUBID|/568844/9383?veh=aff&sourceid=imp_000011112222333344&u=http%3A%2F%2Faffil.walmart.com%2Fcart%2FaddToCart%3Fitems%3D11471560819,
2026-03-01,paper_towel,paper towels 12 rolls,Seattle,98101,836647663,078742210681,"Great Value Ultra Strong Paper Towels, Split Sheet, 12 Double Rolls",Great Value,Home Page/Household Essentials/Paper & Plastic/Paper Towels/All Paper Towels,1115193_1073264_1149383,,17.31,26.9,35.65,4.5,232.0,False,Not available,https://goto.walmart.com/c/|PUBID|/568844/9383?veh=aff&sourceid=imp_000011112222333344&u=http%3A%2F%2Faffil.walmart.com%2Fcart%2FaddToCart%3Fitems%3D836647663,
2026-03-01,paper_towel,paper towels 12 rolls,Seattle,98101,186015888,078742210858,"Great Value Ultra Strong Paper Towels, Split Sheets, 12 Double Rolls",Great Value,Home Page/Household Essentials/Paper & Plastic/Paper Towels/All Paper Towels,1115193_1073264_1149383,,17.14,,,4.7,7910.0,False,Not available,https://goto.walmart.com/c/|PUBID|/568844/9383?veh=aff&sourceid=imp_000011112222333344&u=http%3A%2F%2Faffil.walmart.com%2Fcart%2FaddToCart%3Fitems%3D186015888,
2026-03-01,paper_towel,paper towels 12 rolls,Seattle,98101,17254770094,,"Hardwound Paper Towels, 1-Ply White Roll Towels - 8"" x 600ft, 2"" Core, 12 Rolls - Washroom Hand Drying, Durable Paper Towels for Restrooms & Facilities",lshhh,Home Page/Household Essentials/Paper & Plastic/Paper Towels/All Paper Towels,1115193_1073264_1149383,,76.35,,,,,True,Available,https://goto.walmart.com/c/|PUBID|/568844/9383?veh=aff&sourceid=imp_000011112222333344&u=http%3A%2F%2Faffil.walmart.com%2Fcart%2FaddToCart%3Fitems%3D17254770094,
2026-03-01,paper_towel,paper towels 12 rolls,Seattle,98101,19555962314,,"Bounty Paper Towels Select-A-Size White, 12 Double Rolls, 82 Sheets Per Roll",Bounty,Home Page/Household Essentials/Paper & Plastic/Paper Towels/All Paper Towels,1115193_1073264_1149383,,47.99,,,,,True,Available,https://goto.walmart.com/c/|PUBID|/568844/9383?veh=aff&sourceid=imp_000011112222333344&u=http%3A%2F%2Faffil.walmart.com%2Fcart%2FaddToCart%3Fitems%3D19555962314,
2026-03-01,paper_towel,paper towels 12 rolls,Seattle,98101,540360271,030400220944,"Sparkle Paper Towels, Pick-A-Size, Spirited Prints, 6 Double Rolls (= 12 Regular Rolls)",Sparkle Towels,Home Page/Household Essentials/Paper & Plastic/Paper Towels/All Paper Towels,1115193_1073264_1149383,,12.2,5.98,-104.01,4.7,15629.0,True,Available,https://goto.walmart.com/c/|PUBID|/568844/9383?veh=aff&sourceid=imp_000011112222333344&u=http%3A%2F%2Faffil.walmart.com%2Fcart%2FaddToCart%3Fitems%3D540360271,
2026-03-01,paper_towel,paper towels 12 rolls,Seattle,98101,15148316096,,"Scott Paper Towels, Choose-A-Sheet, MMF7 6 Double Rolls = 12 Regular Rolls (100 Sheets Per Roll)",Scott,Home Page/Household Essentials/Paper & Plastic/Paper Towels/All Paper Towels,1115193_1073264_1149383,,10.95,,,5.0,1.0,True,Available,https://goto.walmart.com/c/|PUBID|/568844/9383?veh=aff&sourceid=imp_000011112222333344&u=http%3A%2F%2Faffil.walmart.com%2Fcart%2FaddToCart%3Fitems%3D15148316096,
2026-03-01,paper_towel,paper towels 12 rolls,Seattle,98101,5175530512,100149973347,"Sparkle Pick-A-Size Paper Towels, 6 Double Rolls = 12 Regular Rolls",Sparkle Towels,Home Page/Household Essentials/Paper & Plastic/Paper Towels/All Paper Towels,1115193_1073264_1149383,,11.51,11.51,0.0,5.0,3.0,True,Available,https://goto.walmart.com/c/|PUBID|/568844/9383?veh=aff&sourceid=imp_000011112222333344&u=http%3A%2F%2Faffil.walmart.com%2Fcart%2FaddToCart%3Fitems%3D5175530512,
2026-03-01,paper_towel,paper towels 12 rolls,Issaquah,98027,15106305176,194346458820,"Great Value Everyday Strong Paper Towels, 12 Double Rolls",Great Value,Home Page/Household Essentials/Paper & Plastic/Paper Towels/All Paper Towels,1115193_1073264_1149383,,10.84,,,4.6,786.0,False,Not available,https://goto.walmart.com/c/|PUBID|/568844/9383?veh=aff&sourceid=imp_000011112222333344&u=http%3A%2F%2Faffil.walmart.com%2Fcart%2FaddToCart%3Fitems%3D15106305176,
2026-03-01,paper_towel,paper towels 12 rolls,Issaquah,98027,8888501886,054000566738,"Scott Paper Towels, Choose-A-Sheet, 12 Double Rolls",Scott,Home Page/Household Essentials/Paper & Plastic/Paper Towels/All Paper Towels,1115193_1073264_1149383,,11.98,16.0,25.12,4.5,15441.0,True,Available,https://goto.walmart.com/c/|PUBID|/568844/9383?veh=aff&sourceid=imp_000011112222333344&u=http%3A%2F%2Faffil.walmart.com%2Fcart%2FaddToCart%3Fitems%3D8888501886,
2026-03-01,paper_towel,paper towels 12 rolls,Issaquah,98027,15106373822,194346393299,"Great Value Ultra Strong Paper Towels, 12 Triple Rolls",Great Value,Home Page/Household Essentials/Paper & Plastic/Paper Towels/All Paper Towels,1115193_1073264_1149383,,22.56,,,4.7,13066.0,False,Not available,https://goto.walmart.com/c/|PUBID|/568844/9383?veh=aff&sourceid=imp_000011112222333344&u=http%3A%2F%2Faffil.walmart.com%2Fcart%2FaddToCart%3Fitems%3D15106373822,
2026-03-01,paper_towel,paper towels 12 rolls,Issaquah,98027,2101922242,030772061305,"Bounty Select-a-Size Paper Towels, 12 Double Rolls, White",Bounty,Home Page/Household Essentials/Paper & Plastic/Paper Towels/All Paper Towels,1115193_1073264_1149383,,34.99,38.6,9.35,4.7,27660.0,True,Available,https://goto.walmart.com/c/|PUBID|/568844/9383?veh=aff&sourceid=imp_000011112222333344&u=http%3A%2F%2Faffil.walmart.com%2Fcart%2FaddToCart%3Fitems%3D2101922242,
2026-03-01,paper_towel,paper towels 12 rolls,Issaquah,98027,14584700257,030772157053,"Bounty Paper Towels Select-A-Size White, 12 Double Rolls, 82 Sheets per Roll",Bounty,Home Page/Household Essentials/Paper & Plastic/Paper Towels/All Paper Towels,1115193_1073264_1149383,,36.93,62.88,41.27,4.6,14881.0,True,Available,https://goto.walmart.com/c/|PUBID|/568844/9383?veh=aff&sourceid=imp_000011112222333344&u=http%3A%2F%2Faffil.walmart.com%2Fcart%2FaddToCart%3Fitems%3D14584700257,
2026-03-01,paper_towel,paper towels 12 rolls,Issaquah,98027,12868367090,042000446747,"Brawny Tear-a-Square 3-Ply Paper Towels, 12 Double Rolls, 76 Sheets Per Roll",Brawny,Home Page/Household Essentials/Paper & Plastic/Paper Towels/All Paper Towels,1115193_1073264_1149383,,19.97,,,4.7,3677.0,True,Available,https://goto.walmart.com/c/|PUBID|/568844/9383?veh=aff&sourceid=imp_000011112222333344&u=http%3A%2F%2Faffil.walmart.com%2Fcart%2FaddToCart%3Fitems%3D12868367090,
2026-03-01,paper_towel,paper towels 12 rolls,Issaquah,98027,5152062063,054000554162,"Scott Choose-a-Sheet Paper Towels, 12 Double Rolls",Scott,Home Page/Household Essentials/Paper & Plastic/Paper Towels/All Paper Towels,1115193_1073264_1149383,,17.62,47.67,63.04,4.4,7160.0,True,Available,https://goto.walmart.com/c/|PUBID|/568844/9383?veh=aff&sourceid=imp_000011112222333344&u=http%3A%2F%2Faffil.walmart.com%2Fcart%2FaddToCart%3Fitems%3D5152062063,
2026-03-01,paper_towel,paper towels 12 rolls,Issaquah,98027,14600911831,030772160411,"Bounty Paper Towels Select-A-Size White, 12 Triple Rolls, 123 Sheets per Roll",Bounty,Home Page/Household Essentials/Paper & Plastic/Paper Towels/All Paper Towels,1115193_1073264_1149383,,33.18,,,4.5,10895.0,True,Available,https://goto.walmart.com/c/|PUBID|/568844/9383?veh=aff&sourceid=imp_000011112222333344&u=http%3A%2F%2Faffil.walmart.com%2Fcart%2FaddToCart%3Fitems%3D14600911831,
2026-03-01,paper_towel,paper towels 12 rolls,Issaquah,98027,5295279377,030400223532,"Sparkle Tear-a-Square Paper Towels, 8 Double Rolls",Sparkle Towels,Home Page/Household Essentials/Paper & Plastic/Paper Towels/All Paper Towels,1115193_1073264_1149383,,13.97,,,4.6,11117.0,True,Available,https://goto.walmart.com/c/|PUBID|/568844/9383?veh=aff&sourceid=imp_000011112222333344&u=http%3A%2F%2Faffil.walmart.com%2Fcart%2FaddToCart%3Fitems%3D5295279377,
2026-03-01,paper_towel,paper towels 12 rolls,Issaquah,98027,492040077,054000530678,"Scott Choose-a-Sheet Paper Towels, 12 Double Rolls",Scott,Home Page/Household Essentials/Paper & Plastic/Paper Towels/All Paper Towels,1115193_1073264_1149383,,27.49,10.98,-150.36,4.5,12734.0,True,Available,https://goto.walmart.com/c/|PUBID|/568844/9383?veh=aff&sourceid=imp_000011112222333344&u=http%3A%2F%2Faffil.walmart.com%2Fcart%2FaddToCart%3Fitems%3D492040077,
2026-03-01,paper_towel,paper towels 12 rolls,Issaquah,98027,341223401,030400222801,"Sparkle Pick-A-Size Paper Towels, 12 Double Rolls, White, Everyday Value Paper Towel",Sparkle Towels,Home Page/Household Essentials/Paper & Plastic/Paper Towels/All Paper Towels,1115193_1073264_1149383,,25.99,10.98,-136.7,4.6,26387.0,True,Available,https://goto.walmart.com/c/|PUBID|/568844/9383?veh=aff&sourceid=imp_000011112222333344&u=http%3A%2F%2Faffil.walmart.com%2Fcart%2FaddToCart%3Fitems%3D341223401,
2026-03-01,paper_towel,paper towels 12 rolls,Issaquah,98027,14694850765,036000565355,"Viva Signature Cloth Paper Towels, 12 Double Rolls, 86 Sheets per Roll",Viva,Home Page/Household Essentials/Paper & Plastic/Paper Towels/All Paper Towels,1115193_1073264_1149383,,21.67,30.83,29.71,4.5,3678.0,True,Available,https://goto.walmart.com/c/|PUBID|/568844/9383?veh=aff&sourceid=imp_000011112222333344&u=http%3A%2F%2Faffil.walmart.com%2Fcart%2FaddToCart%3Fitems%3D14694850765,
2026-03-01,paper_towel,paper towels 12 rolls,Issaquah,98027,15160761322,606430563186,"Sparkle Pick-A-Size Paper Towels, 6 Double Rolls = 12 Regular Rolls, Everyday Value Paper Towel With Full And Half Sheets",Sparkle,Home Page/Household Essentials/Paper & Plastic/Paper Towels/All Paper Towels,1115193_1073264_1149383,,18.1,,,5.0,13.0,True,Available,https://goto.walmart.com/c/|PUBID|/568844/9383?veh=aff&sourceid=imp_000011112222333344&u=http%3A%2F%2Faffil.walmart.com%2Fcart%2FaddToCart%3Fitems%3D15160761322,
2026-03-01,paper_towel,paper towels 12 rolls,Issaquah,98027,5245428013,030772118337,"Bounty Paper Towels Select-A-Size, 12 Triple Rolls",Bounty,Home Page/Household Essentials/Paper & Plastic/Paper Towels/All Paper Towels,1115193_1073264_1149383,,46.48,62.0,25.03,4.6,9518.0,True,Available,https://goto.walmart.com/c/|PUBID|/568844/9383?veh=aff&sourceid=imp_000011112222333344&u=http%3A%2F%2Faffil.walmart.com%2Fcart%2FaddToCart%3Fitems%3D5245428013,
2026-03-01,paper_towel,paper towels 12 rolls,Issaquah,98027,659509750,037000746522,"Bounty Essentials Select-a-Size Paper Towels, White, 12 Double Rolls",Bounty,Home Page/Household Essentials/Paper & Plastic/Paper Towels/Bounty Paper Towels,1115193_1073264_1149383,,36.0,58.99,38.97,4.4,1386.0,True,Available,https://goto.walmart.com/c/|PUBID|/568844/9383?veh=aff&sourceid=imp_000011112222333344&u=http%3A%2F%2Faffil.walmart.com%2Fcart%2FaddToCart%3Fitems%3D659509750,
2026-03-01,paper_towel,paper towels 12 rolls,Issaquah,98027,19600251067,830548437750,"Viva Signature Cloth Paper Towels, 12 Double Rolls, 86 Sheets per Roll",Viva,Home Page/Household Essentials/Paper & Plastic/Paper Towels/All Paper Towels,1115193_1073264_1149383,,148.98,,,4.5,3677.0,True,Available,https://goto.walmart.com/c/|PUBID|/568844/9383?veh=aff&sourceid=imp_000011112222333344&u=http%3A%2F%2Faffil.walmart.com%2Fcart%2FaddToCart%3Fitems%3D19600251067,
2026-03-01,paper_towel,paper towels 12 rolls,Issaquah,98027,1642102365,036000548785,"Viva Signature Cloth Paper Towels, 12 Double Rolls",Viva,Home Page/Household Essentials/Paper & Plastic/Paper Towels/All Paper Towels,1115193_1073264_1149383,,32.48,32.48,0.0,4.5,4604.0,True,Available,https://goto.walmart.com/c/|PUBID|/568844/9383?veh=aff&sourceid=imp_000011112222333344&u=http%3A%2F%2Faffil.walmart.com%2Fcart%2FaddToCart%3Fitems%3D1642102365,
2026-03-01,paper_towel,paper towels 12 rolls,Issaquah,98027,2450395625,100376044360,"Bounty Select-A-Size Paper Towels, White, 12 Double Rolls, 12 Count",Bounty,Home Page/Household Essentials/Paper & Plastic/Paper Towels/Bounty Paper Towels,1115193_1073264_1149383,,34.0,36.4,6.59,4.6,78.0,True,Available,https://goto.walmart.com/c/|PUBID|/568844/9383?veh=aff&sourceid=imp_000011112222333344&u=http%3A%2F%2Faffil.walmart.com%2Fcart%2FaddToCart%3Fitems%3D2450395625,
2026-03-01,paper_towel,paper towels 12 rolls,Issaquah,98027,5316226188,042000444743,"Brawny Tear-a-Square Paper Towels, 12 Double Rolls",Brawny,Home Page/Household Essentials/Paper & Plastic/Paper Towels/All Paper Towels,1115193_1073264_1149383,,28.99,30.98,6.42,4.8,241.0,True,Available,https://goto.walmart.com/c/|PUBID|/568844/9383?veh=aff&sourceid=imp_000011112222333344&u=http%3A%2F%2Faffil.walmart.com%2Fcart%2FaddToCart%3Fitems%3D5316226188,
2026-03-01,paper_towel,paper towels 12 rolls,Issaquah,98027,41136307,054867000567,"Morcon Tissue Morsoft Universal Roll Towels, 8"" x 350 ft, Brown, 12 Rolls/Carton -MORR12350",Morcon,Home Page/Industrial & Scientific/Janitorial & Sanitation Supplies/Janitorial Disposables/Commercial Paper Towels,6197502_5702707_7272148,,36.7,44.08,16.74,4.6,40.0,True,Available,https://goto.walmart.com/c/|PUBID|/568844/9383?veh=aff&sourceid=imp_000011112222333344&u=http%3A%2F%2Faffil.walmart.com%2Fcart%2FaddToCart%3Fitems%3D41136307,
2026-03-01,paper_towel,paper towels 12 rolls,Issaquah,98027,17720201802,,"Ultra Strong Paper Towels, 12 Double Rolls",Forge,Home Page/Household Essentials/Paper & Plastic/Paper Towels/All Paper Towels,1115193_1073264_1149383,,52.99,,,,,True,Available,https://goto.walmart.com/c/|PUBID|/568844/9383?veh=aff&sourceid=imp_000011112222333344&u=http%3A%2F%2Faffil.walmart.com%2Fcart%2FaddToCart%3Fitems%3D17720201802,
2026-03-01,paper_towel,paper towels 12 rolls,Issaquah,98027,14659322454,036000565362,"Viva Signature Cloth Paper Towels, 12 Triple Rolls, 129 Sheets per Roll",Viva,Home Page/Household Essentials/Paper & Plastic/Paper Towels/All Paper Towels,1115193_1073264_1149383,,28.98,,,4.6,4171.0,True,Available,https://goto.walmart.com/c/|PUBID|/568844/9383?veh=aff&sourceid=imp_000011112222333344&u=http%3A%2F%2Faffil.walmart.com%2Fcart%2FaddToCart%3Fitems%3D14659322454,
2026-03-01,paper_towel,paper towels 12 rolls,Issaquah,98027,11471560819,732623794362,Seventh Generation White Paper Towels 2 Roll Pack 1 Ea (Pack Of 12),Seventh Generation,Home Page/Household Essentials/Household Essentials by Brand/Seventh Generation/All Seventh Generation,1115193_8250903_1416618,,130.99,,,,,True,Available,https://goto.walmart.com/c/|PUBID|/568844/9383?veh=aff&sourceid=imp_000011112222333344&u=http%3A%2F%2Faffil.walmart.com%2Fcart%2FaddToCart%3Fitems%3D11471560819,
2026-03-01,paper_towel,paper towels 12 rolls,Issaquah,98027,836647663,078742210681,"Great Value Ultra Strong Paper Towels, Split Sheet, 12 Double Rolls",Great Value,Home Page/Household Essentials/Paper & Plastic/Paper Towels/All Paper Towels,1115193_1073264_1149383,,17.31,26.9,35.65,4.5,232.0,False,Not available,https://goto.walmart.com/c/|PUBID|/568844/9383?veh=aff&sourceid=imp_000011112222333344&u=http%3A%2F%2Faffil.walmart.com%2Fcart%2FaddToCart%3Fitems%3D836647663,
2026-03-01,paper_towel,paper towels 12 rolls,Issaquah,98027,186015888,078742210858,"Great Value Ultra Strong Paper Towels, Split Sheets, 12 Double Rolls",Great Value,Home Page/Household Essentials/Paper & Plastic/Paper Towels/All Paper Towels,1115193_1073264_1149383,,17.14,,,4.7,7910.0,False,Not available,https://goto.walmart.com/c/|PUBID|/568844/9383?veh=aff&sourceid=imp_000011112222333344&u=http%3A%2F%2Faffil.walmart.com%2Fcart%2FaddToCart%3Fitems%3D186015888,
2026-03-01,paper_towel,paper towels 12 rolls,Issaquah,98027,17254770094,,"Hardwound Paper Towels, 1-Ply White Roll Towels - 8"" x 600ft, 2"" Core, 12 Rolls - Washroom Hand Drying, Durable Paper Towels for Restrooms & Facilities",lshhh,Home Page/Household Essentials/Paper & Plastic/Paper Towels/All Paper Towels,1115193_1073264_1149383,,76.35,,,,,True,Available,https://goto.walmart.com/c/|PUBID|/568844/9383?veh=aff&sourceid=imp_000011112222333344&u=http%3A%2F%2Faffil.walmart.com%2Fcart%2FaddToCart%3Fitems%3D17254770094,
2026-03-01,paper_towel,paper towels 12 rolls,Issaquah,98027,19555962314,,"Bounty Paper Towels Select-A-Size White, 12 Double Rolls, 82 Sheets Per Roll",Bounty,Home Page/Household Essentials/Paper & Plastic/Paper Towels/All Paper Towels,1115193_1073264_1149383,,47.99,,,,,True,Available,https://goto.walmart.com/c/|PUBID|/568844/9383?veh=aff&sourceid=imp_000011112222333344&u=http%3A%2F%2Faffil.walmart.com%2Fcart%2FaddToCart%3Fitems%3D19555962314,
2026-03-01,paper_towel,paper towels 12 rolls,Issaquah,98027,540360271,030400220944,"Sparkle Paper Towels, Pick-A-Size, Spirited Prints, 6 Double Rolls (= 12 Regular Rolls)",Sparkle Towels,Home Page/Household Essentials/Paper & Plastic/Paper Towels/All Paper Towels,1115193_1073264_1149383,,12.2,5.98,-104.01,4.7,15629.0,True,Available,https://goto.walmart.com/c/|PUBID|/568844/9383?veh=aff&sourceid=imp_000011112222333344&u=http%3A%2F%2Faffil.walmart.com%2Fcart%2FaddToCart%3Fitems%3D540360271,
2026-03-01,paper_towel,paper towels 12 rolls,Issaquah,98027,15148316096,,"Scott Paper Towels, Choose-A-Sheet, MMF7 6 Double Rolls = 12 Regular Rolls (100 Sheets Per Roll)",Scott,Home Page/Household Essentials/Paper & Plastic/Paper Towels/All Paper Towels,1115193_1073264_1149383,,10.95,,,5.0,1.0,True,Available,https://goto.walmart.com/c/|PUBID|/568844/9383?veh=aff&sourceid=imp_000011112222333344&u=http%3A%2F%2Faffil.walmart.com%2Fcart%2FaddToCart%3Fitems%3D15148316096,
2026-03-01,paper_towel,paper towels 12 rolls,Issaquah,98027,5175530512,100149973347,"Sparkle Pick-A-Size Paper Towels, 6 Double Rolls = 12 Regular Rolls",Sparkle Towels,Home Page/Household Essentials/Paper & Plastic/Paper Towels/All Paper Towels,1115193_1073264_1149383,,11.51,11.51,0.0,5.0,3.0,True,Available,https://goto.walmart.com/c/|PUBID|/568844/9383?veh=aff&sourceid=imp_000011112222333344&u=http%3A%2F%2Faffil.walmart.com%2Fcart%2FaddToCart%3Fitems%3D5175530512,
2026-03-01,paper_towel,paper towels 12 rolls,Tukwila,98188,15106305176,194346458820,"Great Value Everyday Strong Paper Towels, 12 Double Rolls",Great Value,Home Page/Household Essentials/Paper & Plastic/Paper Towels/All Paper Towels,1115193_1073264_1149383,,10.84,,,4.6,786.0,False,Not available,https://goto.walmart.com/c/|PUBID|/568844/9383?veh=aff&sourceid=imp_000011112222333344&u=http%3A%2F%2Faffil.walmart.com%2Fcart%2FaddToCart%3Fitems%3D15106305176,
2026-03-01,paper_towel,paper towels 12 rolls,Tukwila,98188,8888501886,054000566738,"Scott Paper Towels, Choose-A-Sheet, 12 Double Rolls",Scott,Home Page/Household Essentials/Paper & Plastic/Paper Towels/All Paper Towels,1115193_1073264_1149383,,11.98,16.0,25.12,4.5,15441.0,True,Available,https://goto.walmart.com/c/|PUBID|/568844/9383?veh=aff&sourceid=imp_000011112222333344&u=http%3A%2F%2Faffil.walmart.com%2Fcart%2FaddToCart%3Fitems%3D8888501886,
2026-03-01,paper_towel,paper towels 12 rolls,Tukwila,98188,15106373822,194346393299,"Great Value Ultra Strong Paper Towels, 12 Triple Rolls",Great Value,Home Page/Household Essentials/Paper & Plastic/Paper Towels/All Paper Towels,1115193_1073264_1149383,,22.56,,,4.7,13066.0,False,Not available,https://goto.walmart.com/c/|PUBID|/568844/9383?veh=aff&sourceid=imp_000011112222333344&u=http%3A%2F%2Faffil.walmart.com%2Fcart%2FaddToCart%3Fitems%3D15106373822,
2026-03-01,paper_towel,paper towels 12 rolls,Tukwila,98188,2101922242,030772061305,"Bounty Select-a-Size Paper Towels, 12 Double Rolls, White",Bounty,Home Page/Household Essentials/Paper & Plastic/Paper Towels/All Paper Towels,1115193_1073264_1149383,,34.99,38.6,9.35,4.7,27660.0,True,Available,https://goto.walmart.com/c/|PUBID|/568844/9383?veh=aff&sourceid=imp_000011112222333344&u=http%3A%2F%2Faffil.walmart.com%2Fcart%2FaddToCart%3Fitems%3D2101922242,
2026-03-01,paper_towel,paper towels 12 rolls,Tukwila,98188,14584700257,030772157053,"Bounty Paper Towels Select-A-Size White, 12 Double Rolls, 82 Sheets per Roll",Bounty,Home Page/Household Essentials/Paper & Plastic/Paper Towels/All Paper Towels,1115193_1073264_1149383,,36.93,62.88,41.27,4.6,14881.0,True,Available,https://goto.walmart.com/c/|PUBID|/568844/9383?veh=aff&sourceid=imp_000011112222333344&u=http%3A%2F%2Faffil.walmart.com%2Fcart%2FaddToCart%3Fitems%3D14584700257,
2026-03-01,paper_towel,paper towels 12 rolls,Tukwila,98188,12868367090,042000446747,"Brawny Tear-a-Square 3-Ply Paper Towels, 12 Double Rolls, 76 Sheets Per Roll",Brawny,Home Page/Household Essentials/Paper & Plastic/Paper Towels/All Paper Towels,1115193_1073264_1149383,,19.97,,,4.7,3677.0,True,Available,https://goto.walmart.com/c/|PUBID|/568844/9383?veh=aff&sourceid=imp_000011112222333344&u=http%3A%2F%2Faffil.walmart.com%2Fcart%2FaddToCart%3Fitems%3D12868367090,
2026-03-01,paper_towel,paper towels 12 rolls,Tukwila,98188,5152062063,054000554162,"Scott Choose-a-Sheet Paper Towels, 12 Double Rolls",Scott,Home Page/Household Essentials/Paper & Plastic/Paper Towels/All Paper Towels,1115193_1073264_1149383,,17.62,47.67,63.04,4.4,7160.0,True,Available,https://goto.walmart.com/c/|PUBID|/568844/9383?veh=aff&sourceid=imp_000011112222333344&u=http%3A%2F%2Faffil.walmart.com%2Fcart%2FaddToCart%3Fitems%3D5152062063,
2026-03-01,paper_towel,paper towels 12 rolls,Tukwila,98188,14600911831,030772160411,"Bounty Paper Towels Select-A-Size White, 12 Triple Rolls, 123 Sheets per Roll",Bounty,Home Page/Household Essentials/Paper & Plastic/Paper Towels/All Paper Towels,1115193_1073264_1149383,,33.18,,,4.5,10895.0,True,Available,https://goto.walmart.com/c/|PUBID|/568844/9383?veh=aff&sourceid=imp_000011112222333344&u=http%3A%2F%2Faffil.walmart.com%2Fcart%2FaddToCart%3Fitems%3D14600911831,
2026-03-01,paper_towel,paper towels 12 rolls,Tukwila,98188,5295279377,030400223532,"Sparkle Tear-a-Square Paper Towels, 8 Double Rolls",Sparkle Towels,Home Page/Household Essentials/Paper & Plastic/Paper Towels/All Paper Towels,1115193_1073264_1149383,,13.97,,,4.6,11117.0,True,Available,https://goto.walmart.com/c/|PUBID|/568844/9383?veh=aff&sourceid=imp_000011112222333344&u=http%3A%2F%2Faffil.walmart.com%2Fcart%2FaddToCart%3Fitems%3D5295279377,
2026-03-01,paper_towel,paper towels 12 rolls,Tukwila,98188,492040077,054000530678,"Scott Choose-a-Sheet Paper Towels, 12 Double Rolls",Scott,Home Page/Household Essentials/Paper & Plastic/Paper Towels/All Paper Towels,1115193_1073264_1149383,,27.49,10.98,-150.36,4.5,12734.0,True,Available,https://goto.walmart.com/c/|PUBID|/568844/9383?veh=aff&sourceid=imp_000011112222333344&u=http%3A%2F%2Faffil.walmart.com%2Fcart%2FaddToCart%3Fitems%3D492040077,
2026-03-01,paper_towel,paper towels 12 rolls,Tukwila,98188,341223401,030400222801,"Sparkle Pick-A-Size Paper Towels, 12 Double Rolls, White, Everyday Value Paper Towel",Sparkle Towels,Home Page/Household Essentials/Paper & Plastic/Paper Towels/All Paper Towels,1115193_1073264_1149383,,25.99,10.98,-136.7,4.6,26387.0,True,Available,https://goto.walmart.com/c/|PUBID|/568844/9383?veh=aff&sourceid=imp_000011112222333344&u=http%3A%2F%2Faffil.walmart.com%2Fcart%2FaddToCart%3Fitems%3D341223401,
2026-03-01,paper_towel,paper towels 12 rolls,Tukwila,98188,14694850765,036000565355,"Viva Signature Cloth Paper Towels, 12 Double Rolls, 86 Sheets per Roll",Viva,Home Page/Household Essentials/Paper & Plastic/Paper Towels/All Paper Towels,1115193_1073264_1149383,,21.67,30.83,29.71,4.5,3678.0,True,Available,https://goto.walmart.com/c/|PUBID|/568844/9383?veh=aff&sourceid=imp_000011112222333344&u=http%3A%2F%2Faffil.walmart.com%2Fcart%2FaddToCart%3Fitems%3D14694850765,
2026-03-01,paper_towel,paper towels 12 rolls,Tukwila,98188,15160761322,606430563186,"Sparkle Pick-A-Size Paper Towels, 6 Double Rolls = 12 Regular Rolls, Everyday Value Paper Towel With Full And Half Sheets",Sparkle,Home Page/Household Essentials/Paper & Plastic/Paper Towels/All Paper Towels,1115193_1073264_1149383,,18.1,,,5.0,13.0,True,Available,https://goto.walmart.com/c/|PUBID|/568844/9383?veh=aff&sourceid=imp_000011112222333344&u=http%3A%2F%2Faffil.walmart.com%2Fcart%2FaddToCart%3Fitems%3D15160761322,
2026-03-01,paper_towel,paper towels 12 rolls,Tukwila,98188,5245428013,030772118337,"Bounty Paper Towels Select-A-Size, 12 Triple Rolls",Bounty,Home Page/Household Essentials/Paper & Plastic/Paper Towels/All Paper Towels,1115193_1073264_1149383,,46.48,62.0,25.03,4.6,9518.0,True,Available,https://goto.walmart.com/c/|PUBID|/568844/9383?veh=aff&sourceid=imp_000011112222333344&u=http%3A%2F%2Faffil.walmart.com%2Fcart%2FaddToCart%3Fitems%3D5245428013,
2026-03-01,paper_towel,paper towels 12 rolls,Tukwila,98188,659509750,037000746522,"Bounty Essentials Select-a-Size Paper Towels, White, 12 Double Rolls",Bounty,Home Page/Household Essentials/Paper & Plastic/Paper Towels/Bounty Paper Towels,1115193_1073264_1149383,,36.0,58.99,38.97,4.4,1386.0,True,Available,https://goto.walmart.com/c/|PUBID|/568844/9383?veh=aff&sourceid=imp_000011112222333344&u=http%3A%2F%2Faffil.walmart.com%2Fcart%2FaddToCart%3Fitems%3D659509750,
2026-03-01,paper_towel,paper towels 12 rolls,Tukwila,98188,19600251067,830548437750,"Viva Signature Cloth Paper Towels, 12 Double Rolls, 86 Sheets per Roll",Viva,Home Page/Household Essentials/Paper & Plastic/Paper Towels/All Paper Towels,1115193_1073264_1149383,,148.98,,,4.5,3677.0,True,Available,https://goto.walmart.com/c/|PUBID|/568844/9383?veh=aff&sourceid=imp_000011112222333344&u=http%3A%2F%2Faffil.walmart.com%2Fcart%2FaddToCart%3Fitems%3D19600251067,
2026-03-01,paper_towel,paper towels 12 rolls,Tukwila,98188,1642102365,036000548785,"Viva Signature Cloth Paper Towels, 12 Double Rolls",Viva,Home Page/Household Essentials/Paper & Plastic/Paper Towels/All Paper Towels,1115193_1073264_1149383,,32.48,32.48,0.0,4.5,4604.0,True,Available,https://goto.walmart.com/c/|PUBID|/568844/9383?veh=aff&sourceid=imp_000011112222333344&u=http%3A%2F%2Faffil.walmart.com%2Fcart%2FaddToCart%3Fitems%3D1642102365,
2026-03-01,paper_towel,paper towels 12 rolls,Tukwila,98188,2450395625,100376044360,"Bounty Select-A-Size Paper Towels, White, 12 Double Rolls, 12 Count",Bounty,Home Page/Household Essentials/Paper & Plastic/Paper Towels/Bounty Paper Towels,1115193_1073264_1149383,,34.0,36.4,6.59,4.6,78.0,True,Available,https://goto.walmart.com/c/|PUBID|/568844/9383?veh=aff&sourceid=imp_000011112222333344&u=http%3A%2F%2Faffil.walmart.com%2Fcart%2FaddToCart%3Fitems%3D2450395625,
2026-03-01,paper_towel,paper towels 12 rolls,Tukwila,98188,5316226188,042000444743,"Brawny Tear-a-Square Paper Towels, 12 Double Rolls",Brawny,Home Page/Household Essentials/Paper & Plastic/Paper Towels/All Paper Towels,1115193_1073264_1149383,,28.99,30.98,6.42,4.8,241.0,True,Available,https://goto.walmart.com/c/|PUBID|/568844/9383?veh=aff&sourceid=imp_000011112222333344&u=http%3A%2F%2Faffil.walmart.com%2Fcart%2FaddToCart%3Fitems%3D5316226188,
2026-03-01,paper_towel,paper towels 12 rolls,Tukwila,98188,41136307,054867000567,"Morcon Tissue Morsoft Universal Roll Towels, 8"" x 350 ft, Brown, 12 Rolls/Carton -MORR12350",Morcon,Home Page/Industrial & Scientific/Janitorial & Sanitation Supplies/Janitorial Disposables/Commercial Paper Towels,6197502_5702707_7272148,,36.7,44.08,16.74,4.6,40.0,True,Available,https://goto.walmart.com/c/|PUBID|/568844/9383?veh=aff&sourceid=imp_000011112222333344&u=http%3A%2F%2Faffil.walmart.com%2Fcart%2FaddToCart%3Fitems%3D41136307,
2026-03-01,paper_towel,paper towels 12 rolls,Tukwila,98188,17720201802,,"Ultra Strong Paper Towels, 12 Double Rolls",Forge,Home Page/Household Essentials/Paper & Plastic/Paper Towels/All Paper Towels,1115193_1073264_1149383,,52.99,,,,,True,Available,https://goto.walmart.com/c/|PUBID|/568844/9383?veh=aff&sourceid=imp_000011112222333344&u=http%3A%2F%2Faffil.walmart.com%2Fcart%2FaddToCart%3Fitems%3D17720201802,
2026-03-01,paper_towel,paper towels 12 rolls,Tukwila,98188,14659322454,036000565362,"Viva Signature Cloth Paper Towels, 12 Triple Rolls, 129 Sheets per Roll",Viva,Home Page/Household Essentials/Paper & Plastic/Paper Towels/All Paper Towels,1115193_1073264_1149383,,28.98,,,4.6,4171.0,True,Available,https://goto.walmart.com/c/|PUBID|/568844/9383?veh=aff&sourceid=imp_000011112222333344&u=http%3A%2F%2Faffil.walmart.com%2Fcart%2FaddToCart%3Fitems%3D14659322454,
2026-03-01,paper_towel,paper towels 12 rolls,Tukwila,98188,11471560819,732623794362,Seventh Generation White Paper Towels 2 Roll Pack 1 Ea (Pack Of 12),Seventh Generation,Home Page/Household Essentials/Household Essentials by Brand/Seventh Generation/All Seventh Generation,1115193_8250903_1416618,,130.99,,,,,True,Available,https://goto.walmart.com/c/|PUBID|/568844/9383?veh=aff&sourceid=imp_000011112222333344&u=http%3A%2F%2Faffil.walmart.com%2Fcart%2FaddToCart%3Fitems%3D11471560819,
2026-03-01,paper_towel,paper towels 12 rolls,Tukwila,98188,836647663,078742210681,"Great Value Ultra Strong Paper Towels, Split Sheet, 12 Double Rolls",Great Value,Home Page/Household Essentials/Paper & Plastic/Paper Towels/All Paper Towels,1115193_1073264_1149383,,17.31,26.9,35.65,4.5,232.0,False,Not available,https://goto.walmart.com/c/|PUBID|/568844/9383?veh=aff&sourceid=imp_000011112222333344&u=http%3A%2F%2Faffil.walmart.com%2Fcart%2FaddToCart%3Fitems%3D836647663,
2026-03-01,paper_towel,paper towels 12 rolls,Tukwila,98188,186015888,078742210858,"Great Value Ultra Strong Paper Towels, Split Sheets, 12 Double Rolls",Great Value,Home Page/Household Essentials/Paper & Plastic/Paper Towels/All Paper Towels,1115193_1073264_1149383,,17.14,,,4.7,7910.0,False,Not available,https://goto.walmart.com/c/|PUBID|/568844/9383?veh=aff&sourceid=imp_000011112222333344&u=http%3A%2F%2Faffil.walmart.com%2Fcart%2FaddToCart%3Fitems%3D186015888,
2026-03-01,paper_towel,paper towels 12 rolls,Tukwila,98188,17254770094,,"Hardwound Paper Towels, 1-Ply White Roll Towels - 8"" x 600ft, 2"" Core, 12 Rolls - Washroom Hand Drying, Durable Paper Towels for Restrooms & Facilities",lshhh,Home Page/Household Essentials/Paper & Plastic/Paper Towels/All Paper Towels,1115193_1073264_1149383,,76.35,,,,,True,Available,https://goto.walmart.com/c/|PUBID|/568844/9383?veh=aff&sourceid=imp_000011112222333344&u=http%3A%2F%2Faffil.walmart.com%2Fcart%2FaddToCart%3Fitems%3D17254770094,
2026-03-01,paper_towel,paper towels 12 rolls,Tukwila,98188,19555962314,,"Bounty Paper Towels Select-A-Size White, 12 Double Rolls, 82 Sheets Per Roll",Bounty,Home Page/Household Essentials/Paper & Plastic/Paper Towels/All Paper Towels,1115193_1073264_1149383,,47.99,,,,,True,Available,https://goto.walmart.com/c/|PUBID|/568844/9383?veh=aff&sourceid=imp_000011112222333344&u=http%3A%2F%2Faffil.walmart.com%2Fcart%2FaddToCart%3Fitems%3D19555962314,
2026-03-01,paper_towel,paper towels 12 rolls,Tukwila,98188,540360271,030400220944,"Sparkle Paper Towels, Pick-A-Size, Spirited Prints, 6 Double Rolls (= 12 Regular Rolls)",Sparkle Towels,Home Page/Household Essentials/Paper & Plastic/Paper Towels/All Paper Towels,1115193_1073264_1149383,,12.2,5.98,-104.01,4.7,15629.0,True,Available,https://goto.walmart.com/c/|PUBID|/568844/9383?veh=aff&sourceid=imp_000011112222333344&u=http%3A%2F%2Faffil.walmart.com%2Fcart%2FaddToCart%3Fitems%3D540360271,
2026-03-01,paper_towel,paper towels 12 rolls,Tukwila,98188,15148316096,,"Scott Paper Towels, Choose-A-Sheet, MMF7 6 Double Rolls = 12 Regular Rolls (100 Sheets Per Roll)",Scott,Home Page/Household Essentials/Paper & Plastic/Paper Towels/All Paper Towels,1115193_1073264_1149383,,10.95,,,5.0,1.0,True,Available,https://goto.walmart.com/c/|PUBID|/568844/9383?veh=aff&sourceid=imp_000011112222333344&u=http%3A%2F%2Faffil.walmart.com%2Fcart%2FaddToCart%3Fitems%3D15148316096,
2026-03-01,paper_towel,paper towels 12 rolls,Tukwila,98188,5175530512,100149973347,"Sparkle Pick-A-Size Paper Towels, 6 Double Rolls = 12 Regular Rolls",Sparkle Towels,Home Page/Household Essentials/Paper & Plastic/Paper Towels/All Paper Towels,1115193_1073264_1149383,,11.51,11.51,0.0,5.0,3.0,True,Available,https://goto.walmart.com/c/|PUBID|/568844/9383?veh=aff&sourceid=imp_000011112222333344&u=http%3A%2F%2Faffil.walmart.com%2Fcart%2FaddToCart%3Fitems%3D5175530512,
2026-03-01,paper_towel,paper towels 12 rolls,Woodinville,98072,15106305176,194346458820,"Great Value Everyday Strong Paper Towels, 12 Double Rolls",Great Value,Home Page/Household Essentials/Paper & Plastic/Paper Towels/All Paper Towels,1115193_1073264_1149383,,10.84,,,4.6,786.0,False,Not available,https://goto.walmart.com/c/|PUBID|/568844/9383?veh=aff&sourceid=imp_000011112222333344&u=http%3A%2F%2Faffil.walmart.com%2Fcart%2FaddToCart%3Fitems%3D15106305176,
2026-03-01,paper_towel,paper towels 12 rolls,Woodinville,98072,8888501886,054000566738,"Scott Paper Towels, Choose-A-Sheet, 12 Double Rolls",Scott,Home Page/Household Essentials/Paper & Plastic/Paper Towels/All Paper Towels,1115193_1073264_1149383,,11.98,16.0,25.12,4.5,15441.0,True,Available,https://goto.walmart.com/c/|PUBID|/568844/9383?veh=aff&sourceid=imp_000011112222333344&u=http%3A%2F%2Faffil.walmart.com%2Fcart%2FaddToCart%3Fitems%3D8888501886,
2026-03-01,paper_towel,paper towels 12 rolls,Woodinville,98072,15106373822,194346393299,"Great Value Ultra Strong Paper Towels, 12 Triple Rolls",Great Value,Home Page/Household Essentials/Paper & Plastic/Paper Towels/All Paper Towels,1115193_1073264_1149383,,22.56,,,4.7,13066.0,False,Not available,https://goto.walmart.com/c/|PUBID|/568844/9383?veh=aff&sourceid=imp_000011112222333344&u=http%3A%2F%2Faffil.walmart.com%2Fcart%2FaddToCart%3Fitems%3D15106373822,
2026-03-01,paper_towel,paper towels 12 rolls,Woodinville,98072,2101922242,030772061305,"Bounty Select-a-Size Paper Towels, 12 Double Rolls, White",Bounty,Home Page/Household Essentials/Paper & Plastic/Paper Towels/All Paper Towels,1115193_1073264_1149383,,34.99,38.6,9.35,4.7,27660.0,True,Available,https://goto.walmart.com/c/|PUBID|/568844/9383?veh=aff&sourceid=imp_000011112222333344&u=http%3A%2F%2Faffil.walmart.com%2Fcart%2FaddToCart%3Fitems%3D2101922242,
2026-03-01,paper_towel,paper towels 12 rolls,Woodinville,98072,14584700257,030772157053,"Bounty Paper Towels Select-A-Size White, 12 Double Rolls, 82 Sheets per Roll",Bounty,Home Page/Household Essentials/Paper & Plastic/Paper Towels/All Paper Towels,1115193_1073264_1149383,,36.93,62.88,41.27,4.6,14881.0,True,Available,https://goto.walmart.com/c/|PUBID|/568844/9383?veh=aff&sourceid=imp_000011112222333344&u=http%3A%2F%2Faffil.walmart.com%2Fcart%2FaddToCart%3Fitems%3D14584700257,
2026-03-01,paper_towel,paper towels 12 rolls,Woodinville,98072,12868367090,042000446747,"Brawny Tear-a-Square 3-Ply Paper Towels, 12 Double Rolls, 76 Sheets Per Roll",Brawny,Home Page/Household Essentials/Paper & Plastic/Paper Towels/All Paper Towels,1115193_1073264_1149383,,19.97,,,4.7,3677.0,True,Available,https://goto.walmart.com/c/|PUBID|/568844/9383?veh=aff&sourceid=imp_000011112222333344&u=http%3A%2F%2Faffil.walmart.com%2Fcart%2FaddToCart%3Fitems%3D12868367090,
2026-03-01,paper_towel,paper towels 12 rolls,Woodinville,98072,5152062063,054000554162,"Scott Choose-a-Sheet Paper Towels, 12 Double Rolls",Scott,Home Page/Household Essentials/Paper & Plastic/Paper Towels/All Paper Towels,1115193_1073264_1149383,,17.62,47.67,63.04,4.4,7160.0,True,Available,https://goto.walmart.com/c/|PUBID|/568844/9383?veh=aff&sourceid=imp_000011112222333344&u=http%3A%2F%2Faffil.walmart.com%2Fcart%2FaddToCart%3Fitems%3D5152062063,
2026-03-01,paper_towel,paper towels 12 rolls,Woodinville,98072,14600911831,030772160411,"Bounty Paper Towels Select-A-Size White, 12 Triple Rolls, 123 Sheets per Roll",Bounty,Home Page/Household Essentials/Paper & Plastic/Paper Towels/All Paper Towels,1115193_1073264_1149383,,33.18,,,4.5,10895.0,True,Available,https://goto.walmart.com/c/|PUBID|/568844/9383?veh=aff&sourceid=imp_000011112222333344&u=http%3A%2F%2Faffil.walmart.com%2Fcart%2FaddToCart%3Fitems%3D14600911831,
2026-03-01,paper_towel,paper towels 12 rolls,Woodinville,98072,5295279377,030400223532,"Sparkle Tear-a-Square Paper Towels, 8 Double Rolls",Sparkle Towels,Home Page/Household Essentials/Paper & Plastic/Paper Towels/All Paper Towels,1115193_1073264_1149383,,13.97,,,4.6,11117.0,True,Available,https://goto.walmart.com/c/|PUBID|/568844/9383?veh=aff&sourceid=imp_000011112222333344&u=http%3A%2F%2Faffil.walmart.com%2Fcart%2FaddToCart%3Fitems%3D5295279377,
2026-03-01,paper_towel,paper towels 12 rolls,Woodinville,98072,492040077,054000530678,"Scott Choose-a-Sheet Paper Towels, 12 Double Rolls",Scott,Home Page/Household Essentials/Paper & Plastic/Paper Towels/All Paper Towels,1115193_1073264_1149383,,27.49,10.98,-150.36,4.5,12734.0,True,Available,https://goto.walmart.com/c/|PUBID|/568844/9383?veh=aff&sourceid=imp_000011112222333344&u=http%3A%2F%2Faffil.walmart.com%2Fcart%2FaddToCart%3Fitems%3D492040077,
2026-03-01,paper_towel,paper towels 12 rolls,Woodinville,98072,341223401,030400222801,"Sparkle Pick-A-Size Paper Towels, 12 Double Rolls, White, Everyday Value Paper Towel",Sparkle Towels,Home Page/Household Essentials/Paper & Plastic/Paper Towels/All Paper Towels,1115193_1073264_1149383,,25.99,10.98,-136.7,4.6,26387.0,True,Available,https://goto.walmart.com/c/|PUBID|/568844/9383?veh=aff&sourceid=imp_000011112222333344&u=http%3A%2F%2Faffil.walmart.com%2Fcart%2FaddToCart%3Fitems%3D341223401,
2026-03-01,paper_towel,paper towels 12 rolls,Woodinville,98072,14694850765,036000565355,"Viva Signature Cloth Paper Towels, 12 Double Rolls, 86 Sheets per Roll",Viva,Home Page/Household Essentials/Paper & Plastic/Paper Towels/All Paper Towels,1115193_1073264_1149383,,21.67,30.83,29.71,4.5,3678.0,True,Available,https://goto.walmart.com/c/|PUBID|/568844/9383?veh=aff&sourceid=imp_000011112222333344&u=http%3A%2F%2Faffil.walmart.com%2Fcart%2FaddToCart%3Fitems%3D14694850765,
2026-03-01,paper_towel,paper towels 12 rolls,Woodinville,98072,15160761322,606430563186,"Sparkle Pick-A-Size Paper Towels, 6 Double Rolls = 12 Regular Rolls, Everyday Value Paper Towel With Full And Half Sheets",Sparkle,Home Page/Household Essentials/Paper & Plastic/Paper Towels/All Paper Towels,1115193_1073264_1149383,,18.1,,,5.0,13.0,True,Available,https://goto.walmart.com/c/|PUBID|/568844/9383?veh=aff&sourceid=imp_000011112222333344&u=http%3A%2F%2Faffil.walmart.com%2Fcart%2FaddToCart%3Fitems%3D15160761322,
2026-03-01,paper_towel,paper towels 12 rolls,Woodinville,98072,5245428013,030772118337,"Bounty Paper Towels Select-A-Size, 12 Triple Rolls",Bounty,Home Page/Household Essentials/Paper & Plastic/Paper Towels/All Paper Towels,1115193_1073264_1149383,,46.48,62.0,25.03,4.6,9518.0,True,Available,https://goto.walmart.com/c/|PUBID|/568844/9383?veh=aff&sourceid=imp_000011112222333344&u=http%3A%2F%2Faffil.walmart.com%2Fcart%2FaddToCart%3Fitems%3D5245428013,
2026-03-01,paper_towel,paper towels 12 rolls,Woodinville,98072,659509750,037000746522,"Bounty Essentials Select-a-Size Paper Towels, White, 12 Double Rolls",Bounty,Home Page/Household Essentials/Paper & Plastic/Paper Towels/Bounty Paper Towels,1115193_1073264_1149383,,36.0,58.99,38.97,4.4,1386.0,True,Available,https://goto.walmart.com/c/|PUBID|/568844/9383?veh=aff&sourceid=imp_000011112222333344&u=http%3A%2F%2Faffil.walmart.com%2Fcart%2FaddToCart%3Fitems%3D659509750,
2026-03-01,paper_towel,paper towels 12 rolls,Woodinville,98072,19600251067,830548437750,"Viva Signature Cloth Paper Towels, 12 Double Rolls, 86 Sheets per Roll",Viva,Home Page/Household Essentials/Paper & Plastic/Paper Towels/All Paper Towels,1115193_1073264_1149383,,148.98,,,4.5,3677.0,True,Available,https://goto.walmart.com/c/|PUBID|/568844/9383?veh=aff&sourceid=imp_000011112222333344&u=http%3A%2F%2Faffil.walmart.com%2Fcart%2FaddToCart%3Fitems%3D19600251067,
2026-03-01,paper_towel,paper towels 12 rolls,Woodinville,98072,1642102365,036000548785,"Viva Signature Cloth Paper Towels, 12 Double Rolls",Viva,Home Page/Household Essentials/Paper & Plastic/Paper Towels/All Paper Towels,1115193_1073264_1149383,,35.5,32.48,-9.3,4.5,4604.0,True,Available,https://goto.walmart.com/c/|PUBID|/568844/9383?veh=aff&sourceid=imp_000011112222333344&u=http%3A%2F%2Faffil.walmart.com%2Fcart%2FaddToCart%3Fitems%3D1642102365,
2026-03-01,paper_towel,paper towels 12 rolls,Woodinville,98072,2450395625,100376044360,"Bounty Select-A-Size Paper Towels, White, 12 Double Rolls, 12 Count",Bounty,Home Page/Household Essentials/Paper & Plastic/Paper Towels/Bounty Paper Towels,1115193_1073264_1149383,,34.0,36.4,6.59,4.6,78.0,True,Available,https://goto.walmart.com/c/|PUBID|/568844/9383?veh=aff&sourceid=imp_000011112222333344&u=http%3A%2F%2Faffil.walmart.com%2Fcart%2FaddToCart%3Fitems%3D2450395625,
2026-03-01,paper_towel,paper towels 12 rolls,Woodinville,98072,5316226188,042000444743,"Brawny Tear-a-Square Paper Towels, 12 Double Rolls",Brawny,Home Page/Household Essentials/Paper & Plastic/Paper Towels/All Paper Towels,1115193_1073264_1149383,,28.99,30.98,6.42,4.8,241.0,True,Available,https://goto.walmart.com/c/|PUBID|/568844/9383?veh=aff&sourceid=imp_000011112222333344&u=http%3A%2F%2Faffil.walmart.com%2Fcart%2FaddToCart%3Fitems%3D5316226188,
2026-03-01,paper_towel,paper towels 12 rolls,Woodinville,98072,41136307,054867000567,"Morcon Tissue Morsoft Universal Roll Towels, 8"" x 350 ft, Brown, 12 Rolls/Carton -MORR12350",Morcon,Home Page/Industrial & Scientific/Janitorial & Sanitation Supplies/Janitorial Disposables/Commercial Paper Towels,6197502_5702707_7272148,,36.7,44.08,16.74,4.6,40.0,True,Available,https://goto.walmart.com/c/|PUBID|/568844/9383?veh=aff&sourceid=imp_000011112222333344&u=http%3A%2F%2Faffil.walmart.com%2Fcart%2FaddToCart%3Fitems%3D41136307,
2026-03-01,paper_towel,paper towels 12 rolls,Woodinville,98072,17720201802,,"Ultra Strong Paper Towels, 12 Double Rolls",Forge,Home Page/Household Essentials/Paper & Plastic/Paper Towels/All Paper Towels,1115193_1073264_1149383,,52.99,,,,,True,Available,https://goto.walmart.com/c/|PUBID|/568844/9383?veh=aff&sourceid=imp_000011112222333344&u=http%3A%2F%2Faffil.walmart.com%2Fcart%2FaddToCart%3Fitems%3D17720201802,
2026-03-01,paper_towel,paper towels 12 rolls,Woodinville,98072,14659322454,036000565362,"Viva Signature Cloth Paper Towels, 12 Triple Rolls, 129 Sheets per Roll",Viva,Home Page/Household Essentials/Paper & Plastic/Paper Towels/All Paper Towels,1115193_1073264_1149383,,28.98,,,4.6,4171.0,True,Available,https://goto.walmart.com/c/|PUBID|/568844/9383?veh=aff&sourceid=imp_000011112222333344&u=http%3A%2F%2Faffil.walmart.com%2Fcart%2FaddToCart%3Fitems%3D14659322454,
2026-03-01,paper_towel,paper towels 12 rolls,Woodinville,98072,11471560819,732623794362,Seventh Generation White Paper Towels 2 Roll Pack 1 Ea (Pack Of 12),Seventh Generation,Home Page/Household Essentials/Household Essentials by Brand/Seventh Generation/All Seventh Generation,1115193_8250903_1416618,,130.99,,,,,True,Available,https://goto.walmart.com/c/|PUBID|/568844/9383?veh=aff&sourceid=imp_000011112222333344&u=http%3A%2F%2Faffil.walmart.com%2Fcart%2FaddToCart%3Fitems%3D11471560819,
2026-03-01,paper_towel,paper towels 12 rolls,Woodinville,98072,836647663,078742210681,"Great Value Ultra Strong Paper Towels, Split Sheet, 12 Double Rolls",Great Value,Home Page/Household Essentials/Paper & Plastic/Paper Towels/All Paper Towels,1115193_1073264_1149383,,17.31,26.9,35.65,4.5,232.0,False,Not available,https://goto.walmart.com/c/|PUBID|/568844/9383?veh=aff&sourceid=imp_000011112222333344&u=http%3A%2F%2Faffil.walmart.com%2Fcart%2FaddToCart%3Fitems%3D836647663,
2026-03-01,paper_towel,paper towels 12 rolls,Woodinville,98072,186015888,078742210858,"Great Value Ultra Strong Paper Towels, Split Sheets, 12 Double Rolls",Great Value,Home Page/Household Essentials/Paper & Plastic/Paper Towels/All Paper Towels,1115193_1073264_1149383,,17.14,,,4.7,7910.0,False,Not available,https://goto.walmart.com/c/|PUBID|/568844/9383?veh=aff&sourceid=imp_000011112222333344&u=http%3A%2F%2Faffil.walmart.com%2Fcart%2FaddToCart%3Fitems%3D186015888,
2026-03-01,paper_towel,paper towels 12 rolls,Woodinville,98072,17254770094,,"Hardwound Paper Towels, 1-Ply White Roll Towels - 8"" x 600ft, 2"" Core, 12 Rolls - Washroom Hand Drying, Durable Paper Towels for Restrooms & Facilities",lshhh,Home Page/Household Essentials/Paper & Plastic/Paper Towels/All Paper Towels,1115193_1073264_1149383,,76.35,,,,,True,Available,https://goto.walmart.com/c/|PUBID|/568844/9383?veh=aff&sourceid=imp_000011112222333344&u=http%3A%2F%2Faffil.walmart.com%2Fcart%2FaddToCart%3Fitems%3D17254770094,
2026-03-01,paper_towel,paper towels 12 rolls,Woodinville,98072,19555962314,,"Bounty Paper Towels Select-A-Size White, 12 Double Rolls, 82 Sheets Per Roll",Bounty,Home Page/Household Essentials/Paper & Plastic/Paper Towels/All Paper Towels,1115193_1073264_1149383,,47.99,,,,,True,Available,https://goto.walmart.com/c/|PUBID|/568844/9383?veh=aff&sourceid=imp_000011112222333344&u=http%3A%2F%2Faffil.walmart.com%2Fcart%2FaddToCart%3Fitems%3D19555962314,
2026-03-01,paper_towel,paper towels 12 rolls,Woodinville,98072,540360271,030400220944,"Sparkle Paper Towels, Pick-A-Size, Spirited Prints, 6 Double Rolls (= 12 Regular Rolls)",Sparkle Towels,Home Page/Household Essentials/Paper & Plastic/Paper Towels/All Paper Towels,1115193_1073264_1149383,,12.2,5.98,-104.01,4.7,15629.0,True,Available,https://goto.walmart.com/c/|PUBID|/568844/9383?veh=aff&sourceid=imp_000011112222333344&u=http%3A%2F%2Faffil.walmart.com%2Fcart%2FaddToCart%3Fitems%3D540360271,
2026-03-01,paper_towel,paper towels 12 rolls,Woodinville,98072,15148316096,,"Scott Paper Towels, Choose-A-Sheet, MMF7 6 Double Rolls = 12 Regular Rolls (100 Sheets Per Roll)",Scott,Home Page/Household Essentials/Paper & Plastic/Paper Towels/All Paper Towels,1115193_1073264_1149383,,10.95,,,5.0,1.0,True,Available,https://goto.walmart.com/c/|PUBID|/568844/9383?veh=aff&sourceid=imp_000011112222333344&u=http%3A%2F%2Faffil.walmart.com%2Fcart%2FaddToCart%3Fitems%3D15148316096,
2026-03-01,paper_towel,paper towels 12 rolls,Woodinville,98072,5175530512,100149973347,"Sparkle Pick-A-Size Paper Towels, 6 Double Rolls = 12 Regular Rolls",Sparkle Towels,Home Page/Household Essentials/Paper & Plastic/Paper Towels/All Paper Towels,1115193_1073264_1149383,,11.51,11.51,0.0,5.0,3.0,True,Available,https://goto.walmart.com/c/|PUBID|/568844/9383?veh=aff&sourceid=imp_000011112222333344&u=http%3A%2F%2Faffil.walmart.com%2Fcart%2FaddToCart%3Fitems%3D5175530512,
2026-03-01,paper_towel,paper towels 12 rolls,Kirkland,98033,15106305176,194346458820,"Great Value Everyday Strong Paper Towels, 12 Double Rolls",Great Value,Home Page/Household Essentials/Paper & Plastic/Paper Towels/All Paper Towels,1115193_1073264_1149383,,10.84,,,4.6,786.0,False,Not available,https://goto.walmart.com/c/|PUBID|/568844/9383?veh=aff&sourceid=imp_000011112222333344&u=http%3A%2F%2Faffil.walmart.com%2Fcart%2FaddToCart%3Fitems%3D15106305176,
2026-03-01,paper_towel,paper towels 12 rolls,Kirkland,98033,8888501886,054000566738,"Scott Paper Towels, Choose-A-Sheet, 12 Double Rolls",Scott,Home Page/Household Essentials/Paper & Plastic/Paper Towels/All Paper Towels,1115193_1073264_1149383,,11.98,16.0,25.12,4.5,15441.0,True,Available,https://goto.walmart.com/c/|PUBID|/568844/9383?veh=aff&sourceid=imp_000011112222333344&u=http%3A%2F%2Faffil.walmart.com%2Fcart%2FaddToCart%3Fitems%3D8888501886,
2026-03-01,paper_towel,paper towels 12 rolls,Kirkland,98033,15106373822,194346393299,"Great Value Ultra Strong Paper Towels, 12 Triple Rolls",Great Value,Home Page/Household Essentials/Paper & Plastic/Paper Towels/All Paper Towels,1115193_1073264_1149383,,22.56,,,4.7,13066.0,False,Not available,https://goto.walmart.com/c/|PUBID|/568844/9383?veh=aff&sourceid=imp_000011112222333344&u=http%3A%2F%2Faffil.walmart.com%2Fcart%2FaddToCart%3Fitems%3D15106373822,
2026-03-01,paper_towel,paper towels 12 rolls,Kirkland,98033,2101922242,030772061305,"Bounty Select-a-Size Paper Towels, 12 Double Rolls, White",Bounty,Home Page/Household Essentials/Paper & Plastic/Paper Towels/All Paper Towels,1115193_1073264_1149383,,34.99,38.6,9.35,4.7,27660.0,True,Available,https://goto.walmart.com/c/|PUBID|/568844/9383?veh=aff&sourceid=imp_000011112222333344&u=http%3A%2F%2Faffil.walmart.com%2Fcart%2FaddToCart%3Fitems%3D2101922242,
2026-03-01,paper_towel,paper towels 12 rolls,Kirkland,98033,14584700257,030772157053,"Bounty Paper Towels Select-A-Size White, 12 Double Rolls, 82 Sheets per Roll",Bounty,Home Page/Household Essentials/Paper & Plastic/Paper Towels/All Paper Towels,1115193_1073264_1149383,,36.93,62.88,41.27,4.6,14881.0,True,Available,https://goto.walmart.com/c/|PUBID|/568844/9383?veh=aff&sourceid=imp_000011112222333344&u=http%3A%2F%2Faffil.walmart.com%2Fcart%2FaddToCart%3Fitems%3D14584700257,
2026-03-01,paper_towel,paper towels 12 rolls,Kirkland,98033,12868367090,042000446747,"Brawny Tear-a-Square 3-Ply Paper Towels, 12 Double Rolls, 76 Sheets Per Roll",Brawny,Home Page/Household Essentials/Paper & Plastic/Paper Towels/All Paper Towels,1115193_1073264_1149383,,19.97,,,4.7,3677.0,True,Available,https://goto.walmart.com/c/|PUBID|/568844/9383?veh=aff&sourceid=imp_000011112222333344&u=http%3A%2F%2Faffil.walmart.com%2Fcart%2FaddToCart%3Fitems%3D12868367090,
2026-03-01,paper_towel,paper towels 12 rolls,Kirkland,98033,5152062063,054000554162,"Scott Choose-a-Sheet Paper Towels, 12 Double Rolls",Scott,Home Page/Household Essentials/Paper & Plastic/Paper Towels/All Paper Towels,1115193_1073264_1149383,,17.62,47.67,63.04,4.4,7160.0,True,Available,https://goto.walmart.com/c/|PUBID|/568844/9383?veh=aff&sourceid=imp_000011112222333344&u=http%3A%2F%2Faffil.walmart.com%2Fcart%2FaddToCart%3Fitems%3D5152062063,
2026-03-01,paper_towel,paper towels 12 rolls,Kirkland,98033,14600911831,030772160411,"Bounty Paper Towels Select-A-Size White, 12 Triple Rolls, 123 Sheets per Roll",Bounty,Home Page/Household Essentials/Paper & Plastic/Paper Towels/All Paper Towels,1115193_1073264_1149383,,33.18,,,4.5,10895.0,True,Available,https://goto.walmart.com/c/|PUBID|/568844/9383?veh=aff&sourceid=imp_000011112222333344&u=http%3A%2F%2Faffil.walmart.com%2Fcart%2FaddToCart%3Fitems%3D14600911831,
2026-03-01,paper_towel,paper towels 12 rolls,Kirkland,98033,5295279377,030400223532,"Sparkle Tear-a-Square Paper Towels, 8 Double Rolls",Sparkle Towels,Home Page/Household Essentials/Paper & Plastic/Paper Towels/All Paper Towels,1115193_1073264_1149383,,13.97,,,4.6,11117.0,True,Available,https://goto.walmart.com/c/|PUBID|/568844/9383?veh=aff&sourceid=imp_000011112222333344&u=http%3A%2F%2Faffil.walmart.com%2Fcart%2FaddToCart%3Fitems%3D5295279377,
2026-03-01,paper_towel,paper towels 12 rolls,Kirkland,98033,492040077,054000530678,"Scott Choose-a-Sheet Paper Towels, 12 Double Rolls",Scott,Home Page/Household Essentials/Paper & Plastic/Paper Towels/All Paper Towels,1115193_1073264_1149383,,27.49,10.98,-150.36,4.5,12734.0,True,Available,https://goto.walmart.com/c/|PUBID|/568844/9383?veh=aff&sourceid=imp_000011112222333344&u=http%3A%2F%2Faffil.walmart.com%2Fcart%2FaddToCart%3Fitems%3D492040077,
2026-03-01,paper_towel,paper towels 12 rolls,Kirkland,98033,341223401,030400222801,"Sparkle Pick-A-Size Paper Towels, 12 Double Rolls, White, Everyday Value Paper Towel",Sparkle Towels,Home Page/Household Essentials/Paper & Plastic/Paper Towels/All Paper Towels,1115193_1073264_1149383,,25.99,10.98,-136.7,4.6,26387.0,True,Available,https://goto.walmart.com/c/|PUBID|/568844/9383?veh=aff&sourceid=imp_000011112222333344&u=http%3A%2F%2Faffil.walmart.com%2Fcart%2FaddToCart%3Fitems%3D341223401,
2026-03-01,paper_towel,paper towels 12 rolls,Kirkland,98033,14694850765,036000565355,"Viva Signature Cloth Paper Towels, 12 Double Rolls, 86 Sheets per Roll",Viva,Home Page/Household Essentials/Paper & Plastic/Paper Towels/All Paper Towels,1115193_1073264_1149383,,21.67,30.83,29.71,4.5,3678.0,True,Available,https://goto.walmart.com/c/|PUBID|/568844/9383?veh=aff&sourceid=imp_000011112222333344&u=http%3A%2F%2Faffil.walmart.com%2Fcart%2FaddToCart%3Fitems%3D14694850765,
2026-03-01,paper_towel,paper towels 12 rolls,Kirkland,98033,15160761322,606430563186,"Sparkle Pick-A-Size Paper Towels, 6 Double Rolls = 12 Regular Rolls, Everyday Value Paper Towel With Full And Half Sheets",Sparkle,Home Page/Household Essentials/Paper & Plastic/Paper Towels/All Paper Towels,1115193_1073264_1149383,,18.1,,,5.0,13.0,True,Available,https://goto.walmart.com/c/|PUBID|/568844/9383?veh=aff&sourceid=imp_000011112222333344&u=http%3A%2F%2Faffil.walmart.com%2Fcart%2FaddToCart%3Fitems%3D15160761322,
2026-03-01,paper_towel,paper towels 12 rolls,Kirkland,98033,5245428013,030772118337,"Bounty Paper Towels Select-A-Size, 12 Triple Rolls",Bounty,Home Page/Household Essentials/Paper & Plastic/Paper Towels/All Paper Towels,1115193_1073264_1149383,,46.48,62.0,25.03,4.6,9518.0,True,Available,https://goto.walmart.com/c/|PUBID|/568844/9383?veh=aff&sourceid=imp_000011112222333344&u=http%3A%2F%2Faffil.walmart.com%2Fcart%2FaddToCart%3Fitems%3D5245428013,
2026-03-01,paper_towel,paper towels 12 rolls,Kirkland,98033,659509750,037000746522,"Bounty Essentials Select-a-Size Paper Towels, White, 12 Double Rolls",Bounty,Home Page/Household Essentials/Paper & Plastic/Paper Towels/Bounty Paper Towels,1115193_1073264_1149383,,36.0,58.99,38.97,4.4,1386.0,True,Available,https://goto.walmart.com/c/|PUBID|/568844/9383?veh=aff&sourceid=imp_000011112222333344&u=http%3A%2F%2Faffil.walmart.com%2Fcart%2FaddToCart%3Fitems%3D659509750,
2026-03-01,paper_towel,paper towels 12 rolls,Kirkland,98033,19600251067,830548437750,"Viva Signature Cloth Paper Towels, 12 Double Rolls, 86 Sheets per Roll",Viva,Home Page/Household Essentials/Paper & Plastic/Paper Towels/All Paper Towels,1115193_1073264_1149383,,148.98,,,4.5,3677.0,True,Available,https://goto.walmart.com/c/|PUBID|/568844/9383?veh=aff&sourceid=imp_000011112222333344&u=http%3A%2F%2Faffil.walmart.com%2Fcart%2FaddToCart%3Fitems%3D19600251067,
2026-03-01,paper_towel,paper towels 12 rolls,Kirkland,98033,1642102365,036000548785,"Viva Signature Cloth Paper Towels, 12 Double Rolls",Viva,Home Page/Household Essentials/Paper & Plastic/Paper Towels/All Paper Towels,1115193_1073264_1149383,,32.48,32.48,0.0,4.5,4604.0,True,Available,https://goto.walmart.com/c/|PUBID|/568844/9383?veh=aff&sourceid=imp_000011112222333344&u=http%3A%2F%2Faffil.walmart.com%2Fcart%2FaddToCart%3Fitems%3D1642102365,
2026-03-01,paper_towel,paper towels 12 rolls,Kirkland,98033,2450395625,100376044360,"Bounty Select-A-Size Paper Towels, White, 12 Double Rolls, 12 Count",Bounty,Home Page/Household Essentials/Paper & Plastic/Paper Towels/Bounty Paper Towels,1115193_1073264_1149383,,34.0,36.4,6.59,4.6,78.0,True,Available,https://goto.walmart.com/c/|PUBID|/568844/9383?veh=aff&sourceid=imp_000011112222333344&u=http%3A%2F%2Faffil.walmart.com%2Fcart%2FaddToCart%3Fitems%3D2450395625,
2026-03-01,paper_towel,paper towels 12 rolls,Kirkland,98033,5316226188,042000444743,"Brawny Tear-a-Square Paper Towels, 12 Double Rolls",Brawny,Home Page/Household Essentials/Paper & Plastic/Paper Towels/All Paper Towels,1115193_1073264_1149383,,28.99,30.98,6.42,4.8,241.0,True,Available,https://goto.walmart.com/c/|PUBID|/568844/9383?veh=aff&sourceid=imp_000011112222333344&u=http%3A%2F%2Faffil.walmart.com%2Fcart%2FaddToCart%3Fitems%3D5316226188,
2026-03-01,paper_towel,paper towels 12 rolls,Kirkland,98033,41136307,054867000567,"Morcon Tissue Morsoft Universal Roll Towels, 8"" x 350 ft, Brown, 12 Rolls/Carton -MORR12350",Morcon,Home Page/Industrial & Scientific/Janitorial & Sanitation Supplies/Janitorial Disposables/Commercial Paper Towels,6197502_5702707_7272148,,36.7,44.08,16.74,4.6,40.0,True,Available,https://goto.walmart.com/c/|PUBID|/568844/9383?veh=aff&sourceid=imp_000011112222333344&u=http%3A%2F%2Faffil.walmart.com%2Fcart%2FaddToCart%3Fitems%3D41136307,
2026-03-01,paper_towel,paper towels 12 rolls,Kirkland,98033,17720201802,,"Ultra Strong Paper Towels, 12 Double Rolls",Forge,Home Page/Household Essentials/Paper & Plastic/Paper Towels/All Paper Towels,1115193_1073264_1149383,,52.99,,,,,True,Available,https://goto.walmart.com/c/|PUBID|/568844/9383?veh=aff&sourceid=imp_000011112222333344&u=http%3A%2F%2Faffil.walmart.com%2Fcart%2FaddToCart%3Fitems%3D17720201802,
2026-03-01,paper_towel,paper towels 12 rolls,Kirkland,98033,14659322454,036000565362,"Viva Signature Cloth Paper Towels, 12 Triple Rolls, 129 Sheets per Roll",Viva,Home Page/Household Essentials/Paper & Plastic/Paper Towels/All Paper Towels,1115193_1073264_1149383,,28.98,,,4.6,4171.0,True,Available,https://goto.walmart.com/c/|PUBID|/568844/9383?veh=aff&sourceid=imp_000011112222333344&u=http%3A%2F%2Faffil.walmart.com%2Fcart%2FaddToCart%3Fitems%3D14659322454,
2026-03-01,paper_towel,paper towels 12 rolls,Kirkland,98033,11471560819,732623794362,Seventh Generation White Paper Towels 2 Roll Pack 1 Ea (Pack Of 12),Seventh Generation,Home Page/Household Essentials/Household Essentials by Brand/Seventh Generation/All Seventh Generation,1115193_8250903_1416618,,130.99,,,,,True,Available,https://goto.walmart.com/c/|PUBID|/568844/9383?veh=aff&sourceid=imp_000011112222333344&u=http%3A%2F%2Faffil.walmart.com%2Fcart%2FaddToCart%3Fitems%3D11471560819,
2026-03-01,paper_towel,paper towels 12 rolls,Kirkland,98033,836647663,078742210681,"Great Value Ultra Strong Paper Towels, Split Sheet, 12 Double Rolls",Great Value,Home Page/Household Essentials/Paper & Plastic/Paper Towels/All Paper Towels,1115193_1073264_1149383,,17.31,26.9,35.65,4.5,232.0,False,Not available,https://goto.walmart.com/c/|PUBID|/568844/9383?veh=aff&sourceid=imp_000011112222333344&u=http%3A%2F%2Faffil.walmart.com%2Fcart%2FaddToCart%3Fitems%3D836647663,
2026-03-01,paper_towel,paper towels 12 rolls,Kirkland,98033,186015888,078742210858,"Great Value Ultra Strong Paper Towels, Split Sheets, 12 Double Rolls",Great Value,Home Page/Household Essentials/Paper & Plastic/Paper Towels/All Paper Towels,1115193_1073264_1149383,,17.14,,,4.7,7910.0,False,Not available,https://goto.walmart.com/c/|PUBID|/568844/9383?veh=aff&sourceid=imp_000011112222333344&u=http%3A%2F%2Faffil.walmart.com%2Fcart%2FaddToCart%3Fitems%3D186015888,
2026-03-01,paper_towel,paper towels 12 rolls,Kirkland,98033,17254770094,,"Hardwound Paper Towels, 1-Ply White Roll Towels - 8"" x 600ft, 2"" Core, 12 Rolls - Washroom Hand Drying, Durable Paper Towels for Restrooms & Facilities",lshhh,Home Page/Household Essentials/Paper & Plastic/Paper Towels/All Paper Towels,1115193_1073264_1149383,,76.35,,,,,True,Available,https://goto.walmart.com/c/|PUBID|/568844/9383?veh=aff&sourceid=imp_000011112222333344&u=http%3A%2F%2Faffil.walmart.com%2Fcart%2FaddToCart%3Fitems%3D17254770094,
2026-03-01,paper_towel,paper towels 12 rolls,Kirkland,98033,19555962314,,"Bounty Paper Towels Select-A-Size White, 12 Double Rolls, 82 Sheets Per Roll",Bounty,Home Page/Household Essentials/Paper & Plastic/Paper Towels/All Paper Towels,1115193_1073264_1149383,,47.99,,,,,True,Available,https://goto.walmart.com/c/|PUBID|/568844/9383?veh=aff&sourceid=imp_000011112222333344&u=http%3A%2F%2Faffil.walmart.com%2Fcart%2FaddToCart%3Fitems%3D19555962314,
2026-03-01,paper_towel,paper towels 12 rolls,Kirkland,98033,540360271,030400220944,"Sparkle Paper Towels, Pick-A-Size, Spirited Prints, 6 Double Rolls (= 12 Regular Rolls)",Sparkle Towels,Home Page/Household Essentials/Paper & Plastic/Paper Towels/All Paper Towels,1115193_1073264_1149383,,12.2,5.98,-104.01,4.7,15629.0,True,Available,https://goto.walmart.com/c/|PUBID|/568844/9383?veh=aff&sourceid=imp_000011112222333344&u=http%3A%2F%2Faffil.walmart.com%2Fcart%2FaddToCart%3Fitems%3D540360271,
2026-03-01,paper_towel,paper towels 12 rolls,Kirkland,98033,15148316096,,"Scott Paper Towels, Choose-A-Sheet, MMF7 6 Double Rolls = 12 Regular Rolls (100 Sheets Per Roll)",Scott,Home Page/Household Essentials/Paper & Plastic/Paper Towels/All Paper Towels,1115193_1073264_1149383,,10.95,,,5.0,1.0,True,Available,https://goto.walmart.com/c/|PUBID|/568844/9383?veh=aff&sourceid=imp_000011112222333344&u=http%3A%2F%2Faffil.walmart.com%2Fcart%2FaddToCart%3Fitems%3D15148316096,
2026-03-01,paper_towel,paper towels 12 rolls,Kirkland,98033,5175530512,100149973347,"Sparkle Pick-A-Size Paper Towels, 6 Double Rolls = 12 Regular Rolls",Sparkle Towels,Home Page/Household Essentials/Paper & Plastic/Paper Towels/All Paper Towels,1115193_1073264_1149383,,11.51,11.51,0.0,5.0,3.0,True,Available,https://goto.walmart.com/c/|PUBID|/568844/9383?veh=aff&sourceid=imp_000011112222333344&u=http%3A%2F%2Faffil.walmart.com%2Fcart%2FaddToCart%3Fitems%3D5175530512,
2026-03-01,paper_towel,paper towels 12 rolls,Covington WA,98042,15106305176,194346458820,"Great Value Everyday Strong Paper Towels, 12 Double Rolls",Great Value,Home Page/Household Essentials/Paper & Plastic/Paper Towels/All Paper Towels,1115193_1073264_1149383,,10.84,,,4.6,786.0,False,Not available,https://goto.walmart.com/c/|PUBID|/568844/9383?veh=aff&sourceid=imp_000011112222333344&u=http%3A%2F%2Faffil.walmart.com%2Fcart%2FaddToCart%3Fitems%3D15106305176,
2026-03-01,paper_towel,paper towels 12 rolls,Covington WA,98042,8888501886,054000566738,"Scott Paper Towels, Choose-A-Sheet, 12 Double Rolls",Scott,Home Page/Household Essentials/Paper & Plastic/Paper Towels/All Paper Towels,1115193_1073264_1149383,,11.98,16.0,25.12,4.5,15441.0,True,Available,https://goto.walmart.com/c/|PUBID|/568844/9383?veh=aff&sourceid=imp_000011112222333344&u=http%3A%2F%2Faffil.walmart.com%2Fcart%2FaddToCart%3Fitems%3D8888501886,
2026-03-01,paper_towel,paper towels 12 rolls,Covington WA,98042,15106373822,194346393299,"Great Value Ultra Strong Paper Towels, 12 Triple Rolls",Great Value,Home Page/Household Essentials/Paper & Plastic/Paper Towels/All Paper Towels,1115193_1073264_1149383,,22.56,,,4.7,13066.0,False,Not available,https://goto.walmart.com/c/|PUBID|/568844/9383?veh=aff&sourceid=imp_000011112222333344&u=http%3A%2F%2Faffil.walmart.com%2Fcart%2FaddToCart%3Fitems%3D15106373822,
2026-03-01,paper_towel,paper towels 12 rolls,Covington WA,98042,2101922242,030772061305,"Bounty Select-a-Size Paper Towels, 12 Double Rolls, White",Bounty,Home Page/Household Essentials/Paper & Plastic/Paper Towels/All Paper Towels,1115193_1073264_1149383,,34.99,38.6,9.35,4.7,27660.0,True,Available,https://goto.walmart.com/c/|PUBID|/568844/9383?veh=aff&sourceid=imp_000011112222333344&u=http%3A%2F%2Faffil.walmart.com%2Fcart%2FaddToCart%3Fitems%3D2101922242,
2026-03-01,paper_towel,paper towels 12 rolls,Covington WA,98042,14584700257,030772157053,"Bounty Paper Towels Select-A-Size White, 12 Double Rolls, 82 Sheets per Roll",Bounty,Home Page/Household Essentials/Paper & Plastic/Paper Towels/All Paper Towels,1115193_1073264_1149383,,36.93,62.88,41.27,4.6,14881.0,True,Available,https://goto.walmart.com/c/|PUBID|/568844/9383?veh=aff&sourceid=imp_000011112222333344&u=http%3A%2F%2Faffil.walmart.com%2Fcart%2FaddToCart%3Fitems%3D14584700257,
2026-03-01,paper_towel,paper towels 12 rolls,Covington WA,98042,12868367090,042000446747,"Brawny Tear-a-Square 3-Ply Paper Towels, 12 Double Rolls, 76 Sheets Per Roll",Brawny,Home Page/Household Essentials/Paper & Plastic/Paper Towels/All Paper Towels,1115193_1073264_1149383,,19.97,,,4.7,3677.0,True,Available,https://goto.walmart.com/c/|PUBID|/568844/9383?veh=aff&sourceid=imp_000011112222333344&u=http%3A%2F%2Faffil.walmart.com%2Fcart%2FaddToCart%3Fitems%3D12868367090,
2026-03-01,paper_towel,paper towels 12 rolls,Covington WA,98042,5152062063,054000554162,"Scott Choose-a-Sheet Paper Towels, 12 Double Rolls",Scott,Home Page/Household Essentials/Paper & Plastic/Paper Towels/All Paper Towels,1115193_1073264_1149383,,17.62,47.67,63.04,4.4,7160.0,True,Available,https://goto.walmart.com/c/|PUBID|/568844/9383?veh=aff&sourceid=imp_000011112222333344&u=http%3A%2F%2Faffil.walmart.com%2Fcart%2FaddToCart%3Fitems%3D5152062063,
2026-03-01,paper_towel,paper towels 12 rolls,Covington WA,98042,14600911831,030772160411,"Bounty Paper Towels Select-A-Size White, 12 Triple Rolls, 123 Sheets per Roll",Bounty,Home Page/Household Essentials/Paper & Plastic/Paper Towels/All Paper Towels,1115193_1073264_1149383,,33.18,,,4.5,10895.0,True,Available,https://goto.walmart.com/c/|PUBID|/568844/9383?veh=aff&sourceid=imp_000011112222333344&u=http%3A%2F%2Faffil.walmart.com%2Fcart%2FaddToCart%3Fitems%3D14600911831,
2026-03-01,paper_towel,paper towels 12 rolls,Covington WA,98042,5295279377,030400223532,"Sparkle Tear-a-Square Paper Towels, 8 Double Rolls",Sparkle Towels,Home Page/Household Essentials/Paper & Plastic/Paper Towels/All Paper Towels,1115193_1073264_1149383,,13.97,,,4.6,11117.0,True,Available,https://goto.walmart.com/c/|PUBID|/568844/9383?veh=aff&sourceid=imp_000011112222333344&u=http%3A%2F%2Faffil.walmart.com%2Fcart%2FaddToCart%3Fitems%3D5295279377,
2026-03-01,paper_towel,paper towels 12 rolls,Covington WA,98042,492040077,054000530678,"Scott Choose-a-Sheet Paper Towels, 12 Double Rolls",Scott,Home Page/Household Essentials/Paper & Plastic/Paper Towels/All Paper Towels,1115193_1073264_1149383,,27.49,10.98,-150.36,4.5,12734.0,True,Available,https://goto.walmart.com/c/|PUBID|/568844/9383?veh=aff&sourceid=imp_000011112222333344&u=http%3A%2F%2Faffil.walmart.com%2Fcart%2FaddToCart%3Fitems%3D492040077,
2026-03-01,paper_towel,paper towels 12 rolls,Covington WA,98042,341223401,030400222801,"Sparkle Pick-A-Size Paper Towels, 12 Double Rolls, White, Everyday Value Paper Towel",Sparkle Towels,Home Page/Household Essentials/Paper & Plastic/Paper Towels/All Paper Towels,1115193_1073264_1149383,,25.99,10.98,-136.7,4.6,26387.0,True,Available,https://goto.walmart.com/c/|PUBID|/568844/9383?veh=aff&sourceid=imp_000011112222333344&u=http%3A%2F%2Faffil.walmart.com%2Fcart%2FaddToCart%3Fitems%3D341223401,
2026-03-01,paper_towel,paper towels 12 rolls,Covington WA,98042,14694850765,036000565355,"Viva Signature Cloth Paper Towels, 12 Double Rolls, 86 Sheets per Roll",Viva,Home Page/Household Essentials/Paper & Plastic/Paper Towels/All Paper Towels,1115193_1073264_1149383,,21.67,30.83,29.71,4.5,3678.0,True,Available,https://goto.walmart.com/c/|PUBID|/568844/9383?veh=aff&sourceid=imp_000011112222333344&u=http%3A%2F%2Faffil.walmart.com%2Fcart%2FaddToCart%3Fitems%3D14694850765,
2026-03-01,paper_towel,paper towels 12 rolls,Covington WA,98042,15160761322,606430563186,"Sparkle Pick-A-Size Paper Towels, 6 Double Rolls = 12 Regular Rolls, Everyday Value Paper Towel With Full And Half Sheets",Sparkle,Home Page/Household Essentials/Paper & Plastic/Paper Towels/All Paper Towels,1115193_1073264_1149383,,18.1,,,5.0,13.0,True,Available,https://goto.walmart.com/c/|PUBID|/568844/9383?veh=aff&sourceid=imp_000011112222333344&u=http%3A%2F%2Faffil.walmart.com%2Fcart%2FaddToCart%3Fitems%3D15160761322,
2026-03-01,paper_towel,paper towels 12 rolls,Covington WA,98042,5245428013,030772118337,"Bounty Paper Towels Select-A-Size, 12 Triple Rolls",Bounty,Home Page/Household Essentials/Paper & Plastic/Paper Towels/All Paper Towels,1115193_1073264_1149383,,46.48,62.0,25.03,4.6,9518.0,True,Available,https://goto.walmart.com/c/|PUBID|/568844/9383?veh=aff&sourceid=imp_000011112222333344&u=http%3A%2F%2Faffil.walmart.com%2Fcart%2FaddToCart%3Fitems%3D5245428013,
2026-03-01,paper_towel,paper towels 12 rolls,Covington WA,98042,659509750,037000746522,"Bounty Essentials Select-a-Size Paper Towels, White, 12 Double Rolls",Bounty,Home Page/Household Essentials/Paper & Plastic/Paper Towels/Bounty Paper Towels,1115193_1073264_1149383,,36.0,58.99,38.97,4.4,1386.0,True,Available,https://goto.walmart.com/c/|PUBID|/568844/9383?veh=aff&sourceid=imp_000011112222333344&u=http%3A%2F%2Faffil.walmart.com%2Fcart%2FaddToCart%3Fitems%3D659509750,
2026-03-01,paper_towel,paper towels 12 rolls,Covington WA,98042,19600251067,830548437750,"Viva Signature Cloth Paper Towels, 12 Double Rolls, 86 Sheets per Roll",Viva,Home Page/Household Essentials/Paper & Plastic/Paper Towels/All Paper Towels,1115193_1073264_1149383,,148.98,,,4.5,3677.0,True,Available,https://goto.walmart.com/c/|PUBID|/568844/9383?veh=aff&sourceid=imp_000011112222333344&u=http%3A%2F%2Faffil.walmart.com%2Fcart%2FaddToCart%3Fitems%3D19600251067,
2026-03-01,paper_towel,paper towels 12 rolls,Covington WA,98042,1642102365,036000548785,"Viva Signature Cloth Paper Towels, 12 Double Rolls",Viva,Home Page/Household Essentials/Paper & Plastic/Paper Towels/All Paper Towels,1115193_1073264_1149383,,35.5,32.48,-9.3,4.5,4604.0,True,Available,https://goto.walmart.com/c/|PUBID|/568844/9383?veh=aff&sourceid=imp_000011112222333344&u=http%3A%2F%2Faffil.walmart.com%2Fcart%2FaddToCart%3Fitems%3D1642102365,
2026-03-01,paper_towel,paper towels 12 rolls,Covington WA,98042,2450395625,100376044360,"Bounty Select-A-Size Paper Towels, White, 12 Double Rolls, 12 Count",Bounty,Home Page/Household Essentials/Paper & Plastic/Paper Towels/Bounty Paper Towels,1115193_1073264_1149383,,34.0,36.4,6.59,4.6,78.0,True,Available,https://goto.walmart.com/c/|PUBID|/568844/9383?veh=aff&sourceid=imp_000011112222333344&u=http%3A%2F%2Faffil.walmart.com%2Fcart%2FaddToCart%3Fitems%3D2450395625,
2026-03-01,paper_towel,paper towels 12 rolls,Covington WA,98042,5316226188,042000444743,"Brawny Tear-a-Square Paper Towels, 12 Double Rolls",Brawny,Home Page/Household Essentials/Paper & Plastic/Paper Towels/All Paper Towels,1115193_1073264_1149383,,28.99,30.98,6.42,4.8,241.0,True,Available,https://goto.walmart.com/c/|PUBID|/568844/9383?veh=aff&sourceid=imp_000011112222333344&u=http%3A%2F%2Faffil.walmart.com%2Fcart%2FaddToCart%3Fitems%3D5316226188,
2026-03-01,paper_towel,paper towels 12 rolls,Covington WA,98042,41136307,054867000567,"Morcon Tissue Morsoft Universal Roll Towels, 8"" x 350 ft, Brown, 12 Rolls/Carton -MORR12350",Morcon,Home Page/Industrial & Scientific/Janitorial & Sanitation Supplies/Janitorial Disposables/Commercial Paper Towels,6197502_5702707_7272148,,36.7,44.08,16.74,4.6,40.0,True,Available,https://goto.walmart.com/c/|PUBID|/568844/9383?veh=aff&sourceid=imp_000011112222333344&u=http%3A%2F%2Faffil.walmart.com%2Fcart%2FaddToCart%3Fitems%3D41136307,
2026-03-01,paper_towel,paper towels 12 rolls,Covington WA,98042,17720201802,,"Ultra Strong Paper Towels, 12 Double Rolls",Forge,Home Page/Household Essentials/Paper & Plastic/Paper Towels/All Paper Towels,1115193_1073264_1149383,,52.99,,,,,True,Available,https://goto.walmart.com/c/|PUBID|/568844/9383?veh=aff&sourceid=imp_000011112222333344&u=http%3A%2F%2Faffil.walmart.com%2Fcart%2FaddToCart%3Fitems%3D17720201802,
2026-03-01,paper_towel,paper towels 12 rolls,Covington WA,98042,14659322454,036000565362,"Viva Signature Cloth Paper Towels, 12 Triple Rolls, 129 Sheets per Roll",Viva,Home Page/Household Essentials/Paper & Plastic/Paper Towels/All Paper Towels,1115193_1073264_1149383,,28.98,,,4.6,4171.0,True,Available,https://goto.walmart.com/c/|PUBID|/568844/9383?veh=aff&sourceid=imp_000011112222333344&u=http%3A%2F%2Faffil.walmart.com%2Fcart%2FaddToCart%3Fitems%3D14659322454,
2026-03-01,paper_towel,paper towels 12 rolls,Covington WA,98042,11471560819,732623794362,Seventh Generation White Paper Towels 2 Roll Pack 1 Ea (Pack Of 12),Seventh Generation,Home Page/Household Essentials/Household Essentials by Brand/Seventh Generation/All Seventh Generation,1115193_8250903_1416618,,130.99,,,,,True,Available,https://goto.walmart.com/c/|PUBID|/568844/9383?veh=aff&sourceid=imp_000011112222333344&u=http%3A%2F%2Faffil.walmart.com%2Fcart%2FaddToCart%3Fitems%3D11471560819,
2026-03-01,paper_towel,paper towels 12 rolls,Covington WA,98042,836647663,078742210681,"Great Value Ultra Strong Paper Towels, Split Sheet, 12 Double Rolls",Great Value,Home Page/Household Essentials/Paper & Plastic/Paper Towels/All Paper Towels,1115193_1073264_1149383,,17.31,26.9,35.65,4.5,232.0,False,Not available,https://goto.walmart.com/c/|PUBID|/568844/9383?veh=aff&sourceid=imp_000011112222333344&u=http%3A%2F%2Faffil.walmart.com%2Fcart%2FaddToCart%3Fitems%3D836647663,
2026-03-01,paper_towel,paper towels 12 rolls,Covington WA,98042,186015888,078742210858,"Great Value Ultra Strong Paper Towels, Split Sheets, 12 Double Rolls",Great Value,Home Page/Household Essentials/Paper & Plastic/Paper Towels/All Paper Towels,1115193_1073264_1149383,,17.14,,,4.7,7910.0,False,Not available,https://goto.walmart.com/c/|PUBID|/568844/9383?veh=aff&sourceid=imp_000011112222333344&u=http%3A%2F%2Faffil.walmart.com%2Fcart%2FaddToCart%3Fitems%3D186015888,
2026-03-01,paper_towel,paper towels 12 rolls,Covington WA,98042,17254770094,,"Hardwound Paper Towels, 1-Ply White Roll Towels - 8"" x 600ft, 2"" Core, 12 Rolls - Washroom Hand Drying, Durable Paper Towels for Restrooms & Facilities",lshhh,Home Page/Household Essentials/Paper & Plastic/Paper Towels/All Paper Towels,1115193_1073264_1149383,,76.35,,,,,True,Available,https://goto.walmart.com/c/|PUBID|/568844/9383?veh=aff&sourceid=imp_000011112222333344&u=http%3A%2F%2Faffil.walmart.com%2Fcart%2FaddToCart%3Fitems%3D17254770094,
2026-03-01,paper_towel,paper towels 12 rolls,Covington WA,98042,19555962314,,"Bounty Paper Towels Select-A-Size White, 12 Double Rolls, 82 Sheets Per Roll",Bounty,Home Page/Household Essentials/Paper & Plastic/Paper Towels/All Paper Towels,1115193_1073264_1149383,,47.99,,,,,True,Available,https://goto.walmart.com/c/|PUBID|/568844/9383?veh=aff&sourceid=imp_000011112222333344&u=http%3A%2F%2Faffil.walmart.com%2Fcart%2FaddToCart%3Fitems%3D19555962314,
2026-03-01,paper_towel,paper towels 12 rolls,Covington WA,98042,540360271,030400220944,"Sparkle Paper Towels, Pick-A-Size, Spirited Prints, 6 Double Rolls (= 12 Regular Rolls)",Sparkle Towels,Home Page/Household Essentials/Paper & Plastic/Paper Towels/All Paper Towels,1115193_1073264_1149383,,12.2,5.98,-104.01,4.7,15629.0,True,Available,https://goto.walmart.com/c/|PUBID|/568844/9383?veh=aff&sourceid=imp_000011112222333344&u=http%3A%2F%2Faffil.walmart.com%2Fcart%2FaddToCart%3Fitems%3D540360271,
2026-03-01,paper_towel,paper towels 12 rolls,Covington WA,98042,15148316096,,"Scott Paper Towels, Choose-A-Sheet, MMF7 6 Double Rolls = 12 Regular Rolls (100 Sheets Per Roll)",Scott,Home Page/Household Essentials/Paper & Plastic/Paper Towels/All Paper Towels,1115193_1073264_1149383,,10.95,,,5.0,1.0,True,Available,https://goto.walmart.com/c/|PUBID|/568844/9383?veh=aff&sourceid=imp_000011112222333344&u=http%3A%2F%2Faffil.walmart.com%2Fcart%2FaddToCart%3Fitems%3D15148316096,
2026-03-01,paper_towel,paper towels 12 rolls,Covington WA,98042,5175530512,100149973347,"Sparkle Pick-A-Size Paper Towels, 6 Double Rolls = 12 Regular Rolls",Sparkle Towels,Home Page/Household Essentials/Paper & Plastic/Paper Towels/All Paper Towels,1115193_1073264_1149383,,11.51,11.51,0.0,5.0,3.0,True,Available,https://goto.walmart.com/c/|PUBID|/568844/9383?veh=aff&sourceid=imp_000011112222333344&u=http%3A%2F%2Faffil.walmart.com%2Fcart%2FaddToCart%3Fitems%3D5175530512,
2026-03-01,paper_towel,paper towels 12 rolls,Lynnwood,98036,15106305176,194346458820,"Great Value Everyday Strong Paper Towels, 12 Double Rolls",Great Value,Home Page/Household Essentials/Paper & Plastic/Paper Towels/All Paper Towels,1115193_1073264_1149383,,10.84,,,4.6,786.0,False,Not available,https://goto.walmart.com/c/|PUBID|/568844/9383?veh=aff&sourceid=imp_000011112222333344&u=http%3A%2F%2Faffil.walmart.com%2Fcart%2FaddToCart%3Fitems%3D15106305176,
2026-03-01,paper_towel,paper towels 12 rolls,Lynnwood,98036,8888501886,054000566738,"Scott Paper Towels, Choose-A-Sheet, 12 Double Rolls",Scott,Home Page/Household Essentials/Paper & Plastic/Paper Towels/All Paper Towels,1115193_1073264_1149383,,11.98,16.0,25.12,4.5,15441.0,True,Available,https://goto.walmart.com/c/|PUBID|/568844/9383?veh=aff&sourceid=imp_000011112222333344&u=http%3A%2F%2Faffil.walmart.com%2Fcart%2FaddToCart%3Fitems%3D8888501886,
2026-03-01,paper_towel,paper towels 12 rolls,Lynnwood,98036,15106373822,194346393299,"Great Value Ultra Strong Paper Towels, 12 Triple Rolls",Great Value,Home Page/Household Essentials/Paper & Plastic/Paper Towels/All Paper Towels,1115193_1073264_1149383,,22.56,,,4.7,13066.0,False,Not available,https://goto.walmart.com/c/|PUBID|/568844/9383?veh=aff&sourceid=imp_000011112222333344&u=http%3A%2F%2Faffil.walmart.com%2Fcart%2FaddToCart%3Fitems%3D15106373822,
2026-03-01,paper_towel,paper towels 12 rolls,Lynnwood,98036,2101922242,030772061305,"Bounty Select-a-Size Paper Towels, 12 Double Rolls, White",Bounty,Home Page/Household Essentials/Paper & Plastic/Paper Towels/All Paper Towels,1115193_1073264_1149383,,34.99,38.6,9.35,4.7,27660.0,True,Available,https://goto.walmart.com/c/|PUBID|/568844/9383?veh=aff&sourceid=imp_000011112222333344&u=http%3A%2F%2Faffil.walmart.com%2Fcart%2FaddToCart%3Fitems%3D2101922242,
2026-03-01,paper_towel,paper towels 12 rolls,Lynnwood,98036,14584700257,030772157053,"Bounty Paper Towels Select-A-Size White, 12 Double Rolls, 82 Sheets per Roll",Bounty,Home Page/Household Essentials/Paper & Plastic/Paper Towels/All Paper Towels,1115193_1073264_1149383,,36.93,62.88,41.27,4.6,14881.0,True,Available,https://goto.walmart.com/c/|PUBID|/568844/9383?veh=aff&sourceid=imp_000011112222333344&u=http%3A%2F%2Faffil.walmart.com%2Fcart%2FaddToCart%3Fitems%3D14584700257,
2026-03-01,paper_towel,paper towels 12 rolls,Lynnwood,98036,12868367090,042000446747,"Brawny Tear-a-Square 3-Ply Paper Towels, 12 Double Rolls, 76 Sheets Per Roll",Brawny,Home Page/Household Essentials/Paper & Plastic/Paper Towels/All Paper Towels,1115193_1073264_1149383,,19.97,,,4.7,3677.0,True,Available,https://goto.walmart.com/c/|PUBID|/568844/9383?veh=aff&sourceid=imp_000011112222333344&u=http%3A%2F%2Faffil.walmart.com%2Fcart%2FaddToCart%3Fitems%3D12868367090,
2026-03-01,paper_towel,paper towels 12 rolls,Lynnwood,98036,5152062063,054000554162,"Scott Choose-a-Sheet Paper Towels, 12 Double Rolls",Scott,Home Page/Household Essentials/Paper & Plastic/Paper Towels/All Paper Towels,1115193_1073264_1149383,,17.62,47.67,63.04,4.4,7160.0,True,Available,https://goto.walmart.com/c/|PUBID|/568844/9383?veh=aff&sourceid=imp_000011112222333344&u=http%3A%2F%2Faffil.walmart.com%2Fcart%2FaddToCart%3Fitems%3D5152062063,
2026-03-01,paper_towel,paper towels 12 rolls,Lynnwood,98036,14600911831,030772160411,"Bounty Paper Towels Select-A-Size White, 12 Triple Rolls, 123 Sheets per Roll",Bounty,Home Page/Household Essentials/Paper & Plastic/Paper Towels/All Paper Towels,1115193_1073264_1149383,,33.18,,,4.5,10895.0,True,Available,https://goto.walmart.com/c/|PUBID|/568844/9383?veh=aff&sourceid=imp_000011112222333344&u=http%3A%2F%2Faffil.walmart.com%2Fcart%2FaddToCart%3Fitems%3D14600911831,
2026-03-01,paper_towel,paper towels 12 rolls,Lynnwood,98036,5295279377,030400223532,"Sparkle Tear-a-Square Paper Towels, 8 Double Rolls",Sparkle Towels,Home Page/Household Essentials/Paper & Plastic/Paper Towels/All Paper Towels,1115193_1073264_1149383,,13.97,,,4.6,11117.0,True,Available,https://goto.walmart.com/c/|PUBID|/568844/9383?veh=aff&sourceid=imp_000011112222333344&u=http%3A%2F%2Faffil.walmart.com%2Fcart%2FaddToCart%3Fitems%3D5295279377,
2026-03-01,paper_towel,paper towels 12 rolls,Lynnwood,98036,492040077,054000530678,"Scott Choose-a-Sheet Paper Towels, 12 Double Rolls",Scott,Home Page/Household Essentials/Paper & Plastic/Paper Towels/All Paper Towels,1115193_1073264_1149383,,27.49,10.98,-150.36,4.5,12734.0,True,Available,https://goto.walmart.com/c/|PUBID|/568844/9383?veh=aff&sourceid=imp_000011112222333344&u=http%3A%2F%2Faffil.walmart.com%2Fcart%2FaddToCart%3Fitems%3D492040077,
2026-03-01,paper_towel,paper towels 12 rolls,Lynnwood,98036,341223401,030400222801,"Sparkle Pick-A-Size Paper Towels, 12 Double Rolls, White, Everyday Value Paper Towel",Sparkle Towels,Home Page/Household Essentials/Paper & Plastic/Paper Towels/All Paper Towels,1115193_1073264_1149383,,25.99,10.98,-136.7,4.6,26387.0,True,Available,https://goto.walmart.com/c/|PUBID|/568844/9383?veh=aff&sourceid=imp_000011112222333344&u=http%3A%2F%2Faffil.walmart.com%2Fcart%2FaddToCart%3Fitems%3D341223401,
2026-03-01,paper_towel,paper towels 12 rolls,Lynnwood,98036,14694850765,036000565355,"Viva Signature Cloth Paper Towels, 12 Double Rolls, 86 Sheets per Roll",Viva,Home Page/Household Essentials/Paper & Plastic/Paper Towels/All Paper Towels,1115193_1073264_1149383,,21.67,30.83,29.71,4.5,3678.0,True,Available,https://goto.walmart.com/c/|PUBID|/568844/9383?veh=aff&sourceid=imp_000011112222333344&u=http%3A%2F%2Faffil.walmart.com%2Fcart%2FaddToCart%3Fitems%3D14694850765,
2026-03-01,paper_towel,paper towels 12 rolls,Lynnwood,98036,15160761322,606430563186,"Sparkle Pick-A-Size Paper Towels, 6 Double Rolls = 12 Regular Rolls, Everyday Value Paper Towel With Full And Half Sheets",Sparkle,Home Page/Household Essentials/Paper & Plastic/Paper Towels/All Paper Towels,1115193_1073264_1149383,,18.1,,,5.0,13.0,True,Available,https://goto.walmart.com/c/|PUBID|/568844/9383?veh=aff&sourceid=imp_000011112222333344&u=http%3A%2F%2Faffil.walmart.com%2Fcart%2FaddToCart%3Fitems%3D15160761322,
2026-03-01,paper_towel,paper towels 12 rolls,Lynnwood,98036,5245428013,030772118337,"Bounty Paper Towels Select-A-Size, 12 Triple Rolls",Bounty,Home Page/Household Essentials/Paper & Plastic/Paper Towels/All Paper Towels,1115193_1073264_1149383,,46.48,62.0,25.03,4.6,9518.0,True,Available,https://goto.walmart.com/c/|PUBID|/568844/9383?veh=aff&sourceid=imp_000011112222333344&u=http%3A%2F%2Faffil.walmart.com%2Fcart%2FaddToCart%3Fitems%3D5245428013,
2026-03-01,paper_towel,paper towels 12 rolls,Lynnwood,98036,659509750,037000746522,"Bounty Essentials Select-a-Size Paper Towels, White, 12 Double Rolls",Bounty,Home Page/Household Essentials/Paper & Plastic/Paper Towels/Bounty Paper Towels,1115193_1073264_1149383,,36.0,58.99,38.97,4.4,1386.0,True,Available,https://goto.walmart.com/c/|PUBID|/568844/9383?veh=aff&sourceid=imp_000011112222333344&u=http%3A%2F%2Faffil.walmart.com%2Fcart%2FaddToCart%3Fitems%3D659509750,
2026-03-01,paper_towel,paper towels 12 rolls,Lynnwood,98036,19600251067,830548437750,"Viva Signature Cloth Paper Towels, 12 Double Rolls, 86 Sheets per Roll",Viva,Home Page/Household Essentials/Paper & Plastic/Paper Towels/All Paper Towels,1115193_1073264_1149383,,148.98,,,4.5,3677.0,True,Available,https://goto.walmart.com/c/|PUBID|/568844/9383?veh=aff&sourceid=imp_000011112222333344&u=http%3A%2F%2Faffil.walmart.com%2Fcart%2FaddToCart%3Fitems%3D19600251067,
2026-03-01,paper_towel,paper towels 12 rolls,Lynnwood,98036,1642102365,036000548785,"Viva Signature Cloth Paper Towels, 12 Double Rolls",Viva,Home Page/Household Essentials/Paper & Plastic/Paper Towels/All Paper Towels,1115193_1073264_1149383,,32.48,32.48,0.0,4.5,4604.0,True,Available,https://goto.walmart.com/c/|PUBID|/568844/9383?veh=aff&sourceid=imp_000011112222333344&u=http%3A%2F%2Faffil.walmart.com%2Fcart%2FaddToCart%3Fitems%3D1642102365,
2026-03-01,paper_towel,paper towels 12 rolls,Lynnwood,98036,2450395625,100376044360,"Bounty Select-A-Size Paper Towels, White, 12 Double Rolls, 12 Count",Bounty,Home Page/Household Essentials/Paper & Plastic/Paper Towels/Bounty Paper Towels,1115193_1073264_1149383,,34.0,36.4,6.59,4.6,78.0,True,Available,https://goto.walmart.com/c/|PUBID|/568844/9383?veh=aff&sourceid=imp_000011112222333344&u=http%3A%2F%2Faffil.walmart.com%2Fcart%2FaddToCart%3Fitems%3D2450395625,
2026-03-01,paper_towel,paper towels 12 rolls,Lynnwood,98036,5316226188,042000444743,"Brawny Tear-a-Square Paper Towels, 12 Double Rolls",Brawny,Home Page/Household Essentials/Paper & Plastic/Paper Towels/All Paper Towels,1115193_1073264_1149383,,28.99,30.98,6.42,4.8,241.0,True,Available,https://goto.walmart.com/c/|PUBID|/568844/9383?veh=aff&sourceid=imp_000011112222333344&u=http%3A%2F%2Faffil.walmart.com%2Fcart%2FaddToCart%3Fitems%3D5316226188,
2026-03-01,paper_towel,paper towels 12 rolls,Lynnwood,98036,41136307,054867000567,"Morcon Tissue Morsoft Universal Roll Towels, 8"" x 350 ft, Brown, 12 Rolls/Carton -MORR12350",Morcon,Home Page/Industrial & Scientific/Janitorial & Sanitation Supplies/Janitorial Disposables/Commercial Paper Towels,6197502_5702707_7272148,,36.7,44.08,16.74,4.6,40.0,True,Available,https://goto.walmart.com/c/|PUBID|/568844/9383?veh=aff&sourceid=imp_000011112222333344&u=http%3A%2F%2Faffil.walmart.com%2Fcart%2FaddToCart%3Fitems%3D41136307,
2026-03-01,paper_towel,paper towels 12 rolls,Lynnwood,98036,17720201802,,"Ultra Strong Paper Towels, 12 Double Rolls",Forge,Home Page/Household Essentials/Paper & Plastic/Paper Towels/All Paper Towels,1115193_1073264_1149383,,52.99,,,,,True,Available,https://goto.walmart.com/c/|PUBID|/568844/9383?veh=aff&sourceid=imp_000011112222333344&u=http%3A%2F%2Faffil.walmart.com%2Fcart%2FaddToCart%3Fitems%3D17720201802,
2026-03-01,paper_towel,paper towels 12 rolls,Lynnwood,98036,14659322454,036000565362,"Viva Signature Cloth Paper Towels, 12 Triple Rolls, 129 Sheets per Roll",Viva,Home Page/Household Essentials/Paper & Plastic/Paper Towels/All Paper Towels,1115193_1073264_1149383,,28.98,,,4.6,4171.0,True,Available,https://goto.walmart.com/c/|PUBID|/568844/9383?veh=aff&sourceid=imp_000011112222333344&u=http%3A%2F%2Faffil.walmart.com%2Fcart%2FaddToCart%3Fitems%3D14659322454,
2026-03-01,paper_towel,paper towels 12 rolls,Lynnwood,98036,11471560819,732623794362,Seventh Generation White Paper Towels 2 Roll Pack 1 Ea (Pack Of 12),Seventh Generation,Home Page/Household Essentials/Household Essentials by Brand/Seventh Generation/All Seventh Generation,1115193_8250903_1416618,,130.99,,,,,True,Available,https://goto.walmart.com/c/|PUBID|/568844/9383?veh=aff&sourceid=imp_000011112222333344&u=http%3A%2F%2Faffil.walmart.com%2Fcart%2FaddToCart%3Fitems%3D11471560819,
2026-03-01,paper_towel,paper towels 12 rolls,Lynnwood,98036,836647663,078742210681,"Great Value Ultra Strong Paper Towels, Split Sheet, 12 Double Rolls",Great Value,Home Page/Household Essentials/Paper & Plastic/Paper Towels/All Paper Towels,1115193_1073264_1149383,,17.31,26.9,35.65,4.5,232.0,False,Not available,https://goto.walmart.com/c/|PUBID|/568844/9383?veh=aff&sourceid=imp_000011112222333344&u=http%3A%2F%2Faffil.walmart.com%2Fcart%2FaddToCart%3Fitems%3D836647663,
2026-03-01,paper_towel,paper towels 12 rolls,Lynnwood,98036,186015888,078742210858,"Great Value Ultra Strong Paper Towels, Split Sheets, 12 Double Rolls",Great Value,Home Page/Household Essentials/Paper & Plastic/Paper Towels/All Paper Towels,1115193_1073264_1149383,,17.14,,,4.7,7910.0,False,Not available,https://goto.walmart.com/c/|PUBID|/568844/9383?veh=aff&sourceid=imp_000011112222333344&u=http%3A%2F%2Faffil.walmart.com%2Fcart%2FaddToCart%3Fitems%3D186015888,
2026-03-01,paper_towel,paper towels 12 rolls,Lynnwood,98036,17254770094,,"Hardwound Paper Towels, 1-Ply White Roll Towels - 8"" x 600ft, 2"" Core, 12 Rolls - Washroom Hand Drying, Durable Paper Towels for Restrooms & Facilities",lshhh,Home Page/Household Essentials/Paper & Plastic/Paper Towels/All Paper Towels,1115193_1073264_1149383,,76.35,,,,,True,Available,https://goto.walmart.com/c/|PUBID|/568844/9383?veh=aff&sourceid=imp_000011112222333344&u=http%3A%2F%2Faffil.walmart.com%2Fcart%2FaddToCart%3Fitems%3D17254770094,
2026-03-01,paper_towel,paper towels 12 rolls,Lynnwood,98036,19555962314,,"Bounty Paper Towels Select-A-Size White, 12 Double Rolls, 82 Sheets Per Roll",Bounty,Home Page/Household Essentials/Paper & Plastic/Paper Towels/All Paper Towels,1115193_1073264_1149383,,47.99,,,,,True,Available,https://goto.walmart.com/c/|PUBID|/568844/9383?veh=aff&sourceid=imp_000011112222333344&u=http%3A%2F%2Faffil.walmart.com%2Fcart%2FaddToCart%3Fitems%3D19555962314,
2026-03-01,paper_towel,paper towels 12 rolls,Lynnwood,98036,540360271,030400220944,"Sparkle Paper Towels, Pick-A-Size, Spirited Prints, 6 Double Rolls (= 12 Regular Rolls)",Sparkle Towels,Home Page/Household Essentials/Paper & Plastic/Paper Towels/All Paper Towels,1115193_1073264_1149383,,12.2,5.98,-104.01,4.7,15629.0,True,Available,https://goto.walmart.com/c/|PUBID|/568844/9383?veh=aff&sourceid=imp_000011112222333344&u=http%3A%2F%2Faffil.walmart.com%2Fcart%2FaddToCart%3Fitems%3D540360271,
2026-03-01,paper_towel,paper towels 12 rolls,Lynnwood,98036,15148316096,,"Scott Paper Towels, Choose-A-Sheet, MMF7 6 Double Rolls = 12 Regular Rolls (100 Sheets Per Roll)",Scott,Home Page/Household Essentials/Paper & Plastic/Paper Towels/All Paper Towels,1115193_1073264_1149383,,10.95,,,5.0,1.0,True,Available,https://goto.walmart.com/c/|PUBID|/568844/9383?veh=aff&sourceid=imp_000011112222333344&u=http%3A%2F%2Faffil.walmart.com%2Fcart%2FaddToCart%3Fitems%3D15148316096,
2026-03-01,paper_towel,paper towels 12 rolls,Lynnwood,98036,5175530512,100149973347,"Sparkle Pick-A-Size Paper Towels, 6 Double Rolls = 12 Regular Rolls",Sparkle Towels,Home Page/Household Essentials/Paper & Plastic/Paper Towels/All Paper Towels,1115193_1073264_1149383,,11.51,11.51,0.0,5.0,3.0,True,Available,https://goto.walmart.com/c/|PUBID|/568844/9383?veh=aff&sourceid=imp_000011112222333344&u=http%3A%2F%2Faffil.walmart.com%2Fcart%2FaddToCart%3Fitems%3D5175530512,
2026-03-01,paper_towel,paper towels 12 rolls,LynnwoodBctr,98087,15106305176,194346458820,"Great Value Everyday Strong Paper Towels, 12 Double Rolls",Great Value,Home Page/Household Essentials/Paper & Plastic/Paper Towels/All Paper Towels,1115193_1073264_1149383,,10.84,,,4.6,786.0,False,Not available,https://goto.walmart.com/c/|PUBID|/568844/9383?veh=aff&sourceid=imp_000011112222333344&u=http%3A%2F%2Faffil.walmart.com%2Fcart%2FaddToCart%3Fitems%3D15106305176,
2026-03-01,paper_towel,paper towels 12 rolls,LynnwoodBctr,98087,8888501886,054000566738,"Scott Paper Towels, Choose-A-Sheet, 12 Double Rolls",Scott,Home Page/Household Essentials/Paper & Plastic/Paper Towels/All Paper Towels,1115193_1073264_1149383,,11.98,16.0,25.12,4.5,15441.0,True,Available,https://goto.walmart.com/c/|PUBID|/568844/9383?veh=aff&sourceid=imp_000011112222333344&u=http%3A%2F%2Faffil.walmart.com%2Fcart%2FaddToCart%3Fitems%3D8888501886,
2026-03-01,paper_towel,paper towels 12 rolls,LynnwoodBctr,98087,15106373822,194346393299,"Great Value Ultra Strong Paper Towels, 12 Triple Rolls",Great Value,Home Page/Household Essentials/Paper & Plastic/Paper Towels/All Paper Towels,1115193_1073264_1149383,,22.56,,,4.7,13066.0,False,Not available,https://goto.walmart.com/c/|PUBID|/568844/9383?veh=aff&sourceid=imp_000011112222333344&u=http%3A%2F%2Faffil.walmart.com%2Fcart%2FaddToCart%3Fitems%3D15106373822,
2026-03-01,paper_towel,paper towels 12 rolls,LynnwoodBctr,98087,2101922242,030772061305,"Bounty Select-a-Size Paper Towels, 12 Double Rolls, White",Bounty,Home Page/Household Essentials/Paper & Plastic/Paper Towels/All Paper Towels,1115193_1073264_1149383,,34.99,38.6,9.35,4.7,27660.0,True,Available,https://goto.walmart.com/c/|PUBID|/568844/9383?veh=aff&sourceid=imp_000011112222333344&u=http%3A%2F%2Faffil.walmart.com%2Fcart%2FaddToCart%3Fitems%3D2101922242,
2026-03-01,paper_towel,paper towels 12 rolls,LynnwoodBctr,98087,14584700257,030772157053,"Bounty Paper Towels Select-A-Size White, 12 Double Rolls, 82 Sheets per Roll",Bounty,Home Page/Household Essentials/Paper & Plastic/Paper Towels/All Paper Towels,1115193_1073264_1149383,,36.93,62.88,41.27,4.6,14881.0,True,Available,https://goto.walmart.com/c/|PUBID|/568844/9383?veh=aff&sourceid=imp_000011112222333344&u=http%3A%2F%2Faffil.walmart.com%2Fcart%2FaddToCart%3Fitems%3D14584700257,
2026-03-01,paper_towel,paper towels 12 rolls,LynnwoodBctr,98087,12868367090,042000446747,"Brawny Tear-a-Square 3-Ply Paper Towels, 12 Double Rolls, 76 Sheets Per Roll",Brawny,Home Page/Household Essentials/Paper & Plastic/Paper Towels/All Paper Towels,1115193_1073264_1149383,,19.97,,,4.7,3677.0,True,Available,https://goto.walmart.com/c/|PUBID|/568844/9383?veh=aff&sourceid=imp_000011112222333344&u=http%3A%2F%2Faffil.walmart.com%2Fcart%2FaddToCart%3Fitems%3D12868367090,
2026-03-01,paper_towel,paper towels 12 rolls,LynnwoodBctr,98087,5152062063,054000554162,"Scott Choose-a-Sheet Paper Towels, 12 Double Rolls",Scott,Home Page/Household Essentials/Paper & Plastic/Paper Towels/All Paper Towels,1115193_1073264_1149383,,17.62,47.67,63.04,4.4,7160.0,True,Available,https://goto.walmart.com/c/|PUBID|/568844/9383?veh=aff&sourceid=imp_000011112222333344&u=http%3A%2F%2Faffil.walmart.com%2Fcart%2FaddToCart%3Fitems%3D5152062063,
2026-03-01,paper_towel,paper towels 12 rolls,LynnwoodBctr,98087,14600911831,030772160411,"Bounty Paper Towels Select-A-Size White, 12 Triple Rolls, 123 Sheets per Roll",Bounty,Home Page/Household Essentials/Paper & Plastic/Paper Towels/All Paper Towels,1115193_1073264_1149383,,33.18,,,4.5,10895.0,True,Available,https://goto.walmart.com/c/|PUBID|/568844/9383?veh=aff&sourceid=imp_000011112222333344&u=http%3A%2F%2Faffil.walmart.com%2Fcart%2FaddToCart%3Fitems%3D14600911831,
2026-03-01,paper_towel,paper towels 12 rolls,LynnwoodBctr,98087,5295279377,030400223532,"Sparkle Tear-a-Square Paper Towels, 8 Double Rolls",Sparkle Towels,Home Page/Household Essentials/Paper & Plastic/Paper Towels/All Paper Towels,1115193_1073264_1149383,,13.97,,,4.6,11117.0,True,Available,https://goto.walmart.com/c/|PUBID|/568844/9383?veh=aff&sourceid=imp_000011112222333344&u=http%3A%2F%2Faffil.walmart.com%2Fcart%2FaddToCart%3Fitems%3D5295279377,
2026-03-01,paper_towel,paper towels 12 rolls,LynnwoodBctr,98087,492040077,054000530678,"Scott Choose-a-Sheet Paper Towels, 12 Double Rolls",Scott,Home Page/Household Essentials/Paper & Plastic/Paper Towels/All Paper Towels,1115193_1073264_1149383,,27.49,10.98,-150.36,4.5,12734.0,True,Available,https://goto.walmart.com/c/|PUBID|/568844/9383?veh=aff&sourceid=imp_000011112222333344&u=http%3A%2F%2Faffil.walmart.com%2Fcart%2FaddToCart%3Fitems%3D492040077,
2026-03-01,paper_towel,paper towels 12 rolls,LynnwoodBctr,98087,341223401,030400222801,"Sparkle Pick-A-Size Paper Towels, 12 Double Rolls, White, Everyday Value Paper Towel",Sparkle Towels,Home Page/Household Essentials/Paper & Plastic/Paper Towels/All Paper Towels,1115193_1073264_1149383,,25.99,10.98,-136.7,4.6,26387.0,True,Available,https://goto.walmart.com/c/|PUBID|/568844/9383?veh=aff&sourceid=imp_000011112222333344&u=http%3A%2F%2Faffil.walmart.com%2Fcart%2FaddToCart%3Fitems%3D341223401,
2026-03-01,paper_towel,paper towels 12 rolls,LynnwoodBctr,98087,14694850765,036000565355,"Viva Signature Cloth Paper Towels, 12 Double Rolls, 86 Sheets per Roll",Viva,Home Page/Household Essentials/Paper & Plastic/Paper Towels/All Paper Towels,1115193_1073264_1149383,,21.67,30.83,29.71,4.5,3678.0,True,Available,https://goto.walmart.com/c/|PUBID|/568844/9383?veh=aff&sourceid=imp_000011112222333344&u=http%3A%2F%2Faffil.walmart.com%2Fcart%2FaddToCart%3Fitems%3D14694850765,
2026-03-01,paper_towel,paper towels 12 rolls,LynnwoodBctr,98087,15160761322,606430563186,"Sparkle Pick-A-Size Paper Towels, 6 Double Rolls = 12 Regular Rolls, Everyday Value Paper Towel With Full And Half Sheets",Sparkle,Home Page/Household Essentials/Paper & Plastic/Paper Towels/All Paper Towels,1115193_1073264_1149383,,18.1,,,5.0,13.0,True,Available,https://goto.walmart.com/c/|PUBID|/568844/9383?veh=aff&sourceid=imp_000011112222333344&u=http%3A%2F%2Faffil.walmart.com%2Fcart%2FaddToCart%3Fitems%3D15160761322,
2026-03-01,paper_towel,paper towels 12 rolls,LynnwoodBctr,98087,5245428013,030772118337,"Bounty Paper Towels Select-A-Size, 12 Triple Rolls",Bounty,Home Page/Household Essentials/Paper & Plastic/Paper Towels/All Paper Towels,1115193_1073264_1149383,,46.48,62.0,25.03,4.6,9518.0,True,Available,https://goto.walmart.com/c/|PUBID|/568844/9383?veh=aff&sourceid=imp_000011112222333344&u=http%3A%2F%2Faffil.walmart.com%2Fcart%2FaddToCart%3Fitems%3D5245428013,
2026-03-01,paper_towel,paper towels 12 rolls,LynnwoodBctr,98087,659509750,037000746522,"Bounty Essentials Select-a-Size Paper Towels, White, 12 Double Rolls",Bounty,Home Page/Household Essentials/Paper & Plastic/Paper Towels/Bounty Paper Towels,1115193_1073264_1149383,,36.0,58.99,38.97,4.4,1386.0,True,Available,https://goto.walmart.com/c/|PUBID|/568844/9383?veh=aff&sourceid=imp_000011112222333344&u=http%3A%2F%2Faffil.walmart.com%2Fcart%2FaddToCart%3Fitems%3D659509750,
2026-03-01,paper_towel,paper towels 12 rolls,LynnwoodBctr,98087,19600251067,830548437750,"Viva Signature Cloth Paper Towels, 12 Double Rolls, 86 Sheets per Roll",Viva,Home Page/Household Essentials/Paper & Plastic/Paper Towels/All Paper Towels,1115193_1073264_1149383,,148.98,,,4.5,3677.0,True,Available,https://goto.walmart.com/c/|PUBID|/568844/9383?veh=aff&sourceid=imp_000011112222333344&u=http%3A%2F%2Faffil.walmart.com%2Fcart%2FaddToCart%3Fitems%3D19600251067,
2026-03-01,paper_towel,paper towels 12 rolls,LynnwoodBctr,98087,1642102365,036000548785,"Viva Signature Cloth Paper Towels, 12 Double Rolls",Viva,Home Page/Household Essentials/Paper & Plastic/Paper Towels/All Paper Towels,1115193_1073264_1149383,,32.48,32.48,0.0,4.5,4604.0,True,Available,https://goto.walmart.com/c/|PUBID|/568844/9383?veh=aff&sourceid=imp_000011112222333344&u=http%3A%2F%2Faffil.walmart.com%2Fcart%2FaddToCart%3Fitems%3D1642102365,
2026-03-01,paper_towel,paper towels 12 rolls,LynnwoodBctr,98087,2450395625,100376044360,"Bounty Select-A-Size Paper Towels, White, 12 Double Rolls, 12 Count",Bounty,Home Page/Household Essentials/Paper & Plastic/Paper Towels/Bounty Paper Towels,1115193_1073264_1149383,,34.0,36.4,6.59,4.6,78.0,True,Available,https://goto.walmart.com/c/|PUBID|/568844/9383?veh=aff&sourceid=imp_000011112222333344&u=http%3A%2F%2Faffil.walmart.com%2Fcart%2FaddToCart%3Fitems%3D2450395625,
2026-03-01,paper_towel,paper towels 12 rolls,LynnwoodBctr,98087,5316226188,042000444743,"Brawny Tear-a-Square Paper Towels, 12 Double Rolls",Brawny,Home Page/Household Essentials/Paper & Plastic/Paper Towels/All Paper Towels,1115193_1073264_1149383,,28.99,30.98,6.42,4.8,241.0,True,Available,https://goto.walmart.com/c/|PUBID|/568844/9383?veh=aff&sourceid=imp_000011112222333344&u=http%3A%2F%2Faffil.walmart.com%2Fcart%2FaddToCart%3Fitems%3D5316226188,
2026-03-01,paper_towel,paper towels 12 rolls,LynnwoodBctr,98087,41136307,054867000567,"Morcon Tissue Morsoft Universal Roll Towels, 8"" x 350 ft, Brown, 12 Rolls/Carton -MORR12350",Morcon,Home Page/Industrial & Scientific/Janitorial & Sanitation Supplies/Janitorial Disposables/Commercial Paper Towels,6197502_5702707_7272148,,36.7,44.08,16.74,4.6,40.0,True,Available,https://goto.walmart.com/c/|PUBID|/568844/9383?veh=aff&sourceid=imp_000011112222333344&u=http%3A%2F%2Faffil.walmart.com%2Fcart%2FaddToCart%3Fitems%3D41136307,
2026-03-01,paper_towel,paper towels 12 rolls,LynnwoodBctr,98087,17720201802,,"Ultra Strong Paper Towels, 12 Double Rolls",Forge,Home Page/Household Essentials/Paper & Plastic/Paper Towels/All Paper Towels,1115193_1073264_1149383,,52.99,,,,,True,Available,https://goto.walmart.com/c/|PUBID|/568844/9383?veh=aff&sourceid=imp_000011112222333344&u=http%3A%2F%2Faffil.walmart.com%2Fcart%2FaddToCart%3Fitems%3D17720201802,
2026-03-01,paper_towel,paper towels 12 rolls,LynnwoodBctr,98087,14659322454,036000565362,"Viva Signature Cloth Paper Towels, 12 Triple Rolls, 129 Sheets per Roll",Viva,Home Page/Household Essentials/Paper & Plastic/Paper Towels/All Paper Towels,1115193_1073264_1149383,,28.98,,,4.6,4171.0,True,Available,https://goto.walmart.com/c/|PUBID|/568844/9383?veh=aff&sourceid=imp_000011112222333344&u=http%3A%2F%2Faffil.walmart.com%2Fcart%2FaddToCart%3Fitems%3D14659322454,
2026-03-01,paper_towel,paper towels 12 rolls,LynnwoodBctr,98087,11471560819,732623794362,Seventh Generation White Paper Towels 2 Roll Pack 1 Ea (Pack Of 12),Seventh Generation,Home Page/Household Essentials/Household Essentials by Brand/Seventh Generation/All Seventh Generation,1115193_8250903_1416618,,130.99,,,,,True,Available,https://goto.walmart.com/c/|PUBID|/568844/9383?veh=aff&sourceid=imp_000011112222333344&u=http%3A%2F%2Faffil.walmart.com%2Fcart%2FaddToCart%3Fitems%3D11471560819,
2026-03-01,paper_towel,paper towels 12 rolls,LynnwoodBctr,98087,836647663,078742210681,"Great Value Ultra Strong Paper Towels, Split Sheet, 12 Double Rolls",Great Value,Home Page/Household Essentials/Paper & Plastic/Paper Towels/All Paper Towels,1115193_1073264_1149383,,17.31,26.9,35.65,4.5,232.0,False,Not available,https://goto.walmart.com/c/|PUBID|/568844/9383?veh=aff&sourceid=imp_000011112222333344&u=http%3A%2F%2Faffil.walmart.com%2Fcart%2FaddToCart%3Fitems%3D836647663,
2026-03-01,paper_towel,paper towels 12 rolls,LynnwoodBctr,98087,186015888,078742210858,"Great Value Ultra Strong Paper Towels, Split Sheets, 12 Double Rolls",Great Value,Home Page/Household Essentials/Paper & Plastic/Paper Towels/All Paper Towels,1115193_1073264_1149383,,17.14,,,4.7,7910.0,False,Not available,https://goto.walmart.com/c/|PUBID|/568844/9383?veh=aff&sourceid=imp_000011112222333344&u=http%3A%2F%2Faffil.walmart.com%2Fcart%2FaddToCart%3Fitems%3D186015888,
2026-03-01,paper_towel,paper towels 12 rolls,LynnwoodBctr,98087,17254770094,,"Hardwound Paper Towels, 1-Ply White Roll Towels - 8"" x 600ft, 2"" Core, 12 Rolls - Washroom Hand Drying, Durable Paper Towels for Restrooms & Facilities",lshhh,Home Page/Household Essentials/Paper & Plastic/Paper Towels/All Paper Towels,1115193_1073264_1149383,,76.35,,,,,True,Available,https://goto.walmart.com/c/|PUBID|/568844/9383?veh=aff&sourceid=imp_000011112222333344&u=http%3A%2F%2Faffil.walmart.com%2Fcart%2FaddToCart%3Fitems%3D17254770094,
2026-03-01,paper_towel,paper towels 12 rolls,LynnwoodBctr,98087,19555962314,,"Bounty Paper Towels Select-A-Size White, 12 Double Rolls, 82 Sheets Per Roll",Bounty,Home Page/Household Essentials/Paper & Plastic/Paper Towels/All Paper Towels,1115193_1073264_1149383,,47.99,,,,,True,Available,https://goto.walmart.com/c/|PUBID|/568844/9383?veh=aff&sourceid=imp_000011112222333344&u=http%3A%2F%2Faffil.walmart.com%2Fcart%2FaddToCart%3Fitems%3D19555962314,
2026-03-01,paper_towel,paper towels 12 rolls,LynnwoodBctr,98087,540360271,030400220944,"Sparkle Paper Towels, Pick-A-Size, Spirited Prints, 6 Double Rolls (= 12 Regular Rolls)",Sparkle Towels,Home Page/Household Essentials/Paper & Plastic/Paper Towels/All Paper Towels,1115193_1073264_1149383,,12.2,5.98,-104.01,4.7,15629.0,True,Available,https://goto.walmart.com/c/|PUBID|/568844/9383?veh=aff&sourceid=imp_000011112222333344&u=http%3A%2F%2Faffil.walmart.com%2Fcart%2FaddToCart%3Fitems%3D540360271,
2026-03-01,paper_towel,paper towels 12 rolls,LynnwoodBctr,98087,15148316096,,"Scott Paper Towels, Choose-A-Sheet, MMF7 6 Double Rolls = 12 Regular Rolls (100 Sheets Per Roll)",Scott,Home Page/Household Essentials/Paper & Plastic/Paper Towels/All Paper Towels,1115193_1073264_1149383,,10.95,,,5.0,1.0,True,Available,https://goto.walmart.com/c/|PUBID|/568844/9383?veh=aff&sourceid=imp_000011112222333344&u=http%3A%2F%2Faffil.walmart.com%2Fcart%2FaddToCart%3Fitems%3D15148316096,
2026-03-01,paper_towel,paper towels 12 rolls,LynnwoodBctr,98087,5175530512,100149973347,"Sparkle Pick-A-Size Paper Towels, 6 Double Rolls = 12 Regular Rolls",Sparkle Towels,Home Page/Household Essentials/Paper & Plastic/Paper Towels/All Paper Towels,1115193_1073264_1149383,,11.51,11.51,0.0,5.0,3.0,True,Available,https://goto.walmart.com/c/|PUBID|/568844/9383?veh=aff&sourceid=imp_000011112222333344&u=http%3A%2F%2Faffil.walmart.com%2Fcart%2FaddToCart%3Fitems%3D5175530512,
2026-03-01,paper_towel,paper towels 12 rolls,Aurora Village,98133,15106305176,194346458820,"Great Value Everyday Strong Paper Towels, 12 Double Rolls",Great Value,Home Page/Household Essentials/Paper & Plastic/Paper Towels/All Paper Towels,1115193_1073264_1149383,,10.84,,,4.6,786.0,False,Not available,https://goto.walmart.com/c/|PUBID|/568844/9383?veh=aff&sourceid=imp_000011112222333344&u=http%3A%2F%2Faffil.walmart.com%2Fcart%2FaddToCart%3Fitems%3D15106305176,
2026-03-01,paper_towel,paper towels 12 rolls,Aurora Village,98133,8888501886,054000566738,"Scott Paper Towels, Choose-A-Sheet, 12 Double Rolls",Scott,Home Page/Household Essentials/Paper & Plastic/Paper Towels/All Paper Towels,1115193_1073264_1149383,,11.98,16.0,25.12,4.5,15441.0,True,Available,https://goto.walmart.com/c/|PUBID|/568844/9383?veh=aff&sourceid=imp_000011112222333344&u=http%3A%2F%2Faffil.walmart.com%2Fcart%2FaddToCart%3Fitems%3D8888501886,
2026-03-01,paper_towel,paper towels 12 rolls,Aurora Village,98133,15106373822,194346393299,"Great Value Ultra Strong Paper Towels, 12 Triple Rolls",Great Value,Home Page/Household Essentials/Paper & Plastic/Paper Towels/All Paper Towels,1115193_1073264_1149383,,22.56,,,4.7,13066.0,False,Not available,https://goto.walmart.com/c/|PUBID|/568844/9383?veh=aff&sourceid=imp_000011112222333344&u=http%3A%2F%2Faffil.walmart.com%2Fcart%2FaddToCart%3Fitems%3D15106373822,
2026-03-01,paper_towel,paper towels 12 rolls,Aurora Village,98133,2101922242,030772061305,"Bounty Select-a-Size Paper Towels, 12 Double Rolls, White",Bounty,Home Page/Household Essentials/Paper & Plastic/Paper Towels/All Paper Towels,1115193_1073264_1149383,,34.99,38.6,9.35,4.7,27660.0,True,Available,https://goto.walmart.com/c/|PUBID|/568844/9383?veh=aff&sourceid=imp_000011112222333344&u=http%3A%2F%2Faffil.walmart.com%2Fcart%2FaddToCart%3Fitems%3D2101922242,
2026-03-01,paper_towel,paper towels 12 rolls,Aurora Village,98133,14584700257,030772157053,"Bounty Paper Towels Select-A-Size White, 12 Double Rolls, 82 Sheets per Roll",Bounty,Home Page/Household Essentials/Paper & Plastic/Paper Towels/All Paper Towels,1115193_1073264_1149383,,36.93,62.88,41.27,4.6,14881.0,True,Available,https://goto.walmart.com/c/|PUBID|/568844/9383?veh=aff&sourceid=imp_000011112222333344&u=http%3A%2F%2Faffil.walmart.com%2Fcart%2FaddToCart%3Fitems%3D14584700257,
2026-03-01,paper_towel,paper towels 12 rolls,Aurora Village,98133,12868367090,042000446747,"Brawny Tear-a-Square 3-Ply Paper Towels, 12 Double Rolls, 76 Sheets Per Roll",Brawny,Home Page/Household Essentials/Paper & Plastic/Paper Towels/All Paper Towels,1115193_1073264_1149383,,19.97,,,4.7,3677.0,True,Available,https://goto.walmart.com/c/|PUBID|/568844/9383?veh=aff&sourceid=imp_000011112222333344&u=http%3A%2F%2Faffil.walmart.com%2Fcart%2FaddToCart%3Fitems%3D12868367090,
2026-03-01,paper_towel,paper towels 12 rolls,Aurora Village,98133,5152062063,054000554162,"Scott Choose-a-Sheet Paper Towels, 12 Double Rolls",Scott,Home Page/Household Essentials/Paper & Plastic/Paper Towels/All Paper Towels,1115193_1073264_1149383,,17.62,47.67,63.04,4.4,7160.0,True,Available,https://goto.walmart.com/c/|PUBID|/568844/9383?veh=aff&sourceid=imp_000011112222333344&u=http%3A%2F%2Faffil.walmart.com%2Fcart%2FaddToCart%3Fitems%3D5152062063,
2026-03-01,paper_towel,paper towels 12 rolls,Aurora Village,98133,14600911831,030772160411,"Bounty Paper Towels Select-A-Size White, 12 Triple Rolls, 123 Sheets per Roll",Bounty,Home Page/Household Essentials/Paper & Plastic/Paper Towels/All Paper Towels,1115193_1073264_1149383,,33.18,,,4.5,10895.0,True,Available,https://goto.walmart.com/c/|PUBID|/568844/9383?veh=aff&sourceid=imp_000011112222333344&u=http%3A%2F%2Faffil.walmart.com%2Fcart%2FaddToCart%3Fitems%3D14600911831,
2026-03-01,paper_towel,paper towels 12 rolls,Aurora Village,98133,5295279377,030400223532,"Sparkle Tear-a-Square Paper Towels, 8 Double Rolls",Sparkle Towels,Home Page/Household Essentials/Paper & Plastic/Paper Towels/All Paper Towels,1115193_1073264_1149383,,13.97,,,4.6,11117.0,True,Available,https://goto.walmart.com/c/|PUBID|/568844/9383?veh=aff&sourceid=imp_000011112222333344&u=http%3A%2F%2Faffil.walmart.com%2Fcart%2FaddToCart%3Fitems%3D5295279377,
2026-03-01,paper_towel,paper towels 12 rolls,Aurora Village,98133,492040077,054000530678,"Scott Choose-a-Sheet Paper Towels, 12 Double Rolls",Scott,Home Page/Household Essentials/Paper & Plastic/Paper Towels/All Paper Towels,1115193_1073264_1149383,,27.49,10.98,-150.36,4.5,12734.0,True,Available,https://goto.walmart.com/c/|PUBID|/568844/9383?veh=aff&sourceid=imp_000011112222333344&u=http%3A%2F%2Faffil.walmart.com%2Fcart%2FaddToCart%3Fitems%3D492040077,
2026-03-01,paper_towel,paper towels 12 rolls,Aurora Village,98133,341223401,030400222801,"Sparkle Pick-A-Size Paper Towels, 12 Double Rolls, White, Everyday Value Paper Towel",Sparkle Towels,Home Page/Household Essentials/Paper & Plastic/Paper Towels/All Paper Towels,1115193_1073264_1149383,,25.99,10.98,-136.7,4.6,26387.0,True,Available,https://goto.walmart.com/c/|PUBID|/568844/9383?veh=aff&sourceid=imp_000011112222333344&u=http%3A%2F%2Faffil.walmart.com%2Fcart%2FaddToCart%3Fitems%3D341223401,
2026-03-01,paper_towel,paper towels 12 rolls,Aurora Village,98133,14694850765,036000565355,"Viva Signature Cloth Paper Towels, 12 Double Rolls, 86 Sheets per Roll",Viva,Home Page/Household Essentials/Paper & Plastic/Paper Towels/All Paper Towels,1115193_1073264_1149383,,21.67,30.83,29.71,4.5,3678.0,True,Available,https://goto.walmart.com/c/|PUBID|/568844/9383?veh=aff&sourceid=imp_000011112222333344&u=http%3A%2F%2Faffil.walmart.com%2Fcart%2FaddToCart%3Fitems%3D14694850765,
2026-03-01,paper_towel,paper towels 12 rolls,Aurora Village,98133,15160761322,606430563186,"Sparkle Pick-A-Size Paper Towels, 6 Double Rolls = 12 Regular Rolls, Everyday Value Paper Towel With Full And Half Sheets",Sparkle,Home Page/Household Essentials/Paper & Plastic/Paper Towels/All Paper Towels,1115193_1073264_1149383,,18.1,,,5.0,13.0,True,Available,https://goto.walmart.com/c/|PUBID|/568844/9383?veh=aff&sourceid=imp_000011112222333344&u=http%3A%2F%2Faffil.walmart.com%2Fcart%2FaddToCart%3Fitems%3D15160761322,
2026-03-01,paper_towel,paper towels 12 rolls,Aurora Village,98133,5245428013,030772118337,"Bounty Paper Towels Select-A-Size, 12 Triple Rolls",Bounty,Home Page/Household Essentials/Paper & Plastic/Paper Towels/All Paper Towels,1115193_1073264_1149383,,46.48,62.0,25.03,4.6,9518.0,True,Available,https://goto.walmart.com/c/|PUBID|/568844/9383?veh=aff&sourceid=imp_000011112222333344&u=http%3A%2F%2Faffil.walmart.com%2Fcart%2FaddToCart%3Fitems%3D5245428013,
2026-03-01,paper_towel,paper towels 12 rolls,Aurora Village,98133,659509750,037000746522,"Bounty Essentials Select-a-Size Paper Towels, White, 12 Double Rolls",Bounty,Home Page/Household Essentials/Paper & Plastic/Paper Towels/Bounty Paper Towels,1115193_1073264_1149383,,36.0,58.99,38.97,4.4,1386.0,True,Available,https://goto.walmart.com/c/|PUBID|/568844/9383?veh=aff&sourceid=imp_000011112222333344&u=http%3A%2F%2Faffil.walmart.com%2Fcart%2FaddToCart%3Fitems%3D659509750,
2026-03-01,paper_towel,paper towels 12 rolls,Aurora Village,98133,19600251067,830548437750,"Viva Signature Cloth Paper Towels, 12 Double Rolls, 86 Sheets per Roll",Viva,Home Page/Household Essentials/Paper & Plastic/Paper Towels/All Paper Towels,1115193_1073264_1149383,,148.98,,,4.5,3677.0,True,Available,https://goto.walmart.com/c/|PUBID|/568844/9383?veh=aff&sourceid=imp_000011112222333344&u=http%3A%2F%2Faffil.walmart.com%2Fcart%2FaddToCart%3Fitems%3D19600251067,
2026-03-01,paper_towel,paper towels 12 rolls,Aurora Village,98133,1642102365,036000548785,"Viva Signature Cloth Paper Towels, 12 Double Rolls",Viva,Home Page/Household Essentials/Paper & Plastic/Paper Towels/All Paper Towels,1115193_1073264_1149383,,35.5,32.48,-9.3,4.5,4604.0,True,Available,https://goto.walmart.com/c/|PUBID|/568844/9383?veh=aff&sourceid=imp_000011112222333344&u=http%3A%2F%2Faffil.walmart.com%2Fcart%2FaddToCart%3Fitems%3D1642102365,
2026-03-01,paper_towel,paper towels 12 rolls,Aurora Village,98133,2450395625,100376044360,"Bounty Select-A-Size Paper Towels, White, 12 Double Rolls, 12 Count",Bounty,Home Page/Household Essentials/Paper & Plastic/Paper Towels/Bounty Paper Towels,1115193_1073264_1149383,,34.0,36.4,6.59,4.6,78.0,True,Available,https://goto.walmart.com/c/|PUBID|/568844/9383?veh=aff&sourceid=imp_000011112222333344&u=http%3A%2F%2Faffil.walmart.com%2Fcart%2FaddToCart%3Fitems%3D2450395625,
2026-03-01,paper_towel,paper towels 12 rolls,Aurora Village,98133,5316226188,042000444743,"Brawny Tear-a-Square Paper Towels, 12 Double Rolls",Brawny,Home Page/Household Essentials/Paper & Plastic/Paper Towels/All Paper Towels,1115193_1073264_1149383,,28.99,30.98,6.42,4.8,241.0,True,Available,https://goto.walmart.com/c/|PUBID|/568844/9383?veh=aff&sourceid=imp_000011112222333344&u=http%3A%2F%2Faffil.walmart.com%2Fcart%2FaddToCart%3Fitems%3D5316226188,
2026-03-01,paper_towel,paper towels 12 rolls,Aurora Village,98133,41136307,054867000567,"Morcon Tissue Morsoft Universal Roll Towels, 8"" x 350 ft, Brown, 12 Rolls/Carton -MORR12350",Morcon,Home Page/Industrial & Scientific/Janitorial & Sanitation Supplies/Janitorial Disposables/Commercial Paper Towels,6197502_5702707_7272148,,36.7,44.08,16.74,4.6,40.0,True,Available,https://goto.walmart.com/c/|PUBID|/568844/9383?veh=aff&sourceid=imp_000011112222333344&u=http%3A%2F%2Faffil.walmart.com%2Fcart%2FaddToCart%3Fitems%3D41136307,
2026-03-01,paper_towel,paper towels 12 rolls,Aurora Village,98133,17720201802,,"Ultra Strong Paper Towels, 12 Double Rolls",Forge,Home Page/Household Essentials/Paper & Plastic/Paper Towels/All Paper Towels,1115193_1073264_1149383,,52.99,,,,,True,Available,https://goto.walmart.com/c/|PUBID|/568844/9383?veh=aff&sourceid=imp_000011112222333344&u=http%3A%2F%2Faffil.walmart.com%2Fcart%2FaddToCart%3Fitems%3D17720201802,
2026-03-01,paper_towel,paper towels 12 rolls,Aurora Village,98133,14659322454,036000565362,"Viva Signature Cloth Paper Towels, 12 Triple Rolls, 129 Sheets per Roll",Viva,Home Page/Household Essentials/Paper & Plastic/Paper Towels/All Paper Towels,1115193_1073264_1149383,,28.98,,,4.6,4171.0,True,Available,https://goto.walmart.com/c/|PUBID|/568844/9383?veh=aff&sourceid=imp_000011112222333344&u=http%3A%2F%2Faffil.walmart.com%2Fcart%2FaddToCart%3Fitems%3D14659322454,
2026-03-01,paper_towel,paper towels 12 rolls,Aurora Village,98133,11471560819,732623794362,Seventh Generation White Paper Towels 2 Roll Pack 1 Ea (Pack Of 12),Seventh Generation,Home Page/Household Essentials/Household Essentials by Brand/Seventh Generation/All Seventh Generation,1115193_8250903_1416618,,130.99,,,,,True,Available,https://goto.walmart.com/c/|PUBID|/568844/9383?veh=aff&sourceid=imp_000011112222333344&u=http%3A%2F%2Faffil.walmart.com%2Fcart%2FaddToCart%3Fitems%3D11471560819,
2026-03-01,paper_towel,paper towels 12 rolls,Aurora Village,98133,836647663,078742210681,"Great Value Ultra Strong Paper Towels, Split Sheet, 12 Double Rolls",Great Value,Home Page/Household Essentials/Paper & Plastic/Paper Towels/All Paper Towels,1115193_1073264_1149383,,17.31,26.9,35.65,4.5,232.0,False,Not available,https://goto.walmart.com/c/|PUBID|/568844/9383?veh=aff&sourceid=imp_000011112222333344&u=http%3A%2F%2Faffil.walmart.com%2Fcart%2FaddToCart%3Fitems%3D836647663,
2026-03-01,paper_towel,paper towels 12 rolls,Aurora Village,98133,186015888,078742210858,"Great Value Ultra Strong Paper Towels, Split Sheets, 12 Double Rolls",Great Value,Home Page/Household Essentials/Paper & Plastic/Paper Towels/All Paper Towels,1115193_1073264_1149383,,17.14,,,4.7,7910.0,False,Not available,https://goto.walmart.com/c/|PUBID|/568844/9383?veh=aff&sourceid=imp_000011112222333344&u=http%3A%2F%2Faffil.walmart.com%2Fcart%2FaddToCart%3Fitems%3D186015888,
2026-03-01,paper_towel,paper towels 12 rolls,Aurora Village,98133,17254770094,,"Hardwound Paper Towels, 1-Ply White Roll Towels - 8"" x 600ft, 2"" Core, 12 Rolls - Washroom Hand Drying, Durable Paper Towels for Restrooms & Facilities",lshhh,Home Page/Household Essentials/Paper & Plastic/Paper Towels/All Paper Towels,1115193_1073264_1149383,,76.35,,,,,True,Available,https://goto.walmart.com/c/|PUBID|/568844/9383?veh=aff&sourceid=imp_000011112222333344&u=http%3A%2F%2Faffil.walmart.com%2Fcart%2FaddToCart%3Fitems%3D17254770094,
2026-03-01,paper_towel,paper towels 12 rolls,Aurora Village,98133,19555962314,,"Bounty Paper Towels Select-A-Size White, 12 Double Rolls, 82 Sheets Per Roll",Bounty,Home Page/Household Essentials/Paper & Plastic/Paper Towels/All Paper Towels,1115193_1073264_1149383,,47.99,,,,,True,Available,https://goto.walmart.com/c/|PUBID|/568844/9383?veh=aff&sourceid=imp_000011112222333344&u=http%3A%2F%2Faffil.walmart.com%2Fcart%2FaddToCart%3Fitems%3D19555962314,
2026-03-01,paper_towel,paper towels 12 rolls,Aurora Village,98133,540360271,030400220944,"Sparkle Paper Towels, Pick-A-Size, Spirited Prints, 6 Double Rolls (= 12 Regular Rolls)",Sparkle Towels,Home Page/Household Essentials/Paper & Plastic/Paper Towels/All Paper Towels,1115193_1073264_1149383,,12.2,5.98,-104.01,4.7,15629.0,True,Available,https://goto.walmart.com/c/|PUBID|/568844/9383?veh=aff&sourceid=imp_000011112222333344&u=http%3A%2F%2Faffil.walmart.com%2Fcart%2FaddToCart%3Fitems%3D540360271,
2026-03-01,paper_towel,paper towels 12 rolls,Aurora Village,98133,15148316096,,"Scott Paper Towels, Choose-A-Sheet, MMF7 6 Double Rolls = 12 Regular Rolls (100 Sheets Per Roll)",Scott,Home Page/Household Essentials/Paper & Plastic/Paper Towels/All Paper Towels,1115193_1073264_1149383,,10.95,,,5.0,1.0,True,Available,https://goto.walmart.com/c/|PUBID|/568844/9383?veh=aff&sourceid=imp_000011112222333344&u=http%3A%2F%2Faffil.walmart.com%2Fcart%2FaddToCart%3Fitems%3D15148316096,
2026-03-01,paper_towel,paper towels 12 rolls,Aurora Village,98133,5175530512,100149973347,"Sparkle Pick-A-Size Paper Towels, 6 Double Rolls = 12 Regular Rolls",Sparkle Towels,Home Page/Household Essentials/Paper & Plastic/Paper Towels/All Paper Towels,1115193_1073264_1149383,,11.51,11.51,0.0,5.0,3.0,True,Available,https://goto.walmart.com/c/|PUBID|/568844/9383?veh=aff&sourceid=imp_000011112222333344&u=http%3A%2F%2Faffil.walmart.com%2Fcart%2FaddToCart%3Fitems%3D5175530512,
2026-03-01,paper_towel,paper towels 12 rolls,Redmond,98052,15106305176,194346458820,"Great Value Everyday Strong Paper Towels, 12 Double Rolls",Great Value,Home Page/Household Essentials/Paper & Plastic/Paper Towels/All Paper Towels,1115193_1073264_1149383,,10.84,,,4.6,786.0,False,Not available,https://goto.walmart.com/c/|PUBID|/568844/9383?veh=aff&sourceid=imp_000011112222333344&u=http%3A%2F%2Faffil.walmart.com%2Fcart%2FaddToCart%3Fitems%3D15106305176,
2026-03-01,paper_towel,paper towels 12 rolls,Redmond,98052,8888501886,054000566738,"Scott Paper Towels, Choose-A-Sheet, 12 Double Rolls",Scott,Home Page/Household Essentials/Paper & Plastic/Paper Towels/All Paper Towels,1115193_1073264_1149383,,11.98,16.0,25.12,4.5,15441.0,True,Available,https://goto.walmart.com/c/|PUBID|/568844/9383?veh=aff&sourceid=imp_000011112222333344&u=http%3A%2F%2Faffil.walmart.com%2Fcart%2FaddToCart%3Fitems%3D8888501886,
2026-03-01,paper_towel,paper towels 12 rolls,Redmond,98052,15106373822,194346393299,"Great Value Ultra Strong Paper Towels, 12 Triple Rolls",Great Value,Home Page/Household Essentials/Paper & Plastic/Paper Towels/All Paper Towels,1115193_1073264_1149383,,22.56,,,4.7,13066.0,False,Not available,https://goto.walmart.com/c/|PUBID|/568844/9383?veh=aff&sourceid=imp_000011112222333344&u=http%3A%2F%2Faffil.walmart.com%2Fcart%2FaddToCart%3Fitems%3D15106373822,
2026-03-01,paper_towel,paper towels 12 rolls,Redmond,98052,2101922242,030772061305,"Bounty Select-a-Size Paper Towels, 12 Double Rolls, White",Bounty,Home Page/Household Essentials/Paper & Plastic/Paper Towels/All Paper Towels,1115193_1073264_1149383,,34.99,38.6,9.35,4.7,27660.0,True,Available,https://goto.walmart.com/c/|PUBID|/568844/9383?veh=aff&sourceid=imp_000011112222333344&u=http%3A%2F%2Faffil.walmart.com%2Fcart%2FaddToCart%3Fitems%3D2101922242,
2026-03-01,paper_towel,paper towels 12 rolls,Redmond,98052,14584700257,030772157053,"Bounty Paper Towels Select-A-Size White, 12 Double Rolls, 82 Sheets per Roll",Bounty,Home Page/Household Essentials/Paper & Plastic/Paper Towels/All Paper Towels,1115193_1073264_1149383,,36.93,62.88,41.27,4.6,14881.0,True,Available,https://goto.walmart.com/c/|PUBID|/568844/9383?veh=aff&sourceid=imp_000011112222333344&u=http%3A%2F%2Faffil.walmart.com%2Fcart%2FaddToCart%3Fitems%3D14584700257,
2026-03-01,paper_towel,paper towels 12 rolls,Redmond,98052,12868367090,042000446747,"Brawny Tear-a-Square 3-Ply Paper Towels, 12 Double Rolls, 76 Sheets Per Roll",Brawny,Home Page/Household Essentials/Paper & Plastic/Paper Towels/All Paper Towels,1115193_1073264_1149383,,19.97,,,4.7,3677.0,True,Available,https://goto.walmart.com/c/|PUBID|/568844/9383?veh=aff&sourceid=imp_000011112222333344&u=http%3A%2F%2Faffil.walmart.com%2Fcart%2FaddToCart%3Fitems%3D12868367090,
2026-03-01,paper_towel,paper towels 12 rolls,Redmond,98052,5152062063,054000554162,"Scott Choose-a-Sheet Paper Towels, 12 Double Rolls",Scott,Home Page/Household Essentials/Paper & Plastic/Paper Towels/All Paper Towels,1115193_1073264_1149383,,17.62,47.67,63.04,4.4,7160.0,True,Available,https://goto.walmart.com/c/|PUBID|/568844/9383?veh=aff&sourceid=imp_000011112222333344&u=http%3A%2F%2Faffil.walmart.com%2Fcart%2FaddToCart%3Fitems%3D5152062063,
2026-03-01,paper_towel,paper towels 12 rolls,Redmond,98052,14600911831,030772160411,"Bounty Paper Towels Select-A-Size White, 12 Triple Rolls, 123 Sheets per Roll",Bounty,Home Page/Household Essentials/Paper & Plastic/Paper Towels/All Paper Towels,1115193_1073264_1149383,,33.18,,,4.5,10895.0,True,Available,https://goto.walmart.com/c/|PUBID|/568844/9383?veh=aff&sourceid=imp_000011112222333344&u=http%3A%2F%2Faffil.walmart.com%2Fcart%2FaddToCart%3Fitems%3D14600911831,
2026-03-01,paper_towel,paper towels 12 rolls,Redmond,98052,5295279377,030400223532,"Sparkle Tear-a-Square Paper Towels, 8 Double Rolls",Sparkle Towels,Home Page/Household Essentials/Paper & Plastic/Paper Towels/All Paper Towels,1115193_1073264_1149383,,13.97,,,4.6,11117.0,True,Available,https://goto.walmart.com/c/|PUBID|/568844/9383?veh=aff&sourceid=imp_000011112222333344&u=http%3A%2F%2Faffil.walmart.com%2Fcart%2FaddToCart%3Fitems%3D5295279377,
2026-03-01,paper_towel,paper towels 12 rolls,Redmond,98052,492040077,054000530678,"Scott Choose-a-Sheet Paper Towels, 12 Double Rolls",Scott,Home Page/Household Essentials/Paper & Plastic/Paper Towels/All Paper Towels,1115193_1073264_1149383,,27.49,10.98,-150.36,4.5,12734.0,True,Available,https://goto.walmart.com/c/|PUBID|/568844/9383?veh=aff&sourceid=imp_000011112222333344&u=http%3A%2F%2Faffil.walmart.com%2Fcart%2FaddToCart%3Fitems%3D492040077,
2026-03-01,paper_towel,paper towels 12 rolls,Redmond,98052,341223401,030400222801,"Sparkle Pick-A-Size Paper Towels, 12 Double Rolls, White, Everyday Value Paper Towel",Sparkle Towels,Home Page/Household Essentials/Paper & Plastic/Paper Towels/All Paper Towels,1115193_1073264_1149383,,25.99,10.98,-136.7,4.6,26387.0,True,Available,https://goto.walmart.com/c/|PUBID|/568844/9383?veh=aff&sourceid=imp_000011112222333344&u=http%3A%2F%2Faffil.walmart.com%2Fcart%2FaddToCart%3Fitems%3D341223401,
2026-03-01,paper_towel,paper towels 12 rolls,Redmond,98052,14694850765,036000565355,"Viva Signature Cloth Paper Towels, 12 Double Rolls, 86 Sheets per Roll",Viva,Home Page/Household Essentials/Paper & Plastic/Paper Towels/All Paper Towels,1115193_1073264_1149383,,21.67,30.83,29.71,4.5,3678.0,True,Available,https://goto.walmart.com/c/|PUBID|/568844/9383?veh=aff&sourceid=imp_000011112222333344&u=http%3A%2F%2Faffil.walmart.com%2Fcart%2FaddToCart%3Fitems%3D14694850765,
2026-03-01,paper_towel,paper towels 12 rolls,Redmond,98052,15160761322,606430563186,"Sparkle Pick-A-Size Paper Towels, 6 Double Rolls = 12 Regular Rolls, Everyday Value Paper Towel With Full And Half Sheets",Sparkle,Home Page/Household Essentials/Paper & Plastic/Paper Towels/All Paper Towels,1115193_1073264_1149383,,18.1,,,5.0,13.0,True,Available,https://goto.walmart.com/c/|PUBID|/568844/9383?veh=aff&sourceid=imp_000011112222333344&u=http%3A%2F%2Faffil.walmart.com%2Fcart%2FaddToCart%3Fitems%3D15160761322,
2026-03-01,paper_towel,paper towels 12 rolls,Redmond,98052,5245428013,030772118337,"Bounty Paper Towels Select-A-Size, 12 Triple Rolls",Bounty,Home Page/Household Essentials/Paper & Plastic/Paper Towels/All Paper Towels,1115193_1073264_1149383,,46.48,62.0,25.03,4.6,9518.0,True,Available,https://goto.walmart.com/c/|PUBID|/568844/9383?veh=aff&sourceid=imp_000011112222333344&u=http%3A%2F%2Faffil.walmart.com%2Fcart%2FaddToCart%3Fitems%3D5245428013,
2026-03-01,paper_towel,paper towels 12 rolls,Redmond,98052,659509750,037000746522,"Bounty Essentials Select-a-Size Paper Towels, White, 12 Double Rolls",Bounty,Home Page/Household Essentials/Paper & Plastic/Paper Towels/Bounty Paper Towels,1115193_1073264_1149383,,36.0,58.99,38.97,4.4,1386.0,True,Available,https://goto.walmart.com/c/|PUBID|/568844/9383?veh=aff&sourceid=imp_000011112222333344&u=http%3A%2F%2Faffil.walmart.com%2Fcart%2FaddToCart%3Fitems%3D659509750,
2026-03-01,paper_towel,paper towels 12 rolls,Redmond,98052,19600251067,830548437750,"Viva Signature Cloth Paper Towels, 12 Double Rolls, 86 Sheets per Roll",Viva,Home Page/Household Essentials/Paper & Plastic/Paper Towels/All Paper Towels,1115193_1073264_1149383,,148.98,,,4.5,3677.0,True,Available,https://goto.walmart.com/c/|PUBID|/568844/9383?veh=aff&sourceid=imp_000011112222333344&u=http%3A%2F%2Faffil.walmart.com%2Fcart%2FaddToCart%3Fitems%3D19600251067,
2026-03-01,paper_towel,paper towels 12 rolls,Redmond,98052,1642102365,036000548785,"Viva Signature Cloth Paper Towels, 12 Double Rolls",Viva,Home Page/Household Essentials/Paper & Plastic/Paper Towels/All Paper Towels,1115193_1073264_1149383,,32.48,32.48,0.0,4.5,4604.0,True,Available,https://goto.walmart.com/c/|PUBID|/568844/9383?veh=aff&sourceid=imp_000011112222333344&u=http%3A%2F%2Faffil.walmart.com%2Fcart%2FaddToCart%3Fitems%3D1642102365,
2026-03-01,paper_towel,paper towels 12 rolls,Redmond,98052,2450395625,100376044360,"Bounty Select-A-Size Paper Towels, White, 12 Double Rolls, 12 Count",Bounty,Home Page/Household Essentials/Paper & Plastic/Paper Towels/Bounty Paper Towels,1115193_1073264_1149383,,34.0,36.4,6.59,4.6,78.0,True,Available,https://goto.walmart.com/c/|PUBID|/568844/9383?veh=aff&sourceid=imp_000011112222333344&u=http%3A%2F%2Faffil.walmart.com%2Fcart%2FaddToCart%3Fitems%3D2450395625,
2026-03-01,paper_towel,paper towels 12 rolls,Redmond,98052,5316226188,042000444743,"Brawny Tear-a-Square Paper Towels, 12 Double Rolls",Brawny,Home Page/Household Essentials/Paper & Plastic/Paper Towels/All Paper Towels,1115193_1073264_1149383,,28.99,30.98,6.42,4.8,241.0,True,Available,https://goto.walmart.com/c/|PUBID|/568844/9383?veh=aff&sourceid=imp_000011112222333344&u=http%3A%2F%2Faffil.walmart.com%2Fcart%2FaddToCart%3Fitems%3D5316226188,
2026-03-01,paper_towel,paper towels 12 rolls,Redmond,98052,41136307,054867000567,"Morcon Tissue Morsoft Universal Roll Towels, 8"" x 350 ft, Brown, 12 Rolls/Carton -MORR12350",Morcon,Home Page/Industrial & Scientific/Janitorial & Sanitation Supplies/Janitorial Disposables/Commercial Paper Towels,6197502_5702707_7272148,,36.7,44.08,16.74,4.6,40.0,True,Available,https://goto.walmart.com/c/|PUBID|/568844/9383?veh=aff&sourceid=imp_000011112222333344&u=http%3A%2F%2Faffil.walmart.com%2Fcart%2FaddToCart%3Fitems%3D41136307,
2026-03-01,paper_towel,paper towels 12 rolls,Redmond,98052,17720201802,,"Ultra Strong Paper Towels, 12 Double Rolls",Forge,Home Page/Household Essentials/Paper & Plastic/Paper Towels/All Paper Towels,1115193_1073264_1149383,,52.99,,,,,True,Available,https://goto.walmart.com/c/|PUBID|/568844/9383?veh=aff&sourceid=imp_000011112222333344&u=http%3A%2F%2Faffil.walmart.com%2Fcart%2FaddToCart%3Fitems%3D17720201802,
2026-03-01,paper_towel,paper towels 12 rolls,Redmond,98052,14659322454,036000565362,"Viva Signature Cloth Paper Towels, 12 Triple Rolls, 129 Sheets per Roll",Viva,Home Page/Household Essentials/Paper & Plastic/Paper Towels/All Paper Towels,1115193_1073264_1149383,,28.98,,,4.6,4171.0,True,Available,https://goto.walmart.com/c/|PUBID|/568844/9383?veh=aff&sourceid=imp_000011112222333344&u=http%3A%2F%2Faffil.walmart.com%2Fcart%2FaddToCart%3Fitems%3D14659322454,
2026-03-01,paper_towel,paper towels 12 rolls,Redmond,98052,11471560819,732623794362,Seventh Generation White Paper Towels 2 Roll Pack 1 Ea (Pack Of 12),Seventh Generation,Home Page/Household Essentials/Household Essentials by Brand/Seventh Generation/All Seventh Generation,1115193_8250903_1416618,,130.99,,,,,True,Available,https://goto.walmart.com/c/|PUBID|/568844/9383?veh=aff&sourceid=imp_000011112222333344&u=http%3A%2F%2Faffil.walmart.com%2Fcart%2FaddToCart%3Fitems%3D11471560819,
2026-03-01,paper_towel,paper towels 12 rolls,Redmond,98052,836647663,078742210681,"Great Value Ultra Strong Paper Towels, Split Sheet, 12 Double Rolls",Great Value,Home Page/Household Essentials/Paper & Plastic/Paper Towels/All Paper Towels,1115193_1073264_1149383,,17.31,26.9,35.65,4.5,232.0,False,Not available,https://goto.walmart.com/c/|PUBID|/568844/9383?veh=aff&sourceid=imp_000011112222333344&u=http%3A%2F%2Faffil.walmart.com%2Fcart%2FaddToCart%3Fitems%3D836647663,
2026-03-01,paper_towel,paper towels 12 rolls,Redmond,98052,186015888,078742210858,"Great Value Ultra Strong Paper Towels, Split Sheets, 12 Double Rolls",Great Value,Home Page/Household Essentials/Paper & Plastic/Paper Towels/All Paper Towels,1115193_1073264_1149383,,17.14,,,4.7,7910.0,False,Not available,https://goto.walmart.com/c/|PUBID|/568844/9383?veh=aff&sourceid=imp_000011112222333344&u=http%3A%2F%2Faffil.walmart.com%2Fcart%2FaddToCart%3Fitems%3D186015888,
2026-03-01,paper_towel,paper towels 12 rolls,Redmond,98052,17254770094,,"Hardwound Paper Towels, 1-Ply White Roll Towels - 8"" x 600ft, 2"" Core, 12 Rolls - Washroom Hand Drying, Durable Paper Towels for Restrooms & Facilities",lshhh,Home Page/Household Essentials/Paper & Plastic/Paper Towels/All Paper Towels,1115193_1073264_1149383,,76.35,,,,,True,Available,https://goto.walmart.com/c/|PUBID|/568844/9383?veh=aff&sourceid=imp_000011112222333344&u=http%3A%2F%2Faffil.walmart.com%2Fcart%2FaddToCart%3Fitems%3D17254770094,
2026-03-01,paper_towel,paper towels 12 rolls,Redmond,98052,19555962314,,"Bounty Paper Towels Select-A-Size White, 12 Double Rolls, 82 Sheets Per Roll",Bounty,Home Page/Household Essentials/Paper & Plastic/Paper Towels/All Paper Towels,1115193_1073264_1149383,,47.99,,,,,True,Available,https://goto.walmart.com/c/|PUBID|/568844/9383?veh=aff&sourceid=imp_000011112222333344&u=http%3A%2F%2Faffil.walmart.com%2Fcart%2FaddToCart%3Fitems%3D19555962314,
2026-03-01,paper_towel,paper towels 12 rolls,Redmond,98052,540360271,030400220944,"Sparkle Paper Towels, Pick-A-Size, Spirited Prints, 6 Double Rolls (= 12 Regular Rolls)",Sparkle Towels,Home Page/Household Essentials/Paper & Plastic/Paper Towels/All Paper Towels,1115193_1073264_1149383,,12.2,5.98,-104.01,4.7,15629.0,True,Available,https://goto.walmart.com/c/|PUBID|/568844/9383?veh=aff&sourceid=imp_000011112222333344&u=http%3A%2F%2Faffil.walmart.com%2Fcart%2FaddToCart%3Fitems%3D540360271,
2026-03-01,paper_towel,paper towels 12 rolls,Redmond,98052,15148316096,,"Scott Paper Towels, Choose-A-Sheet, MMF7 6 Double Rolls = 12 Regular Rolls (100 Sheets Per Roll)",Scott,Home Page/Household Essentials/Paper & Plastic/Paper Towels/All Paper Towels,1115193_1073264_1149383,,10.95,,,5.0,1.0,True,Available,https://goto.walmart.com/c/|PUBID|/568844/9383?veh=aff&sourceid=imp_000011112222333344&u=http%3A%2F%2Faffil.walmart.com%2Fcart%2FaddToCart%3Fitems%3D15148316096,
2026-03-01,paper_towel,paper towels 12 rolls,Redmond,98052,5175530512,100149973347,"Sparkle Pick-A-Size Paper Towels, 6 Double Rolls = 12 Regular Rolls",Sparkle Towels,Home Page/Household Essentials/Paper & Plastic/Paper Towels/All Paper Towels,1115193_1073264_1149383,,11.51,11.51,0.0,5.0,3.0,True,Available,https://goto.walmart.com/c/|PUBID|/568844/9383?veh=aff&sourceid=imp_000011112222333344&u=http%3A%2F%2Faffil.walmart.com%2Fcart%2FaddToCart%3Fitems%3D5175530512,
2026-03-01,paper_towel,Bounty paper towels,Seattle,98101,1126506431,030772056301,"Bounty Paper Towels Select-a-Size, 6 Triple Rolls",Bounty,Home Page/Household Essentials/Paper & Plastic/Paper Towels/Bounty Paper Towels,1115193_1073264_1149383,,25.59,42.35,39.57,4.7,33090.0,True,Available,https://goto.walmart.com/c/|PUBID|/568844/9383?veh=aff&sourceid=imp_000011112222333344&u=http%3A%2F%2Faffil.walmart.com%2Fcart%2FaddToCart%3Fitems%3D1126506431,
2026-03-01,paper_towel,Bounty paper towels,Seattle,98101,14580219389,030772160206,"Bounty Paper Towels Select-A-Size White, 6 Triple Rolls, 123 Sheets Per Roll",Bounty,Home Page/Household Essentials/Paper & Plastic/Paper Towels/All Paper Towels,1115193_1073264_1149383,,16.94,45.78,63.0,4.7,30409.0,True,Available,https://goto.walmart.com/c/|PUBID|/568844/9383?veh=aff&sourceid=imp_000011112222333344&u=http%3A%2F%2Faffil.walmart.com%2Fcart%2FaddToCart%3Fitems%3D14580219389,
2026-03-01,paper_towel,Bounty paper towels,Seattle,98101,14584700257,030772157053,"Bounty Paper Towels Select-A-Size White, 12 Double Rolls, 82 Sheets per Roll",Bounty,Home Page/Household Essentials/Paper & Plastic/Paper Towels/All Paper Towels,1115193_1073264_1149383,,36.93,62.88,41.27,4.6,14881.0,True,Available,https://goto.walmart.com/c/|PUBID|/568844/9383?veh=aff&sourceid=imp_000011112222333344&u=http%3A%2F%2Faffil.walmart.com%2Fcart%2FaddToCart%3Fitems%3D14584700257,
2026-03-01,paper_towel,Bounty paper towels,Seattle,98101,14618210300,030772160428,"Bounty Paper Towels Select-A-Size White, 2 Triple Rolls, 123 Sheets per Roll",Bounty,Home Page/Household Essentials/Paper & Plastic/Paper Towels/All Paper Towels,1115193_1073264_1149383,,6.97,11.97,41.77,4.7,16612.0,True,Available,https://goto.walmart.com/c/|PUBID|/568844/9383?veh=aff&sourceid=imp_000011112222333344&u=http%3A%2F%2Faffil.walmart.com%2Fcart%2FaddToCart%3Fitems%3D14618210300,
2026-03-01,paper_towel,Bounty paper towels,Seattle,98101,5308263928,030772110959,"Bounty Essentials Paper Towels Select-A-Size 6 Double Rolls, White, 108 Sheets Per Roll",Bounty,Home Page/Household Essentials/Paper & Plastic/Paper Towels/All Paper Towels,1115193_1073264_1149383,,7.97,9.0,11.44,4.6,15305.0,True,Available,https://goto.walmart.com/c/|PUBID|/568844/9383?veh=aff&sourceid=imp_000011112222333344&u=http%3A%2F%2Faffil.walmart.com%2Fcart%2FaddToCart%3Fitems%3D5308263928,
2026-03-01,paper_towel,Bounty paper towels,Seattle,98101,14618210310,030772160091,"Bounty Paper Towels Select-A-Size White, 4 Triple Rolls, 123 Sheets per Roll",Bounty,Home Page/Household Essentials/Paper & Plastic/Paper Towels/All Paper Towels,1115193_1073264_1149383,,11.77,,,4.6,13846.0,True,Available,https://goto.walmart.com/c/|PUBID|/568844/9383?veh=aff&sourceid=imp_000011112222333344&u=http%3A%2F%2Faffil.walmart.com%2Fcart%2FaddToCart%3Fitems%3D14618210310,
2026-03-01,paper_towel,Bounty paper towels,Seattle,98101,1426559824,030772056622,"Bounty Paper Towels Select-a-Size, 10 Triple Rolls",Bounty,Home Page/Household Essentials/Paper & Plastic/Paper Towels/All Paper Towels,1115193_1073264_1149383,,38.36,53.0,27.62,4.7,17546.0,True,Available,https://goto.walmart.com/c/|PUBID|/568844/9383?veh=aff&sourceid=imp_000011112222333344&u=http%3A%2F%2Faffil.walmart.com%2Fcart%2FaddToCart%3Fitems%3D1426559824,
2026-03-01,paper_towel,Bounty paper towels,Seattle,98101,2351148881,030772061343,"Bounty Paper Towels Select-a-Size, 4 Triple Rolls",Bounty,Home Page/Household Essentials/Paper & Plastic/Paper Towels/All Paper Towels,1115193_1073264_1149383,,17.45,41.16,57.6,4.7,19385.0,True,Available,https://goto.walmart.com/c/|PUBID|/568844/9383?veh=aff&sourceid=imp_000011112222333344&u=http%3A%2F%2Faffil.walmart.com%2Fcart%2FaddToCart%3Fitems%3D2351148881,
2026-03-01,paper_towel,Bounty paper towels,Seattle,98101,2756949954,030772061336,"Bounty Paper Towels Select-a-Size, 2 Triple Rolls",Bounty,Home Page/Household Essentials/Paper & Plastic/Paper Towels/All Paper Towels,1115193_1073264_1149383,,15.49,24.43,36.59,4.7,19053.0,True,Available,https://goto.walmart.com/c/|PUBID|/568844/9383?veh=aff&sourceid=imp_000011112222333344&u=http%3A%2F%2Faffil.walmart.com%2Fcart%2FaddToCart%3Fitems%3D2756949954,
2026-03-01,paper_towel,Bounty paper towels,Seattle,98101,14600961556,030772160145,"Bounty Paper Towels Select-A-Size White, 8 Triple Rolls, 123 Sheets per Roll",Bounty,Home Page/Household Essentials/Paper & Plastic/Paper Towels/All Paper Towels,1115193_1073264_1149383,,22.46,62.8,64.24,4.5,11316.0,True,Available,https://goto.walmart.com/c/|PUBID|/568844/9383?veh=aff&sourceid=imp_000011112222333344&u=http%3A%2F%2Faffil.walmart.com%2Fcart%2FaddToCart%3Fitems%3D14600961556,
2026-03-01,paper_towel,Bounty paper towels,Seattle,98101,14628565544,030772160190,"Bounty Paper Towels Select-A-Size White, 10 Triple Rolls, 123 Sheets Per Roll",Bounty,Home Page/Household Essentials/Paper & Plastic/Paper Towels/All Paper Towels,1115193_1073264_1149383,,27.66,,,4.6,18031.0,True,Available,https://goto.walmart.com/c/|PUBID|/568844/9383?veh=aff&sourceid=imp_000011112222333344&u=http%3A%2F%2Faffil.walmart.com%2Fcart%2FaddToCart%3Fitems%3D14628565544,
2026-03-01,paper_towel,Bounty paper towels,Seattle,98101,2662173698,030772056615,"Bounty Paper Towels Select-a-Size, 8 Triple Rolls",Bounty,Home Page/Household Essentials/Paper & Plastic/Paper Towels/All Paper Towels,1115193_1073264_1149383,,31.19,54.76,43.04,4.7,18671.0,True,Available,https://goto.walmart.com/c/|PUBID|/568844/9383?veh=aff&sourceid=imp_000011112222333344&u=http%3A%2F%2Faffil.walmart.com%2Fcart%2FaddToCart%3Fitems%3D2662173698,
2026-03-01,paper_towel,Bounty paper towels,Seattle,98101,14580319069,030772160718,"Bounty Paper Towels Select-A-Size White, 6 Mega Rolls, 164 Sheets per Roll",Bounty,Home Page/Household Essentials/Paper & Plastic/Paper Towels/All Paper Towels,1115193_1073264_1149383,,19.96,22.18,10.01,4.6,17148.0,True,Available,https://goto.walmart.com/c/|PUBID|/568844/9383?veh=aff&sourceid=imp_000011112222333344&u=http%3A%2F%2Faffil.walmart.com%2Fcart%2FaddToCart%3Fitems%3D14580319069,
2026-03-01,paper_towel,Bounty paper towels,Seattle,98101,18962514237,,"(6 pack) Bounty Paper Towels Select-A-Size White, 2 Triple Rolls, 123 Sheets per Roll",Bounty,Home Page/Household Essentials/Paper & Plastic/Paper Towels/All Paper Towels,1115193_1073264_1149383,,41.82,,,,,True,Available,https://goto.walmart.com/c/|PUBID|/568844/9383?veh=aff&sourceid=imp_000011112222333344&u=http%3A%2F%2Faffil.walmart.com%2Fcart%2FaddToCart%3Fitems%3D18962514237,
2026-03-01,paper_towel,Bounty paper towels,Seattle,98101,2753549701,030772105856,"Bounty Paper Towels Select-A-Size, 1 Mega Roll",Bounty,Home Page/Household Essentials/Paper & Plastic/Paper Towels/All Paper Towels,1115193_1073264_1149383,,14.0,16.0,12.5,4.6,10595.0,True,Available,https://goto.walmart.com/c/|PUBID|/568844/9383?veh=aff&sourceid=imp_000011112222333344&u=http%3A%2F%2Faffil.walmart.com%2Fcart%2FaddToCart%3Fitems%3D2753549701,
2026-03-01,paper_towel,Bounty paper towels,Seattle,98101,14988410062,030772160732,"Bounty Paper Towels Select-A-Size White, 2 Mega Rolls, 164 Sheets per Roll",Bounty,Home Page/Household Essentials/Paper & Plastic/Paper Towels/All Paper Towels,1115193_1073264_1149383,,7.96,8.96,11.16,4.5,9143.0,True,Available,https://goto.walmart.com/c/|PUBID|/568844/9383?veh=aff&sourceid=imp_000011112222333344&u=http%3A%2F%2Faffil.walmart.com%2Fcart%2FaddToCart%3Fitems%3D14988410062,
2026-03-01,paper_towel,Bounty paper towels,Seattle,98101,14584700255,030772160701,"Bounty Paper Towels Select-A-Size White, 1 Mega Roll, 164 Sheets per Roll",Bounty,Home Page/Household Essentials/Paper & Plastic/Paper Towels/All Paper Towels,1115193_1073264_1149383,,4.98,,,4.6,10368.0,True,Available,https://goto.walmart.com/c/|PUBID|/568844/9383?veh=aff&sourceid=imp_000011112222333344&u=http%3A%2F%2Faffil.walmart.com%2Fcart%2FaddToCart%3Fitems%3D14584700255,
2026-03-01,paper_towel,Bounty paper towels,Seattle,98101,5245427403,030772116692,"Bounty Essentials Paper Towels Select-A-Size, 2 Triple Rolls, White, 162 Sheets Per Roll",Bounty,Home Page/Household Essentials/Paper & Plastic/Paper Towels/All Paper Towels,1115193_1073264_1149383,,4.97,,,4.6,2364.0,True,Available,https://goto.walmart.com/c/|PUBID|/568844/9383?veh=aff&sourceid=imp_000011112222333344&u=http%3A%2F%2Faffil.walmart.com%2Fcart%2FaddToCart%3Fitems%3D5245427403,
2026-03-01,paper_towel,Bounty paper towels,Seattle,98101,14615506452,030772162750,"Bounty Paper Towels Select-A-Size Print, 2 Triple Rolls, 123 Sheets per Roll",Bounty,Home Page/Household Essentials/Paper & Plastic/Paper Towels/All Paper Towels,1115193_1073264_1149383,,6.97,11.99,41.87,4.6,9802.0,True,Available,https://goto.walmart.com/c/|PUBID|/568844/9383?veh=aff&sourceid=imp_000011112222333344&u=http%3A%2F%2Faffil.walmart.com%2Fcart%2FaddToCart%3Fitems%3D14615506452,
2026-03-01,paper_towel,Bounty paper towels,Seattle,98101,1199187956,030772061398,"Bounty Paper Towels Select-a-Size, 2 Triple Rolls, Print",Bounty,Home Page/Household Essentials/Paper & Plastic/Paper Towels/All Paper Towels,1115193_1073264_1149383,,15.9,9.0,-76.67,4.6,10616.0,True,Available,https://goto.walmart.com/c/|PUBID|/568844/9383?veh=aff&sourceid=imp_000011112222333344&u=http%3A%2F%2Faffil.walmart.com%2Fcart%2FaddToCart%3Fitems%3D1199187956,
2026-03-01,paper_towel,Bounty paper towels,Seattle,98101,2345035437,030772036808,"Bounty Paper Towels Select-A-Size, 6 Mega Rolls",Bounty,Home Page/Household Essentials/Paper & Plastic/Paper Towels/All Paper Towels,1115193_1073264_1149383,,30.84,44.0,29.91,4.6,10610.0,True,Available,https://goto.walmart.com/c/|PUBID|/568844/9383?veh=aff&sourceid=imp_000011112222333344&u=http%3A%2F%2Faffil.walmart.com%2Fcart%2FaddToCart%3Fitems%3D2345035437,
2026-03-01,paper_towel,Bounty paper towels,Seattle,98101,1226676127,030772058497,"Bounty Paper Towels Full Sheet, 6 Triple Rolls",Bounty,Home Page/Household Essentials/Paper & Plastic/Paper Towels/All Paper Towels,1115193_1073264_1149383,,27.55,35.93,23.32,4.5,6806.0,True,Available,https://goto.walmart.com/c/|PUBID|/568844/9383?veh=aff&sourceid=imp_000011112222333344&u=http%3A%2F%2Faffil.walmart.com%2Fcart%2FaddToCart%3Fitems%3D1226676127,
2026-03-01,paper_towel,Bounty paper towels,Seattle,98101,14628465745,030772160084,"Bounty Paper Towels Full Sheet White, 6 Triple Rolls, 75 Sheets per Roll",Bounty,Home Page/Household Essentials/Paper & Plastic/Paper Towels/All Paper Towels,1115193_1073264_1149383,,16.94,,,4.5,7210.0,True,Available,https://goto.walmart.com/c/|PUBID|/568844/9383?veh=aff&sourceid=imp_000011112222333344&u=http%3A%2F%2Faffil.walmart.com%2Fcart%2FaddToCart%3Fitems%3D14628465745,
2026-03-01,paper_towel,Bounty paper towels,Seattle,98101,14600911831,030772160411,"Bounty Paper Towels Select-A-Size White, 12 Triple Rolls, 123 Sheets per Roll",Bounty,Home Page/Household Essentials/Paper & Plastic/Paper Towels/All Paper Towels,1115193_1073264_1149383,,33.18,,,4.5,10895.0,True,Available,https://goto.walmart.com/c/|PUBID|/568844/9383?veh=aff&sourceid=imp_000011112222333344&u=http%3A%2F%2Faffil.walmart.com%2Fcart%2FaddToCart%3Fitems%3D14600911831,
2026-03-01,paper_towel,Bounty paper towels,Seattle,98101,5245428013,030772118337,"Bounty Paper Towels Select-A-Size, 12 Triple Rolls",Bounty,Home Page/Household Essentials/Paper & Plastic/Paper Towels/All Paper Towels,1115193_1073264_1149383,,46.48,62.0,25.03,4.6,9518.0,True,Available,https://goto.walmart.com/c/|PUBID|/568844/9383?veh=aff&sourceid=imp_000011112222333344&u=http%3A%2F%2Faffil.walmart.com%2Fcart%2FaddToCart%3Fitems%3D5245428013,
2026-03-01,paper_towel,Bounty paper towels,Seattle,98101,5656243117,030772110911,"Bounty Essentials Select-A-Size Paper Towels, Double Rolls, White, 108 Sheets Per Roll, 2 Count",Bounty,Home Page/Household Essentials/Paper & Plastic/Paper Towels/All Paper Towels,1115193_1073264_1149383,,10.19,18.57,45.13,4.8,95.0,True,Available,https://goto.walmart.com/c/|PUBID|/568844/9383?veh=aff&sourceid=imp_000011112222333344&u=http%3A%2F%2Faffil.walmart.com%2Fcart%2FaddToCart%3Fitems%3D5656243117,
2026-03-01,paper_towel,Bounty paper towels,Seattle,98101,5304421551,030772116678,"Bounty Essentials Paper Towels Select-a-Size, 6 Triple Rolls",Bounty,Home Page/Household Essentials/Paper & Plastic/Paper Towels/All Paper Towels,1115193_1073264_1149383,,32.87,19.99,-64.43,4.3,482.0,True,Available,https://goto.walmart.com/c/|PUBID|/568844/9383?veh=aff&sourceid=imp_000011112222333344&u=http%3A%2F%2Faffil.walmart.com%2Fcart%2FaddToCart%3Fitems%3D5304421551,
2026-03-01,paper_towel,Bounty paper towels,Seattle,98101,2389155035,030772072509,"Bounty Select-A-Size Paper Towels, White, 4 Single Plus Rolls",Bounty,Home Page/Household Essentials/Paper & Plastic/Paper Towels/All Paper Towels,1115193_1073264_1149383,,26.99,14.98,-80.17,4.5,7903.0,True,Available,https://goto.walmart.com/c/|PUBID|/568844/9383?veh=aff&sourceid=imp_000011112222333344&u=http%3A%2F%2Faffil.walmart.com%2Fcart%2FaddToCart%3Fitems%3D2389155035,
2026-03-01,paper_towel,Bounty paper towels,Seattle,98101,610058953,037000665755,"Bounty Select-a-Size Kitchen Rolls Paper Towel 2-Ply White 98 Sheets, 4 Double Rolls",Bounty,Home Page/Household Essentials/Paper & Plastic/Paper Towels/All Paper Towels,1115193_1073264_1149383,,27.77,109.98,74.75,4.6,7548.0,True,Available,https://goto.walmart.com/c/|PUBID|/568844/9383?veh=aff&sourceid=imp_000011112222333344&u=http%3A%2F%2Faffil.walmart.com%2Fcart%2FaddToCart%3Fitems%3D610058953,
2026-03-01,paper_towel,Bounty paper towels,Seattle,98101,14580169803,030772160763,"Bounty Paper Towels Full Sheet White, 6 Mega Rolls, 100 Sheets per Roll",Bounty,Home Page/Household Essentials/Paper & Plastic/Paper Towels/All Paper Towels,1115193_1073264_1149383,,31.9,28.0,-13.93,4.5,5763.0,True,Available,https://goto.walmart.com/c/|PUBID|/568844/9383?veh=aff&sourceid=imp_000011112222333344&u=http%3A%2F%2Faffil.walmart.com%2Fcart%2FaddToCart%3Fitems%3D14580169803,
2026-03-01,paper_towel,Bounty paper towels,Issaquah,98027,1126506431,030772056301,"Bounty Paper Towels Select-a-Size, 6 Triple Rolls",Bounty,Home Page/Household Essentials/Paper & Plastic/Paper Towels/Bounty Paper Towels,1115193_1073264_1149383,,25.59,42.35,39.57,4.7,33090.0,True,Available,https://goto.walmart.com/c/|PUBID|/568844/9383?veh=aff&sourceid=imp_000011112222333344&u=http%3A%2F%2Faffil.walmart.com%2Fcart%2FaddToCart%3Fitems%3D1126506431,
2026-03-01,paper_towel,Bounty paper towels,Issaquah,98027,14580219389,030772160206,"Bounty Paper Towels Select-A-Size White, 6 Triple Rolls, 123 Sheets Per Roll",Bounty,Home Page/Household Essentials/Paper & Plastic/Paper Towels/All Paper Towels,1115193_1073264_1149383,,16.94,45.78,63.0,4.7,30409.0,True,Available,https://goto.walmart.com/c/|PUBID|/568844/9383?veh=aff&sourceid=imp_000011112222333344&u=http%3A%2F%2Faffil.walmart.com%2Fcart%2FaddToCart%3Fitems%3D14580219389,
2026-03-01,paper_towel,Bounty paper towels,Issaquah,98027,14584700257,030772157053,"Bounty Paper Towels Select-A-Size White, 12 Double Rolls, 82 Sheets per Roll",Bounty,Home Page/Household Essentials/Paper & Plastic/Paper Towels/All Paper Towels,1115193_1073264_1149383,,36.93,62.88,41.27,4.6,14881.0,True,Available,https://goto.walmart.com/c/|PUBID|/568844/9383?veh=aff&sourceid=imp_000011112222333344&u=http%3A%2F%2Faffil.walmart.com%2Fcart%2FaddToCart%3Fitems%3D14584700257,
2026-03-01,paper_towel,Bounty paper towels,Issaquah,98027,14618210300,030772160428,"Bounty Paper Towels Select-A-Size White, 2 Triple Rolls, 123 Sheets per Roll",Bounty,Home Page/Household Essentials/Paper & Plastic/Paper Towels/All Paper Towels,1115193_1073264_1149383,,6.97,11.97,41.77,4.7,16612.0,True,Available,https://goto.walmart.com/c/|PUBID|/568844/9383?veh=aff&sourceid=imp_000011112222333344&u=http%3A%2F%2Faffil.walmart.com%2Fcart%2FaddToCart%3Fitems%3D14618210300,
2026-03-01,paper_towel,Bounty paper towels,Issaquah,98027,5308263928,030772110959,"Bounty Essentials Paper Towels Select-A-Size 6 Double Rolls, White, 108 Sheets Per Roll",Bounty,Home Page/Household Essentials/Paper & Plastic/Paper Towels/All Paper Towels,1115193_1073264_1149383,,7.97,9.0,11.44,4.6,15305.0,True,Available,https://goto.walmart.com/c/|PUBID|/568844/9383?veh=aff&sourceid=imp_000011112222333344&u=http%3A%2F%2Faffil.walmart.com%2Fcart%2FaddToCart%3Fitems%3D5308263928,
2026-03-01,paper_towel,Bounty paper towels,Issaquah,98027,14618210310,030772160091,"Bounty Paper Towels Select-A-Size White, 4 Triple Rolls, 123 Sheets per Roll",Bounty,Home Page/Household Essentials/Paper & Plastic/Paper Towels/All Paper Towels,1115193_1073264_1149383,,11.77,,,4.6,13846.0,True,Available,https://goto.walmart.com/c/|PUBID|/568844/9383?veh=aff&sourceid=imp_000011112222333344&u=http%3A%2F%2Faffil.walmart.com%2Fcart%2FaddToCart%3Fitems%3D14618210310,
2026-03-01,paper_towel,Bounty paper towels,Issaquah,98027,1426559824,030772056622,"Bounty Paper Towels Select-a-Size, 10 Triple Rolls",Bounty,Home Page/Household Essentials/Paper & Plastic/Paper Towels/All Paper Towels,1115193_1073264_1149383,,38.36,53.0,27.62,4.7,17546.0,True,Available,https://goto.walmart.com/c/|PUBID|/568844/9383?veh=aff&sourceid=imp_000011112222333344&u=http%3A%2F%2Faffil.walmart.com%2Fcart%2FaddToCart%3Fitems%3D1426559824,
2026-03-01,paper_towel,Bounty paper towels,Issaquah,98027,2351148881,030772061343,"Bounty Paper Towels Select-a-Size, 4 Triple Rolls",Bounty,Home Page/Household Essentials/Paper & Plastic/Paper Towels/All Paper Towels,1115193_1073264_1149383,,17.45,41.16,57.6,4.7,19385.0,True,Available,https://goto.walmart.com/c/|PUBID|/568844/9383?veh=aff&sourceid=imp_000011112222333344&u=http%3A%2F%2Faffil.walmart.com%2Fcart%2FaddToCart%3Fitems%3D2351148881,
2026-03-01,paper_towel,Bounty paper towels,Issaquah,98027,2756949954,030772061336,"Bounty Paper Towels Select-a-Size, 2 Triple Rolls",Bounty,Home Page/Household Essentials/Paper & Plastic/Paper Towels/All Paper Towels,1115193_1073264_1149383,,15.49,24.43,36.59,4.7,19053.0,True,Available,https://goto.walmart.com/c/|PUBID|/568844/9383?veh=aff&sourceid=imp_000011112222333344&u=http%3A%2F%2Faffil.walmart.com%2Fcart%2FaddToCart%3Fitems%3D2756949954,
2026-03-01,paper_towel,Bounty paper towels,Issaquah,98027,14600961556,030772160145,"Bounty Paper Towels Select-A-Size White, 8 Triple Rolls, 123 Sheets per Roll",Bounty,Home Page/Household Essentials/Paper & Plastic/Paper Towels/All Paper Towels,1115193_1073264_1149383,,22.46,62.8,64.24,4.5,11316.0,True,Available,https://goto.walmart.com/c/|PUBID|/568844/9383?veh=aff&sourceid=imp_000011112222333344&u=http%3A%2F%2Faffil.walmart.com%2Fcart%2FaddToCart%3Fitems%3D14600961556,
2026-03-01,paper_towel,Bounty paper towels,Issaquah,98027,14628565544,030772160190,"Bounty Paper Towels Select-A-Size White, 10 Triple Rolls, 123 Sheets Per Roll",Bounty,Home Page/Household Essentials/Paper & Plastic/Paper Towels/All Paper Towels,1115193_1073264_1149383,,27.66,,,4.6,18031.0,True,Available,https://goto.walmart.com/c/|PUBID|/568844/9383?veh=aff&sourceid=imp_000011112222333344&u=http%3A%2F%2Faffil.walmart.com%2Fcart%2FaddToCart%3Fitems%3D14628565544,
2026-03-01,paper_towel,Bounty paper towels,Issaquah,98027,2662173698,030772056615,"Bounty Paper Towels Select-a-Size, 8 Triple Rolls",Bounty,Home Page/Household Essentials/Paper & Plastic/Paper Towels/All Paper Towels,1115193_1073264_1149383,,31.19,54.76,43.04,4.7,18671.0,True,Available,https://goto.walmart.com/c/|PUBID|/568844/9383?veh=aff&sourceid=imp_000011112222333344&u=http%3A%2F%2Faffil.walmart.com%2Fcart%2FaddToCart%3Fitems%3D2662173698,
2026-03-01,paper_towel,Bounty paper towels,Issaquah,98027,14580319069,030772160718,"Bounty Paper Towels Select-A-Size White, 6 Mega Rolls, 164 Sheets per Roll",Bounty,Home Page/Household Essentials/Paper & Plastic/Paper Towels/All Paper Towels,1115193_1073264_1149383,,19.96,22.18,10.01,4.6,17148.0,True,Available,https://goto.walmart.com/c/|PUBID|/568844/9383?veh=aff&sourceid=imp_000011112222333344&u=http%3A%2F%2Faffil.walmart.com%2Fcart%2FaddToCart%3Fitems%3D14580319069,
2026-03-01,paper_towel,Bounty paper towels,Issaquah,98027,18962514237,,"(6 pack) Bounty Paper Towels Select-A-Size White, 2 Triple Rolls, 123 Sheets per Roll",Bounty,Home Page/Household Essentials/Paper & Plastic/Paper Towels/All Paper Towels,1115193_1073264_1149383,,41.82,,,,,True,Available,https://goto.walmart.com/c/|PUBID|/568844/9383?veh=aff&sourceid=imp_000011112222333344&u=http%3A%2F%2Faffil.walmart.com%2Fcart%2FaddToCart%3Fitems%3D18962514237,
2026-03-01,paper_towel,Bounty paper towels,Issaquah,98027,2753549701,030772105856,"Bounty Paper Towels Select-A-Size, 1 Mega Roll",Bounty,Home Page/Household Essentials/Paper & Plastic/Paper Towels/All Paper Towels,1115193_1073264_1149383,,14.0,16.0,12.5,4.6,10595.0,True,Available,https://goto.walmart.com/c/|PUBID|/568844/9383?veh=aff&sourceid=imp_000011112222333344&u=http%3A%2F%2Faffil.walmart.com%2Fcart%2FaddToCart%3Fitems%3D2753549701,
2026-03-01,paper_towel,Bounty paper towels,Issaquah,98027,14988410062,030772160732,"Bounty Paper Towels Select-A-Size White, 2 Mega Rolls, 164 Sheets per Roll",Bounty,Home Page/Household Essentials/Paper & Plastic/Paper Towels/All Paper Towels,1115193_1073264_1149383,,7.96,8.96,11.16,4.5,9143.0,True,Available,https://goto.walmart.com/c/|PUBID|/568844/9383?veh=aff&sourceid=imp_000011112222333344&u=http%3A%2F%2Faffil.walmart.com%2Fcart%2FaddToCart%3Fitems%3D14988410062,
2026-03-01,paper_towel,Bounty paper towels,Issaquah,98027,14584700255,030772160701,"Bounty Paper Towels Select-A-Size White, 1 Mega Roll, 164 Sheets per Roll",Bounty,Home Page/Household Essentials/Paper & Plastic/Paper Towels/All Paper Towels,1115193_1073264_1149383,,4.98,,,4.6,10368.0,True,Available,https://goto.walmart.com/c/|PUBID|/568844/9383?veh=aff&sourceid=imp_000011112222333344&u=http%3A%2F%2Faffil.walmart.com%2Fcart%2FaddToCart%3Fitems%3D14584700255,
2026-03-01,paper_towel,Bounty paper towels,Issaquah,98027,5245427403,030772116692,"Bounty Essentials Paper Towels Select-A-Size, 2 Triple Rolls, White, 162 Sheets Per Roll",Bounty,Home Page/Household Essentials/Paper & Plastic/Paper Towels/All Paper Towels,1115193_1073264_1149383,,4.97,,,4.6,2364.0,True,Available,https://goto.walmart.com/c/|PUBID|/568844/9383?veh=aff&sourceid=imp_000011112222333344&u=http%3A%2F%2Faffil.walmart.com%2Fcart%2FaddToCart%3Fitems%3D5245427403,
2026-03-01,paper_towel,Bounty paper towels,Issaquah,98027,14615506452,030772162750,"Bounty Paper Towels Select-A-Size Print, 2 Triple Rolls, 123 Sheets per Roll",Bounty,Home Page/Household Essentials/Paper & Plastic/Paper Towels/All Paper Towels,1115193_1073264_1149383,,6.97,11.99,41.87,4.6,9802.0,True,Available,https://goto.walmart.com/c/|PUBID|/568844/9383?veh=aff&sourceid=imp_000011112222333344&u=http%3A%2F%2Faffil.walmart.com%2Fcart%2FaddToCart%3Fitems%3D14615506452,
2026-03-01,paper_towel,Bounty paper towels,Issaquah,98027,1199187956,030772061398,"Bounty Paper Towels Select-a-Size, 2 Triple Rolls, Print",Bounty,Home Page/Household Essentials/Paper & Plastic/Paper Towels/All Paper Towels,1115193_1073264_1149383,,15.9,9.0,-76.67,4.6,10616.0,True,Available,https://goto.walmart.com/c/|PUBID|/568844/9383?veh=aff&sourceid=imp_000011112222333344&u=http%3A%2F%2Faffil.walmart.com%2Fcart%2FaddToCart%3Fitems%3D1199187956,
2026-03-01,paper_towel,Bounty paper towels,Issaquah,98027,2345035437,030772036808,"Bounty Paper Towels Select-A-Size, 6 Mega Rolls",Bounty,Home Page/Household Essentials/Paper & Plastic/Paper Towels/All Paper Towels,1115193_1073264_1149383,,30.84,44.0,29.91,4.6,10610.0,True,Available,https://goto.walmart.com/c/|PUBID|/568844/9383?veh=aff&sourceid=imp_000011112222333344&u=http%3A%2F%2Faffil.walmart.com%2Fcart%2FaddToCart%3Fitems%3D2345035437,
2026-03-01,paper_towel,Bounty paper towels,Issaquah,98027,1226676127,030772058497,"Bounty Paper Towels Full Sheet, 6 Triple Rolls",Bounty,Home Page/Household Essentials/Paper & Plastic/Paper Towels/All Paper Towels,1115193_1073264_1149383,,27.55,35.93,23.32,4.5,6806.0,True,Available,https://goto.walmart.com/c/|PUBID|/568844/9383?veh=aff&sourceid=imp_000011112222333344&u=http%3A%2F%2Faffil.walmart.com%2Fcart%2FaddToCart%3Fitems%3D1226676127,
2026-03-01,paper_towel,Bounty paper towels,Issaquah,98027,14628465745,030772160084,"Bounty Paper Towels Full Sheet White, 6 Triple Rolls, 75 Sheets per Roll",Bounty,Home Page/Household Essentials/Paper & Plastic/Paper Towels/All Paper Towels,1115193_1073264_1149383,,16.94,,,4.5,7210.0,True,Available,https://goto.walmart.com/c/|PUBID|/568844/9383?veh=aff&sourceid=imp_000011112222333344&u=http%3A%2F%2Faffil.walmart.com%2Fcart%2FaddToCart%3Fitems%3D14628465745,
2026-03-01,paper_towel,Bounty paper towels,Issaquah,98027,14600911831,030772160411,"Bounty Paper Towels Select-A-Size White, 12 Triple Rolls, 123 Sheets per Roll",Bounty,Home Page/Household Essentials/Paper & Plastic/Paper Towels/All Paper Towels,1115193_1073264_1149383,,33.18,,,4.5,10895.0,True,Available,https://goto.walmart.com/c/|PUBID|/568844/9383?veh=aff&sourceid=imp_000011112222333344&u=http%3A%2F%2Faffil.walmart.com%2Fcart%2FaddToCart%3Fitems%3D14600911831,
2026-03-01,paper_towel,Bounty paper towels,Issaquah,98027,5245428013,030772118337,"Bounty Paper Towels Select-A-Size, 12 Triple Rolls",Bounty,Home Page/Household Essentials/Paper & Plastic/Paper Towels/All Paper Towels,1115193_1073264_1149383,,46.48,62.0,25.03,4.6,9518.0,True,Available,https://goto.walmart.com/c/|PUBID|/568844/9383?veh=aff&sourceid=imp_000011112222333344&u=http%3A%2F%2Faffil.walmart.com%2Fcart%2FaddToCart%3Fitems%3D5245428013,
2026-03-01,paper_towel,Bounty paper towels,Issaquah,98027,5656243117,030772110911,"Bounty Essentials Select-A-Size Paper Towels, Double Rolls, White, 108 Sheets Per Roll, 2 Count",Bounty,Home Page/Household Essentials/Paper & Plastic/Paper Towels/All Paper Towels,1115193_1073264_1149383,,10.19,18.57,45.13,4.8,95.0,True,Available,https://goto.walmart.com/c/|PUBID|/568844/9383?veh=aff&sourceid=imp_000011112222333344&u=http%3A%2F%2Faffil.walmart.com%2Fcart%2FaddToCart%3Fitems%3D5656243117,
2026-03-01,paper_towel,Bounty paper towels,Issaquah,98027,5304421551,030772116678,"Bounty Essentials Paper Towels Select-a-Size, 6 Triple Rolls",Bounty,Home Page/Household Essentials/Paper & Plastic/Paper Towels/All Paper Towels,1115193_1073264_1149383,,32.87,19.99,-64.43,4.3,482.0,True,Available,https://goto.walmart.com/c/|PUBID|/568844/9383?veh=aff&sourceid=imp_000011112222333344&u=http%3A%2F%2Faffil.walmart.com%2Fcart%2FaddToCart%3Fitems%3D5304421551,
2026-03-01,paper_towel,Bounty paper towels,Issaquah,98027,2389155035,030772072509,"Bounty Select-A-Size Paper Towels, White, 4 Single Plus Rolls",Bounty,Home Page/Household Essentials/Paper & Plastic/Paper Towels/All Paper Towels,1115193_1073264_1149383,,26.99,14.98,-80.17,4.5,7903.0,True,Available,https://goto.walmart.com/c/|PUBID|/568844/9383?veh=aff&sourceid=imp_000011112222333344&u=http%3A%2F%2Faffil.walmart.com%2Fcart%2FaddToCart%3Fitems%3D2389155035,
2026-03-01,paper_towel,Bounty paper towels,Issaquah,98027,610058953,037000665755,"Bounty Select-a-Size Kitchen Rolls Paper Towel 2-Ply White 98 Sheets, 4 Double Rolls",Bounty,Home Page/Household Essentials/Paper & Plastic/Paper Towels/All Paper Towels,1115193_1073264_1149383,,27.77,109.98,74.75,4.6,7548.0,True,Available,https://goto.walmart.com/c/|PUBID|/568844/9383?veh=aff&sourceid=imp_000011112222333344&u=http%3A%2F%2Faffil.walmart.com%2Fcart%2FaddToCart%3Fitems%3D610058953,
2026-03-01,paper_towel,Bounty paper towels,Issaquah,98027,14580169803,030772160763,"Bounty Paper Towels Full Sheet White, 6 Mega Rolls, 100 Sheets per Roll",Bounty,Home Page/Household Essentials/Paper & Plastic/Paper Towels/All Paper Towels,1115193_1073264_1149383,,31.9,28.0,-13.93,4.5,5763.0,True,Available,https://goto.walmart.com/c/|PUBID|/568844/9383?veh=aff&sourceid=imp_000011112222333344&u=http%3A%2F%2Faffil.walmart.com%2Fcart%2FaddToCart%3Fitems%3D14580169803,
2026-03-01,paper_towel,Bounty paper towels,Tukwila,98188,1126506431,030772056301,"Bounty Paper Towels Select-a-Size, 6 Triple Rolls",Bounty,Home Page/Household Essentials/Paper & Plastic/Paper Towels/Bounty Paper Towels,1115193_1073264_1149383,,25.59,42.35,39.57,4.7,33090.0,True,Available,https://goto.walmart.com/c/|PUBID|/568844/9383?veh=aff&sourceid=imp_000011112222333344&u=http%3A%2F%2Faffil.walmart.com%2Fcart%2FaddToCart%3Fitems%3D1126506431,
2026-03-01,paper_towel,Bounty paper towels,Tukwila,98188,14580219389,030772160206,"Bounty Paper Towels Select-A-Size White, 6 Triple Rolls, 123 Sheets Per Roll",Bounty,Home Page/Household Essentials/Paper & Plastic/Paper Towels/All Paper Towels,1115193_1073264_1149383,,16.94,45.78,63.0,4.7,30409.0,True,Available,https://goto.walmart.com/c/|PUBID|/568844/9383?veh=aff&sourceid=imp_000011112222333344&u=http%3A%2F%2Faffil.walmart.com%2Fcart%2FaddToCart%3Fitems%3D14580219389,
2026-03-01,paper_towel,Bounty paper towels,Tukwila,98188,14584700257,030772157053,"Bounty Paper Towels Select-A-Size White, 12 Double Rolls, 82 Sheets per Roll",Bounty,Home Page/Household Essentials/Paper & Plastic/Paper Towels/All Paper Towels,1115193_1073264_1149383,,36.93,62.88,41.27,4.6,14881.0,True,Available,https://goto.walmart.com/c/|PUBID|/568844/9383?veh=aff&sourceid=imp_000011112222333344&u=http%3A%2F%2Faffil.walmart.com%2Fcart%2FaddToCart%3Fitems%3D14584700257,
2026-03-01,paper_towel,Bounty paper towels,Tukwila,98188,14618210300,030772160428,"Bounty Paper Towels Select-A-Size White, 2 Triple Rolls, 123 Sheets per Roll",Bounty,Home Page/Household Essentials/Paper & Plastic/Paper Towels/All Paper Towels,1115193_1073264_1149383,,6.97,11.97,41.77,4.7,16612.0,True,Available,https://goto.walmart.com/c/|PUBID|/568844/9383?veh=aff&sourceid=imp_000011112222333344&u=http%3A%2F%2Faffil.walmart.com%2Fcart%2FaddToCart%3Fitems%3D14618210300,
2026-03-01,paper_towel,Bounty paper towels,Tukwila,98188,5308263928,030772110959,"Bounty Essentials Paper Towels Select-A-Size 6 Double Rolls, White, 108 Sheets Per Roll",Bounty,Home Page/Household Essentials/Paper & Plastic/Paper Towels/All Paper Towels,1115193_1073264_1149383,,7.97,9.0,11.44,4.6,15305.0,True,Available,https://goto.walmart.com/c/|PUBID|/568844/9383?veh=aff&sourceid=imp_000011112222333344&u=http%3A%2F%2Faffil.walmart.com%2Fcart%2FaddToCart%3Fitems%3D5308263928,
2026-03-01,paper_towel,Bounty paper towels,Tukwila,98188,14618210310,030772160091,"Bounty Paper Towels Select-A-Size White, 4 Triple Rolls, 123 Sheets per Roll",Bounty,Home Page/Household Essentials/Paper & Plastic/Paper Towels/All Paper Towels,1115193_1073264_1149383,,11.77,,,4.6,13846.0,True,Available,https://goto.walmart.com/c/|PUBID|/568844/9383?veh=aff&sourceid=imp_000011112222333344&u=http%3A%2F%2Faffil.walmart.com%2Fcart%2FaddToCart%3Fitems%3D14618210310,
2026-03-01,paper_towel,Bounty paper towels,Tukwila,98188,1426559824,030772056622,"Bounty Paper Towels Select-a-Size, 10 Triple Rolls",Bounty,Home Page/Household Essentials/Paper & Plastic/Paper Towels/All Paper Towels,1115193_1073264_1149383,,38.36,53.0,27.62,4.7,17547.0,True,Available,https://goto.walmart.com/c/|PUBID|/568844/9383?veh=aff&sourceid=imp_000011112222333344&u=http%3A%2F%2Faffil.walmart.com%2Fcart%2FaddToCart%3Fitems%3D1426559824,
2026-03-01,paper_towel,Bounty paper towels,Tukwila,98188,2351148881,030772061343,"Bounty Paper Towels Select-a-Size, 4 Triple Rolls",Bounty,Home Page/Household Essentials/Paper & Plastic/Paper Towels/All Paper Towels,1115193_1073264_1149383,,17.45,41.16,57.6,4.7,19385.0,True,Available,https://goto.walmart.com/c/|PUBID|/568844/9383?veh=aff&sourceid=imp_000011112222333344&u=http%3A%2F%2Faffil.walmart.com%2Fcart%2FaddToCart%3Fitems%3D2351148881,
2026-03-01,paper_towel,Bounty paper towels,Tukwila,98188,2756949954,030772061336,"Bounty Paper Towels Select-a-Size, 2 Triple Rolls",Bounty,Home Page/Household Essentials/Paper & Plastic/Paper Towels/All Paper Towels,1115193_1073264_1149383,,15.49,24.43,36.59,4.7,19053.0,True,Available,https://goto.walmart.com/c/|PUBID|/568844/9383?veh=aff&sourceid=imp_000011112222333344&u=http%3A%2F%2Faffil.walmart.com%2Fcart%2FaddToCart%3Fitems%3D2756949954,
2026-03-01,paper_towel,Bounty paper towels,Tukwila,98188,14600961556,030772160145,"Bounty Paper Towels Select-A-Size White, 8 Triple Rolls, 123 Sheets per Roll",Bounty,Home Page/Household Essentials/Paper & Plastic/Paper Towels/All Paper Towels,1115193_1073264_1149383,,22.46,62.8,64.24,4.5,11316.0,True,Available,https://goto.walmart.com/c/|PUBID|/568844/9383?veh=aff&sourceid=imp_000011112222333344&u=http%3A%2F%2Faffil.walmart.com%2Fcart%2FaddToCart%3Fitems%3D14600961556,
2026-03-01,paper_towel,Bounty paper towels,Tukwila,98188,14628565544,030772160190,"Bounty Paper Towels Select-A-Size White, 10 Triple Rolls, 123 Sheets Per Roll",Bounty,Home Page/Household Essentials/Paper & Plastic/Paper Towels/All Paper Towels,1115193_1073264_1149383,,27.66,,,4.6,18031.0,True,Available,https://goto.walmart.com/c/|PUBID|/568844/9383?veh=aff&sourceid=imp_000011112222333344&u=http%3A%2F%2Faffil.walmart.com%2Fcart%2FaddToCart%3Fitems%3D14628565544,
2026-03-01,paper_towel,Bounty paper towels,Tukwila,98188,2662173698,030772056615,"Bounty Paper Towels Select-a-Size, 8 Triple Rolls",Bounty,Home Page/Household Essentials/Paper & Plastic/Paper Towels/All Paper Towels,1115193_1073264_1149383,,31.19,54.76,43.04,4.7,18671.0,True,Available,https://goto.walmart.com/c/|PUBID|/568844/9383?veh=aff&sourceid=imp_000011112222333344&u=http%3A%2F%2Faffil.walmart.com%2Fcart%2FaddToCart%3Fitems%3D2662173698,
2026-03-01,paper_towel,Bounty paper towels,Tukwila,98188,14580319069,030772160718,"Bounty Paper Towels Select-A-Size White, 6 Mega Rolls, 164 Sheets per Roll",Bounty,Home Page/Household Essentials/Paper & Plastic/Paper Towels/All Paper Towels,1115193_1073264_1149383,,19.96,22.18,10.01,4.6,17148.0,True,Available,https://goto.walmart.com/c/|PUBID|/568844/9383?veh=aff&sourceid=imp_000011112222333344&u=http%3A%2F%2Faffil.walmart.com%2Fcart%2FaddToCart%3Fitems%3D14580319069,
2026-03-01,paper_towel,Bounty paper towels,Tukwila,98188,18962514237,,"(6 pack) Bounty Paper Towels Select-A-Size White, 2 Triple Rolls, 123 Sheets per Roll",Bounty,Home Page/Household Essentials/Paper & Plastic/Paper Towels/All Paper Towels,1115193_1073264_1149383,,41.82,,,,,True,Available,https://goto.walmart.com/c/|PUBID|/568844/9383?veh=aff&sourceid=imp_000011112222333344&u=http%3A%2F%2Faffil.walmart.com%2Fcart%2FaddToCart%3Fitems%3D18962514237,
2026-03-01,paper_towel,Bounty paper towels,Tukwila,98188,2753549701,030772105856,"Bounty Paper Towels Select-A-Size, 1 Mega Roll",Bounty,Home Page/Household Essentials/Paper & Plastic/Paper Towels/All Paper Towels,1115193_1073264_1149383,,14.0,16.0,12.5,4.6,10595.0,True,Available,https://goto.walmart.com/c/|PUBID|/568844/9383?veh=aff&sourceid=imp_000011112222333344&u=http%3A%2F%2Faffil.walmart.com%2Fcart%2FaddToCart%3Fitems%3D2753549701,
2026-03-01,paper_towel,Bounty paper towels,Tukwila,98188,14988410062,030772160732,"Bounty Paper Towels Select-A-Size White, 2 Mega Rolls, 164 Sheets per Roll",Bounty,Home Page/Household Essentials/Paper & Plastic/Paper Towels/All Paper Towels,1115193_1073264_1149383,,7.96,8.96,11.16,4.5,9143.0,True,Available,https://goto.walmart.com/c/|PUBID|/568844/9383?veh=aff&sourceid=imp_000011112222333344&u=http%3A%2F%2Faffil.walmart.com%2Fcart%2FaddToCart%3Fitems%3D14988410062,
2026-03-01,paper_towel,Bounty paper towels,Tukwila,98188,14584700255,030772160701,"Bounty Paper Towels Select-A-Size White, 1 Mega Roll, 164 Sheets per Roll",Bounty,Home Page/Household Essentials/Paper & Plastic/Paper Towels/All Paper Towels,1115193_1073264_1149383,,4.98,,,4.6,10368.0,True,Available,https://goto.walmart.com/c/|PUBID|/568844/9383?veh=aff&sourceid=imp_000011112222333344&u=http%3A%2F%2Faffil.walmart.com%2Fcart%2FaddToCart%3Fitems%3D14584700255,
2026-03-01,paper_towel,Bounty paper towels,Tukwila,98188,5245427403,030772116692,"Bounty Essentials Paper Towels Select-A-Size, 2 Triple Rolls, White, 162 Sheets Per Roll",Bounty,Home Page/Household Essentials/Paper & Plastic/Paper Towels/All Paper Towels,1115193_1073264_1149383,,4.97,,,4.6,2364.0,True,Available,https://goto.walmart.com/c/|PUBID|/568844/9383?veh=aff&sourceid=imp_000011112222333344&u=http%3A%2F%2Faffil.walmart.com%2Fcart%2FaddToCart%3Fitems%3D5245427403,
2026-03-01,paper_towel,Bounty paper towels,Tukwila,98188,14615506452,030772162750,"Bounty Paper Towels Select-A-Size Print, 2 Triple Rolls, 123 Sheets per Roll",Bounty,Home Page/Household Essentials/Paper & Plastic/Paper Towels/All Paper Towels,1115193_1073264_1149383,,6.97,11.99,41.87,4.6,9802.0,True,Available,https://goto.walmart.com/c/|PUBID|/568844/9383?veh=aff&sourceid=imp_000011112222333344&u=http%3A%2F%2Faffil.walmart.com%2Fcart%2FaddToCart%3Fitems%3D14615506452,
2026-03-01,paper_towel,Bounty paper towels,Tukwila,98188,1199187956,030772061398,"Bounty Paper Towels Select-a-Size, 2 Triple Rolls, Print",Bounty,Home Page/Household Essentials/Paper & Plastic/Paper Towels/All Paper Towels,1115193_1073264_1149383,,15.9,9.0,-76.67,4.6,10616.0,True,Available,https://goto.walmart.com/c/|PUBID|/568844/9383?veh=aff&sourceid=imp_000011112222333344&u=http%3A%2F%2Faffil.walmart.com%2Fcart%2FaddToCart%3Fitems%3D1199187956,
2026-03-01,paper_towel,Bounty paper towels,Tukwila,98188,2345035437,030772036808,"Bounty Paper Towels Select-A-Size, 6 Mega Rolls",Bounty,Home Page/Household Essentials/Paper & Plastic/Paper Towels/All Paper Towels,1115193_1073264_1149383,,30.84,44.0,29.91,4.6,10610.0,True,Available,https://goto.walmart.com/c/|PUBID|/568844/9383?veh=aff&sourceid=imp_000011112222333344&u=http%3A%2F%2Faffil.walmart.com%2Fcart%2FaddToCart%3Fitems%3D2345035437,
2026-03-01,paper_towel,Bounty paper towels,Tukwila,98188,1226676127,030772058497,"Bounty Paper Towels Full Sheet, 6 Triple Rolls",Bounty,Home Page/Household Essentials/Paper & Plastic/Paper Towels/All Paper Towels,1115193_1073264_1149383,,27.55,35.93,23.32,4.5,6806.0,True,Available,https://goto.walmart.com/c/|PUBID|/568844/9383?veh=aff&sourceid=imp_000011112222333344&u=http%3A%2F%2Faffil.walmart.com%2Fcart%2FaddToCart%3Fitems%3D1226676127,
2026-03-01,paper_towel,Bounty paper towels,Tukwila,98188,14628465745,030772160084,"Bounty Paper Towels Full Sheet White, 6 Triple Rolls, 75 Sheets per Roll",Bounty,Home Page/Household Essentials/Paper & Plastic/Paper Towels/All Paper Towels,1115193_1073264_1149383,,16.94,,,4.5,7210.0,True,Available,https://goto.walmart.com/c/|PUBID|/568844/9383?veh=aff&sourceid=imp_000011112222333344&u=http%3A%2F%2Faffil.walmart.com%2Fcart%2FaddToCart%3Fitems%3D14628465745,
2026-03-01,paper_towel,Bounty paper towels,Tukwila,98188,14600911831,030772160411,"Bounty Paper Towels Select-A-Size White, 12 Triple Rolls, 123 Sheets per Roll",Bounty,Home Page/Household Essentials/Paper & Plastic/Paper Towels/All Paper Towels,1115193_1073264_1149383,,33.18,,,4.5,10895.0,True,Available,https://goto.walmart.com/c/|PUBID|/568844/9383?veh=aff&sourceid=imp_000011112222333344&u=http%3A%2F%2Faffil.walmart.com%2Fcart%2FaddToCart%3Fitems%3D14600911831,
2026-03-01,paper_towel,Bounty paper towels,Tukwila,98188,5245428013,030772118337,"Bounty Paper Towels Select-A-Size, 12 Triple Rolls",Bounty,Home Page/Household Essentials/Paper & Plastic/Paper Towels/All Paper Towels,1115193_1073264_1149383,,46.48,62.0,25.03,4.6,9518.0,True,Available,https://goto.walmart.com/c/|PUBID|/568844/9383?veh=aff&sourceid=imp_000011112222333344&u=http%3A%2F%2Faffil.walmart.com%2Fcart%2FaddToCart%3Fitems%3D5245428013,
2026-03-01,paper_towel,Bounty paper towels,Tukwila,98188,5656243117,030772110911,"Bounty Essentials Select-A-Size Paper Towels, Double Rolls, White, 108 Sheets Per Roll, 2 Count",Bounty,Home Page/Household Essentials/Paper & Plastic/Paper Towels/All Paper Towels,1115193_1073264_1149383,,10.19,18.57,45.13,4.8,95.0,True,Available,https://goto.walmart.com/c/|PUBID|/568844/9383?veh=aff&sourceid=imp_000011112222333344&u=http%3A%2F%2Faffil.walmart.com%2Fcart%2FaddToCart%3Fitems%3D5656243117,
2026-03-01,paper_towel,Bounty paper towels,Tukwila,98188,5304421551,030772116678,"Bounty Essentials Paper Towels Select-a-Size, 6 Triple Rolls",Bounty,Home Page/Household Essentials/Paper & Plastic/Paper Towels/All Paper Towels,1115193_1073264_1149383,,32.87,19.99,-64.43,4.3,482.0,True,Available,https://goto.walmart.com/c/|PUBID|/568844/9383?veh=aff&sourceid=imp_000011112222333344&u=http%3A%2F%2Faffil.walmart.com%2Fcart%2FaddToCart%3Fitems%3D5304421551,
2026-03-01,paper_towel,Bounty paper towels,Tukwila,98188,2389155035,030772072509,"Bounty Select-A-Size Paper Towels, White, 4 Single Plus Rolls",Bounty,Home Page/Household Essentials/Paper & Plastic/Paper Towels/All Paper Towels,1115193_1073264_1149383,,26.99,14.98,-80.17,4.5,7903.0,True,Available,https://goto.walmart.com/c/|PUBID|/568844/9383?veh=aff&sourceid=imp_000011112222333344&u=http%3A%2F%2Faffil.walmart.com%2Fcart%2FaddToCart%3Fitems%3D2389155035,
2026-03-01,paper_towel,Bounty paper towels,Tukwila,98188,610058953,037000665755,"Bounty Select-a-Size Kitchen Rolls Paper Towel 2-Ply White 98 Sheets, 4 Double Rolls",Bounty,Home Page/Household Essentials/Paper & Plastic/Paper Towels/All Paper Towels,1115193_1073264_1149383,,27.77,109.98,74.75,4.6,7548.0,True,Available,https://goto.walmart.com/c/|PUBID|/568844/9383?veh=aff&sourceid=imp_000011112222333344&u=http%3A%2F%2Faffil.walmart.com%2Fcart%2FaddToCart%3Fitems%3D610058953,
2026-03-01,paper_towel,Bounty paper towels,Tukwila,98188,14580169803,030772160763,"Bounty Paper Towels Full Sheet White, 6 Mega Rolls, 100 Sheets per Roll",Bounty,Home Page/Household Essentials/Paper & Plastic/Paper Towels/All Paper Towels,1115193_1073264_1149383,,31.9,28.0,-13.93,4.5,5763.0,True,Available,https://goto.walmart.com/c/|PUBID|/568844/9383?veh=aff&sourceid=imp_000011112222333344&u=http%3A%2F%2Faffil.walmart.com%2Fcart%2FaddToCart%3Fitems%3D14580169803,
2026-03-01,paper_towel,Bounty paper towels,Woodinville,98072,1126506431,030772056301,"Bounty Paper Towels Select-a-Size, 6 Triple Rolls",Bounty,Home Page/Household Essentials/Paper & Plastic/Paper Towels/Bounty Paper Towels,1115193_1073264_1149383,,25.59,42.35,39.57,4.7,33090.0,True,Available,https://goto.walmart.com/c/|PUBID|/568844/9383?veh=aff&sourceid=imp_000011112222333344&u=http%3A%2F%2Faffil.walmart.com%2Fcart%2FaddToCart%3Fitems%3D1126506431,
2026-03-01,paper_towel,Bounty paper towels,Woodinville,98072,14580219389,030772160206,"Bounty Paper Towels Select-A-Size White, 6 Triple Rolls, 123 Sheets Per Roll",Bounty,Home Page/Household Essentials/Paper & Plastic/Paper Towels/All Paper Towels,1115193_1073264_1149383,,16.94,45.78,63.0,4.7,30409.0,True,Available,https://goto.walmart.com/c/|PUBID|/568844/9383?veh=aff&sourceid=imp_000011112222333344&u=http%3A%2F%2Faffil.walmart.com%2Fcart%2FaddToCart%3Fitems%3D14580219389,
2026-03-01,paper_towel,Bounty paper towels,Woodinville,98072,14584700257,030772157053,"Bounty Paper Towels Select-A-Size White, 12 Double Rolls, 82 Sheets per Roll",Bounty,Home Page/Household Essentials/Paper & Plastic/Paper Towels/All Paper Towels,1115193_1073264_1149383,,36.93,62.88,41.27,4.6,14881.0,True,Available,https://goto.walmart.com/c/|PUBID|/568844/9383?veh=aff&sourceid=imp_000011112222333344&u=http%3A%2F%2Faffil.walmart.com%2Fcart%2FaddToCart%3Fitems%3D14584700257,
2026-03-01,paper_towel,Bounty paper towels,Woodinville,98072,14618210300,030772160428,"Bounty Paper Towels Select-A-Size White, 2 Triple Rolls, 123 Sheets per Roll",Bounty,Home Page/Household Essentials/Paper & Plastic/Paper Towels/All Paper Towels,1115193_1073264_1149383,,6.97,11.97,41.77,4.7,16612.0,True,Available,https://goto.walmart.com/c/|PUBID|/568844/9383?veh=aff&sourceid=imp_000011112222333344&u=http%3A%2F%2Faffil.walmart.com%2Fcart%2FaddToCart%3Fitems%3D14618210300,
2026-03-01,paper_towel,Bounty paper towels,Woodinville,98072,5308263928,030772110959,"Bounty Essentials Paper Towels Select-A-Size 6 Double Rolls, White, 108 Sheets Per Roll",Bounty,Home Page/Household Essentials/Paper & Plastic/Paper Towels/All Paper Towels,1115193_1073264_1149383,,7.97,9.0,11.44,4.6,15305.0,True,Available,https://goto.walmart.com/c/|PUBID|/568844/9383?veh=aff&sourceid=imp_000011112222333344&u=http%3A%2F%2Faffil.walmart.com%2Fcart%2FaddToCart%3Fitems%3D5308263928,
2026-03-01,paper_towel,Bounty paper towels,Woodinville,98072,14618210310,030772160091,"Bounty Paper Towels Select-A-Size White, 4 Triple Rolls, 123 Sheets per Roll",Bounty,Home Page/Household Essentials/Paper & Plastic/Paper Towels/All Paper Towels,1115193_1073264_1149383,,11.77,,,4.6,13846.0,True,Available,https://goto.walmart.com/c/|PUBID|/568844/9383?veh=aff&sourceid=imp_000011112222333344&u=http%3A%2F%2Faffil.walmart.com%2Fcart%2FaddToCart%3Fitems%3D14618210310,
2026-03-01,paper_towel,Bounty paper towels,Woodinville,98072,1426559824,030772056622,"Bounty Paper Towels Select-a-Size, 10 Triple Rolls",Bounty,Home Page/Household Essentials/Paper & Plastic/Paper Towels/All Paper Towels,1115193_1073264_1149383,,38.36,53.0,27.62,4.7,17546.0,True,Available,https://goto.walmart.com/c/|PUBID|/568844/9383?veh=aff&sourceid=imp_000011112222333344&u=http%3A%2F%2Faffil.walmart.com%2Fcart%2FaddToCart%3Fitems%3D1426559824,
2026-03-01,paper_towel,Bounty paper towels,Woodinville,98072,2351148881,030772061343,"Bounty Paper Towels Select-a-Size, 4 Triple Rolls",Bounty,Home Page/Household Essentials/Paper & Plastic/Paper Towels/All Paper Towels,1115193_1073264_1149383,,17.45,41.16,57.6,4.7,19385.0,True,Available,https://goto.walmart.com/c/|PUBID|/568844/9383?veh=aff&sourceid=imp_000011112222333344&u=http%3A%2F%2Faffil.walmart.com%2Fcart%2FaddToCart%3Fitems%3D2351148881,
2026-03-01,paper_towel,Bounty paper towels,Woodinville,98072,2756949954,030772061336,"Bounty Paper Towels Select-a-Size, 2 Triple Rolls",Bounty,Home Page/Household Essentials/Paper & Plastic/Paper Towels/All Paper Towels,1115193_1073264_1149383,,15.49,24.43,36.59,4.7,19053.0,True,Available,https://goto.walmart.com/c/|PUBID|/568844/9383?veh=aff&sourceid=imp_000011112222333344&u=http%3A%2F%2Faffil.walmart.com%2Fcart%2FaddToCart%3Fitems%3D2756949954,
2026-03-01,paper_towel,Bounty paper towels,Woodinville,98072,14600961556,030772160145,"Bounty Paper Towels Select-A-Size White, 8 Triple Rolls, 123 Sheets per Roll",Bounty,Home Page/Household Essentials/Paper & Plastic/Paper Towels/All Paper Towels,1115193_1073264_1149383,,22.46,62.8,64.24,4.5,11316.0,True,Available,https://goto.walmart.com/c/|PUBID|/568844/9383?veh=aff&sourceid=imp_000011112222333344&u=http%3A%2F%2Faffil.walmart.com%2Fcart%2FaddToCart%3Fitems%3D14600961556,
2026-03-01,paper_towel,Bounty paper towels,Woodinville,98072,14628565544,030772160190,"Bounty Paper Towels Select-A-Size White, 10 Triple Rolls, 123 Sheets Per Roll",Bounty,Home Page/Household Essentials/Paper & Plastic/Paper Towels/All Paper Towels,1115193_1073264_1149383,,27.66,,,4.6,18031.0,True,Available,https://goto.walmart.com/c/|PUBID|/568844/9383?veh=aff&sourceid=imp_000011112222333344&u=http%3A%2F%2Faffil.walmart.com%2Fcart%2FaddToCart%3Fitems%3D14628565544,
2026-03-01,paper_towel,Bounty paper towels,Woodinville,98072,2662173698,030772056615,"Bounty Paper Towels Select-a-Size, 8 Triple Rolls",Bounty,Home Page/Household Essentials/Paper & Plastic/Paper Towels/All Paper Towels,1115193_1073264_1149383,,31.19,54.76,43.04,4.7,18671.0,True,Available,https://goto.walmart.com/c/|PUBID|/568844/9383?veh=aff&sourceid=imp_000011112222333344&u=http%3A%2F%2Faffil.walmart.com%2Fcart%2FaddToCart%3Fitems%3D2662173698,
2026-03-01,paper_towel,Bounty paper towels,Woodinville,98072,14580319069,030772160718,"Bounty Paper Towels Select-A-Size White, 6 Mega Rolls, 164 Sheets per Roll",Bounty,Home Page/Household Essentials/Paper & Plastic/Paper Towels/All Paper Towels,1115193_1073264_1149383,,19.96,22.18,10.01,4.6,17148.0,True,Available,https://goto.walmart.com/c/|PUBID|/568844/9383?veh=aff&sourceid=imp_000011112222333344&u=http%3A%2F%2Faffil.walmart.com%2Fcart%2FaddToCart%3Fitems%3D14580319069,
2026-03-01,paper_towel,Bounty paper towels,Woodinville,98072,18962514237,,"(6 pack) Bounty Paper Towels Select-A-Size White, 2 Triple Rolls, 123 Sheets per Roll",Bounty,Home Page/Household Essentials/Paper & Plastic/Paper Towels/All Paper Towels,1115193_1073264_1149383,,41.82,,,,,True,Available,https://goto.walmart.com/c/|PUBID|/568844/9383?veh=aff&sourceid=imp_000011112222333344&u=http%3A%2F%2Faffil.walmart.com%2Fcart%2FaddToCart%3Fitems%3D18962514237,
2026-03-01,paper_towel,Bounty paper towels,Woodinville,98072,2753549701,030772105856,"Bounty Paper Towels Select-A-Size, 1 Mega Roll",Bounty,Home Page/Household Essentials/Paper & Plastic/Paper Towels/All Paper Towels,1115193_1073264_1149383,,14.0,16.0,12.5,4.6,10595.0,True,Available,https://goto.walmart.com/c/|PUBID|/568844/9383?veh=aff&sourceid=imp_000011112222333344&u=http%3A%2F%2Faffil.walmart.com%2Fcart%2FaddToCart%3Fitems%3D2753549701,
2026-03-01,paper_towel,Bounty paper towels,Woodinville,98072,14988410062,030772160732,"Bounty Paper Towels Select-A-Size White, 2 Mega Rolls, 164 Sheets per Roll",Bounty,Home Page/Household Essentials/Paper & Plastic/Paper Towels/All Paper Towels,1115193_1073264_1149383,,7.96,8.96,11.16,4.5,9143.0,True,Available,https://goto.walmart.com/c/|PUBID|/568844/9383?veh=aff&sourceid=imp_000011112222333344&u=http%3A%2F%2Faffil.walmart.com%2Fcart%2FaddToCart%3Fitems%3D14988410062,
2026-03-01,paper_towel,Bounty paper towels,Woodinville,98072,14584700255,030772160701,"Bounty Paper Towels Select-A-Size White, 1 Mega Roll, 164 Sheets per Roll",Bounty,Home Page/Household Essentials/Paper & Plastic/Paper Towels/All Paper Towels,1115193_1073264_1149383,,4.98,,,4.6,10368.0,True,Available,https://goto.walmart.com/c/|PUBID|/568844/9383?veh=aff&sourceid=imp_000011112222333344&u=http%3A%2F%2Faffil.walmart.com%2Fcart%2FaddToCart%3Fitems%3D14584700255,
2026-03-01,paper_towel,Bounty paper towels,Woodinville,98072,5245427403,030772116692,"Bounty Essentials Paper Towels Select-A-Size, 2 Triple Rolls, White, 162 Sheets Per Roll",Bounty,Home Page/Household Essentials/Paper & Plastic/Paper Towels/All Paper Towels,1115193_1073264_1149383,,4.97,,,4.6,2364.0,True,Available,https://goto.walmart.com/c/|PUBID|/568844/9383?veh=aff&sourceid=imp_000011112222333344&u=http%3A%2F%2Faffil.walmart.com%2Fcart%2FaddToCart%3Fitems%3D5245427403,
2026-03-01,paper_towel,Bounty paper towels,Woodinville,98072,14615506452,030772162750,"Bounty Paper Towels Select-A-Size Print, 2 Triple Rolls, 123 Sheets per Roll",Bounty,Home Page/Household Essentials/Paper & Plastic/Paper Towels/All Paper Towels,1115193_1073264_1149383,,6.97,11.99,41.87,4.6,9802.0,True,Available,https://goto.walmart.com/c/|PUBID|/568844/9383?veh=aff&sourceid=imp_000011112222333344&u=http%3A%2F%2Faffil.walmart.com%2Fcart%2FaddToCart%3Fitems%3D14615506452,
2026-03-01,paper_towel,Bounty paper towels,Woodinville,98072,1199187956,030772061398,"Bounty Paper Towels Select-a-Size, 2 Triple Rolls, Print",Bounty,Home Page/Household Essentials/Paper & Plastic/Paper Towels/All Paper Towels,1115193_1073264_1149383,,15.9,9.0,-76.67,4.6,10616.0,True,Available,https://goto.walmart.com/c/|PUBID|/568844/9383?veh=aff&sourceid=imp_000011112222333344&u=http%3A%2F%2Faffil.walmart.com%2Fcart%2FaddToCart%3Fitems%3D1199187956,
2026-03-01,paper_towel,Bounty paper towels,Woodinville,98072,2345035437,030772036808,"Bounty Paper Towels Select-A-Size, 6 Mega Rolls",Bounty,Home Page/Household Essentials/Paper & Plastic/Paper Towels/All Paper Towels,1115193_1073264_1149383,,30.84,44.0,29.91,4.6,10610.0,True,Available,https://goto.walmart.com/c/|PUBID|/568844/9383?veh=aff&sourceid=imp_000011112222333344&u=http%3A%2F%2Faffil.walmart.com%2Fcart%2FaddToCart%3Fitems%3D2345035437,
2026-03-01,paper_towel,Bounty paper towels,Woodinville,98072,1226676127,030772058497,"Bounty Paper Towels Full Sheet, 6 Triple Rolls",Bounty,Home Page/Household Essentials/Paper & Plastic/Paper Towels/All Paper Towels,1115193_1073264_1149383,,27.55,35.93,23.32,4.5,6806.0,True,Available,https://goto.walmart.com/c/|PUBID|/568844/9383?veh=aff&sourceid=imp_000011112222333344&u=http%3A%2F%2Faffil.walmart.com%2Fcart%2FaddToCart%3Fitems%3D1226676127,
2026-03-01,paper_towel,Bounty paper towels,Woodinville,98072,14628465745,030772160084,"Bounty Paper Towels Full Sheet White, 6 Triple Rolls, 75 Sheets per Roll",Bounty,Home Page/Household Essentials/Paper & Plastic/Paper Towels/All Paper Towels,1115193_1073264_1149383,,16.94,,,4.5,7210.0,True,Available,https://goto.walmart.com/c/|PUBID|/568844/9383?veh=aff&sourceid=imp_000011112222333344&u=http%3A%2F%2Faffil.walmart.com%2Fcart%2FaddToCart%3Fitems%3D14628465745,
2026-03-01,paper_towel,Bounty paper towels,Woodinville,98072,14600911831,030772160411,"Bounty Paper Towels Select-A-Size White, 12 Triple Rolls, 123 Sheets per Roll",Bounty,Home Page/Household Essentials/Paper & Plastic/Paper Towels/All Paper Towels,1115193_1073264_1149383,,33.18,,,4.5,10895.0,True,Available,https://goto.walmart.com/c/|PUBID|/568844/9383?veh=aff&sourceid=imp_000011112222333344&u=http%3A%2F%2Faffil.walmart.com%2Fcart%2FaddToCart%3Fitems%3D14600911831,
2026-03-01,paper_towel,Bounty paper towels,Woodinville,98072,5245428013,030772118337,"Bounty Paper Towels Select-A-Size, 12 Triple Rolls",Bounty,Home Page/Household Essentials/Paper & Plastic/Paper Towels/All Paper Towels,1115193_1073264_1149383,,46.48,62.0,25.03,4.6,9518.0,True,Available,https://goto.walmart.com/c/|PUBID|/568844/9383?veh=aff&sourceid=imp_000011112222333344&u=http%3A%2F%2Faffil.walmart.com%2Fcart%2FaddToCart%3Fitems%3D5245428013,
2026-03-01,paper_towel,Bounty paper towels,Woodinville,98072,5656243117,030772110911,"Bounty Essentials Select-A-Size Paper Towels, Double Rolls, White, 108 Sheets Per Roll, 2 Count",Bounty,Home Page/Household Essentials/Paper & Plastic/Paper Towels/All Paper Towels,1115193_1073264_1149383,,10.19,18.57,45.13,4.8,95.0,True,Available,https://goto.walmart.com/c/|PUBID|/568844/9383?veh=aff&sourceid=imp_000011112222333344&u=http%3A%2F%2Faffil.walmart.com%2Fcart%2FaddToCart%3Fitems%3D5656243117,
2026-03-01,paper_towel,Bounty paper towels,Woodinville,98072,5304421551,030772116678,"Bounty Essentials Paper Towels Select-a-Size, 6 Triple Rolls",Bounty,Home Page/Household Essentials/Paper & Plastic/Paper Towels/All Paper Towels,1115193_1073264_1149383,,32.87,19.99,-64.43,4.3,482.0,True,Available,https://goto.walmart.com/c/|PUBID|/568844/9383?veh=aff&sourceid=imp_000011112222333344&u=http%3A%2F%2Faffil.walmart.com%2Fcart%2FaddToCart%3Fitems%3D5304421551,
2026-03-01,paper_towel,Bounty paper towels,Woodinville,98072,2389155035,030772072509,"Bounty Select-A-Size Paper Towels, White, 4 Single Plus Rolls",Bounty,Home Page/Household Essentials/Paper & Plastic/Paper Towels/All Paper Towels,1115193_1073264_1149383,,26.99,14.98,-80.17,4.5,7903.0,True,Available,https://goto.walmart.com/c/|PUBID|/568844/9383?veh=aff&sourceid=imp_000011112222333344&u=http%3A%2F%2Faffil.walmart.com%2Fcart%2FaddToCart%3Fitems%3D2389155035,
2026-03-01,paper_towel,Bounty paper towels,Woodinville,98072,610058953,037000665755,"Bounty Select-a-Size Kitchen Rolls Paper Towel 2-Ply White 98 Sheets, 4 Double Rolls",Bounty,Home Page/Household Essentials/Paper & Plastic/Paper Towels/All Paper Towels,1115193_1073264_1149383,,27.77,109.98,74.75,4.6,7548.0,True,Available,https://goto.walmart.com/c/|PUBID|/568844/9383?veh=aff&sourceid=imp_000011112222333344&u=http%3A%2F%2Faffil.walmart.com%2Fcart%2FaddToCart%3Fitems%3D610058953,
2026-03-01,paper_towel,Bounty paper towels,Woodinville,98072,14580169803,030772160763,"Bounty Paper Towels Full Sheet White, 6 Mega Rolls, 100 Sheets per Roll",Bounty,Home Page/Household Essentials/Paper & Plastic/Paper Towels/All Paper Towels,1115193_1073264_1149383,,31.9,28.0,-13.93,4.5,5763.0,True,Available,https://goto.walmart.com/c/|PUBID|/568844/9383?veh=aff&sourceid=imp_000011112222333344&u=http%3A%2F%2Faffil.walmart.com%2Fcart%2FaddToCart%3Fitems%3D14580169803,
2026-03-01,paper_towel,Bounty paper towels,Kirkland,98033,1126506431,030772056301,"Bounty Paper Towels Select-a-Size, 6 Triple Rolls",Bounty,Home Page/Household Essentials/Paper & Plastic/Paper Towels/Bounty Paper Towels,1115193_1073264_1149383,,25.59,42.35,39.57,4.7,33090.0,True,Available,https://goto.walmart.com/c/|PUBID|/568844/9383?veh=aff&sourceid=imp_000011112222333344&u=http%3A%2F%2Faffil.walmart.com%2Fcart%2FaddToCart%3Fitems%3D1126506431,
2026-03-01,paper_towel,Bounty paper towels,Kirkland,98033,14580219389,030772160206,"Bounty Paper Towels Select-A-Size White, 6 Triple Rolls, 123 Sheets Per Roll",Bounty,Home Page/Household Essentials/Paper & Plastic/Paper Towels/All Paper Towels,1115193_1073264_1149383,,16.94,45.78,63.0,4.7,30409.0,True,Available,https://goto.walmart.com/c/|PUBID|/568844/9383?veh=aff&sourceid=imp_000011112222333344&u=http%3A%2F%2Faffil.walmart.com%2Fcart%2FaddToCart%3Fitems%3D14580219389,
2026-03-01,paper_towel,Bounty paper towels,Kirkland,98033,14584700257,030772157053,"Bounty Paper Towels Select-A-Size White, 12 Double Rolls, 82 Sheets per Roll",Bounty,Home Page/Household Essentials/Paper & Plastic/Paper Towels/All Paper Towels,1115193_1073264_1149383,,36.93,62.88,41.27,4.6,14881.0,True,Available,https://goto.walmart.com/c/|PUBID|/568844/9383?veh=aff&sourceid=imp_000011112222333344&u=http%3A%2F%2Faffil.walmart.com%2Fcart%2FaddToCart%3Fitems%3D14584700257,
2026-03-01,paper_towel,Bounty paper towels,Kirkland,98033,14618210300,030772160428,"Bounty Paper Towels Select-A-Size White, 2 Triple Rolls, 123 Sheets per Roll",Bounty,Home Page/Household Essentials/Paper & Plastic/Paper Towels/All Paper Towels,1115193_1073264_1149383,,6.97,11.97,41.77,4.7,16612.0,True,Available,https://goto.walmart.com/c/|PUBID|/568844/9383?veh=aff&sourceid=imp_000011112222333344&u=http%3A%2F%2Faffil.walmart.com%2Fcart%2FaddToCart%3Fitems%3D14618210300,
2026-03-01,paper_towel,Bounty paper towels,Kirkland,98033,5308263928,030772110959,"Bounty Essentials Paper Towels Select-A-Size 6 Double Rolls, White, 108 Sheets Per Roll",Bounty,Home Page/Household Essentials/Paper & Plastic/Paper Towels/All Paper Towels,1115193_1073264_1149383,,7.97,9.0,11.44,4.6,15305.0,True,Available,https://goto.walmart.com/c/|PUBID|/568844/9383?veh=aff&sourceid=imp_000011112222333344&u=http%3A%2F%2Faffil.walmart.com%2Fcart%2FaddToCart%3Fitems%3D5308263928,
2026-03-01,paper_towel,Bounty paper towels,Kirkland,98033,14618210310,030772160091,"Bounty Paper Towels Select-A-Size White, 4 Triple Rolls, 123 Sheets per Roll",Bounty,Home Page/Household Essentials/Paper & Plastic/Paper Towels/All Paper Towels,1115193_1073264_1149383,,11.77,,,4.6,13846.0,True,Available,https://goto.walmart.com/c/|PUBID|/568844/9383?veh=aff&sourceid=imp_000011112222333344&u=http%3A%2F%2Faffil.walmart.com%2Fcart%2FaddToCart%3Fitems%3D14618210310,
2026-03-01,paper_towel,Bounty paper towels,Kirkland,98033,1426559824,030772056622,"Bounty Paper Towels Select-a-Size, 10 Triple Rolls",Bounty,Home Page/Household Essentials/Paper & Plastic/Paper Towels/All Paper Towels,1115193_1073264_1149383,,38.36,53.0,27.62,4.7,17547.0,True,Available,https://goto.walmart.com/c/|PUBID|/568844/9383?veh=aff&sourceid=imp_000011112222333344&u=http%3A%2F%2Faffil.walmart.com%2Fcart%2FaddToCart%3Fitems%3D1426559824,
2026-03-01,paper_towel,Bounty paper towels,Kirkland,98033,2351148881,030772061343,"Bounty Paper Towels Select-a-Size, 4 Triple Rolls",Bounty,Home Page/Household Essentials/Paper & Plastic/Paper Towels/All Paper Towels,1115193_1073264_1149383,,17.45,41.16,57.6,4.7,19385.0,True,Available,https://goto.walmart.com/c/|PUBID|/568844/9383?veh=aff&sourceid=imp_000011112222333344&u=http%3A%2F%2Faffil.walmart.com%2Fcart%2FaddToCart%3Fitems%3D2351148881,
2026-03-01,paper_towel,Bounty paper towels,Kirkland,98033,2756949954,030772061336,"Bounty Paper Towels Select-a-Size, 2 Triple Rolls",Bounty,Home Page/Household Essentials/Paper & Plastic/Paper Towels/All Paper Towels,1115193_1073264_1149383,,15.49,24.43,36.59,4.7,19053.0,True,Available,https://goto.walmart.com/c/|PUBID|/568844/9383?veh=aff&sourceid=imp_000011112222333344&u=http%3A%2F%2Faffil.walmart.com%2Fcart%2FaddToCart%3Fitems%3D2756949954,
2026-03-01,paper_towel,Bounty paper towels,Kirkland,98033,14600961556,030772160145,"Bounty Paper Towels Select-A-Size White, 8 Triple Rolls, 123 Sheets per Roll",Bounty,Home Page/Household Essentials/Paper & Plastic/Paper Towels/All Paper Towels,1115193_1073264_1149383,,22.46,62.8,64.24,4.5,11316.0,True,Available,https://goto.walmart.com/c/|PUBID|/568844/9383?veh=aff&sourceid=imp_000011112222333344&u=http%3A%2F%2Faffil.walmart.com%2Fcart%2FaddToCart%3Fitems%3D14600961556,
2026-03-01,paper_towel,Bounty paper towels,Kirkland,98033,14628565544,030772160190,"Bounty Paper Towels Select-A-Size White, 10 Triple Rolls, 123 Sheets Per Roll",Bounty,Home Page/Household Essentials/Paper & Plastic/Paper Towels/All Paper Towels,1115193_1073264_1149383,,27.66,,,4.6,18031.0,True,Available,https://goto.walmart.com/c/|PUBID|/568844/9383?veh=aff&sourceid=imp_000011112222333344&u=http%3A%2F%2Faffil.walmart.com%2Fcart%2FaddToCart%3Fitems%3D14628565544,
2026-03-01,paper_towel,Bounty paper towels,Kirkland,98033,2662173698,030772056615,"Bounty Paper Towels Select-a-Size, 8 Triple Rolls",Bounty,Home Page/Household Essentials/Paper & Plastic/Paper Towels/All Paper Towels,1115193_1073264_1149383,,31.19,54.76,43.04,4.7,18671.0,True,Available,https://goto.walmart.com/c/|PUBID|/568844/9383?veh=aff&sourceid=imp_000011112222333344&u=http%3A%2F%2Faffil.walmart.com%2Fcart%2FaddToCart%3Fitems%3D2662173698,
2026-03-01,paper_towel,Bounty paper towels,Kirkland,98033,14580319069,030772160718,"Bounty Paper Towels Select-A-Size White, 6 Mega Rolls, 164 Sheets per Roll",Bounty,Home Page/Household Essentials/Paper & Plastic/Paper Towels/All Paper Towels,1115193_1073264_1149383,,19.96,22.18,10.01,4.6,17148.0,True,Available,https://goto.walmart.com/c/|PUBID|/568844/9383?veh=aff&sourceid=imp_000011112222333344&u=http%3A%2F%2Faffil.walmart.com%2Fcart%2FaddToCart%3Fitems%3D14580319069,
2026-03-01,paper_towel,Bounty paper towels,Kirkland,98033,18962514237,,"(6 pack) Bounty Paper Towels Select-A-Size White, 2 Triple Rolls, 123 Sheets per Roll",Bounty,Home Page/Household Essentials/Paper & Plastic/Paper Towels/All Paper Towels,1115193_1073264_1149383,,41.82,,,,,True,Available,https://goto.walmart.com/c/|PUBID|/568844/9383?veh=aff&sourceid=imp_000011112222333344&u=http%3A%2F%2Faffil.walmart.com%2Fcart%2FaddToCart%3Fitems%3D18962514237,
2026-03-01,paper_towel,Bounty paper towels,Kirkland,98033,2753549701,030772105856,"Bounty Paper Towels Select-A-Size, 1 Mega Roll",Bounty,Home Page/Household Essentials/Paper & Plastic/Paper Towels/All Paper Towels,1115193_1073264_1149383,,14.0,16.0,12.5,4.6,10595.0,True,Available,https://goto.walmart.com/c/|PUBID|/568844/9383?veh=aff&sourceid=imp_000011112222333344&u=http%3A%2F%2Faffil.walmart.com%2Fcart%2FaddToCart%3Fitems%3D2753549701,
2026-03-01,paper_towel,Bounty paper towels,Kirkland,98033,14988410062,030772160732,"Bounty Paper Towels Select-A-Size White, 2 Mega Rolls, 164 Sheets per Roll",Bounty,Home Page/Household Essentials/Paper & Plastic/Paper Towels/All Paper Towels,1115193_1073264_1149383,,7.96,8.96,11.16,4.5,9143.0,True,Available,https://goto.walmart.com/c/|PUBID|/568844/9383?veh=aff&sourceid=imp_000011112222333344&u=http%3A%2F%2Faffil.walmart.com%2Fcart%2FaddToCart%3Fitems%3D14988410062,
2026-03-01,paper_towel,Bounty paper towels,Kirkland,98033,14584700255,030772160701,"Bounty Paper Towels Select-A-Size White, 1 Mega Roll, 164 Sheets per Roll",Bounty,Home Page/Household Essentials/Paper & Plastic/Paper Towels/All Paper Towels,1115193_1073264_1149383,,4.98,,,4.6,10368.0,True,Available,https://goto.walmart.com/c/|PUBID|/568844/9383?veh=aff&sourceid=imp_000011112222333344&u=http%3A%2F%2Faffil.walmart.com%2Fcart%2FaddToCart%3Fitems%3D14584700255,
2026-03-01,paper_towel,Bounty paper towels,Kirkland,98033,5245427403,030772116692,"Bounty Essentials Paper Towels Select-A-Size, 2 Triple Rolls, White, 162 Sheets Per Roll",Bounty,Home Page/Household Essentials/Paper & Plastic/Paper Towels/All Paper Towels,1115193_1073264_1149383,,4.97,,,4.6,2364.0,True,Available,https://goto.walmart.com/c/|PUBID|/568844/9383?veh=aff&sourceid=imp_000011112222333344&u=http%3A%2F%2Faffil.walmart.com%2Fcart%2FaddToCart%3Fitems%3D5245427403,
2026-03-01,paper_towel,Bounty paper towels,Kirkland,98033,14615506452,030772162750,"Bounty Paper Towels Select-A-Size Print, 2 Triple Rolls, 123 Sheets per Roll",Bounty,Home Page/Household Essentials/Paper & Plastic/Paper Towels/All Paper Towels,1115193_1073264_1149383,,6.97,11.99,41.87,4.6,9802.0,True,Available,https://goto.walmart.com/c/|PUBID|/568844/9383?veh=aff&sourceid=imp_000011112222333344&u=http%3A%2F%2Faffil.walmart.com%2Fcart%2FaddToCart%3Fitems%3D14615506452,
2026-03-01,paper_towel,Bounty paper towels,Kirkland,98033,1199187956,030772061398,"Bounty Paper Towels Select-a-Size, 2 Triple Rolls, Print",Bounty,Home Page/Household Essentials/Paper & Plastic/Paper Towels/All Paper Towels,1115193_1073264_1149383,,15.9,9.0,-76.67,4.6,10616.0,True,Available,https://goto.walmart.com/c/|PUBID|/568844/9383?veh=aff&sourceid=imp_000011112222333344&u=http%3A%2F%2Faffil.walmart.com%2Fcart%2FaddToCart%3Fitems%3D1199187956,
2026-03-01,paper_towel,Bounty paper towels,Kirkland,98033,2345035437,030772036808,"Bounty Paper Towels Select-A-Size, 6 Mega Rolls",Bounty,Home Page/Household Essentials/Paper & Plastic/Paper Towels/All Paper Towels,1115193_1073264_1149383,,30.84,44.0,29.91,4.6,10610.0,True,Available,https://goto.walmart.com/c/|PUBID|/568844/9383?veh=aff&sourceid=imp_000011112222333344&u=http%3A%2F%2Faffil.walmart.com%2Fcart%2FaddToCart%3Fitems%3D2345035437,
2026-03-01,paper_towel,Bounty paper towels,Kirkland,98033,1226676127,030772058497,"Bounty Paper Towels Full Sheet, 6 Triple Rolls",Bounty,Home Page/Household Essentials/Paper & Plastic/Paper Towels/All Paper Towels,1115193_1073264_1149383,,27.55,35.93,23.32,4.5,6806.0,True,Available,https://goto.walmart.com/c/|PUBID|/568844/9383?veh=aff&sourceid=imp_000011112222333344&u=http%3A%2F%2Faffil.walmart.com%2Fcart%2FaddToCart%3Fitems%3D1226676127,
2026-03-01,paper_towel,Bounty paper towels,Kirkland,98033,14628465745,030772160084,"Bounty Paper Towels Full Sheet White, 6 Triple Rolls, 75 Sheets per Roll",Bounty,Home Page/Household Essentials/Paper & Plastic/Paper Towels/All Paper Towels,1115193_1073264_1149383,,16.94,,,4.5,7210.0,True,Available,https://goto.walmart.com/c/|PUBID|/568844/9383?veh=aff&sourceid=imp_000011112222333344&u=http%3A%2F%2Faffil.walmart.com%2Fcart%2FaddToCart%3Fitems%3D14628465745,
2026-03-01,paper_towel,Bounty paper towels,Kirkland,98033,14600911831,030772160411,"Bounty Paper Towels Select-A-Size White, 12 Triple Rolls, 123 Sheets per Roll",Bounty,Home Page/Household Essentials/Paper & Plastic/Paper Towels/All Paper Towels,1115193_1073264_1149383,,33.18,,,4.5,10895.0,True,Available,https://goto.walmart.com/c/|PUBID|/568844/9383?veh=aff&sourceid=imp_000011112222333344&u=http%3A%2F%2Faffil.walmart.com%2Fcart%2FaddToCart%3Fitems%3D14600911831,
2026-03-01,paper_towel,Bounty paper towels,Kirkland,98033,5245428013,030772118337,"Bounty Paper Towels Select-A-Size, 12 Triple Rolls",Bounty,Home Page/Household Essentials/Paper & Plastic/Paper Towels/All Paper Towels,1115193_1073264_1149383,,46.48,62.0,25.03,4.6,9518.0,True,Available,https://goto.walmart.com/c/|PUBID|/568844/9383?veh=aff&sourceid=imp_000011112222333344&u=http%3A%2F%2Faffil.walmart.com%2Fcart%2FaddToCart%3Fitems%3D5245428013,
2026-03-01,paper_towel,Bounty paper towels,Kirkland,98033,5656243117,030772110911,"Bounty Essentials Select-A-Size Paper Towels, Double Rolls, White, 108 Sheets Per Roll, 2 Count",Bounty,Home Page/Household Essentials/Paper & Plastic/Paper Towels/All Paper Towels,1115193_1073264_1149383,,10.19,18.57,45.13,4.8,95.0,True,Available,https://goto.walmart.com/c/|PUBID|/568844/9383?veh=aff&sourceid=imp_000011112222333344&u=http%3A%2F%2Faffil.walmart.com%2Fcart%2FaddToCart%3Fitems%3D5656243117,
2026-03-01,paper_towel,Bounty paper towels,Kirkland,98033,5304421551,030772116678,"Bounty Essentials Paper Towels Select-a-Size, 6 Triple Rolls",Bounty,Home Page/Household Essentials/Paper & Plastic/Paper Towels/All Paper Towels,1115193_1073264_1149383,,32.87,19.99,-64.43,4.3,482.0,True,Available,https://goto.walmart.com/c/|PUBID|/568844/9383?veh=aff&sourceid=imp_000011112222333344&u=http%3A%2F%2Faffil.walmart.com%2Fcart%2FaddToCart%3Fitems%3D5304421551,
2026-03-01,paper_towel,Bounty paper towels,Kirkland,98033,2389155035,030772072509,"Bounty Select-A-Size Paper Towels, White, 4 Single Plus Rolls",Bounty,Home Page/Household Essentials/Paper & Plastic/Paper Towels/All Paper Towels,1115193_1073264_1149383,,26.99,14.98,-80.17,4.5,7903.0,True,Available,https://goto.walmart.com/c/|PUBID|/568844/9383?veh=aff&sourceid=imp_000011112222333344&u=http%3A%2F%2Faffil.walmart.com%2Fcart%2FaddToCart%3Fitems%3D2389155035,
2026-03-01,paper_towel,Bounty paper towels,Kirkland,98033,610058953,037000665755,"Bounty Select-a-Size Kitchen Rolls Paper Towel 2-Ply White 98 Sheets, 4 Double Rolls",Bounty,Home Page/Household Essentials/Paper & Plastic/Paper Towels/All Paper Towels,1115193_1073264_1149383,,27.77,109.98,74.75,4.6,7548.0,True,Available,https://goto.walmart.com/c/|PUBID|/568844/9383?veh=aff&sourceid=imp_000011112222333344&u=http%3A%2F%2Faffil.walmart.com%2Fcart%2FaddToCart%3Fitems%3D610058953,
2026-03-01,paper_towel,Bounty paper towels,Kirkland,98033,14580169803,030772160763,"Bounty Paper Towels Full Sheet White, 6 Mega Rolls, 100 Sheets per Roll",Bounty,Home Page/Household Essentials/Paper & Plastic/Paper Towels/All Paper Towels,1115193_1073264_1149383,,31.9,28.0,-13.93,4.5,5763.0,True,Available,https://goto.walmart.com/c/|PUBID|/568844/9383?veh=aff&sourceid=imp_000011112222333344&u=http%3A%2F%2Faffil.walmart.com%2Fcart%2FaddToCart%3Fitems%3D14580169803,
2026-03-01,paper_towel,Bounty paper towels,Covington WA,98042,1126506431,030772056301,"Bounty Paper Towels Select-a-Size, 6 Triple Rolls",Bounty,Home Page/Household Essentials/Paper & Plastic/Paper Towels/Bounty Paper Towels,1115193_1073264_1149383,,25.59,42.35,39.57,4.7,33090.0,True,Available,https://goto.walmart.com/c/|PUBID|/568844/9383?veh=aff&sourceid=imp_000011112222333344&u=http%3A%2F%2Faffil.walmart.com%2Fcart%2FaddToCart%3Fitems%3D1126506431,
2026-03-01,paper_towel,Bounty paper towels,Covington WA,98042,14580219389,030772160206,"Bounty Paper Towels Select-A-Size White, 6 Triple Rolls, 123 Sheets Per Roll",Bounty,Home Page/Household Essentials/Paper & Plastic/Paper Towels/All Paper Towels,1115193_1073264_1149383,,16.94,45.78,63.0,4.7,30409.0,True,Available,https://goto.walmart.com/c/|PUBID|/568844/9383?veh=aff&sourceid=imp_000011112222333344&u=http%3A%2F%2Faffil.walmart.com%2Fcart%2FaddToCart%3Fitems%3D14580219389,
2026-03-01,paper_towel,Bounty paper towels,Covington WA,98042,14584700257,030772157053,"Bounty Paper Towels Select-A-Size White, 12 Double Rolls, 82 Sheets per Roll",Bounty,Home Page/Household Essentials/Paper & Plastic/Paper Towels/All Paper Towels,1115193_1073264_1149383,,36.93,62.88,41.27,4.6,14881.0,True,Available,https://goto.walmart.com/c/|PUBID|/568844/9383?veh=aff&sourceid=imp_000011112222333344&u=http%3A%2F%2Faffil.walmart.com%2Fcart%2FaddToCart%3Fitems%3D14584700257,
2026-03-01,paper_towel,Bounty paper towels,Covington WA,98042,14618210300,030772160428,"Bounty Paper Towels Select-A-Size White, 2 Triple Rolls, 123 Sheets per Roll",Bounty,Home Page/Household Essentials/Paper & Plastic/Paper Towels/All Paper Towels,1115193_1073264_1149383,,6.97,11.97,41.77,4.7,16612.0,True,Available,https://goto.walmart.com/c/|PUBID|/568844/9383?veh=aff&sourceid=imp_000011112222333344&u=http%3A%2F%2Faffil.walmart.com%2Fcart%2FaddToCart%3Fitems%3D14618210300,
2026-03-01,paper_towel,Bounty paper towels,Covington WA,98042,5308263928,030772110959,"Bounty Essentials Paper Towels Select-A-Size 6 Double Rolls, White, 108 Sheets Per Roll",Bounty,Home Page/Household Essentials/Paper & Plastic/Paper Towels/All Paper Towels,1115193_1073264_1149383,,7.97,9.0,11.44,4.6,15305.0,True,Available,https://goto.walmart.com/c/|PUBID|/568844/9383?veh=aff&sourceid=imp_000011112222333344&u=http%3A%2F%2Faffil.walmart.com%2Fcart%2FaddToCart%3Fitems%3D5308263928,
2026-03-01,paper_towel,Bounty paper towels,Covington WA,98042,14618210310,030772160091,"Bounty Paper Towels Select-A-Size White, 4 Triple Rolls, 123 Sheets per Roll",Bounty,Home Page/Household Essentials/Paper & Plastic/Paper Towels/All Paper Towels,1115193_1073264_1149383,,11.77,,,4.6,13846.0,True,Available,https://goto.walmart.com/c/|PUBID|/568844/9383?veh=aff&sourceid=imp_000011112222333344&u=http%3A%2F%2Faffil.walmart.com%2Fcart%2FaddToCart%3Fitems%3D14618210310,
2026-03-01,paper_towel,Bounty paper towels,Covington WA,98042,1426559824,030772056622,"Bounty Paper Towels Select-a-Size, 10 Triple Rolls",Bounty,Home Page/Household Essentials/Paper & Plastic/Paper Towels/All Paper Towels,1115193_1073264_1149383,,38.36,53.0,27.62,4.7,17546.0,True,Available,https://goto.walmart.com/c/|PUBID|/568844/9383?veh=aff&sourceid=imp_000011112222333344&u=http%3A%2F%2Faffil.walmart.com%2Fcart%2FaddToCart%3Fitems%3D1426559824,
2026-03-01,paper_towel,Bounty paper towels,Covington WA,98042,2351148881,030772061343,"Bounty Paper Towels Select-a-Size, 4 Triple Rolls",Bounty,Home Page/Household Essentials/Paper & Plastic/Paper Towels/All Paper Towels,1115193_1073264_1149383,,17.45,41.16,57.6,4.7,19385.0,True,Available,https://goto.walmart.com/c/|PUBID|/568844/9383?veh=aff&sourceid=imp_000011112222333344&u=http%3A%2F%2Faffil.walmart.com%2Fcart%2FaddToCart%3Fitems%3D2351148881,
2026-03-01,paper_towel,Bounty paper towels,Covington WA,98042,2756949954,030772061336,"Bounty Paper Towels Select-a-Size, 2 Triple Rolls",Bounty,Home Page/Household Essentials/Paper & Plastic/Paper Towels/All Paper Towels,1115193_1073264_1149383,,15.49,24.43,36.59,4.7,19053.0,True,Available,https://goto.walmart.com/c/|PUBID|/568844/9383?veh=aff&sourceid=imp_000011112222333344&u=http%3A%2F%2Faffil.walmart.com%2Fcart%2FaddToCart%3Fitems%3D2756949954,
2026-03-01,paper_towel,Bounty paper towels,Covington WA,98042,14600961556,030772160145,"Bounty Paper Towels Select-A-Size White, 8 Triple Rolls, 123 Sheets per Roll",Bounty,Home Page/Household Essentials/Paper & Plastic/Paper Towels/All Paper Towels,1115193_1073264_1149383,,22.46,62.8,64.24,4.5,11316.0,True,Available,https://goto.walmart.com/c/|PUBID|/568844/9383?veh=aff&sourceid=imp_000011112222333344&u=http%3A%2F%2Faffil.walmart.com%2Fcart%2FaddToCart%3Fitems%3D14600961556,
2026-03-01,paper_towel,Bounty paper towels,Covington WA,98042,14628565544,030772160190,"Bounty Paper Towels Select-A-Size White, 10 Triple Rolls, 123 Sheets Per Roll",Bounty,Home Page/Household Essentials/Paper & Plastic/Paper Towels/All Paper Towels,1115193_1073264_1149383,,27.66,,,4.6,18031.0,True,Available,https://goto.walmart.com/c/|PUBID|/568844/9383?veh=aff&sourceid=imp_000011112222333344&u=http%3A%2F%2Faffil.walmart.com%2Fcart%2FaddToCart%3Fitems%3D14628565544,
2026-03-01,paper_towel,Bounty paper towels,Covington WA,98042,2662173698,030772056615,"Bounty Paper Towels Select-a-Size, 8 Triple Rolls",Bounty,Home Page/Household Essentials/Paper & Plastic/Paper Towels/All Paper Towels,1115193_1073264_1149383,,31.19,54.76,43.04,4.7,18671.0,True,Available,https://goto.walmart.com/c/|PUBID|/568844/9383?veh=aff&sourceid=imp_000011112222333344&u=http%3A%2F%2Faffil.walmart.com%2Fcart%2FaddToCart%3Fitems%3D2662173698,
2026-03-01,paper_towel,Bounty paper towels,Covington WA,98042,14580319069,030772160718,"Bounty Paper Towels Select-A-Size White, 6 Mega Rolls, 164 Sheets per Roll",Bounty,Home Page/Household Essentials/Paper & Plastic/Paper Towels/All Paper Towels,1115193_1073264_1149383,,19.96,22.18,10.01,4.6,17148.0,True,Available,https://goto.walmart.com/c/|PUBID|/568844/9383?veh=aff&sourceid=imp_000011112222333344&u=http%3A%2F%2Faffil.walmart.com%2Fcart%2FaddToCart%3Fitems%3D14580319069,
2026-03-01,paper_towel,Bounty paper towels,Covington WA,98042,18962514237,,"(6 pack) Bounty Paper Towels Select-A-Size White, 2 Triple Rolls, 123 Sheets per Roll",Bounty,Home Page/Household Essentials/Paper & Plastic/Paper Towels/All Paper Towels,1115193_1073264_1149383,,41.82,,,,,True,Available,https://goto.walmart.com/c/|PUBID|/568844/9383?veh=aff&sourceid=imp_000011112222333344&u=http%3A%2F%2Faffil.walmart.com%2Fcart%2FaddToCart%3Fitems%3D18962514237,
2026-03-01,paper_towel,Bounty paper towels,Covington WA,98042,2753549701,030772105856,"Bounty Paper Towels Select-A-Size, 1 Mega Roll",Bounty,Home Page/Household Essentials/Paper & Plastic/Paper Towels/All Paper Towels,1115193_1073264_1149383,,14.0,16.0,12.5,4.6,10595.0,True,Available,https://goto.walmart.com/c/|PUBID|/568844/9383?veh=aff&sourceid=imp_000011112222333344&u=http%3A%2F%2Faffil.walmart.com%2Fcart%2FaddToCart%3Fitems%3D2753549701,
2026-03-01,paper_towel,Bounty paper towels,Covington WA,98042,14988410062,030772160732,"Bounty Paper Towels Select-A-Size White, 2 Mega Rolls, 164 Sheets per Roll",Bounty,Home Page/Household Essentials/Paper & Plastic/Paper Towels/All Paper Towels,1115193_1073264_1149383,,7.96,8.96,11.16,4.5,9143.0,True,Available,https://goto.walmart.com/c/|PUBID|/568844/9383?veh=aff&sourceid=imp_000011112222333344&u=http%3A%2F%2Faffil.walmart.com%2Fcart%2FaddToCart%3Fitems%3D14988410062,
2026-03-01,paper_towel,Bounty paper towels,Covington WA,98042,14584700255,030772160701,"Bounty Paper Towels Select-A-Size White, 1 Mega Roll, 164 Sheets per Roll",Bounty,Home Page/Household Essentials/Paper & Plastic/Paper Towels/All Paper Towels,1115193_1073264_1149383,,4.98,,,4.6,10368.0,True,Available,https://goto.walmart.com/c/|PUBID|/568844/9383?veh=aff&sourceid=imp_000011112222333344&u=http%3A%2F%2Faffil.walmart.com%2Fcart%2FaddToCart%3Fitems%3D14584700255,
2026-03-01,paper_towel,Bounty paper towels,Covington WA,98042,5245427403,030772116692,"Bounty Essentials Paper Towels Select-A-Size, 2 Triple Rolls, White, 162 Sheets Per Roll",Bounty,Home Page/Household Essentials/Paper & Plastic/Paper Towels/All Paper Towels,1115193_1073264_1149383,,4.97,,,4.6,2364.0,True,Available,https://goto.walmart.com/c/|PUBID|/568844/9383?veh=aff&sourceid=imp_000011112222333344&u=http%3A%2F%2Faffil.walmart.com%2Fcart%2FaddToCart%3Fitems%3D5245427403,
2026-03-01,paper_towel,Bounty paper towels,Covington WA,98042,14615506452,030772162750,"Bounty Paper Towels Select-A-Size Print, 2 Triple Rolls, 123 Sheets per Roll",Bounty,Home Page/Household Essentials/Paper & Plastic/Paper Towels/All Paper Towels,1115193_1073264_1149383,,6.97,11.99,41.87,4.6,9802.0,True,Available,https://goto.walmart.com/c/|PUBID|/568844/9383?veh=aff&sourceid=imp_000011112222333344&u=http%3A%2F%2Faffil.walmart.com%2Fcart%2FaddToCart%3Fitems%3D14615506452,
2026-03-01,paper_towel,Bounty paper towels,Covington WA,98042,1199187956,030772061398,"Bounty Paper Towels Select-a-Size, 2 Triple Rolls, Print",Bounty,Home Page/Household Essentials/Paper & Plastic/Paper Towels/All Paper Towels,1115193_1073264_1149383,,15.9,9.0,-76.67,4.6,10616.0,True,Available,https://goto.walmart.com/c/|PUBID|/568844/9383?veh=aff&sourceid=imp_000011112222333344&u=http%3A%2F%2Faffil.walmart.com%2Fcart%2FaddToCart%3Fitems%3D1199187956,
2026-03-01,paper_towel,Bounty paper towels,Covington WA,98042,2345035437,030772036808,"Bounty Paper Towels Select-A-Size, 6 Mega Rolls",Bounty,Home Page/Household Essentials/Paper & Plastic/Paper Towels/All Paper Towels,1115193_1073264_1149383,,30.84,44.0,29.91,4.6,10610.0,True,Available,https://goto.walmart.com/c/|PUBID|/568844/9383?veh=aff&sourceid=imp_000011112222333344&u=http%3A%2F%2Faffil.walmart.com%2Fcart%2FaddToCart%3Fitems%3D2345035437,
2026-03-01,paper_towel,Bounty paper towels,Covington WA,98042,1226676127,030772058497,"Bounty Paper Towels Full Sheet, 6 Triple Rolls",Bounty,Home Page/Household Essentials/Paper & Plastic/Paper Towels/All Paper Towels,1115193_1073264_1149383,,27.55,35.93,23.32,4.5,6806.0,True,Available,https://goto.walmart.com/c/|PUBID|/568844/9383?veh=aff&sourceid=imp_000011112222333344&u=http%3A%2F%2Faffil.walmart.com%2Fcart%2FaddToCart%3Fitems%3D1226676127,
2026-03-01,paper_towel,Bounty paper towels,Covington WA,98042,14628465745,030772160084,"Bounty Paper Towels Full Sheet White, 6 Triple Rolls, 75 Sheets per Roll",Bounty,Home Page/Household Essentials/Paper & Plastic/Paper Towels/All Paper Towels,1115193_1073264_1149383,,16.94,,,4.5,7210.0,True,Available,https://goto.walmart.com/c/|PUBID|/568844/9383?veh=aff&sourceid=imp_000011112222333344&u=http%3A%2F%2Faffil.walmart.com%2Fcart%2FaddToCart%3Fitems%3D14628465745,
2026-03-01,paper_towel,Bounty paper towels,Covington WA,98042,14600911831,030772160411,"Bounty Paper Towels Select-A-Size White, 12 Triple Rolls, 123 Sheets per Roll",Bounty,Home Page/Household Essentials/Paper & Plastic/Paper Towels/All Paper Towels,1115193_1073264_1149383,,33.18,,,4.5,10895.0,True,Available,https://goto.walmart.com/c/|PUBID|/568844/9383?veh=aff&sourceid=imp_000011112222333344&u=http%3A%2F%2Faffil.walmart.com%2Fcart%2FaddToCart%3Fitems%3D14600911831,
2026-03-01,paper_towel,Bounty paper towels,Covington WA,98042,5245428013,030772118337,"Bounty Paper Towels Select-A-Size, 12 Triple Rolls",Bounty,Home Page/Household Essentials/Paper & Plastic/Paper Towels/All Paper Towels,1115193_1073264_1149383,,46.48,62.0,25.03,4.6,9518.0,True,Available,https://goto.walmart.com/c/|PUBID|/568844/9383?veh=aff&sourceid=imp_000011112222333344&u=http%3A%2F%2Faffil.walmart.com%2Fcart%2FaddToCart%3Fitems%3D5245428013,
2026-03-01,paper_towel,Bounty paper towels,Covington WA,98042,5656243117,030772110911,"Bounty Essentials Select-A-Size Paper Towels, Double Rolls, White, 108 Sheets Per Roll, 2 Count",Bounty,Home Page/Household Essentials/Paper & Plastic/Paper Towels/All Paper Towels,1115193_1073264_1149383,,10.19,18.57,45.13,4.8,95.0,True,Available,https://goto.walmart.com/c/|PUBID|/568844/9383?veh=aff&sourceid=imp_000011112222333344&u=http%3A%2F%2Faffil.walmart.com%2Fcart%2FaddToCart%3Fitems%3D5656243117,
2026-03-01,paper_towel,Bounty paper towels,Covington WA,98042,5304421551,030772116678,"Bounty Essentials Paper Towels Select-a-Size, 6 Triple Rolls",Bounty,Home Page/Household Essentials/Paper & Plastic/Paper Towels/All Paper Towels,1115193_1073264_1149383,,32.87,19.99,-64.43,4.3,482.0,True,Available,https://goto.walmart.com/c/|PUBID|/568844/9383?veh=aff&sourceid=imp_000011112222333344&u=http%3A%2F%2Faffil.walmart.com%2Fcart%2FaddToCart%3Fitems%3D5304421551,
2026-03-01,paper_towel,Bounty paper towels,Covington WA,98042,2389155035,030772072509,"Bounty Select-A-Size Paper Towels, White, 4 Single Plus Rolls",Bounty,Home Page/Household Essentials/Paper & Plastic/Paper Towels/All Paper Towels,1115193_1073264_1149383,,26.99,14.98,-80.17,4.5,7903.0,True,Available,https://goto.walmart.com/c/|PUBID|/568844/9383?veh=aff&sourceid=imp_000011112222333344&u=http%3A%2F%2Faffil.walmart.com%2Fcart%2FaddToCart%3Fitems%3D2389155035,
2026-03-01,paper_towel,Bounty paper towels,Covington WA,98042,610058953,037000665755,"Bounty Select-a-Size Kitchen Rolls Paper Towel 2-Ply White 98 Sheets, 4 Double Rolls",Bounty,Home Page/Household Essentials/Paper & Plastic/Paper Towels/All Paper Towels,1115193_1073264_1149383,,27.77,109.98,74.75,4.6,7548.0,True,Available,https://goto.walmart.com/c/|PUBID|/568844/9383?veh=aff&sourceid=imp_000011112222333344&u=http%3A%2F%2Faffil.walmart.com%2Fcart%2FaddToCart%3Fitems%3D610058953,
2026-03-01,paper_towel,Bounty paper towels,Covington WA,98042,14580169803,030772160763,"Bounty Paper Towels Full Sheet White, 6 Mega Rolls, 100 Sheets per Roll",Bounty,Home Page/Household Essentials/Paper & Plastic/Paper Towels/All Paper Towels,1115193_1073264_1149383,,31.9,28.0,-13.93,4.5,5763.0,True,Available,https://goto.walmart.com/c/|PUBID|/568844/9383?veh=aff&sourceid=imp_000011112222333344&u=http%3A%2F%2Faffil.walmart.com%2Fcart%2FaddToCart%3Fitems%3D14580169803,
2026-03-01,paper_towel,Bounty paper towels,Lynnwood,98036,1126506431,030772056301,"Bounty Paper Towels Select-a-Size, 6 Triple Rolls",Bounty,Home Page/Household Essentials/Paper & Plastic/Paper Towels/Bounty Paper Towels,1115193_1073264_1149383,,25.59,42.35,39.57,4.7,33090.0,True,Available,https://goto.walmart.com/c/|PUBID|/568844/9383?veh=aff&sourceid=imp_000011112222333344&u=http%3A%2F%2Faffil.walmart.com%2Fcart%2FaddToCart%3Fitems%3D1126506431,
2026-03-01,paper_towel,Bounty paper towels,Lynnwood,98036,14580219389,030772160206,"Bounty Paper Towels Select-A-Size White, 6 Triple Rolls, 123 Sheets Per Roll",Bounty,Home Page/Household Essentials/Paper & Plastic/Paper Towels/All Paper Towels,1115193_1073264_1149383,,16.94,45.78,63.0,4.7,30409.0,True,Available,https://goto.walmart.com/c/|PUBID|/568844/9383?veh=aff&sourceid=imp_000011112222333344&u=http%3A%2F%2Faffil.walmart.com%2Fcart%2FaddToCart%3Fitems%3D14580219389,
2026-03-01,paper_towel,Bounty paper towels,Lynnwood,98036,14584700257,030772157053,"Bounty Paper Towels Select-A-Size White, 12 Double Rolls, 82 Sheets per Roll",Bounty,Home Page/Household Essentials/Paper & Plastic/Paper Towels/All Paper Towels,1115193_1073264_1149383,,36.93,62.88,41.27,4.6,14881.0,True,Available,https://goto.walmart.com/c/|PUBID|/568844/9383?veh=aff&sourceid=imp_000011112222333344&u=http%3A%2F%2Faffil.walmart.com%2Fcart%2FaddToCart%3Fitems%3D14584700257,
2026-03-01,paper_towel,Bounty paper towels,Lynnwood,98036,14618210300,030772160428,"Bounty Paper Towels Select-A-Size White, 2 Triple Rolls, 123 Sheets per Roll",Bounty,Home Page/Household Essentials/Paper & Plastic/Paper Towels/All Paper Towels,1115193_1073264_1149383,,6.97,11.97,41.77,4.7,16612.0,True,Available,https://goto.walmart.com/c/|PUBID|/568844/9383?veh=aff&sourceid=imp_000011112222333344&u=http%3A%2F%2Faffil.walmart.com%2Fcart%2FaddToCart%3Fitems%3D14618210300,
2026-03-01,paper_towel,Bounty paper towels,Lynnwood,98036,5308263928,030772110959,"Bounty Essentials Paper Towels Select-A-Size 6 Double Rolls, White, 108 Sheets Per Roll",Bounty,Home Page/Household Essentials/Paper & Plastic/Paper Towels/All Paper Towels,1115193_1073264_1149383,,7.97,9.0,11.44,4.6,15305.0,True,Available,https://goto.walmart.com/c/|PUBID|/568844/9383?veh=aff&sourceid=imp_000011112222333344&u=http%3A%2F%2Faffil.walmart.com%2Fcart%2FaddToCart%3Fitems%3D5308263928,
2026-03-01,paper_towel,Bounty paper towels,Lynnwood,98036,14618210310,030772160091,"Bounty Paper Towels Select-A-Size White, 4 Triple Rolls, 123 Sheets per Roll",Bounty,Home Page/Household Essentials/Paper & Plastic/Paper Towels/All Paper Towels,1115193_1073264_1149383,,11.77,,,4.6,13846.0,True,Available,https://goto.walmart.com/c/|PUBID|/568844/9383?veh=aff&sourceid=imp_000011112222333344&u=http%3A%2F%2Faffil.walmart.com%2Fcart%2FaddToCart%3Fitems%3D14618210310,
2026-03-01,paper_towel,Bounty paper towels,Lynnwood,98036,1426559824,030772056622,"Bounty Paper Towels Select-a-Size, 10 Triple Rolls",Bounty,Home Page/Household Essentials/Paper & Plastic/Paper Towels/All Paper Towels,1115193_1073264_1149383,,38.36,53.0,27.62,4.7,17546.0,True,Available,https://goto.walmart.com/c/|PUBID|/568844/9383?veh=aff&sourceid=imp_000011112222333344&u=http%3A%2F%2Faffil.walmart.com%2Fcart%2FaddToCart%3Fitems%3D1426559824,
2026-03-01,paper_towel,Bounty paper towels,Lynnwood,98036,2351148881,030772061343,"Bounty Paper Towels Select-a-Size, 4 Triple Rolls",Bounty,Home Page/Household Essentials/Paper & Plastic/Paper Towels/All Paper Towels,1115193_1073264_1149383,,17.45,41.16,57.6,4.7,19385.0,True,Available,https://goto.walmart.com/c/|PUBID|/568844/9383?veh=aff&sourceid=imp_000011112222333344&u=http%3A%2F%2Faffil.walmart.com%2Fcart%2FaddToCart%3Fitems%3D2351148881,
2026-03-01,paper_towel,Bounty paper towels,Lynnwood,98036,2756949954,030772061336,"Bounty Paper Towels Select-a-Size, 2 Triple Rolls",Bounty,Home Page/Household Essentials/Paper & Plastic/Paper Towels/All Paper Towels,1115193_1073264_1149383,,15.49,24.43,36.59,4.7,19053.0,True,Available,https://goto.walmart.com/c/|PUBID|/568844/9383?veh=aff&sourceid=imp_000011112222333344&u=http%3A%2F%2Faffil.walmart.com%2Fcart%2FaddToCart%3Fitems%3D2756949954,
2026-03-01,paper_towel,Bounty paper towels,Lynnwood,98036,14600961556,030772160145,"Bounty Paper Towels Select-A-Size White, 8 Triple Rolls, 123 Sheets per Roll",Bounty,Home Page/Household Essentials/Paper & Plastic/Paper Towels/All Paper Towels,1115193_1073264_1149383,,22.46,62.8,64.24,4.5,11316.0,True,Available,https://goto.walmart.com/c/|PUBID|/568844/9383?veh=aff&sourceid=imp_000011112222333344&u=http%3A%2F%2Faffil.walmart.com%2Fcart%2FaddToCart%3Fitems%3D14600961556,
2026-03-01,paper_towel,Bounty paper towels,Lynnwood,98036,14628565544,030772160190,"Bounty Paper Towels Select-A-Size White, 10 Triple Rolls, 123 Sheets Per Roll",Bounty,Home Page/Household Essentials/Paper & Plastic/Paper Towels/All Paper Towels,1115193_1073264_1149383,,27.66,,,4.6,18031.0,True,Available,https://goto.walmart.com/c/|PUBID|/568844/9383?veh=aff&sourceid=imp_000011112222333344&u=http%3A%2F%2Faffil.walmart.com%2Fcart%2FaddToCart%3Fitems%3D14628565544,
2026-03-01,paper_towel,Bounty paper towels,Lynnwood,98036,2662173698,030772056615,"Bounty Paper Towels Select-a-Size, 8 Triple Rolls",Bounty,Home Page/Household Essentials/Paper & Plastic/Paper Towels/All Paper Towels,1115193_1073264_1149383,,31.19,54.76,43.04,4.7,18671.0,True,Available,https://goto.walmart.com/c/|PUBID|/568844/9383?veh=aff&sourceid=imp_000011112222333344&u=http%3A%2F%2Faffil.walmart.com%2Fcart%2FaddToCart%3Fitems%3D2662173698,
2026-03-01,paper_towel,Bounty paper towels,Lynnwood,98036,14580319069,030772160718,"Bounty Paper Towels Select-A-Size White, 6 Mega Rolls, 164 Sheets per Roll",Bounty,Home Page/Household Essentials/Paper & Plastic/Paper Towels/All Paper Towels,1115193_1073264_1149383,,19.96,22.18,10.01,4.6,17148.0,True,Available,https://goto.walmart.com/c/|PUBID|/568844/9383?veh=aff&sourceid=imp_000011112222333344&u=http%3A%2F%2Faffil.walmart.com%2Fcart%2FaddToCart%3Fitems%3D14580319069,
2026-03-01,paper_towel,Bounty paper towels,Lynnwood,98036,18962514237,,"(6 pack) Bounty Paper Towels Select-A-Size White, 2 Triple Rolls, 123 Sheets per Roll",Bounty,Home Page/Household Essentials/Paper & Plastic/Paper Towels/All Paper Towels,1115193_1073264_1149383,,41.82,,,,,True,Available,https://goto.walmart.com/c/|PUBID|/568844/9383?veh=aff&sourceid=imp_000011112222333344&u=http%3A%2F%2Faffil.walmart.com%2Fcart%2FaddToCart%3Fitems%3D18962514237,
2026-03-01,paper_towel,Bounty paper towels,Lynnwood,98036,2753549701,030772105856,"Bounty Paper Towels Select-A-Size, 1 Mega Roll",Bounty,Home Page/Household Essentials/Paper & Plastic/Paper Towels/All Paper Towels,1115193_1073264_1149383,,14.0,16.0,12.5,4.6,10595.0,True,Available,https://goto.walmart.com/c/|PUBID|/568844/9383?veh=aff&sourceid=imp_000011112222333344&u=http%3A%2F%2Faffil.walmart.com%2Fcart%2FaddToCart%3Fitems%3D2753549701,
2026-03-01,paper_towel,Bounty paper towels,Lynnwood,98036,14988410062,030772160732,"Bounty Paper Towels Select-A-Size White, 2 Mega Rolls, 164 Sheets per Roll",Bounty,Home Page/Household Essentials/Paper & Plastic/Paper Towels/All Paper Towels,1115193_1073264_1149383,,7.96,8.96,11.16,4.5,9143.0,True,Available,https://goto.walmart.com/c/|PUBID|/568844/9383?veh=aff&sourceid=imp_000011112222333344&u=http%3A%2F%2Faffil.walmart.com%2Fcart%2FaddToCart%3Fitems%3D14988410062,
2026-03-01,paper_towel,Bounty paper towels,Lynnwood,98036,14584700255,030772160701,"Bounty Paper Towels Select-A-Size White, 1 Mega Roll, 164 Sheets per Roll",Bounty,Home Page/Household Essentials/Paper & Plastic/Paper Towels/All Paper Towels,1115193_1073264_1149383,,4.98,,,4.6,10368.0,True,Available,https://goto.walmart.com/c/|PUBID|/568844/9383?veh=aff&sourceid=imp_000011112222333344&u=http%3A%2F%2Faffil.walmart.com%2Fcart%2FaddToCart%3Fitems%3D14584700255,
2026-03-01,paper_towel,Bounty paper towels,Lynnwood,98036,5245427403,030772116692,"Bounty Essentials Paper Towels Select-A-Size, 2 Triple Rolls, White, 162 Sheets Per Roll",Bounty,Home Page/Household Essentials/Paper & Plastic/Paper Towels/All Paper Towels,1115193_1073264_1149383,,4.97,,,4.6,2364.0,True,Available,https://goto.walmart.com/c/|PUBID|/568844/9383?veh=aff&sourceid=imp_000011112222333344&u=http%3A%2F%2Faffil.walmart.com%2Fcart%2FaddToCart%3Fitems%3D5245427403,
2026-03-01,paper_towel,Bounty paper towels,Lynnwood,98036,14615506452,030772162750,"Bounty Paper Towels Select-A-Size Print, 2 Triple Rolls, 123 Sheets per Roll",Bounty,Home Page/Household Essentials/Paper & Plastic/Paper Towels/All Paper Towels,1115193_1073264_1149383,,6.97,11.99,41.87,4.6,9802.0,True,Available,https://goto.walmart.com/c/|PUBID|/568844/9383?veh=aff&sourceid=imp_000011112222333344&u=http%3A%2F%2Faffil.walmart.com%2Fcart%2FaddToCart%3Fitems%3D14615506452,
2026-03-01,paper_towel,Bounty paper towels,Lynnwood,98036,1199187956,030772061398,"Bounty Paper Towels Select-a-Size, 2 Triple Rolls, Print",Bounty,Home Page/Household Essentials/Paper & Plastic/Paper Towels/All Paper Towels,1115193_1073264_1149383,,15.9,9.0,-76.67,4.6,10616.0,True,Available,https://goto.walmart.com/c/|PUBID|/568844/9383?veh=aff&sourceid=imp_000011112222333344&u=http%3A%2F%2Faffil.walmart.com%2Fcart%2FaddToCart%3Fitems%3D1199187956,
2026-03-01,paper_towel,Bounty paper towels,Lynnwood,98036,2345035437,030772036808,"Bounty Paper Towels Select-A-Size, 6 Mega Rolls",Bounty,Home Page/Household Essentials/Paper & Plastic/Paper Towels/All Paper Towels,1115193_1073264_1149383,,30.84,44.0,29.91,4.6,10610.0,True,Available,https://goto.walmart.com/c/|PUBID|/568844/9383?veh=aff&sourceid=imp_000011112222333344&u=http%3A%2F%2Faffil.walmart.com%2Fcart%2FaddToCart%3Fitems%3D2345035437,
2026-03-01,paper_towel,Bounty paper towels,Lynnwood,98036,1226676127,030772058497,"Bounty Paper Towels Full Sheet, 6 Triple Rolls",Bounty,Home Page/Household Essentials/Paper & Plastic/Paper Towels/All Paper Towels,1115193_1073264_1149383,,27.55,35.93,23.32,4.5,6806.0,True,Available,https://goto.walmart.com/c/|PUBID|/568844/9383?veh=aff&sourceid=imp_000011112222333344&u=http%3A%2F%2Faffil.walmart.com%2Fcart%2FaddToCart%3Fitems%3D1226676127,
2026-03-01,paper_towel,Bounty paper towels,Lynnwood,98036,14628465745,030772160084,"Bounty Paper Towels Full Sheet White, 6 Triple Rolls, 75 Sheets per Roll",Bounty,Home Page/Household Essentials/Paper & Plastic/Paper Towels/All Paper Towels,1115193_1073264_1149383,,16.94,,,4.5,7210.0,True,Available,https://goto.walmart.com/c/|PUBID|/568844/9383?veh=aff&sourceid=imp_000011112222333344&u=http%3A%2F%2Faffil.walmart.com%2Fcart%2FaddToCart%3Fitems%3D14628465745,
2026-03-01,paper_towel,Bounty paper towels,Lynnwood,98036,14600911831,030772160411,"Bounty Paper Towels Select-A-Size White, 12 Triple Rolls, 123 Sheets per Roll",Bounty,Home Page/Household Essentials/Paper & Plastic/Paper Towels/All Paper Towels,1115193_1073264_1149383,,33.18,,,4.5,10895.0,True,Available,https://goto.walmart.com/c/|PUBID|/568844/9383?veh=aff&sourceid=imp_000011112222333344&u=http%3A%2F%2Faffil.walmart.com%2Fcart%2FaddToCart%3Fitems%3D14600911831,
2026-03-01,paper_towel,Bounty paper towels,Lynnwood,98036,5245428013,030772118337,"Bounty Paper Towels Select-A-Size, 12 Triple Rolls",Bounty,Home Page/Household Essentials/Paper & Plastic/Paper Towels/All Paper Towels,1115193_1073264_1149383,,46.48,62.0,25.03,4.6,9518.0,True,Available,https://goto.walmart.com/c/|PUBID|/568844/9383?veh=aff&sourceid=imp_000011112222333344&u=http%3A%2F%2Faffil.walmart.com%2Fcart%2FaddToCart%3Fitems%3D5245428013,
2026-03-01,paper_towel,Bounty paper towels,Lynnwood,98036,5656243117,030772110911,"Bounty Essentials Select-A-Size Paper Towels, Double Rolls, White, 108 Sheets Per Roll, 2 Count",Bounty,Home Page/Household Essentials/Paper & Plastic/Paper Towels/All Paper Towels,1115193_1073264_1149383,,10.19,18.57,45.13,4.8,95.0,True,Available,https://goto.walmart.com/c/|PUBID|/568844/9383?veh=aff&sourceid=imp_000011112222333344&u=http%3A%2F%2Faffil.walmart.com%2Fcart%2FaddToCart%3Fitems%3D5656243117,
2026-03-01,paper_towel,Bounty paper towels,Lynnwood,98036,5304421551,030772116678,"Bounty Essentials Paper Towels Select-a-Size, 6 Triple Rolls",Bounty,Home Page/Household Essentials/Paper & Plastic/Paper Towels/All Paper Towels,1115193_1073264_1149383,,32.87,19.99,-64.43,4.3,482.0,True,Available,https://goto.walmart.com/c/|PUBID|/568844/9383?veh=aff&sourceid=imp_000011112222333344&u=http%3A%2F%2Faffil.walmart.com%2Fcart%2FaddToCart%3Fitems%3D5304421551,
2026-03-01,paper_towel,Bounty paper towels,Lynnwood,98036,2389155035,030772072509,"Bounty Select-A-Size Paper Towels, White, 4 Single Plus Rolls",Bounty,Home Page/Household Essentials/Paper & Plastic/Paper Towels/All Paper Towels,1115193_1073264_1149383,,26.99,14.98,-80.17,4.5,7903.0,True,Available,https://goto.walmart.com/c/|PUBID|/568844/9383?veh=aff&sourceid=imp_000011112222333344&u=http%3A%2F%2Faffil.walmart.com%2Fcart%2FaddToCart%3Fitems%3D2389155035,
2026-03-01,paper_towel,Bounty paper towels,Lynnwood,98036,610058953,037000665755,"Bounty Select-a-Size Kitchen Rolls Paper Towel 2-Ply White 98 Sheets, 4 Double Rolls",Bounty,Home Page/Household Essentials/Paper & Plastic/Paper Towels/All Paper Towels,1115193_1073264_1149383,,27.77,109.98,74.75,4.6,7548.0,True,Available,https://goto.walmart.com/c/|PUBID|/568844/9383?veh=aff&sourceid=imp_000011112222333344&u=http%3A%2F%2Faffil.walmart.com%2Fcart%2FaddToCart%3Fitems%3D610058953,
2026-03-01,paper_towel,Bounty paper towels,Lynnwood,98036,14580169803,030772160763,"Bounty Paper Towels Full Sheet White, 6 Mega Rolls, 100 Sheets per Roll",Bounty,Home Page/Household Essentials/Paper & Plastic/Paper Towels/All Paper Towels,1115193_1073264_1149383,,31.9,28.0,-13.93,4.5,5763.0,True,Available,https://goto.walmart.com/c/|PUBID|/568844/9383?veh=aff&sourceid=imp_000011112222333344&u=http%3A%2F%2Faffil.walmart.com%2Fcart%2FaddToCart%3Fitems%3D14580169803,
2026-03-01,paper_towel,Bounty paper towels,LynnwoodBctr,98087,1126506431,030772056301,"Bounty Paper Towels Select-a-Size, 6 Triple Rolls",Bounty,Home Page/Household Essentials/Paper & Plastic/Paper Towels/Bounty Paper Towels,1115193_1073264_1149383,,25.59,42.35,39.57,4.7,33090.0,True,Available,https://goto.walmart.com/c/|PUBID|/568844/9383?veh=aff&sourceid=imp_000011112222333344&u=http%3A%2F%2Faffil.walmart.com%2Fcart%2FaddToCart%3Fitems%3D1126506431,
2026-03-01,paper_towel,Bounty paper towels,LynnwoodBctr,98087,14580219389,030772160206,"Bounty Paper Towels Select-A-Size White, 6 Triple Rolls, 123 Sheets Per Roll",Bounty,Home Page/Household Essentials/Paper & Plastic/Paper Towels/All Paper Towels,1115193_1073264_1149383,,16.94,45.78,63.0,4.7,30409.0,True,Available,https://goto.walmart.com/c/|PUBID|/568844/9383?veh=aff&sourceid=imp_000011112222333344&u=http%3A%2F%2Faffil.walmart.com%2Fcart%2FaddToCart%3Fitems%3D14580219389,
2026-03-01,paper_towel,Bounty paper towels,LynnwoodBctr,98087,14584700257,030772157053,"Bounty Paper Towels Select-A-Size White, 12 Double Rolls, 82 Sheets per Roll",Bounty,Home Page/Household Essentials/Paper & Plastic/Paper Towels/All Paper Towels,1115193_1073264_1149383,,36.93,62.88,41.27,4.6,14881.0,True,Available,https://goto.walmart.com/c/|PUBID|/568844/9383?veh=aff&sourceid=imp_000011112222333344&u=http%3A%2F%2Faffil.walmart.com%2Fcart%2FaddToCart%3Fitems%3D14584700257,
2026-03-01,paper_towel,Bounty paper towels,LynnwoodBctr,98087,14618210300,030772160428,"Bounty Paper Towels Select-A-Size White, 2 Triple Rolls, 123 Sheets per Roll",Bounty,Home Page/Household Essentials/Paper & Plastic/Paper Towels/All Paper Towels,1115193_1073264_1149383,,6.97,11.97,41.77,4.7,16612.0,True,Available,https://goto.walmart.com/c/|PUBID|/568844/9383?veh=aff&sourceid=imp_000011112222333344&u=http%3A%2F%2Faffil.walmart.com%2Fcart%2FaddToCart%3Fitems%3D14618210300,
2026-03-01,paper_towel,Bounty paper towels,LynnwoodBctr,98087,5308263928,030772110959,"Bounty Essentials Paper Towels Select-A-Size 6 Double Rolls, White, 108 Sheets Per Roll",Bounty,Home Page/Household Essentials/Paper & Plastic/Paper Towels/All Paper Towels,1115193_1073264_1149383,,7.97,9.0,11.44,4.6,15305.0,True,Available,https://goto.walmart.com/c/|PUBID|/568844/9383?veh=aff&sourceid=imp_000011112222333344&u=http%3A%2F%2Faffil.walmart.com%2Fcart%2FaddToCart%3Fitems%3D5308263928,
2026-03-01,paper_towel,Bounty paper towels,LynnwoodBctr,98087,14618210310,030772160091,"Bounty Paper Towels Select-A-Size White, 4 Triple Rolls, 123 Sheets per Roll",Bounty,Home Page/Household Essentials/Paper & Plastic/Paper Towels/All Paper Towels,1115193_1073264_1149383,,11.77,,,4.6,13846.0,True,Available,https://goto.walmart.com/c/|PUBID|/568844/9383?veh=aff&sourceid=imp_000011112222333344&u=http%3A%2F%2Faffil.walmart.com%2Fcart%2FaddToCart%3Fitems%3D14618210310,
2026-03-01,paper_towel,Bounty paper towels,LynnwoodBctr,98087,1426559824,030772056622,"Bounty Paper Towels Select-a-Size, 10 Triple Rolls",Bounty,Home Page/Household Essentials/Paper & Plastic/Paper Towels/All Paper Towels,1115193_1073264_1149383,,38.36,53.0,27.62,4.7,17546.0,True,Available,https://goto.walmart.com/c/|PUBID|/568844/9383?veh=aff&sourceid=imp_000011112222333344&u=http%3A%2F%2Faffil.walmart.com%2Fcart%2FaddToCart%3Fitems%3D1426559824,
2026-03-01,paper_towel,Bounty paper towels,LynnwoodBctr,98087,2351148881,030772061343,"Bounty Paper Towels Select-a-Size, 4 Triple Rolls",Bounty,Home Page/Household Essentials/Paper & Plastic/Paper Towels/All Paper Towels,1115193_1073264_1149383,,17.45,41.16,57.6,4.7,19385.0,True,Available,https://goto.walmart.com/c/|PUBID|/568844/9383?veh=aff&sourceid=imp_000011112222333344&u=http%3A%2F%2Faffil.walmart.com%2Fcart%2FaddToCart%3Fitems%3D2351148881,
2026-03-01,paper_towel,Bounty paper towels,LynnwoodBctr,98087,2756949954,030772061336,"Bounty Paper Towels Select-a-Size, 2 Triple Rolls",Bounty,Home Page/Household Essentials/Paper & Plastic/Paper Towels/All Paper Towels,1115193_1073264_1149383,,15.49,24.43,36.59,4.7,19053.0,True,Available,https://goto.walmart.com/c/|PUBID|/568844/9383?veh=aff&sourceid=imp_000011112222333344&u=http%3A%2F%2Faffil.walmart.com%2Fcart%2FaddToCart%3Fitems%3D2756949954,
2026-03-01,paper_towel,Bounty paper towels,LynnwoodBctr,98087,14600961556,030772160145,"Bounty Paper Towels Select-A-Size White, 8 Triple Rolls, 123 Sheets per Roll",Bounty,Home Page/Household Essentials/Paper & Plastic/Paper Towels/All Paper Towels,1115193_1073264_1149383,,22.46,62.8,64.24,4.5,11316.0,True,Available,https://goto.walmart.com/c/|PUBID|/568844/9383?veh=aff&sourceid=imp_000011112222333344&u=http%3A%2F%2Faffil.walmart.com%2Fcart%2FaddToCart%3Fitems%3D14600961556,
2026-03-01,paper_towel,Bounty paper towels,LynnwoodBctr,98087,14628565544,030772160190,"Bounty Paper Towels Select-A-Size White, 10 Triple Rolls, 123 Sheets Per Roll",Bounty,Home Page/Household Essentials/Paper & Plastic/Paper Towels/All Paper Towels,1115193_1073264_1149383,,27.66,,,4.6,18031.0,True,Available,https://goto.walmart.com/c/|PUBID|/568844/9383?veh=aff&sourceid=imp_000011112222333344&u=http%3A%2F%2Faffil.walmart.com%2Fcart%2FaddToCart%3Fitems%3D14628565544,
2026-03-01,paper_towel,Bounty paper towels,LynnwoodBctr,98087,2662173698,030772056615,"Bounty Paper Towels Select-a-Size, 8 Triple Rolls",Bounty,Home Page/Household Essentials/Paper & Plastic/Paper Towels/All Paper Towels,1115193_1073264_1149383,,31.19,54.76,43.04,4.7,18671.0,True,Available,https://goto.walmart.com/c/|PUBID|/568844/9383?veh=aff&sourceid=imp_000011112222333344&u=http%3A%2F%2Faffil.walmart.com%2Fcart%2FaddToCart%3Fitems%3D2662173698,
2026-03-01,paper_towel,Bounty paper towels,LynnwoodBctr,98087,14580319069,030772160718,"Bounty Paper Towels Select-A-Size White, 6 Mega Rolls, 164 Sheets per Roll",Bounty,Home Page/Household Essentials/Paper & Plastic/Paper Towels/All Paper Towels,1115193_1073264_1149383,,19.96,22.18,10.01,4.6,17148.0,True,Available,https://goto.walmart.com/c/|PUBID|/568844/9383?veh=aff&sourceid=imp_000011112222333344&u=http%3A%2F%2Faffil.walmart.com%2Fcart%2FaddToCart%3Fitems%3D14580319069,
2026-03-01,paper_towel,Bounty paper towels,LynnwoodBctr,98087,18962514237,,"(6 pack) Bounty Paper Towels Select-A-Size White, 2 Triple Rolls, 123 Sheets per Roll",Bounty,Home Page/Household Essentials/Paper & Plastic/Paper Towels/All Paper Towels,1115193_1073264_1149383,,41.82,,,,,True,Available,https://goto.walmart.com/c/|PUBID|/568844/9383?veh=aff&sourceid=imp_000011112222333344&u=http%3A%2F%2Faffil.walmart.com%2Fcart%2FaddToCart%3Fitems%3D18962514237,
2026-03-01,paper_towel,Bounty paper towels,LynnwoodBctr,98087,2753549701,030772105856,"Bounty Paper Towels Select-A-Size, 1 Mega Roll",Bounty,Home Page/Household Essentials/Paper & Plastic/Paper Towels/All Paper Towels,1115193_1073264_1149383,,14.0,16.0,12.5,4.6,10595.0,True,Available,https://goto.walmart.com/c/|PUBID|/568844/9383?veh=aff&sourceid=imp_000011112222333344&u=http%3A%2F%2Faffil.walmart.com%2Fcart%2FaddToCart%3Fitems%3D2753549701,
2026-03-01,paper_towel,Bounty paper towels,LynnwoodBctr,98087,14988410062,030772160732,"Bounty Paper Towels Select-A-Size White, 2 Mega Rolls, 164 Sheets per Roll",Bounty,Home Page/Household Essentials/Paper & Plastic/Paper Towels/All Paper Towels,1115193_1073264_1149383,,7.96,8.96,11.16,4.5,9143.0,True,Available,https://goto.walmart.com/c/|PUBID|/568844/9383?veh=aff&sourceid=imp_000011112222333344&u=http%3A%2F%2Faffil.walmart.com%2Fcart%2FaddToCart%3Fitems%3D14988410062,
2026-03-01,paper_towel,Bounty paper towels,LynnwoodBctr,98087,14584700255,030772160701,"Bounty Paper Towels Select-A-Size White, 1 Mega Roll, 164 Sheets per Roll",Bounty,Home Page/Household Essentials/Paper & Plastic/Paper Towels/All Paper Towels,1115193_1073264_1149383,,4.98,,,4.6,10368.0,True,Available,https://goto.walmart.com/c/|PUBID|/568844/9383?veh=aff&sourceid=imp_000011112222333344&u=http%3A%2F%2Faffil.walmart.com%2Fcart%2FaddToCart%3Fitems%3D14584700255,
2026-03-01,paper_towel,Bounty paper towels,LynnwoodBctr,98087,5245427403,030772116692,"Bounty Essentials Paper Towels Select-A-Size, 2 Triple Rolls, White, 162 Sheets Per Roll",Bounty,Home Page/Household Essentials/Paper & Plastic/Paper Towels/All Paper Towels,1115193_1073264_1149383,,4.97,,,4.6,2364.0,True,Available,https://goto.walmart.com/c/|PUBID|/568844/9383?veh=aff&sourceid=imp_000011112222333344&u=http%3A%2F%2Faffil.walmart.com%2Fcart%2FaddToCart%3Fitems%3D5245427403,
2026-03-01,paper_towel,Bounty paper towels,LynnwoodBctr,98087,14615506452,030772162750,"Bounty Paper Towels Select-A-Size Print, 2 Triple Rolls, 123 Sheets per Roll",Bounty,Home Page/Household Essentials/Paper & Plastic/Paper Towels/All Paper Towels,1115193_1073264_1149383,,6.97,11.99,41.87,4.6,9802.0,True,Available,https://goto.walmart.com/c/|PUBID|/568844/9383?veh=aff&sourceid=imp_000011112222333344&u=http%3A%2F%2Faffil.walmart.com%2Fcart%2FaddToCart%3Fitems%3D14615506452,
2026-03-01,paper_towel,Bounty paper towels,LynnwoodBctr,98087,1199187956,030772061398,"Bounty Paper Towels Select-a-Size, 2 Triple Rolls, Print",Bounty,Home Page/Household Essentials/Paper & Plastic/Paper Towels/All Paper Towels,1115193_1073264_1149383,,15.9,9.0,-76.67,4.6,10616.0,True,Available,https://goto.walmart.com/c/|PUBID|/568844/9383?veh=aff&sourceid=imp_000011112222333344&u=http%3A%2F%2Faffil.walmart.com%2Fcart%2FaddToCart%3Fitems%3D1199187956,
2026-03-01,paper_towel,Bounty paper towels,LynnwoodBctr,98087,2345035437,030772036808,"Bounty Paper Towels Select-A-Size, 6 Mega Rolls",Bounty,Home Page/Household Essentials/Paper & Plastic/Paper Towels/All Paper Towels,1115193_1073264_1149383,,30.84,44.0,29.91,4.6,10610.0,True,Available,https://goto.walmart.com/c/|PUBID|/568844/9383?veh=aff&sourceid=imp_000011112222333344&u=http%3A%2F%2Faffil.walmart.com%2Fcart%2FaddToCart%3Fitems%3D2345035437,
2026-03-01,paper_towel,Bounty paper towels,LynnwoodBctr,98087,1226676127,030772058497,"Bounty Paper Towels Full Sheet, 6 Triple Rolls",Bounty,Home Page/Household Essentials/Paper & Plastic/Paper Towels/All Paper Towels,1115193_1073264_1149383,,27.55,35.93,23.32,4.5,6806.0,True,Available,https://goto.walmart.com/c/|PUBID|/568844/9383?veh=aff&sourceid=imp_000011112222333344&u=http%3A%2F%2Faffil.walmart.com%2Fcart%2FaddToCart%3Fitems%3D1226676127,
2026-03-01,paper_towel,Bounty paper towels,LynnwoodBctr,98087,14628465745,030772160084,"Bounty Paper Towels Full Sheet White, 6 Triple Rolls, 75 Sheets per Roll",Bounty,Home Page/Household Essentials/Paper & Plastic/Paper Towels/All Paper Towels,1115193_1073264_1149383,,16.94,,,4.5,7210.0,True,Available,https://goto.walmart.com/c/|PUBID|/568844/9383?veh=aff&sourceid=imp_000011112222333344&u=http%3A%2F%2Faffil.walmart.com%2Fcart%2FaddToCart%3Fitems%3D14628465745,
2026-03-01,paper_towel,Bounty paper towels,LynnwoodBctr,98087,14600911831,030772160411,"Bounty Paper Towels Select-A-Size White, 12 Triple Rolls, 123 Sheets per Roll",Bounty,Home Page/Household Essentials/Paper & Plastic/Paper Towels/All Paper Towels,1115193_1073264_1149383,,33.18,,,4.5,10895.0,True,Available,https://goto.walmart.com/c/|PUBID|/568844/9383?veh=aff&sourceid=imp_000011112222333344&u=http%3A%2F%2Faffil.walmart.com%2Fcart%2FaddToCart%3Fitems%3D14600911831,
2026-03-01,paper_towel,Bounty paper towels,LynnwoodBctr,98087,5245428013,030772118337,"Bounty Paper Towels Select-A-Size, 12 Triple Rolls",Bounty,Home Page/Household Essentials/Paper & Plastic/Paper Towels/All Paper Towels,1115193_1073264_1149383,,46.48,62.0,25.03,4.6,9518.0,True,Available,https://goto.walmart.com/c/|PUBID|/568844/9383?veh=aff&sourceid=imp_000011112222333344&u=http%3A%2F%2Faffil.walmart.com%2Fcart%2FaddToCart%3Fitems%3D5245428013,
2026-03-01,paper_towel,Bounty paper towels,LynnwoodBctr,98087,5656243117,030772110911,"Bounty Essentials Select-A-Size Paper Towels, Double Rolls, White, 108 Sheets Per Roll, 2 Count",Bounty,Home Page/Household Essentials/Paper & Plastic/Paper Towels/All Paper Towels,1115193_1073264_1149383,,10.19,18.57,45.13,4.8,95.0,True,Available,https://goto.walmart.com/c/|PUBID|/568844/9383?veh=aff&sourceid=imp_000011112222333344&u=http%3A%2F%2Faffil.walmart.com%2Fcart%2FaddToCart%3Fitems%3D5656243117,
2026-03-01,paper_towel,Bounty paper towels,LynnwoodBctr,98087,5304421551,030772116678,"Bounty Essentials Paper Towels Select-a-Size, 6 Triple Rolls",Bounty,Home Page/Household Essentials/Paper & Plastic/Paper Towels/All Paper Towels,1115193_1073264_1149383,,32.87,19.99,-64.43,4.3,482.0,True,Available,https://goto.walmart.com/c/|PUBID|/568844/9383?veh=aff&sourceid=imp_000011112222333344&u=http%3A%2F%2Faffil.walmart.com%2Fcart%2FaddToCart%3Fitems%3D5304421551,
2026-03-01,paper_towel,Bounty paper towels,LynnwoodBctr,98087,2389155035,030772072509,"Bounty Select-A-Size Paper Towels, White, 4 Single Plus Rolls",Bounty,Home Page/Household Essentials/Paper & Plastic/Paper Towels/All Paper Towels,1115193_1073264_1149383,,26.99,14.98,-80.17,4.5,7903.0,True,Available,https://goto.walmart.com/c/|PUBID|/568844/9383?veh=aff&sourceid=imp_000011112222333344&u=http%3A%2F%2Faffil.walmart.com%2Fcart%2FaddToCart%3Fitems%3D2389155035,
2026-03-01,paper_towel,Bounty paper towels,LynnwoodBctr,98087,610058953,037000665755,"Bounty Select-a-Size Kitchen Rolls Paper Towel 2-Ply White 98 Sheets, 4 Double Rolls",Bounty,Home Page/Household Essentials/Paper & Plastic/Paper Towels/All Paper Towels,1115193_1073264_1149383,,27.77,109.98,74.75,4.6,7548.0,True,Available,https://goto.walmart.com/c/|PUBID|/568844/9383?veh=aff&sourceid=imp_000011112222333344&u=http%3A%2F%2Faffil.walmart.com%2Fcart%2FaddToCart%3Fitems%3D610058953,
2026-03-01,paper_towel,Bounty paper towels,LynnwoodBctr,98087,14580169803,030772160763,"Bounty Paper Towels Full Sheet White, 6 Mega Rolls, 100 Sheets per Roll",Bounty,Home Page/Household Essentials/Paper & Plastic/Paper Towels/All Paper Towels,1115193_1073264_1149383,,31.9,28.0,-13.93,4.5,5763.0,True,Available,https://goto.walmart.com/c/|PUBID|/568844/9383?veh=aff&sourceid=imp_000011112222333344&u=http%3A%2F%2Faffil.walmart.com%2Fcart%2FaddToCart%3Fitems%3D14580169803,
2026-03-01,paper_towel,Bounty paper towels,Aurora Village,98133,1126506431,030772056301,"Bounty Paper Towels Select-a-Size, 6 Triple Rolls",Bounty,Home Page/Household Essentials/Paper & Plastic/Paper Towels/Bounty Paper Towels,1115193_1073264_1149383,,25.59,42.35,39.57,4.7,33090.0,True,Available,https://goto.walmart.com/c/|PUBID|/568844/9383?veh=aff&sourceid=imp_000011112222333344&u=http%3A%2F%2Faffil.walmart.com%2Fcart%2FaddToCart%3Fitems%3D1126506431,
2026-03-01,paper_towel,Bounty paper towels,Aurora Village,98133,14580219389,030772160206,"Bounty Paper Towels Select-A-Size White, 6 Triple Rolls, 123 Sheets Per Roll",Bounty,Home Page/Household Essentials/Paper & Plastic/Paper Towels/All Paper Towels,1115193_1073264_1149383,,16.94,45.78,63.0,4.7,30409.0,True,Available,https://goto.walmart.com/c/|PUBID|/568844/9383?veh=aff&sourceid=imp_000011112222333344&u=http%3A%2F%2Faffil.walmart.com%2Fcart%2FaddToCart%3Fitems%3D14580219389,
2026-03-01,paper_towel,Bounty paper towels,Aurora Village,98133,14584700257,030772157053,"Bounty Paper Towels Select-A-Size White, 12 Double Rolls, 82 Sheets per Roll",Bounty,Home Page/Household Essentials/Paper & Plastic/Paper Towels/All Paper Towels,1115193_1073264_1149383,,36.93,62.88,41.27,4.6,14881.0,True,Available,https://goto.walmart.com/c/|PUBID|/568844/9383?veh=aff&sourceid=imp_000011112222333344&u=http%3A%2F%2Faffil.walmart.com%2Fcart%2FaddToCart%3Fitems%3D14584700257,
2026-03-01,paper_towel,Bounty paper towels,Aurora Village,98133,14618210300,030772160428,"Bounty Paper Towels Select-A-Size White, 2 Triple Rolls, 123 Sheets per Roll",Bounty,Home Page/Household Essentials/Paper & Plastic/Paper Towels/All Paper Towels,1115193_1073264_1149383,,6.97,11.97,41.77,4.7,16612.0,True,Available,https://goto.walmart.com/c/|PUBID|/568844/9383?veh=aff&sourceid=imp_000011112222333344&u=http%3A%2F%2Faffil.walmart.com%2Fcart%2FaddToCart%3Fitems%3D14618210300,
2026-03-01,paper_towel,Bounty paper towels,Aurora Village,98133,5308263928,030772110959,"Bounty Essentials Paper Towels Select-A-Size 6 Double Rolls, White, 108 Sheets Per Roll",Bounty,Home Page/Household Essentials/Paper & Plastic/Paper Towels/All Paper Towels,1115193_1073264_1149383,,7.97,9.0,11.44,4.6,15305.0,True,Available,https://goto.walmart.com/c/|PUBID|/568844/9383?veh=aff&sourceid=imp_000011112222333344&u=http%3A%2F%2Faffil.walmart.com%2Fcart%2FaddToCart%3Fitems%3D5308263928,
2026-03-01,paper_towel,Bounty paper towels,Aurora Village,98133,14618210310,030772160091,"Bounty Paper Towels Select-A-Size White, 4 Triple Rolls, 123 Sheets per Roll",Bounty,Home Page/Household Essentials/Paper & Plastic/Paper Towels/All Paper Towels,1115193_1073264_1149383,,11.77,,,4.6,13846.0,True,Available,https://goto.walmart.com/c/|PUBID|/568844/9383?veh=aff&sourceid=imp_000011112222333344&u=http%3A%2F%2Faffil.walmart.com%2Fcart%2FaddToCart%3Fitems%3D14618210310,
2026-03-01,paper_towel,Bounty paper towels,Aurora Village,98133,1426559824,030772056622,"Bounty Paper Towels Select-a-Size, 10 Triple Rolls",Bounty,Home Page/Household Essentials/Paper & Plastic/Paper Towels/All Paper Towels,1115193_1073264_1149383,,38.36,53.0,27.62,4.7,17546.0,True,Available,https://goto.walmart.com/c/|PUBID|/568844/9383?veh=aff&sourceid=imp_000011112222333344&u=http%3A%2F%2Faffil.walmart.com%2Fcart%2FaddToCart%3Fitems%3D1426559824,
2026-03-01,paper_towel,Bounty paper towels,Aurora Village,98133,2351148881,030772061343,"Bounty Paper Towels Select-a-Size, 4 Triple Rolls",Bounty,Home Page/Household Essentials/Paper & Plastic/Paper Towels/All Paper Towels,1115193_1073264_1149383,,17.45,41.16,57.6,4.7,19385.0,True,Available,https://goto.walmart.com/c/|PUBID|/568844/9383?veh=aff&sourceid=imp_000011112222333344&u=http%3A%2F%2Faffil.walmart.com%2Fcart%2FaddToCart%3Fitems%3D2351148881,
2026-03-01,paper_towel,Bounty paper towels,Aurora Village,98133,2756949954,030772061336,"Bounty Paper Towels Select-a-Size, 2 Triple Rolls",Bounty,Home Page/Household Essentials/Paper & Plastic/Paper Towels/All Paper Towels,1115193_1073264_1149383,,15.49,24.43,36.59,4.7,19053.0,True,Available,https://goto.walmart.com/c/|PUBID|/568844/9383?veh=aff&sourceid=imp_000011112222333344&u=http%3A%2F%2Faffil.walmart.com%2Fcart%2FaddToCart%3Fitems%3D2756949954,
2026-03-01,paper_towel,Bounty paper towels,Aurora Village,98133,14600961556,030772160145,"Bounty Paper Towels Select-A-Size White, 8 Triple Rolls, 123 Sheets per Roll",Bounty,Home Page/Household Essentials/Paper & Plastic/Paper Towels/All Paper Towels,1115193_1073264_1149383,,22.46,62.8,64.24,4.5,11316.0,True,Available,https://goto.walmart.com/c/|PUBID|/568844/9383?veh=aff&sourceid=imp_000011112222333344&u=http%3A%2F%2Faffil.walmart.com%2Fcart%2FaddToCart%3Fitems%3D14600961556,
2026-03-01,paper_towel,Bounty paper towels,Aurora Village,98133,14628565544,030772160190,"Bounty Paper Towels Select-A-Size White, 10 Triple Rolls, 123 Sheets Per Roll",Bounty,Home Page/Household Essentials/Paper & Plastic/Paper Towels/All Paper Towels,1115193_1073264_1149383,,27.66,,,4.6,18031.0,True,Available,https://goto.walmart.com/c/|PUBID|/568844/9383?veh=aff&sourceid=imp_000011112222333344&u=http%3A%2F%2Faffil.walmart.com%2Fcart%2FaddToCart%3Fitems%3D14628565544,
2026-03-01,paper_towel,Bounty paper towels,Aurora Village,98133,2662173698,030772056615,"Bounty Paper Towels Select-a-Size, 8 Triple Rolls",Bounty,Home Page/Household Essentials/Paper & Plastic/Paper Towels/All Paper Towels,1115193_1073264_1149383,,31.19,54.76,43.04,4.7,18671.0,True,Available,https://goto.walmart.com/c/|PUBID|/568844/9383?veh=aff&sourceid=imp_000011112222333344&u=http%3A%2F%2Faffil.walmart.com%2Fcart%2FaddToCart%3Fitems%3D2662173698,
2026-03-01,paper_towel,Bounty paper towels,Aurora Village,98133,14580319069,030772160718,"Bounty Paper Towels Select-A-Size White, 6 Mega Rolls, 164 Sheets per Roll",Bounty,Home Page/Household Essentials/Paper & Plastic/Paper Towels/All Paper Towels,1115193_1073264_1149383,,19.96,22.18,10.01,4.6,17148.0,True,Available,https://goto.walmart.com/c/|PUBID|/568844/9383?veh=aff&sourceid=imp_000011112222333344&u=http%3A%2F%2Faffil.walmart.com%2Fcart%2FaddToCart%3Fitems%3D14580319069,
2026-03-01,paper_towel,Bounty paper towels,Aurora Village,98133,18962514237,,"(6 pack) Bounty Paper Towels Select-A-Size White, 2 Triple Rolls, 123 Sheets per Roll",Bounty,Home Page/Household Essentials/Paper & Plastic/Paper Towels/All Paper Towels,1115193_1073264_1149383,,41.82,,,,,True,Available,https://goto.walmart.com/c/|PUBID|/568844/9383?veh=aff&sourceid=imp_000011112222333344&u=http%3A%2F%2Faffil.walmart.com%2Fcart%2FaddToCart%3Fitems%3D18962514237,
2026-03-01,paper_towel,Bounty paper towels,Aurora Village,98133,2753549701,030772105856,"Bounty Paper Towels Select-A-Size, 1 Mega Roll",Bounty,Home Page/Household Essentials/Paper & Plastic/Paper Towels/All Paper Towels,1115193_1073264_1149383,,14.0,16.0,12.5,4.6,10595.0,True,Available,https://goto.walmart.com/c/|PUBID|/568844/9383?veh=aff&sourceid=imp_000011112222333344&u=http%3A%2F%2Faffil.walmart.com%2Fcart%2FaddToCart%3Fitems%3D2753549701,
2026-03-01,paper_towel,Bounty paper towels,Aurora Village,98133,14988410062,030772160732,"Bounty Paper Towels Select-A-Size White, 2 Mega Rolls, 164 Sheets per Roll",Bounty,Home Page/Household Essentials/Paper & Plastic/Paper Towels/All Paper Towels,1115193_1073264_1149383,,7.96,8.96,11.16,4.5,9143.0,True,Available,https://goto.walmart.com/c/|PUBID|/568844/9383?veh=aff&sourceid=imp_000011112222333344&u=http%3A%2F%2Faffil.walmart.com%2Fcart%2FaddToCart%3Fitems%3D14988410062,
2026-03-01,paper_towel,Bounty paper towels,Aurora Village,98133,14584700255,030772160701,"Bounty Paper Towels Select-A-Size White, 1 Mega Roll, 164 Sheets per Roll",Bounty,Home Page/Household Essentials/Paper & Plastic/Paper Towels/All Paper Towels,1115193_1073264_1149383,,4.98,,,4.6,10368.0,True,Available,https://goto.walmart.com/c/|PUBID|/568844/9383?veh=aff&sourceid=imp_000011112222333344&u=http%3A%2F%2Faffil.walmart.com%2Fcart%2FaddToCart%3Fitems%3D14584700255,
2026-03-01,paper_towel,Bounty paper towels,Aurora Village,98133,5245427403,030772116692,"Bounty Essentials Paper Towels Select-A-Size, 2 Triple Rolls, White, 162 Sheets Per Roll",Bounty,Home Page/Household Essentials/Paper & Plastic/Paper Towels/All Paper Towels,1115193_1073264_1149383,,4.97,,,4.6,2364.0,True,Available,https://goto.walmart.com/c/|PUBID|/568844/9383?veh=aff&sourceid=imp_000011112222333344&u=http%3A%2F%2Faffil.walmart.com%2Fcart%2FaddToCart%3Fitems%3D5245427403,
2026-03-01,paper_towel,Bounty paper towels,Aurora Village,98133,14615506452,030772162750,"Bounty Paper Towels Select-A-Size Print, 2 Triple Rolls, 123 Sheets per Roll",Bounty,Home Page/Household Essentials/Paper & Plastic/Paper Towels/All Paper Towels,1115193_1073264_1149383,,6.97,11.99,41.87,4.6,9802.0,True,Available,https://goto.walmart.com/c/|PUBID|/568844/9383?veh=aff&sourceid=imp_000011112222333344&u=http%3A%2F%2Faffil.walmart.com%2Fcart%2FaddToCart%3Fitems%3D14615506452,
2026-03-01,paper_towel,Bounty paper towels,Aurora Village,98133,1199187956,030772061398,"Bounty Paper Towels Select-a-Size, 2 Triple Rolls, Print",Bounty,Home Page/Household Essentials/Paper & Plastic/Paper Towels/All Paper Towels,1115193_1073264_1149383,,15.9,9.0,-76.67,4.6,10616.0,True,Available,https://goto.walmart.com/c/|PUBID|/568844/9383?veh=aff&sourceid=imp_000011112222333344&u=http%3A%2F%2Faffil.walmart.com%2Fcart%2FaddToCart%3Fitems%3D1199187956,
2026-03-01,paper_towel,Bounty paper towels,Aurora Village,98133,2345035437,030772036808,"Bounty Paper Towels Select-A-Size, 6 Mega Rolls",Bounty,Home Page/Household Essentials/Paper & Plastic/Paper Towels/All Paper Towels,1115193_1073264_1149383,,30.84,44.0,29.91,4.6,10610.0,True,Available,https://goto.walmart.com/c/|PUBID|/568844/9383?veh=aff&sourceid=imp_000011112222333344&u=http%3A%2F%2Faffil.walmart.com%2Fcart%2FaddToCart%3Fitems%3D2345035437,
2026-03-01,paper_towel,Bounty paper towels,Aurora Village,98133,1226676127,030772058497,"Bounty Paper Towels Full Sheet, 6 Triple Rolls",Bounty,Home Page/Household Essentials/Paper & Plastic/Paper Towels/All Paper Towels,1115193_1073264_1149383,,27.55,35.93,23.32,4.5,6806.0,True,Available,https://goto.walmart.com/c/|PUBID|/568844/9383?veh=aff&sourceid=imp_000011112222333344&u=http%3A%2F%2Faffil.walmart.com%2Fcart%2FaddToCart%3Fitems%3D1226676127,
2026-03-01,paper_towel,Bounty paper towels,Aurora Village,98133,14628465745,030772160084,"Bounty Paper Towels Full Sheet White, 6 Triple Rolls, 75 Sheets per Roll",Bounty,Home Page/Household Essentials/Paper & Plastic/Paper Towels/All Paper Towels,1115193_1073264_1149383,,16.94,,,4.5,7210.0,True,Available,https://goto.walmart.com/c/|PUBID|/568844/9383?veh=aff&sourceid=imp_000011112222333344&u=http%3A%2F%2Faffil.walmart.com%2Fcart%2FaddToCart%3Fitems%3D14628465745,
2026-03-01,paper_towel,Bounty paper towels,Aurora Village,98133,14600911831,030772160411,"Bounty Paper Towels Select-A-Size White, 12 Triple Rolls, 123 Sheets per Roll",Bounty,Home Page/Household Essentials/Paper & Plastic/Paper Towels/All Paper Towels,1115193_1073264_1149383,,33.18,,,4.5,10895.0,True,Available,https://goto.walmart.com/c/|PUBID|/568844/9383?veh=aff&sourceid=imp_000011112222333344&u=http%3A%2F%2Faffil.walmart.com%2Fcart%2FaddToCart%3Fitems%3D14600911831,
2026-03-01,paper_towel,Bounty paper towels,Aurora Village,98133,5245428013,030772118337,"Bounty Paper Towels Select-A-Size, 12 Triple Rolls",Bounty,Home Page/Household Essentials/Paper & Plastic/Paper Towels/All Paper Towels,1115193_1073264_1149383,,46.48,62.0,25.03,4.6,9518.0,True,Available,https://goto.walmart.com/c/|PUBID|/568844/9383?veh=aff&sourceid=imp_000011112222333344&u=http%3A%2F%2Faffil.walmart.com%2Fcart%2FaddToCart%3Fitems%3D5245428013,
2026-03-01,paper_towel,Bounty paper towels,Aurora Village,98133,5656243117,030772110911,"Bounty Essentials Select-A-Size Paper Towels, Double Rolls, White, 108 Sheets Per Roll, 2 Count",Bounty,Home Page/Household Essentials/Paper & Plastic/Paper Towels/All Paper Towels,1115193_1073264_1149383,,10.19,18.57,45.13,4.8,95.0,True,Available,https://goto.walmart.com/c/|PUBID|/568844/9383?veh=aff&sourceid=imp_000011112222333344&u=http%3A%2F%2Faffil.walmart.com%2Fcart%2FaddToCart%3Fitems%3D5656243117,
2026-03-01,paper_towel,Bounty paper towels,Aurora Village,98133,5304421551,030772116678,"Bounty Essentials Paper Towels Select-a-Size, 6 Triple Rolls",Bounty,Home Page/Household Essentials/Paper & Plastic/Paper Towels/All Paper Towels,1115193_1073264_1149383,,32.87,19.99,-64.43,4.3,482.0,True,Available,https://goto.walmart.com/c/|PUBID|/568844/9383?veh=aff&sourceid=imp_000011112222333344&u=http%3A%2F%2Faffil.walmart.com%2Fcart%2FaddToCart%3Fitems%3D5304421551,
2026-03-01,paper_towel,Bounty paper towels,Aurora Village,98133,2389155035,030772072509,"Bounty Select-A-Size Paper Towels, White, 4 Single Plus Rolls",Bounty,Home Page/Household Essentials/Paper & Plastic/Paper Towels/All Paper Towels,1115193_1073264_1149383,,26.99,14.98,-80.17,4.5,7903.0,True,Available,https://goto.walmart.com/c/|PUBID|/568844/9383?veh=aff&sourceid=imp_000011112222333344&u=http%3A%2F%2Faffil.walmart.com%2Fcart%2FaddToCart%3Fitems%3D2389155035,
2026-03-01,paper_towel,Bounty paper towels,Aurora Village,98133,610058953,037000665755,"Bounty Select-a-Size Kitchen Rolls Paper Towel 2-Ply White 98 Sheets, 4 Double Rolls",Bounty,Home Page/Household Essentials/Paper & Plastic/Paper Towels/All Paper Towels,1115193_1073264_1149383,,27.77,109.98,74.75,4.6,7548.0,True,Available,https://goto.walmart.com/c/|PUBID|/568844/9383?veh=aff&sourceid=imp_000011112222333344&u=http%3A%2F%2Faffil.walmart.com%2Fcart%2FaddToCart%3Fitems%3D610058953,
2026-03-01,paper_towel,Bounty paper towels,Aurora Village,98133,14580169803,030772160763,"Bounty Paper Towels Full Sheet White, 6 Mega Rolls, 100 Sheets per Roll",Bounty,Home Page/Household Essentials/Paper & Plastic/Paper Towels/All Paper Towels,1115193_1073264_1149383,,31.9,28.0,-13.93,4.5,5763.0,True,Available,https://goto.walmart.com/c/|PUBID|/568844/9383?veh=aff&sourceid=imp_000011112222333344&u=http%3A%2F%2Faffil.walmart.com%2Fcart%2FaddToCart%3Fitems%3D14580169803,
2026-03-01,paper_towel,Bounty paper towels,Redmond,98052,1126506431,030772056301,"Bounty Paper Towels Select-a-Size, 6 Triple Rolls",Bounty,Home Page/Household Essentials/Paper & Plastic/Paper Towels/Bounty Paper Towels,1115193_1073264_1149383,,25.59,42.35,39.57,4.7,33090.0,True,Available,https://goto.walmart.com/c/|PUBID|/568844/9383?veh=aff&sourceid=imp_000011112222333344&u=http%3A%2F%2Faffil.walmart.com%2Fcart%2FaddToCart%3Fitems%3D1126506431,
2026-03-01,paper_towel,Bounty paper towels,Redmond,98052,14580219389,030772160206,"Bounty Paper Towels Select-A-Size White, 6 Triple Rolls, 123 Sheets Per Roll",Bounty,Home Page/Household Essentials/Paper & Plastic/Paper Towels/All Paper Towels,1115193_1073264_1149383,,16.94,45.78,63.0,4.7,30409.0,True,Available,https://goto.walmart.com/c/|PUBID|/568844/9383?veh=aff&sourceid=imp_000011112222333344&u=http%3A%2F%2Faffil.walmart.com%2Fcart%2FaddToCart%3Fitems%3D14580219389,
2026-03-01,paper_towel,Bounty paper towels,Redmond,98052,14584700257,030772157053,"Bounty Paper Towels Select-A-Size White, 12 Double Rolls, 82 Sheets per Roll",Bounty,Home Page/Household Essentials/Paper & Plastic/Paper Towels/All Paper Towels,1115193_1073264_1149383,,36.93,62.88,41.27,4.6,14881.0,True,Available,https://goto.walmart.com/c/|PUBID|/568844/9383?veh=aff&sourceid=imp_000011112222333344&u=http%3A%2F%2Faffil.walmart.com%2Fcart%2FaddToCart%3Fitems%3D14584700257,
2026-03-01,paper_towel,Bounty paper towels,Redmond,98052,14618210300,030772160428,"Bounty Paper Towels Select-A-Size White, 2 Triple Rolls, 123 Sheets per Roll",Bounty,Home Page/Household Essentials/Paper & Plastic/Paper Towels/All Paper Towels,1115193_1073264_1149383,,6.97,11.97,41.77,4.7,16612.0,True,Available,https://goto.walmart.com/c/|PUBID|/568844/9383?veh=aff&sourceid=imp_000011112222333344&u=http%3A%2F%2Faffil.walmart.com%2Fcart%2FaddToCart%3Fitems%3D14618210300,
2026-03-01,paper_towel,Bounty paper towels,Redmond,98052,5308263928,030772110959,"Bounty Essentials Paper Towels Select-A-Size 6 Double Rolls, White, 108 Sheets Per Roll",Bounty,Home Page/Household Essentials/Paper & Plastic/Paper Towels/All Paper Towels,1115193_1073264_1149383,,7.97,9.0,11.44,4.6,15305.0,True,Available,https://goto.walmart.com/c/|PUBID|/568844/9383?veh=aff&sourceid=imp_000011112222333344&u=http%3A%2F%2Faffil.walmart.com%2Fcart%2FaddToCart%3Fitems%3D5308263928,
2026-03-01,paper_towel,Bounty paper towels,Redmond,98052,14618210310,030772160091,"Bounty Paper Towels Select-A-Size White, 4 Triple Rolls, 123 Sheets per Roll",Bounty,Home Page/Household Essentials/Paper & Plastic/Paper Towels/All Paper Towels,1115193_1073264_1149383,,11.77,,,4.6,13846.0,True,Available,https://goto.walmart.com/c/|PUBID|/568844/9383?veh=aff&sourceid=imp_000011112222333344&u=http%3A%2F%2Faffil.walmart.com%2Fcart%2FaddToCart%3Fitems%3D14618210310,
2026-03-01,paper_towel,Bounty paper towels,Redmond,98052,1426559824,030772056622,"Bounty Paper Towels Select-a-Size, 10 Triple Rolls",Bounty,Home Page/Household Essentials/Paper & Plastic/Paper Towels/All Paper Towels,1115193_1073264_1149383,,38.36,53.0,27.62,4.7,17546.0,True,Available,https://goto.walmart.com/c/|PUBID|/568844/9383?veh=aff&sourceid=imp_000011112222333344&u=http%3A%2F%2Faffil.walmart.com%2Fcart%2FaddToCart%3Fitems%3D1426559824,
2026-03-01,paper_towel,Bounty paper towels,Redmond,98052,2351148881,030772061343,"Bounty Paper Towels Select-a-Size, 4 Triple Rolls",Bounty,Home Page/Household Essentials/Paper & Plastic/Paper Towels/All Paper Towels,1115193_1073264_1149383,,17.45,41.16,57.6,4.7,19385.0,True,Available,https://goto.walmart.com/c/|PUBID|/568844/9383?veh=aff&sourceid=imp_000011112222333344&u=http%3A%2F%2Faffil.walmart.com%2Fcart%2FaddToCart%3Fitems%3D2351148881,
2026-03-01,paper_towel,Bounty paper towels,Redmond,98052,2756949954,030772061336,"Bounty Paper Towels Select-a-Size, 2 Triple Rolls",Bounty,Home Page/Household Essentials/Paper & Plastic/Paper Towels/All Paper Towels,1115193_1073264_1149383,,15.49,24.43,36.59,4.7,19053.0,True,Available,https://goto.walmart.com/c/|PUBID|/568844/9383?veh=aff&sourceid=imp_000011112222333344&u=http%3A%2F%2Faffil.walmart.com%2Fcart%2FaddToCart%3Fitems%3D2756949954,
2026-03-01,paper_towel,Bounty paper towels,Redmond,98052,14600961556,030772160145,"Bounty Paper Towels Select-A-Size White, 8 Triple Rolls, 123 Sheets per Roll",Bounty,Home Page/Household Essentials/Paper & Plastic/Paper Towels/All Paper Towels,1115193_1073264_1149383,,22.46,62.8,64.24,4.5,11316.0,True,Available,https://goto.walmart.com/c/|PUBID|/568844/9383?veh=aff&sourceid=imp_000011112222333344&u=http%3A%2F%2Faffil.walmart.com%2Fcart%2FaddToCart%3Fitems%3D14600961556,
2026-03-01,paper_towel,Bounty paper towels,Redmond,98052,14628565544,030772160190,"Bounty Paper Towels Select-A-Size White, 10 Triple Rolls, 123 Sheets Per Roll",Bounty,Home Page/Household Essentials/Paper & Plastic/Paper Towels/All Paper Towels,1115193_1073264_1149383,,27.66,,,4.6,18031.0,True,Available,https://goto.walmart.com/c/|PUBID|/568844/9383?veh=aff&sourceid=imp_000011112222333344&u=http%3A%2F%2Faffil.walmart.com%2Fcart%2FaddToCart%3Fitems%3D14628565544,
2026-03-01,paper_towel,Bounty paper towels,Redmond,98052,2662173698,030772056615,"Bounty Paper Towels Select-a-Size, 8 Triple Rolls",Bounty,Home Page/Household Essentials/Paper & Plastic/Paper Towels/All Paper Towels,1115193_1073264_1149383,,31.19,54.76,43.04,4.7,18671.0,True,Available,https://goto.walmart.com/c/|PUBID|/568844/9383?veh=aff&sourceid=imp_000011112222333344&u=http%3A%2F%2Faffil.walmart.com%2Fcart%2FaddToCart%3Fitems%3D2662173698,
2026-03-01,paper_towel,Bounty paper towels,Redmond,98052,14580319069,030772160718,"Bounty Paper Towels Select-A-Size White, 6 Mega Rolls, 164 Sheets per Roll",Bounty,Home Page/Household Essentials/Paper & Plastic/Paper Towels/All Paper Towels,1115193_1073264_1149383,,19.96,22.18,10.01,4.6,17148.0,True,Available,https://goto.walmart.com/c/|PUBID|/568844/9383?veh=aff&sourceid=imp_000011112222333344&u=http%3A%2F%2Faffil.walmart.com%2Fcart%2FaddToCart%3Fitems%3D14580319069,
2026-03-01,paper_towel,Bounty paper towels,Redmond,98052,18962514237,,"(6 pack) Bounty Paper Towels Select-A-Size White, 2 Triple Rolls, 123 Sheets per Roll",Bounty,Home Page/Household Essentials/Paper & Plastic/Paper Towels/All Paper Towels,1115193_1073264_1149383,,41.82,,,,,True,Available,https://goto.walmart.com/c/|PUBID|/568844/9383?veh=aff&sourceid=imp_000011112222333344&u=http%3A%2F%2Faffil.walmart.com%2Fcart%2FaddToCart%3Fitems%3D18962514237,
2026-03-01,paper_towel,Bounty paper towels,Redmond,98052,2753549701,030772105856,"Bounty Paper Towels Select-A-Size, 1 Mega Roll",Bounty,Home Page/Household Essentials/Paper & Plastic/Paper Towels/All Paper Towels,1115193_1073264_1149383,,14.0,16.0,12.5,4.6,10595.0,True,Available,https://goto.walmart.com/c/|PUBID|/568844/9383?veh=aff&sourceid=imp_000011112222333344&u=http%3A%2F%2Faffil.walmart.com%2Fcart%2FaddToCart%3Fitems%3D2753549701,
2026-03-01,paper_towel,Bounty paper towels,Redmond,98052,14988410062,030772160732,"Bounty Paper Towels Select-A-Size White, 2 Mega Rolls, 164 Sheets per Roll",Bounty,Home Page/Household Essentials/Paper & Plastic/Paper Towels/All Paper Towels,1115193_1073264_1149383,,7.96,8.96,11.16,4.5,9143.0,True,Available,https://goto.walmart.com/c/|PUBID|/568844/9383?veh=aff&sourceid=imp_000011112222333344&u=http%3A%2F%2Faffil.walmart.com%2Fcart%2FaddToCart%3Fitems%3D14988410062,
2026-03-01,paper_towel,Bounty paper towels,Redmond,98052,14584700255,030772160701,"Bounty Paper Towels Select-A-Size White, 1 Mega Roll, 164 Sheets per Roll",Bounty,Home Page/Household Essentials/Paper & Plastic/Paper Towels/All Paper Towels,1115193_1073264_1149383,,4.98,,,4.6,10368.0,True,Available,https://goto.walmart.com/c/|PUBID|/568844/9383?veh=aff&sourceid=imp_000011112222333344&u=http%3A%2F%2Faffil.walmart.com%2Fcart%2FaddToCart%3Fitems%3D14584700255,
2026-03-01,paper_towel,Bounty paper towels,Redmond,98052,5245427403,030772116692,"Bounty Essentials Paper Towels Select-A-Size, 2 Triple Rolls, White, 162 Sheets Per Roll",Bounty,Home Page/Household Essentials/Paper & Plastic/Paper Towels/All Paper Towels,1115193_1073264_1149383,,4.97,,,4.6,2364.0,True,Available,https://goto.walmart.com/c/|PUBID|/568844/9383?veh=aff&sourceid=imp_000011112222333344&u=http%3A%2F%2Faffil.walmart.com%2Fcart%2FaddToCart%3Fitems%3D5245427403,
2026-03-01,paper_towel,Bounty paper towels,Redmond,98052,14615506452,030772162750,"Bounty Paper Towels Select-A-Size Print, 2 Triple Rolls, 123 Sheets per Roll",Bounty,Home Page/Household Essentials/Paper & Plastic/Paper Towels/All Paper Towels,1115193_1073264_1149383,,6.97,11.99,41.87,4.6,9802.0,True,Available,https://goto.walmart.com/c/|PUBID|/568844/9383?veh=aff&sourceid=imp_000011112222333344&u=http%3A%2F%2Faffil.walmart.com%2Fcart%2FaddToCart%3Fitems%3D14615506452,
2026-03-01,paper_towel,Bounty paper towels,Redmond,98052,1199187956,030772061398,"Bounty Paper Towels Select-a-Size, 2 Triple Rolls, Print",Bounty,Home Page/Household Essentials/Paper & Plastic/Paper Towels/All Paper Towels,1115193_1073264_1149383,,15.9,9.0,-76.67,4.6,10616.0,True,Available,https://goto.walmart.com/c/|PUBID|/568844/9383?veh=aff&sourceid=imp_000011112222333344&u=http%3A%2F%2Faffil.walmart.com%2Fcart%2FaddToCart%3Fitems%3D1199187956,
2026-03-01,paper_towel,Bounty paper towels,Redmond,98052,2345035437,030772036808,"Bounty Paper Towels Select-A-Size, 6 Mega Rolls",Bounty,Home Page/Household Essentials/Paper & Plastic/Paper Towels/All Paper Towels,1115193_1073264_1149383,,30.84,44.0,29.91,4.6,10610.0,True,Available,https://goto.walmart.com/c/|PUBID|/568844/9383?veh=aff&sourceid=imp_000011112222333344&u=http%3A%2F%2Faffil.walmart.com%2Fcart%2FaddToCart%3Fitems%3D2345035437,
2026-03-01,paper_towel,Bounty paper towels,Redmond,98052,1226676127,030772058497,"Bounty Paper Towels Full Sheet, 6 Triple Rolls",Bounty,Home Page/Household Essentials/Paper & Plastic/Paper Towels/All Paper Towels,1115193_1073264_1149383,,27.55,35.93,23.32,4.5,6806.0,True,Available,https://goto.walmart.com/c/|PUBID|/568844/9383?veh=aff&sourceid=imp_000011112222333344&u=http%3A%2F%2Faffil.walmart.com%2Fcart%2FaddToCart%3Fitems%3D1226676127,
2026-03-01,paper_towel,Bounty paper towels,Redmond,98052,14628465745,030772160084,"Bounty Paper Towels Full Sheet White, 6 Triple Rolls, 75 Sheets per Roll",Bounty,Home Page/Household Essentials/Paper & Plastic/Paper Towels/All Paper Towels,1115193_1073264_1149383,,16.94,,,4.5,7210.0,True,Available,https://goto.walmart.com/c/|PUBID|/568844/9383?veh=aff&sourceid=imp_000011112222333344&u=http%3A%2F%2Faffil.walmart.com%2Fcart%2FaddToCart%3Fitems%3D14628465745,
2026-03-01,paper_towel,Bounty paper towels,Redmond,98052,14600911831,030772160411,"Bounty Paper Towels Select-A-Size White, 12 Triple Rolls, 123 Sheets per Roll",Bounty,Home Page/Household Essentials/Paper & Plastic/Paper Towels/All Paper Towels,1115193_1073264_1149383,,33.18,,,4.5,10895.0,True,Available,https://goto.walmart.com/c/|PUBID|/568844/9383?veh=aff&sourceid=imp_000011112222333344&u=http%3A%2F%2Faffil.walmart.com%2Fcart%2FaddToCart%3Fitems%3D14600911831,
2026-03-01,paper_towel,Bounty paper towels,Redmond,98052,5245428013,030772118337,"Bounty Paper Towels Select-A-Size, 12 Triple Rolls",Bounty,Home Page/Household Essentials/Paper & Plastic/Paper Towels/All Paper Towels,1115193_1073264_1149383,,46.48,62.0,25.03,4.6,9518.0,True,Available,https://goto.walmart.com/c/|PUBID|/568844/9383?veh=aff&sourceid=imp_000011112222333344&u=http%3A%2F%2Faffil.walmart.com%2Fcart%2FaddToCart%3Fitems%3D5245428013,
2026-03-01,paper_towel,Bounty paper towels,Redmond,98052,5656243117,030772110911,"Bounty Essentials Select-A-Size Paper Towels, Double Rolls, White, 108 Sheets Per Roll, 2 Count",Bounty,Home Page/Household Essentials/Paper & Plastic/Paper Towels/All Paper Towels,1115193_1073264_1149383,,10.19,18.57,45.13,4.8,95.0,True,Available,https://goto.walmart.com/c/|PUBID|/568844/9383?veh=aff&sourceid=imp_000011112222333344&u=http%3A%2F%2Faffil.walmart.com%2Fcart%2FaddToCart%3Fitems%3D5656243117,
2026-03-01,paper_towel,Bounty paper towels,Redmond,98052,5304421551,030772116678,"Bounty Essentials Paper Towels Select-a-Size, 6 Triple Rolls",Bounty,Home Page/Household Essentials/Paper & Plastic/Paper Towels/All Paper Towels,1115193_1073264_1149383,,32.87,19.99,-64.43,4.3,482.0,True,Available,https://goto.walmart.com/c/|PUBID|/568844/9383?veh=aff&sourceid=imp_000011112222333344&u=http%3A%2F%2Faffil.walmart.com%2Fcart%2FaddToCart%3Fitems%3D5304421551,
2026-03-01,paper_towel,Bounty paper towels,Redmond,98052,2389155035,030772072509,"Bounty Select-A-Size Paper Towels, White, 4 Single Plus Rolls",Bounty,Home Page/Household Essentials/Paper & Plastic/Paper Towels/All Paper Towels,1115193_1073264_1149383,,26.99,14.98,-80.17,4.5,7903.0,True,Available,https://goto.walmart.com/c/|PUBID|/568844/9383?veh=aff&sourceid=imp_000011112222333344&u=http%3A%2F%2Faffil.walmart.com%2Fcart%2FaddToCart%3Fitems%3D2389155035,
2026-03-01,paper_towel,Bounty paper towels,Redmond,98052,610058953,037000665755,"Bounty Select-a-Size Kitchen Rolls Paper Towel 2-Ply White 98 Sheets, 4 Double Rolls",Bounty,Home Page/Household Essentials/Paper & Plastic/Paper Towels/All Paper Towels,1115193_1073264_1149383,,27.77,109.98,74.75,4.6,7548.0,True,Available,https://goto.walmart.com/c/|PUBID|/568844/9383?veh=aff&sourceid=imp_000011112222333344&u=http%3A%2F%2Faffil.walmart.com%2Fcart%2FaddToCart%3Fitems%3D610058953,
2026-03-01,paper_towel,Bounty paper towels,Redmond,98052,14580169803,030772160763,"Bounty Paper Towels Full Sheet White, 6 Mega Rolls, 100 Sheets per Roll",Bounty,Home Page/Household Essentials/Paper & Plastic/Paper Towels/All Paper Towels,1115193_1073264_1149383,,31.9,28.0,-13.93,4.5,5763.0,True,Available,https://goto.walmart.com/c/|PUBID|/568844/9383?veh=aff&sourceid=imp_000011112222333344&u=http%3A%2F%2Faffil.walmart.com%2Fcart%2FaddToCart%3Fitems%3D14580169803,
2026-03-01,paper_towel,paper towels bulk pack,Seattle,98101,17425052048,763436113576,"Windsoft Paper Towels, Bulk Pack of 30 Rolls, 85 Sheets Per Roll, Individually Wrapped, 2-Ply White Kitchen Towels, Embossed and For Enhanced Absorbency",Windsoft,Home Page/Household Essentials/Paper & Plastic/Paper Towels/All Paper Towels,1115193_1073264_1149383,,52.48,52.48,0.0,,,True,Available,https://goto.walmart.com/c/|PUBID|/568844/9383?veh=aff&sourceid=imp_000011112222333344&u=http%3A%2F%2Faffil.walmart.com%2Fcart%2FaddToCart%3Fitems%3D17425052048,
2026-03-01,paper_towel,paper towels bulk pack,Seattle,98101,577558781,749507986652,"Boardwalk Kitchen Roll Towel, 30 Rolls/Carton, 85 Sheets/Roll, 2-ply, 11 x 9, White",Boardwalk,Home Page/Industrial & Scientific/Janitorial & Sanitation Supplies/Janitorial Disposables/Commercial Paper Towels,6197502_5702707_7272148,,46.31,51.88,10.74,3.9,708.0,True,Available,https://goto.walmart.com/c/|PUBID|/568844/9383?veh=aff&sourceid=imp_000011112222333344&u=http%3A%2F%2Faffil.walmart.com%2Fcart%2FaddToCart%3Fitems%3D577558781,
2026-03-01,paper_towel,paper towels bulk pack,Seattle,98101,17206516166,781595675506,"(Pack of 2) Scott Universal Multifold Paper Towels, Bulk (01840), Absorbency Pockets, 16 Packs of 250 Sheets",Scott,Home Page/Household Essentials/Paper & Plastic/Paper Towels/All Paper Towels,1115193_1073264_1149383,,180.0,,,,,True,Available,https://goto.walmart.com/c/|PUBID|/568844/9383?veh=aff&sourceid=imp_000011112222333344&u=http%3A%2F%2Faffil.walmart.com%2Fcart%2FaddToCart%3Fitems%3D17206516166,
2026-03-01,paper_towel,paper towels bulk pack,Seattle,98101,19113721257,,"Professional Tri-Fold Paper Towels - White, Eco-Friendly, 250 Sheets per Pack, Bulk 16 Packs, Recycled Hand Towels for Dispensers",NOBRAND,Home Page/Household Essentials/Paper & Plastic/Paper Towels/All Paper Towels,1115193_1073264_1149383,,40.0,40.29,0.72,,,True,Available,https://goto.walmart.com/c/|PUBID|/568844/9383?veh=aff&sourceid=imp_000011112222333344&u=http%3A%2F%2Faffil.walmart.com%2Fcart%2FaddToCart%3Fitems%3D19113721257,
2026-03-01,paper_towel,paper towels bulk pack,Seattle,98101,17772913415,,"Scott Professional Essential Single-Fold Paper Towels, Bulk (01700), White (250 Sheets/Pack, 16 Packs/Case, 4,000 Sheet Total) CA2",Scott,Home Page/Household Essentials/Paper & Plastic/Paper Towels/All Paper Towels,1115193_1073264_1149383,,80.71,,,,,True,Available,https://goto.walmart.com/c/|PUBID|/568844/9383?veh=aff&sourceid=imp_000011112222333344&u=http%3A%2F%2Faffil.walmart.com%2Fcart%2FaddToCart%3Fitems%3D17772913415,
2026-03-01,paper_towel,paper towels bulk pack,Seattle,98101,2101922242,030772061305,"Bounty Select-a-Size Paper Towels, 12 Double Rolls, White",Bounty,Home Page/Household Essentials/Paper & Plastic/Paper Towels/All Paper Towels,1115193_1073264_1149383,,34.99,38.6,9.35,4.7,27660.0,True,Available,https://goto.walmart.com/c/|PUBID|/568844/9383?veh=aff&sourceid=imp_000011112222333344&u=http%3A%2F%2Faffil.walmart.com%2Fcart%2FaddToCart%3Fitems%3D2101922242,
2026-03-01,paper_towel,paper towels bulk pack,Seattle,98101,17749858974,,Kitchen Household Clean Up Paper Towels Bulk 12 Double Rolls = 24 Regular Rolls,PET KARE,Home Page/Household Essentials/Paper & Plastic/Paper Towels/All Paper Towels,1115193_1073264_1149383,,61.92,,,,,True,Available,https://goto.walmart.com/c/|PUBID|/568844/9383?veh=aff&sourceid=imp_000011112222333344&u=http%3A%2F%2Faffil.walmart.com%2Fcart%2FaddToCart%3Fitems%3D17749858974,
2026-03-01,paper_towel,paper towels bulk pack,Seattle,98101,17231006873,762537417019,An item of Rags in a Box 300-Sheet Paper Towel Roll- Bulk DiscountF,Rags in a Box,Home Page/Household Essentials/Paper & Plastic/Paper Towels/All Paper Towels,1115193_1073264_1149383,,38.99,,,,,True,Available,https://goto.walmart.com/c/|PUBID|/568844/9383?veh=aff&sourceid=imp_000011112222333344&u=http%3A%2F%2Faffil.walmart.com%2Fcart%2FaddToCart%3Fitems%3D17231006873,
2026-03-01,paper_towel,paper towels bulk pack,Seattle,98101,17290954480,394941612447,"Windsoft Paper Towels, Bulk Pack of 30 Rolls, 85 Sheets Per Roll, Individually Wrapped, 2-Ply White Kitchen Towels, Embossed and For Enhanced Absorbency",HaoMin,Home Page/Household Essentials/Paper & Plastic/Paper Towels/All Paper Towels,1115193_1073264_1149383,,55.35,59.99,7.73,,,True,Available,https://goto.walmart.com/c/|PUBID|/568844/9383?veh=aff&sourceid=imp_000011112222333344&u=http%3A%2F%2Faffil.walmart.com%2Fcart%2FaddToCart%3Fitems%3D17290954480,
2026-03-01,paper_towel,paper towels bulk pack,Seattle,98101,1465937055,723497917155,"Sparkle® Pick-A-Size® Paper Towels, 24 Double Rolls = 48 Regular Rolls",Sparkle,Home Page/Household Essentials/Paper & Plastic/Paper Towels/All Paper Towels,1115193_1073264_1149383,,44.99,,,4.3,11.0,True,Available,https://goto.walmart.com/c/|PUBID|/568844/9383?veh=aff&sourceid=imp_000011112222333344&u=http%3A%2F%2Faffil.walmart.com%2Fcart%2FaddToCart%3Fitems%3D1465937055,
2026-03-01,paper_towel,paper towels bulk pack,Seattle,98101,16352265,036000018042,"Scott Professional Universal Multifold Paper Towels, Bulk (01804), Absorbency Pockets, White, 9.2""x9.4"" Towel, Compressed (250 Sheets/Pack, 16 Packs/Case, 4,000 Sheet Total)",Scott,Home Page/Industrial & Scientific/Janitorial & Sanitation Supplies/Janitorial Disposables/Commercial Paper Towels,6197502_5702707_7272148,,38.34,108.0,64.5,4.8,32.0,True,Available,https://goto.walmart.com/c/|PUBID|/568844/9383?veh=aff&sourceid=imp_000011112222333344&u=http%3A%2F%2Faffil.walmart.com%2Fcart%2FaddToCart%3Fitems%3D16352265,
2026-03-01,paper_towel,paper towels bulk pack,Seattle,98101,16352268,036000018400,"Scott Professional Universal Multifold Paper Towels, Bulk (01840), Absorbency Pockets, White, 9.2""x9.4"" Towel, Compressed, Compact Case (250 Sheets/Pack, 16 Packs/Case, 4,000 Sheet Total)",Scott,Home Page/Industrial & Scientific/Janitorial & Sanitation Supplies/Janitorial Disposables/Commercial Paper Towels,6197502_5702707_7272148,,35.7,45.03,20.72,4.5,210.0,True,Available,https://goto.walmart.com/c/|PUBID|/568844/9383?veh=aff&sourceid=imp_000011112222333344&u=http%3A%2F%2Faffil.walmart.com%2Fcart%2FaddToCart%3Fitems%3D16352268,
2026-03-01,paper_towel,paper towels bulk pack,Seattle,98101,19245559,035255211000,"Genuine Joe GJO21100 Multifold Towels, 250 Sheets per Pack, 16 Pack",Genuine Joe Solutions,Home Page/Household Essentials/Paper & Plastic/Paper Towels/All Paper Towels,1115193_1073264_1149383,,37.99,52.1,27.08,4.7,1099.0,True,Available,https://goto.walmart.com/c/|PUBID|/568844/9383?veh=aff&sourceid=imp_000011112222333344&u=http%3A%2F%2Faffil.walmart.com%2Fcart%2FaddToCart%3Fitems%3D19245559,
2026-03-01,paper_towel,paper towels bulk pack,Seattle,98101,16352262,036000015003,"Kleenex Professional Universal C-Fold Folded Paper Towels, Bulk (01500), Absorbent, White (150 Sheets/Pack, 16 Packs/Case, 2,400 Sheet Total)",Kleenex,Home Page/Industrial & Scientific/Janitorial & Sanitation Supplies/Janitorial Disposables/Commercial Paper Towels,6197502_5702707_7272148,,49.97,73.22,31.75,4.6,66.0,True,Available,https://goto.walmart.com/c/|PUBID|/568844/9383?veh=aff&sourceid=imp_000011112222333344&u=http%3A%2F%2Faffil.walmart.com%2Fcart%2FaddToCart%3Fitems%3D16352262,
2026-03-01,paper_towel,paper towels bulk pack,Seattle,98101,16352277,036000020465,"Kleenex Professional Universal Multifold Paper Towels, Bulk (02046), Absorbency Pockets, 9.2"" x 9.4"" Towel, White (150 Sheets/Pack, 8 Packs/Case, 1,200 Sheet Total)",Kleenex,Home Page/Industrial & Scientific/Janitorial & Sanitation Supplies/Janitorial Disposables/Commercial Paper Towels,6197502_5702707_7272148,,21.78,45.73,52.37,4.6,152.0,True,Available,https://goto.walmart.com/c/|PUBID|/568844/9383?veh=aff&sourceid=imp_000011112222333344&u=http%3A%2F%2Faffil.walmart.com%2Fcart%2FaddToCart%3Fitems%3D16352277,
2026-03-01,paper_towel,paper towels bulk pack,Seattle,98101,18326000230,,"FHBVT 14 Rolls 4-Layer Toilet Paper, Soft Strong Absorbent Bulk Bathroom Tissue Pack, Multipurpose Household Hand Towels Kitchen Paper Eco-Friendly Option for Family Home Office Hotel Bathroom Use",FHBVT,Home Page/Household Essentials/Paper & Plastic/Paper Towels/All Paper Towels,1115193_1073264_1149383,,10.77,12.52,13.98,,,True,Available,https://goto.walmart.com/c/|PUBID|/568844/9383?veh=aff&sourceid=imp_000011112222333344&u=http%3A%2F%2Faffil.walmart.com%2Fcart%2FaddToCart%3Fitems%3D18326000230,
2026-03-01,paper_towel,paper towels bulk pack,Seattle,98101,17870603883,574368451595,"Windsoft Paper Towels, Bulk Pack of 30 Rolls, 85 Sheets Per Roll, Individually Wrapped, 2-Ply White Kitchen Towels, Embossed and For Enhanced Absorbency",XianFeng,Home Page/Household Essentials/Paper & Plastic/Paper Towels/All Paper Towels,1115193_1073264_1149383,,53.99,,,,,True,Available,https://goto.walmart.com/c/|PUBID|/568844/9383?veh=aff&sourceid=imp_000011112222333344&u=http%3A%2F%2Faffil.walmart.com%2Fcart%2FaddToCart%3Fitems%3D17870603883,
2026-03-01,paper_towel,paper towels bulk pack,Seattle,98101,36777314,749507627203,"Boardwalk Kitchen Roll Towel, 2-Ply, 11 x 9, White, 85 Sheets/Roll, 30 Rolls/Carton -BWK6272",Boardwalk,Home Page/Industrial & Scientific/Janitorial & Sanitation Supplies/Janitorial Disposables/Commercial Paper Towels,6197502_5702707_7272148,,37.69,56.3,33.06,4.3,708.0,True,Available,https://goto.walmart.com/c/|PUBID|/568844/9383?veh=aff&sourceid=imp_000011112222333344&u=http%3A%2F%2Faffil.walmart.com%2Fcart%2FaddToCart%3Fitems%3D36777314,
2026-03-01,paper_towel,paper towels bulk pack,Seattle,98101,19602609848,361249221435,"Paper Towels, Bulk Pack of 30 Rolls, 85 Sheets Per Roll, Individually Wrapped, 2-Ply White Kitchen Towels, Embossed and For Enhanced Absorbency--",hipuloseilanya,Home Page/Household Essentials/Paper & Plastic/Paper Towels/All Paper Towels,1115193_1073264_1149383,,56.49,,,,,True,Available,https://goto.walmart.com/c/|PUBID|/568844/9383?veh=aff&sourceid=imp_000011112222333344&u=http%3A%2F%2Faffil.walmart.com%2Fcart%2FaddToCart%3Fitems%3D19602609848,
2026-03-01,paper_towel,paper towels bulk pack,Seattle,98101,16352269,036000018905,"Kleenex Professional Universal Multifold Paper Towels, Bulk (01890), Absorbency Pockets, 9.2"" x 9.4"" Towel, White (150 Sheets/Pack, 16 Packs/Case, 2,400 Sheet Total)",Kleenex,Home Page/Industrial & Scientific/Janitorial & Sanitation Supplies/Janitorial Disposables/Commercial Paper Towels,6197502_5702707_7272148,,39.97,92.42,56.75,4.6,226.0,True,Available,https://goto.walmart.com/c/|PUBID|/568844/9383?veh=aff&sourceid=imp_000011112222333344&u=http%3A%2F%2Faffil.walmart.com%2Fcart%2FaddToCart%3Fitems%3D16352269,
2026-03-01,paper_towel,paper towels bulk pack,Seattle,98101,47655736,136000018407,"Kimberly-Clark Scott Multifold Paper Towels, Bulk, 9.2"" x 9.4"" sheets, White, 250 Sheets/Pack, 16 Packs/Case",Kimberly-Clark,Home Page/Industrial & Scientific/Janitorial & Sanitation Supplies/Janitorial Disposables/Commercial Paper Towels,6197502_5702707_7272148,,53.11,100.61,47.21,,,True,Available,https://goto.walmart.com/c/|PUBID|/568844/9383?veh=aff&sourceid=imp_000011112222333344&u=http%3A%2F%2Faffil.walmart.com%2Fcart%2FaddToCart%3Fitems%3D47655736,
2026-03-01,paper_towel,paper towels bulk pack,Seattle,98101,17328221416,,"Niriyo Bulk Kitchen Paper Towels, High-Absorbency Bathroom Tissue 140-Sheet Pack",Niriyo,Home Page/Household Essentials/Paper & Plastic/Paper Towels/All Paper Towels,1115193_1073264_1149383,,17.19,14.74,-16.62,,,True,Available,https://goto.walmart.com/c/|PUBID|/568844/9383?veh=aff&sourceid=imp_000011112222333344&u=http%3A%2F%2Faffil.walmart.com%2Fcart%2FaddToCart%3Fitems%3D17328221416,
2026-03-01,paper_towel,paper towels bulk pack,Seattle,98101,5295279377,030400223532,"Sparkle Tear-a-Square Paper Towels, 8 Double Rolls",Sparkle Towels,Home Page/Household Essentials/Paper & Plastic/Paper Towels/All Paper Towels,1115193_1073264_1149383,,13.97,,,4.6,11117.0,True,Available,https://goto.walmart.com/c/|PUBID|/568844/9383?veh=aff&sourceid=imp_000011112222333344&u=http%3A%2F%2Faffil.walmart.com%2Fcart%2FaddToCart%3Fitems%3D5295279377,
2026-03-01,paper_towel,paper towels bulk pack,Seattle,98101,18751219739,891410960127,"Sparkle Tear-a-Square Paper Towels, 6 Double Rolls",Sparkle Towels,Home Page/Household Essentials/Paper & Plastic/Paper Towels/All Paper Towels,1115193_1073264_1149383,,28.02,89.99,68.86,5.0,1.0,True,Available,https://goto.walmart.com/c/|PUBID|/568844/9383?veh=aff&sourceid=imp_000011112222333344&u=http%3A%2F%2Faffil.walmart.com%2Fcart%2FaddToCart%3Fitems%3D18751219739,
2026-03-01,paper_towel,paper towels bulk pack,Seattle,98101,17383165367,,"WEUVEB 2-Pack Soft and Absorbent Paper Towels for Home and Business Use, Bulk Hand Drying Towels, and Strong",WEUVEB,Home Page/Household Essentials/Paper & Plastic/Paper Towels/All Paper Towels,1115193_1073264_1149383,,27.52,,,,,True,Available,https://goto.walmart.com/c/|PUBID|/568844/9383?veh=aff&sourceid=imp_000011112222333344&u=http%3A%2F%2Faffil.walmart.com%2Fcart%2FaddToCart%3Fitems%3D17383165367,
2026-03-01,paper_towel,paper towels bulk pack,Seattle,98101,5152062063,054000554162,"Scott Choose-a-Sheet Paper Towels, 12 Double Rolls",Scott,Home Page/Household Essentials/Paper & Plastic/Paper Towels/All Paper Towels,1115193_1073264_1149383,,17.62,47.67,63.04,4.4,7160.0,True,Available,https://goto.walmart.com/c/|PUBID|/568844/9383?veh=aff&sourceid=imp_000011112222333344&u=http%3A%2F%2Faffil.walmart.com%2Fcart%2FaddToCart%3Fitems%3D5152062063,
2026-03-01,paper_towel,paper towels bulk pack,Seattle,98101,773386602,696464229189,"Product of Scott C-Fold Paper Towels, 2,400 ct.",Scott,Home Page/Household Essentials/Paper & Plastic/Paper Towels/All Paper Towels,1115193_1073264_1149383,,37.95,42.95,11.64,5.0,1.0,True,Available,https://goto.walmart.com/c/|PUBID|/568844/9383?veh=aff&sourceid=imp_000011112222333344&u=http%3A%2F%2Faffil.walmart.com%2Fcart%2FaddToCart%3Fitems%3D773386602,
2026-03-01,paper_towel,paper towels bulk pack,Seattle,98101,17214807905,,"Premiere Kitchen Roll Towels, White, 70 Sheet Rolls - Bulk Case of 24 - Highly Absorbent Paper Towels for Kitchen, Home, and Office Use",Premiere,Home Page/Household Essentials/Paper & Plastic/Paper Towels/All Paper Towels,1115193_1073264_1149383,,122.99,,,,,True,Available,https://goto.walmart.com/c/|PUBID|/568844/9383?veh=aff&sourceid=imp_000011112222333344&u=http%3A%2F%2Faffil.walmart.com%2Fcart%2FaddToCart%3Fitems%3D17214807905,
2026-03-01,paper_towel,paper towels bulk pack,Seattle,98101,19645707938,851943865627,"Sparkle Tear-a-Square Paper Towels, 6 Double Rolls",Sparkle Towels,Home Page/Household Essentials/Paper & Plastic/Paper Towels/All Paper Towels,1115193_1073264_1149383,,86.7,,,0.0,0.0,True,Available,https://goto.walmart.com/c/|PUBID|/568844/9383?veh=aff&sourceid=imp_000011112222333344&u=http%3A%2F%2Faffil.walmart.com%2Fcart%2FaddToCart%3Fitems%3D19645707938,
2026-03-01,paper_towel,paper towels bulk pack,Seattle,98101,492040077,054000530678,"Scott Choose-a-Sheet Paper Towels, 12 Double Rolls",Scott,Home Page/Household Essentials/Paper & Plastic/Paper Towels/All Paper Towels,1115193_1073264_1149383,,27.49,10.98,-150.36,4.5,12734.0,True,Available,https://goto.walmart.com/c/|PUBID|/568844/9383?veh=aff&sourceid=imp_000011112222333344&u=http%3A%2F%2Faffil.walmart.com%2Fcart%2FaddToCart%3Fitems%3D492040077,
2026-03-01,paper_towel,paper towels bulk pack,Issaquah,98027,17425052048,763436113576,"Windsoft Paper Towels, Bulk Pack of 30 Rolls, 85 Sheets Per Roll, Individually Wrapped, 2-Ply White Kitchen Towels, Embossed and For Enhanced Absorbency",Windsoft,Home Page/Household Essentials/Paper & Plastic/Paper Towels/All Paper Towels,1115193_1073264_1149383,,52.48,52.48,0.0,,,True,Available,https://goto.walmart.com/c/|PUBID|/568844/9383?veh=aff&sourceid=imp_000011112222333344&u=http%3A%2F%2Faffil.walmart.com%2Fcart%2FaddToCart%3Fitems%3D17425052048,
2026-03-01,paper_towel,paper towels bulk pack,Issaquah,98027,577558781,749507986652,"Boardwalk Kitchen Roll Towel, 30 Rolls/Carton, 85 Sheets/Roll, 2-ply, 11 x 9, White",Boardwalk,Home Page/Industrial & Scientific/Janitorial & Sanitation Supplies/Janitorial Disposables/Commercial Paper Towels,6197502_5702707_7272148,,46.31,51.88,10.74,3.9,708.0,True,Available,https://goto.walmart.com/c/|PUBID|/568844/9383?veh=aff&sourceid=imp_000011112222333344&u=http%3A%2F%2Faffil.walmart.com%2Fcart%2FaddToCart%3Fitems%3D577558781,
2026-03-01,paper_towel,paper towels bulk pack,Issaquah,98027,17206516166,781595675506,"(Pack of 2) Scott Universal Multifold Paper Towels, Bulk (01840), Absorbency Pockets, 16 Packs of 250 Sheets",Scott,Home Page/Household Essentials/Paper & Plastic/Paper Towels/All Paper Towels,1115193_1073264_1149383,,180.0,,,,,True,Available,https://goto.walmart.com/c/|PUBID|/568844/9383?veh=aff&sourceid=imp_000011112222333344&u=http%3A%2F%2Faffil.walmart.com%2Fcart%2FaddToCart%3Fitems%3D17206516166,
2026-03-01,paper_towel,paper towels bulk pack,Issaquah,98027,19113721257,,"Professional Tri-Fold Paper Towels - White, Eco-Friendly, 250 Sheets per Pack, Bulk 16 Packs, Recycled Hand Towels for Dispensers",NOBRAND,Home Page/Household Essentials/Paper & Plastic/Paper Towels/All Paper Towels,1115193_1073264_1149383,,40.0,40.29,0.72,,,True,Available,https://goto.walmart.com/c/|PUBID|/568844/9383?veh=aff&sourceid=imp_000011112222333344&u=http%3A%2F%2Faffil.walmart.com%2Fcart%2FaddToCart%3Fitems%3D19113721257,
2026-03-01,paper_towel,paper towels bulk pack,Issaquah,98027,17772913415,,"Scott Professional Essential Single-Fold Paper Towels, Bulk (01700), White (250 Sheets/Pack, 16 Packs/Case, 4,000 Sheet Total) CA2",Scott,Home Page/Household Essentials/Paper & Plastic/Paper Towels/All Paper Towels,1115193_1073264_1149383,,80.71,,,,,True,Available,https://goto.walmart.com/c/|PUBID|/568844/9383?veh=aff&sourceid=imp_000011112222333344&u=http%3A%2F%2Faffil.walmart.com%2Fcart%2FaddToCart%3Fitems%3D17772913415,
2026-03-01,paper_towel,paper towels bulk pack,Issaquah,98027,2101922242,030772061305,"Bounty Select-a-Size Paper Towels, 12 Double Rolls, White",Bounty,Home Page/Household Essentials/Paper & Plastic/Paper Towels/All Paper Towels,1115193_1073264_1149383,,34.99,38.6,9.35,4.7,27660.0,True,Available,https://goto.walmart.com/c/|PUBID|/568844/9383?veh=aff&sourceid=imp_000011112222333344&u=http%3A%2F%2Faffil.walmart.com%2Fcart%2FaddToCart%3Fitems%3D2101922242,
2026-03-01,paper_towel,paper towels bulk pack,Issaquah,98027,17749858974,,Kitchen Household Clean Up Paper Towels Bulk 12 Double Rolls = 24 Regular Rolls,PET KARE,Home Page/Household Essentials/Paper & Plastic/Paper Towels/All Paper Towels,1115193_1073264_1149383,,61.92,,,,,True,Available,https://goto.walmart.com/c/|PUBID|/568844/9383?veh=aff&sourceid=imp_000011112222333344&u=http%3A%2F%2Faffil.walmart.com%2Fcart%2FaddToCart%3Fitems%3D17749858974,
2026-03-01,paper_towel,paper towels bulk pack,Issaquah,98027,17231006873,762537417019,An item of Rags in a Box 300-Sheet Paper Towel Roll- Bulk DiscountF,Rags in a Box,Home Page/Household Essentials/Paper & Plastic/Paper Towels/All Paper Towels,1115193_1073264_1149383,,38.99,,,,,True,Available,https://goto.walmart.com/c/|PUBID|/568844/9383?veh=aff&sourceid=imp_000011112222333344&u=http%3A%2F%2Faffil.walmart.com%2Fcart%2FaddToCart%3Fitems%3D17231006873,
2026-03-01,paper_towel,paper towels bulk pack,Issaquah,98027,17290954480,394941612447,"Windsoft Paper Towels, Bulk Pack of 30 Rolls, 85 Sheets Per Roll, Individually Wrapped, 2-Ply White Kitchen Towels, Embossed and For Enhanced Absorbency",HaoMin,Home Page/Household Essentials/Paper & Plastic/Paper Towels/All Paper Towels,1115193_1073264_1149383,,55.35,59.99,7.73,,,True,Available,https://goto.walmart.com/c/|PUBID|/568844/9383?veh=aff&sourceid=imp_000011112222333344&u=http%3A%2F%2Faffil.walmart.com%2Fcart%2FaddToCart%3Fitems%3D17290954480,
2026-03-01,paper_towel,paper towels bulk pack,Issaquah,98027,1465937055,723497917155,"Sparkle® Pick-A-Size® Paper Towels, 24 Double Rolls = 48 Regular Rolls",Sparkle,Home Page/Household Essentials/Paper & Plastic/Paper Towels/All Paper Towels,1115193_1073264_1149383,,44.99,,,4.3,11.0,True,Available,https://goto.walmart.com/c/|PUBID|/568844/9383?veh=aff&sourceid=imp_000011112222333344&u=http%3A%2F%2Faffil.walmart.com%2Fcart%2FaddToCart%3Fitems%3D1465937055,
2026-03-01,paper_towel,paper towels bulk pack,Issaquah,98027,16352265,036000018042,"Scott Professional Universal Multifold Paper Towels, Bulk (01804), Absorbency Pockets, White, 9.2""x9.4"" Towel, Compressed (250 Sheets/Pack, 16 Packs/Case, 4,000 Sheet Total)",Scott,Home Page/Industrial & Scientific/Janitorial & Sanitation Supplies/Janitorial Disposables/Commercial Paper Towels,6197502_5702707_7272148,,38.34,108.0,64.5,4.8,32.0,True,Available,https://goto.walmart.com/c/|PUBID|/568844/9383?veh=aff&sourceid=imp_000011112222333344&u=http%3A%2F%2Faffil.walmart.com%2Fcart%2FaddToCart%3Fitems%3D16352265,
2026-03-01,paper_towel,paper towels bulk pack,Issaquah,98027,16352268,036000018400,"Scott Professional Universal Multifold Paper Towels, Bulk (01840), Absorbency Pockets, White, 9.2""x9.4"" Towel, Compressed, Compact Case (250 Sheets/Pack, 16 Packs/Case, 4,000 Sheet Total)",Scott,Home Page/Industrial & Scientific/Janitorial & Sanitation Supplies/Janitorial Disposables/Commercial Paper Towels,6197502_5702707_7272148,,35.7,45.03,20.72,4.5,210.0,True,Available,https://goto.walmart.com/c/|PUBID|/568844/9383?veh=aff&sourceid=imp_000011112222333344&u=http%3A%2F%2Faffil.walmart.com%2Fcart%2FaddToCart%3Fitems%3D16352268,
2026-03-01,paper_towel,paper towels bulk pack,Issaquah,98027,19245559,035255211000,"Genuine Joe GJO21100 Multifold Towels, 250 Sheets per Pack, 16 Pack",Genuine Joe Solutions,Home Page/Household Essentials/Paper & Plastic/Paper Towels/All Paper Towels,1115193_1073264_1149383,,37.99,52.1,27.08,4.7,1099.0,False,Not available,https://goto.walmart.com/c/|PUBID|/568844/9383?veh=aff&sourceid=imp_000011112222333344&u=http%3A%2F%2Faffil.walmart.com%2Fcart%2FaddToCart%3Fitems%3D19245559,
2026-03-01,paper_towel,paper towels bulk pack,Issaquah,98027,16352262,036000015003,"Kleenex Professional Universal C-Fold Folded Paper Towels, Bulk (01500), Absorbent, White (150 Sheets/Pack, 16 Packs/Case, 2,400 Sheet Total)",Kleenex,Home Page/Industrial & Scientific/Janitorial & Sanitation Supplies/Janitorial Disposables/Commercial Paper Towels,6197502_5702707_7272148,,49.97,73.22,31.75,4.6,66.0,True,Available,https://goto.walmart.com/c/|PUBID|/568844/9383?veh=aff&sourceid=imp_000011112222333344&u=http%3A%2F%2Faffil.walmart.com%2Fcart%2FaddToCart%3Fitems%3D16352262,
2026-03-01,paper_towel,paper towels bulk pack,Issaquah,98027,16352277,036000020465,"Kleenex Professional Universal Multifold Paper Towels, Bulk (02046), Absorbency Pockets, 9.2"" x 9.4"" Towel, White (150 Sheets/Pack, 8 Packs/Case, 1,200 Sheet Total)",Kleenex,Home Page/Industrial & Scientific/Janitorial & Sanitation Supplies/Janitorial Disposables/Commercial Paper Towels,6197502_5702707_7272148,,21.78,45.73,52.37,4.6,152.0,True,Available,https://goto.walmart.com/c/|PUBID|/568844/9383?veh=aff&sourceid=imp_000011112222333344&u=http%3A%2F%2Faffil.walmart.com%2Fcart%2FaddToCart%3Fitems%3D16352277,
2026-03-01,paper_towel,paper towels bulk pack,Issaquah,98027,18326000230,,"FHBVT 14 Rolls 4-Layer Toilet Paper, Soft Strong Absorbent Bulk Bathroom Tissue Pack, Multipurpose Household Hand Towels Kitchen Paper Eco-Friendly Option for Family Home Office Hotel Bathroom Use",FHBVT,Home Page/Household Essentials/Paper & Plastic/Paper Towels/All Paper Towels,1115193_1073264_1149383,,10.77,12.52,13.98,,,True,Available,https://goto.walmart.com/c/|PUBID|/568844/9383?veh=aff&sourceid=imp_000011112222333344&u=http%3A%2F%2Faffil.walmart.com%2Fcart%2FaddToCart%3Fitems%3D18326000230,
2026-03-01,paper_towel,paper towels bulk pack,Issaquah,98027,17870603883,574368451595,"Windsoft Paper Towels, Bulk Pack of 30 Rolls, 85 Sheets Per Roll, Individually Wrapped, 2-Ply White Kitchen Towels, Embossed and For Enhanced Absorbency",XianFeng,Home Page/Household Essentials/Paper & Plastic/Paper Towels/All Paper Towels,1115193_1073264_1149383,,53.99,,,,,True,Available,https://goto.walmart.com/c/|PUBID|/568844/9383?veh=aff&sourceid=imp_000011112222333344&u=http%3A%2F%2Faffil.walmart.com%2Fcart%2FaddToCart%3Fitems%3D17870603883,
2026-03-01,paper_towel,paper towels bulk pack,Issaquah,98027,36777314,749507627203,"Boardwalk Kitchen Roll Towel, 2-Ply, 11 x 9, White, 85 Sheets/Roll, 30 Rolls/Carton -BWK6272",Boardwalk,Home Page/Industrial & Scientific/Janitorial & Sanitation Supplies/Janitorial Disposables/Commercial Paper Towels,6197502_5702707_7272148,,37.69,56.3,33.06,4.3,708.0,True,Available,https://goto.walmart.com/c/|PUBID|/568844/9383?veh=aff&sourceid=imp_000011112222333344&u=http%3A%2F%2Faffil.walmart.com%2Fcart%2FaddToCart%3Fitems%3D36777314,
2026-03-01,paper_towel,paper towels bulk pack,Issaquah,98027,19602609848,361249221435,"Paper Towels, Bulk Pack of 30 Rolls, 85 Sheets Per Roll, Individually Wrapped, 2-Ply White Kitchen Towels, Embossed and For Enhanced Absorbency--",hipuloseilanya,Home Page/Household Essentials/Paper & Plastic/Paper Towels/All Paper Towels,1115193_1073264_1149383,,56.49,,,,,True,Available,https://goto.walmart.com/c/|PUBID|/568844/9383?veh=aff&sourceid=imp_000011112222333344&u=http%3A%2F%2Faffil.walmart.com%2Fcart%2FaddToCart%3Fitems%3D19602609848,
2026-03-01,paper_towel,paper towels bulk pack,Issaquah,98027,16352269,036000018905,"Kleenex Professional Universal Multifold Paper Towels, Bulk (01890), Absorbency Pockets, 9.2"" x 9.4"" Towel, White (150 Sheets/Pack, 16 Packs/Case, 2,400 Sheet Total)",Kleenex,Home Page/Industrial & Scientific/Janitorial & Sanitation Supplies/Janitorial Disposables/Commercial Paper Towels,6197502_5702707_7272148,,39.97,92.42,56.75,4.6,226.0,True,Available,https://goto.walmart.com/c/|PUBID|/568844/9383?veh=aff&sourceid=imp_000011112222333344&u=http%3A%2F%2Faffil.walmart.com%2Fcart%2FaddToCart%3Fitems%3D16352269,
2026-03-01,paper_towel,paper towels bulk pack,Issaquah,98027,47655736,136000018407,"Kimberly-Clark Scott Multifold Paper Towels, Bulk, 9.2"" x 9.4"" sheets, White, 250 Sheets/Pack, 16 Packs/Case",Kimberly-Clark,Home Page/Industrial & Scientific/Janitorial & Sanitation Supplies/Janitorial Disposables/Commercial Paper Towels,6197502_5702707_7272148,,53.11,100.61,47.21,,,True,Available,https://goto.walmart.com/c/|PUBID|/568844/9383?veh=aff&sourceid=imp_000011112222333344&u=http%3A%2F%2Faffil.walmart.com%2Fcart%2FaddToCart%3Fitems%3D47655736,
2026-03-01,paper_towel,paper towels bulk pack,Issaquah,98027,17328221416,,"Niriyo Bulk Kitchen Paper Towels, High-Absorbency Bathroom Tissue 140-Sheet Pack",Niriyo,Home Page/Household Essentials/Paper & Plastic/Paper Towels/All Paper Towels,1115193_1073264_1149383,,17.19,14.74,-16.62,,,True,Available,https://goto.walmart.com/c/|PUBID|/568844/9383?veh=aff&sourceid=imp_000011112222333344&u=http%3A%2F%2Faffil.walmart.com%2Fcart%2FaddToCart%3Fitems%3D17328221416,
2026-03-01,paper_towel,paper towels bulk pack,Issaquah,98027,5295279377,030400223532,"Sparkle Tear-a-Square Paper Towels, 8 Double Rolls",Sparkle Towels,Home Page/Household Essentials/Paper & Plastic/Paper Towels/All Paper Towels,1115193_1073264_1149383,,13.97,,,4.6,11117.0,True,Available,https://goto.walmart.com/c/|PUBID|/568844/9383?veh=aff&sourceid=imp_000011112222333344&u=http%3A%2F%2Faffil.walmart.com%2Fcart%2FaddToCart%3Fitems%3D5295279377,
2026-03-01,paper_towel,paper towels bulk pack,Issaquah,98027,18751219739,891410960127,"Sparkle Tear-a-Square Paper Towels, 6 Double Rolls",Sparkle Towels,Home Page/Household Essentials/Paper & Plastic/Paper Towels/All Paper Towels,1115193_1073264_1149383,,28.02,89.99,68.86,5.0,1.0,True,Available,https://goto.walmart.com/c/|PUBID|/568844/9383?veh=aff&sourceid=imp_000011112222333344&u=http%3A%2F%2Faffil.walmart.com%2Fcart%2FaddToCart%3Fitems%3D18751219739,
2026-03-01,paper_towel,paper towels bulk pack,Issaquah,98027,17383165367,,"WEUVEB 2-Pack Soft and Absorbent Paper Towels for Home and Business Use, Bulk Hand Drying Towels, and Strong",WEUVEB,Home Page/Household Essentials/Paper & Plastic/Paper Towels/All Paper Towels,1115193_1073264_1149383,,27.52,,,,,True,Available,https://goto.walmart.com/c/|PUBID|/568844/9383?veh=aff&sourceid=imp_000011112222333344&u=http%3A%2F%2Faffil.walmart.com%2Fcart%2FaddToCart%3Fitems%3D17383165367,
2026-03-01,paper_towel,paper towels bulk pack,Issaquah,98027,5152062063,054000554162,"Scott Choose-a-Sheet Paper Towels, 12 Double Rolls",Scott,Home Page/Household Essentials/Paper & Plastic/Paper Towels/All Paper Towels,1115193_1073264_1149383,,17.62,47.67,63.04,4.4,7160.0,True,Available,https://goto.walmart.com/c/|PUBID|/568844/9383?veh=aff&sourceid=imp_000011112222333344&u=http%3A%2F%2Faffil.walmart.com%2Fcart%2FaddToCart%3Fitems%3D5152062063,
2026-03-01,paper_towel,paper towels bulk pack,Issaquah,98027,773386602,696464229189,"Product of Scott C-Fold Paper Towels, 2,400 ct.",Scott,Home Page/Household Essentials/Paper & Plastic/Paper Towels/All Paper Towels,1115193_1073264_1149383,,37.95,42.95,11.64,5.0,1.0,True,Available,https://goto.walmart.com/c/|PUBID|/568844/9383?veh=aff&sourceid=imp_000011112222333344&u=http%3A%2F%2Faffil.walmart.com%2Fcart%2FaddToCart%3Fitems%3D773386602,
2026-03-01,paper_towel,paper towels bulk pack,Issaquah,98027,17214807905,,"Premiere Kitchen Roll Towels, White, 70 Sheet Rolls - Bulk Case of 24 - Highly Absorbent Paper Towels for Kitchen, Home, and Office Use",Premiere,Home Page/Household Essentials/Paper & Plastic/Paper Towels/All Paper Towels,1115193_1073264_1149383,,122.99,,,,,True,Available,https://goto.walmart.com/c/|PUBID|/568844/9383?veh=aff&sourceid=imp_000011112222333344&u=http%3A%2F%2Faffil.walmart.com%2Fcart%2FaddToCart%3Fitems%3D17214807905,
2026-03-01,paper_towel,paper towels bulk pack,Issaquah,98027,19645707938,851943865627,"Sparkle Tear-a-Square Paper Towels, 6 Double Rolls",Sparkle Towels,Home Page/Household Essentials/Paper & Plastic/Paper Towels/All Paper Towels,1115193_1073264_1149383,,86.7,,,0.0,0.0,True,Available,https://goto.walmart.com/c/|PUBID|/568844/9383?veh=aff&sourceid=imp_000011112222333344&u=http%3A%2F%2Faffil.walmart.com%2Fcart%2FaddToCart%3Fitems%3D19645707938,
2026-03-01,paper_towel,paper towels bulk pack,Issaquah,98027,492040077,054000530678,"Scott Choose-a-Sheet Paper Towels, 12 Double Rolls",Scott,Home Page/Household Essentials/Paper & Plastic/Paper Towels/All Paper Towels,1115193_1073264_1149383,,27.49,10.98,-150.36,4.5,12734.0,True,Available,https://goto.walmart.com/c/|PUBID|/568844/9383?veh=aff&sourceid=imp_000011112222333344&u=http%3A%2F%2Faffil.walmart.com%2Fcart%2FaddToCart%3Fitems%3D492040077,
2026-03-01,paper_towel,paper towels bulk pack,Tukwila,98188,17425052048,763436113576,"Windsoft Paper Towels, Bulk Pack of 30 Rolls, 85 Sheets Per Roll, Individually Wrapped, 2-Ply White Kitchen Towels, Embossed and For Enhanced Absorbency",Windsoft,Home Page/Household Essentials/Paper & Plastic/Paper Towels/All Paper Towels,1115193_1073264_1149383,,52.48,52.48,0.0,,,True,Available,https://goto.walmart.com/c/|PUBID|/568844/9383?veh=aff&sourceid=imp_000011112222333344&u=http%3A%2F%2Faffil.walmart.com%2Fcart%2FaddToCart%3Fitems%3D17425052048,
2026-03-01,paper_towel,paper towels bulk pack,Tukwila,98188,577558781,749507986652,"Boardwalk Kitchen Roll Towel, 30 Rolls/Carton, 85 Sheets/Roll, 2-ply, 11 x 9, White",Boardwalk,Home Page/Industrial & Scientific/Janitorial & Sanitation Supplies/Janitorial Disposables/Commercial Paper Towels,6197502_5702707_7272148,,46.31,51.88,10.74,3.9,708.0,True,Available,https://goto.walmart.com/c/|PUBID|/568844/9383?veh=aff&sourceid=imp_000011112222333344&u=http%3A%2F%2Faffil.walmart.com%2Fcart%2FaddToCart%3Fitems%3D577558781,
2026-03-01,paper_towel,paper towels bulk pack,Tukwila,98188,17206516166,781595675506,"(Pack of 2) Scott Universal Multifold Paper Towels, Bulk (01840), Absorbency Pockets, 16 Packs of 250 Sheets",Scott,Home Page/Household Essentials/Paper & Plastic/Paper Towels/All Paper Towels,1115193_1073264_1149383,,180.0,,,,,True,Available,https://goto.walmart.com/c/|PUBID|/568844/9383?veh=aff&sourceid=imp_000011112222333344&u=http%3A%2F%2Faffil.walmart.com%2Fcart%2FaddToCart%3Fitems%3D17206516166,
2026-03-01,paper_towel,paper towels bulk pack,Tukwila,98188,19113721257,,"Professional Tri-Fold Paper Towels - White, Eco-Friendly, 250 Sheets per Pack, Bulk 16 Packs, Recycled Hand Towels for Dispensers",NOBRAND,Home Page/Household Essentials/Paper & Plastic/Paper Towels/All Paper Towels,1115193_1073264_1149383,,40.0,40.29,0.72,,,True,Available,https://goto.walmart.com/c/|PUBID|/568844/9383?veh=aff&sourceid=imp_000011112222333344&u=http%3A%2F%2Faffil.walmart.com%2Fcart%2FaddToCart%3Fitems%3D19113721257,
2026-03-01,paper_towel,paper towels bulk pack,Tukwila,98188,17772913415,,"Scott Professional Essential Single-Fold Paper Towels, Bulk (01700), White (250 Sheets/Pack, 16 Packs/Case, 4,000 Sheet Total) CA2",Scott,Home Page/Household Essentials/Paper & Plastic/Paper Towels/All Paper Towels,1115193_1073264_1149383,,80.71,,,,,True,Available,https://goto.walmart.com/c/|PUBID|/568844/9383?veh=aff&sourceid=imp_000011112222333344&u=http%3A%2F%2Faffil.walmart.com%2Fcart%2FaddToCart%3Fitems%3D17772913415,
2026-03-01,paper_towel,paper towels bulk pack,Tukwila,98188,2101922242,030772061305,"Bounty Select-a-Size Paper Towels, 12 Double Rolls, White",Bounty,Home Page/Household Essentials/Paper & Plastic/Paper Towels/All Paper Towels,1115193_1073264_1149383,,34.99,38.6,9.35,4.7,27660.0,True,Available,https://goto.walmart.com/c/|PUBID|/568844/9383?veh=aff&sourceid=imp_000011112222333344&u=http%3A%2F%2Faffil.walmart.com%2Fcart%2FaddToCart%3Fitems%3D2101922242,
2026-03-01,paper_towel,paper towels bulk pack,Tukwila,98188,17749858974,,Kitchen Household Clean Up Paper Towels Bulk 12 Double Rolls = 24 Regular Rolls,PET KARE,Home Page/Household Essentials/Paper & Plastic/Paper Towels/All Paper Towels,1115193_1073264_1149383,,61.92,,,,,True,Available,https://goto.walmart.com/c/|PUBID|/568844/9383?veh=aff&sourceid=imp_000011112222333344&u=http%3A%2F%2Faffil.walmart.com%2Fcart%2FaddToCart%3Fitems%3D17749858974,
2026-03-01,paper_towel,paper towels bulk pack,Tukwila,98188,17231006873,762537417019,An item of Rags in a Box 300-Sheet Paper Towel Roll- Bulk DiscountF,Rags in a Box,Home Page/Household Essentials/Paper & Plastic/Paper Towels/All Paper Towels,1115193_1073264_1149383,,38.99,,,,,True,Available,https://goto.walmart.com/c/|PUBID|/568844/9383?veh=aff&sourceid=imp_000011112222333344&u=http%3A%2F%2Faffil.walmart.com%2Fcart%2FaddToCart%3Fitems%3D17231006873,
2026-03-01,paper_towel,paper towels bulk pack,Tukwila,98188,17290954480,394941612447,"Windsoft Paper Towels, Bulk Pack of 30 Rolls, 85 Sheets Per Roll, Individually Wrapped, 2-Ply White Kitchen Towels, Embossed and For Enhanced Absorbency",HaoMin,Home Page/Household Essentials/Paper & Plastic/Paper Towels/All Paper Towels,1115193_1073264_1149383,,55.35,59.99,7.73,,,True,Available,https://goto.walmart.com/c/|PUBID|/568844/9383?veh=aff&sourceid=imp_000011112222333344&u=http%3A%2F%2Faffil.walmart.com%2Fcart%2FaddToCart%3Fitems%3D17290954480,
2026-03-01,paper_towel,paper towels bulk pack,Tukwila,98188,1465937055,723497917155,"Sparkle® Pick-A-Size® Paper Towels, 24 Double Rolls = 48 Regular Rolls",Sparkle,Home Page/Household Essentials/Paper & Plastic/Paper Towels/All Paper Towels,1115193_1073264_1149383,,44.99,,,4.3,11.0,True,Available,https://goto.walmart.com/c/|PUBID|/568844/9383?veh=aff&sourceid=imp_000011112222333344&u=http%3A%2F%2Faffil.walmart.com%2Fcart%2FaddToCart%3Fitems%3D1465937055,
2026-03-01,paper_towel,paper towels bulk pack,Tukwila,98188,16352265,036000018042,"Scott Professional Universal Multifold Paper Towels, Bulk (01804), Absorbency Pockets, White, 9.2""x9.4"" Towel, Compressed (250 Sheets/Pack, 16 Packs/Case, 4,000 Sheet Total)",Scott,Home Page/Industrial & Scientific/Janitorial & Sanitation Supplies/Janitorial Disposables/Commercial Paper Towels,6197502_5702707_7272148,,38.34,108.0,64.5,4.8,32.0,True,Available,https://goto.walmart.com/c/|PUBID|/568844/9383?veh=aff&sourceid=imp_000011112222333344&u=http%3A%2F%2Faffil.walmart.com%2Fcart%2FaddToCart%3Fitems%3D16352265,
2026-03-01,paper_towel,paper towels bulk pack,Tukwila,98188,16352268,036000018400,"Scott Professional Universal Multifold Paper Towels, Bulk (01840), Absorbency Pockets, White, 9.2""x9.4"" Towel, Compressed, Compact Case (250 Sheets/Pack, 16 Packs/Case, 4,000 Sheet Total)",Scott,Home Page/Industrial & Scientific/Janitorial & Sanitation Supplies/Janitorial Disposables/Commercial Paper Towels,6197502_5702707_7272148,,35.7,45.03,20.72,4.5,210.0,True,Available,https://goto.walmart.com/c/|PUBID|/568844/9383?veh=aff&sourceid=imp_000011112222333344&u=http%3A%2F%2Faffil.walmart.com%2Fcart%2FaddToCart%3Fitems%3D16352268,
2026-03-01,paper_towel,paper towels bulk pack,Tukwila,98188,19245559,035255211000,"Genuine Joe GJO21100 Multifold Towels, 250 Sheets per Pack, 16 Pack",Genuine Joe Solutions,Home Page/Household Essentials/Paper & Plastic/Paper Towels/All Paper Towels,1115193_1073264_1149383,,37.99,52.1,27.08,4.7,1099.0,True,Available,https://goto.walmart.com/c/|PUBID|/568844/9383?veh=aff&sourceid=imp_000011112222333344&u=http%3A%2F%2Faffil.walmart.com%2Fcart%2FaddToCart%3Fitems%3D19245559,
2026-03-01,paper_towel,paper towels bulk pack,Tukwila,98188,16352262,036000015003,"Kleenex Professional Universal C-Fold Folded Paper Towels, Bulk (01500), Absorbent, White (150 Sheets/Pack, 16 Packs/Case, 2,400 Sheet Total)",Kleenex,Home Page/Industrial & Scientific/Janitorial & Sanitation Supplies/Janitorial Disposables/Commercial Paper Towels,6197502_5702707_7272148,,49.97,73.22,31.75,4.6,66.0,True,Available,https://goto.walmart.com/c/|PUBID|/568844/9383?veh=aff&sourceid=imp_000011112222333344&u=http%3A%2F%2Faffil.walmart.com%2Fcart%2FaddToCart%3Fitems%3D16352262,
2026-03-01,paper_towel,paper towels bulk pack,Tukwila,98188,16352277,036000020465,"Kleenex Professional Universal Multifold Paper Towels, Bulk (02046), Absorbency Pockets, 9.2"" x 9.4"" Towel, White (150 Sheets/Pack, 8 Packs/Case, 1,200 Sheet Total)",Kleenex,Home Page/Industrial & Scientific/Janitorial & Sanitation Supplies/Janitorial Disposables/Commercial Paper Towels,6197502_5702707_7272148,,21.78,45.73,52.37,4.6,152.0,True,Available,https://goto.walmart.com/c/|PUBID|/568844/9383?veh=aff&sourceid=imp_000011112222333344&u=http%3A%2F%2Faffil.walmart.com%2Fcart%2FaddToCart%3Fitems%3D16352277,
2026-03-01,paper_towel,paper towels bulk pack,Tukwila,98188,18326000230,,"FHBVT 14 Rolls 4-Layer Toilet Paper, Soft Strong Absorbent Bulk Bathroom Tissue Pack, Multipurpose Household Hand Towels Kitchen Paper Eco-Friendly Option for Family Home Office Hotel Bathroom Use",FHBVT,Home Page/Household Essentials/Paper & Plastic/Paper Towels/All Paper Towels,1115193_1073264_1149383,,10.77,12.52,13.98,,,True,Available,https://goto.walmart.com/c/|PUBID|/568844/9383?veh=aff&sourceid=imp_000011112222333344&u=http%3A%2F%2Faffil.walmart.com%2Fcart%2FaddToCart%3Fitems%3D18326000230,
2026-03-01,paper_towel,paper towels bulk pack,Tukwila,98188,17870603883,574368451595,"Windsoft Paper Towels, Bulk Pack of 30 Rolls, 85 Sheets Per Roll, Individually Wrapped, 2-Ply White Kitchen Towels, Embossed and For Enhanced Absorbency",XianFeng,Home Page/Household Essentials/Paper & Plastic/Paper Towels/All Paper Towels,1115193_1073264_1149383,,53.99,,,,,True,Available,https://goto.walmart.com/c/|PUBID|/568844/9383?veh=aff&sourceid=imp_000011112222333344&u=http%3A%2F%2Faffil.walmart.com%2Fcart%2FaddToCart%3Fitems%3D17870603883,
2026-03-01,paper_towel,paper towels bulk pack,Tukwila,98188,36777314,749507627203,"Boardwalk Kitchen Roll Towel, 2-Ply, 11 x 9, White, 85 Sheets/Roll, 30 Rolls/Carton -BWK6272",Boardwalk,Home Page/Industrial & Scientific/Janitorial & Sanitation Supplies/Janitorial Disposables/Commercial Paper Towels,6197502_5702707_7272148,,37.69,56.3,33.06,4.3,708.0,True,Available,https://goto.walmart.com/c/|PUBID|/568844/9383?veh=aff&sourceid=imp_000011112222333344&u=http%3A%2F%2Faffil.walmart.com%2Fcart%2FaddToCart%3Fitems%3D36777314,
2026-03-01,paper_towel,paper towels bulk pack,Tukwila,98188,19602609848,361249221435,"Paper Towels, Bulk Pack of 30 Rolls, 85 Sheets Per Roll, Individually Wrapped, 2-Ply White Kitchen Towels, Embossed and For Enhanced Absorbency--",hipuloseilanya,Home Page/Household Essentials/Paper & Plastic/Paper Towels/All Paper Towels,1115193_1073264_1149383,,56.49,,,,,True,Available,https://goto.walmart.com/c/|PUBID|/568844/9383?veh=aff&sourceid=imp_000011112222333344&u=http%3A%2F%2Faffil.walmart.com%2Fcart%2FaddToCart%3Fitems%3D19602609848,
2026-03-01,paper_towel,paper towels bulk pack,Tukwila,98188,16352269,036000018905,"Kleenex Professional Universal Multifold Paper Towels, Bulk (01890), Absorbency Pockets, 9.2"" x 9.4"" Towel, White (150 Sheets/Pack, 16 Packs/Case, 2,400 Sheet Total)",Kleenex,Home Page/Industrial & Scientific/Janitorial & Sanitation Supplies/Janitorial Disposables/Commercial Paper Towels,6197502_5702707_7272148,,39.97,92.42,56.75,4.6,226.0,True,Available,https://goto.walmart.com/c/|PUBID|/568844/9383?veh=aff&sourceid=imp_000011112222333344&u=http%3A%2F%2Faffil.walmart.com%2Fcart%2FaddToCart%3Fitems%3D16352269,
2026-03-01,paper_towel,paper towels bulk pack,Tukwila,98188,47655736,136000018407,"Kimberly-Clark Scott Multifold Paper Towels, Bulk, 9.2"" x 9.4"" sheets, White, 250 Sheets/Pack, 16 Packs/Case",Kimberly-Clark,Home Page/Industrial & Scientific/Janitorial & Sanitation Supplies/Janitorial Disposables/Commercial Paper Towels,6197502_5702707_7272148,,53.11,100.61,47.21,,,True,Available,https://goto.walmart.com/c/|PUBID|/568844/9383?veh=aff&sourceid=imp_000011112222333344&u=http%3A%2F%2Faffil.walmart.com%2Fcart%2FaddToCart%3Fitems%3D47655736,
2026-03-01,paper_towel,paper towels bulk pack,Tukwila,98188,17328221416,,"Niriyo Bulk Kitchen Paper Towels, High-Absorbency Bathroom Tissue 140-Sheet Pack",Niriyo,Home Page/Household Essentials/Paper & Plastic/Paper Towels/All Paper Towels,1115193_1073264_1149383,,17.19,14.74,-16.62,,,True,Available,https://goto.walmart.com/c/|PUBID|/568844/9383?veh=aff&sourceid=imp_000011112222333344&u=http%3A%2F%2Faffil.walmart.com%2Fcart%2FaddToCart%3Fitems%3D17328221416,
2026-03-01,paper_towel,paper towels bulk pack,Tukwila,98188,5295279377,030400223532,"Sparkle Tear-a-Square Paper Towels, 8 Double Rolls",Sparkle Towels,Home Page/Household Essentials/Paper & Plastic/Paper Towels/All Paper Towels,1115193_1073264_1149383,,13.97,,,4.6,11117.0,True,Available,https://goto.walmart.com/c/|PUBID|/568844/9383?veh=aff&sourceid=imp_000011112222333344&u=http%3A%2F%2Faffil.walmart.com%2Fcart%2FaddToCart%3Fitems%3D5295279377,
2026-03-01,paper_towel,paper towels bulk pack,Tukwila,98188,18751219739,891410960127,"Sparkle Tear-a-Square Paper Towels, 6 Double Rolls",Sparkle Towels,Home Page/Household Essentials/Paper & Plastic/Paper Towels/All Paper Towels,1115193_1073264_1149383,,28.02,89.99,68.86,5.0,1.0,True,Available,https://goto.walmart.com/c/|PUBID|/568844/9383?veh=aff&sourceid=imp_000011112222333344&u=http%3A%2F%2Faffil.walmart.com%2Fcart%2FaddToCart%3Fitems%3D18751219739,
2026-03-01,paper_towel,paper towels bulk pack,Tukwila,98188,17383165367,,"WEUVEB 2-Pack Soft and Absorbent Paper Towels for Home and Business Use, Bulk Hand Drying Towels, and Strong",WEUVEB,Home Page/Household Essentials/Paper & Plastic/Paper Towels/All Paper Towels,1115193_1073264_1149383,,27.52,,,,,True,Available,https://goto.walmart.com/c/|PUBID|/568844/9383?veh=aff&sourceid=imp_000011112222333344&u=http%3A%2F%2Faffil.walmart.com%2Fcart%2FaddToCart%3Fitems%3D17383165367,
2026-03-01,paper_towel,paper towels bulk pack,Tukwila,98188,5152062063,054000554162,"Scott Choose-a-Sheet Paper Towels, 12 Double Rolls",Scott,Home Page/Household Essentials/Paper & Plastic/Paper Towels/All Paper Towels,1115193_1073264_1149383,,17.62,47.67,63.04,4.4,7160.0,True,Available,https://goto.walmart.com/c/|PUBID|/568844/9383?veh=aff&sourceid=imp_000011112222333344&u=http%3A%2F%2Faffil.walmart.com%2Fcart%2FaddToCart%3Fitems%3D5152062063,
2026-03-01,paper_towel,paper towels bulk pack,Tukwila,98188,773386602,696464229189,"Product of Scott C-Fold Paper Towels, 2,400 ct.",Scott,Home Page/Household Essentials/Paper & Plastic/Paper Towels/All Paper Towels,1115193_1073264_1149383,,37.95,42.95,11.64,5.0,1.0,True,Available,https://goto.walmart.com/c/|PUBID|/568844/9383?veh=aff&sourceid=imp_000011112222333344&u=http%3A%2F%2Faffil.walmart.com%2Fcart%2FaddToCart%3Fitems%3D773386602,
2026-03-01,paper_towel,paper towels bulk pack,Tukwila,98188,17214807905,,"Premiere Kitchen Roll Towels, White, 70 Sheet Rolls - Bulk Case of 24 - Highly Absorbent Paper Towels for Kitchen, Home, and Office Use",Premiere,Home Page/Household Essentials/Paper & Plastic/Paper Towels/All Paper Towels,1115193_1073264_1149383,,122.99,,,,,True,Available,https://goto.walmart.com/c/|PUBID|/568844/9383?veh=aff&sourceid=imp_000011112222333344&u=http%3A%2F%2Faffil.walmart.com%2Fcart%2FaddToCart%3Fitems%3D17214807905,
2026-03-01,paper_towel,paper towels bulk pack,Tukwila,98188,19645707938,851943865627,"Sparkle Tear-a-Square Paper Towels, 6 Double Rolls",Sparkle Towels,Home Page/Household Essentials/Paper & Plastic/Paper Towels/All Paper Towels,1115193_1073264_1149383,,86.7,,,0.0,0.0,True,Available,https://goto.walmart.com/c/|PUBID|/568844/9383?veh=aff&sourceid=imp_000011112222333344&u=http%3A%2F%2Faffil.walmart.com%2Fcart%2FaddToCart%3Fitems%3D19645707938,
2026-03-01,paper_towel,paper towels bulk pack,Tukwila,98188,492040077,054000530678,"Scott Choose-a-Sheet Paper Towels, 12 Double Rolls",Scott,Home Page/Household Essentials/Paper & Plastic/Paper Towels/All Paper Towels,1115193_1073264_1149383,,27.49,10.98,-150.36,4.5,12734.0,True,Available,https://goto.walmart.com/c/|PUBID|/568844/9383?veh=aff&sourceid=imp_000011112222333344&u=http%3A%2F%2Faffil.walmart.com%2Fcart%2FaddToCart%3Fitems%3D492040077,
2026-03-01,paper_towel,paper towels bulk pack,Woodinville,98072,17425052048,763436113576,"Windsoft Paper Towels, Bulk Pack of 30 Rolls, 85 Sheets Per Roll, Individually Wrapped, 2-Ply White Kitchen Towels, Embossed and For Enhanced Absorbency",Windsoft,Home Page/Household Essentials/Paper & Plastic/Paper Towels/All Paper Towels,1115193_1073264_1149383,,52.48,52.48,0.0,,,True,Available,https://goto.walmart.com/c/|PUBID|/568844/9383?veh=aff&sourceid=imp_000011112222333344&u=http%3A%2F%2Faffil.walmart.com%2Fcart%2FaddToCart%3Fitems%3D17425052048,
2026-03-01,paper_towel,paper towels bulk pack,Woodinville,98072,577558781,749507986652,"Boardwalk Kitchen Roll Towel, 30 Rolls/Carton, 85 Sheets/Roll, 2-ply, 11 x 9, White",Boardwalk,Home Page/Industrial & Scientific/Janitorial & Sanitation Supplies/Janitorial Disposables/Commercial Paper Towels,6197502_5702707_7272148,,38.0,51.88,26.75,3.9,708.0,True,Available,https://goto.walmart.com/c/|PUBID|/568844/9383?veh=aff&sourceid=imp_000011112222333344&u=http%3A%2F%2Faffil.walmart.com%2Fcart%2FaddToCart%3Fitems%3D577558781,
2026-03-01,paper_towel,paper towels bulk pack,Woodinville,98072,17206516166,781595675506,"(Pack of 2) Scott Universal Multifold Paper Towels, Bulk (01840), Absorbency Pockets, 16 Packs of 250 Sheets",Scott,Home Page/Household Essentials/Paper & Plastic/Paper Towels/All Paper Towels,1115193_1073264_1149383,,180.0,,,,,True,Available,https://goto.walmart.com/c/|PUBID|/568844/9383?veh=aff&sourceid=imp_000011112222333344&u=http%3A%2F%2Faffil.walmart.com%2Fcart%2FaddToCart%3Fitems%3D17206516166,
2026-03-01,paper_towel,paper towels bulk pack,Woodinville,98072,19113721257,,"Professional Tri-Fold Paper Towels - White, Eco-Friendly, 250 Sheets per Pack, Bulk 16 Packs, Recycled Hand Towels for Dispensers",NOBRAND,Home Page/Household Essentials/Paper & Plastic/Paper Towels/All Paper Towels,1115193_1073264_1149383,,40.0,40.29,0.72,,,True,Available,https://goto.walmart.com/c/|PUBID|/568844/9383?veh=aff&sourceid=imp_000011112222333344&u=http%3A%2F%2Faffil.walmart.com%2Fcart%2FaddToCart%3Fitems%3D19113721257,
2026-03-01,paper_towel,paper towels bulk pack,Woodinville,98072,17772913415,,"Scott Professional Essential Single-Fold Paper Towels, Bulk (01700), White (250 Sheets/Pack, 16 Packs/Case, 4,000 Sheet Total) CA2",Scott,Home Page/Household Essentials/Paper & Plastic/Paper Towels/All Paper Towels,1115193_1073264_1149383,,80.71,,,,,True,Available,https://goto.walmart.com/c/|PUBID|/568844/9383?veh=aff&sourceid=imp_000011112222333344&u=http%3A%2F%2Faffil.walmart.com%2Fcart%2FaddToCart%3Fitems%3D17772913415,
2026-03-01,paper_towel,paper towels bulk pack,Woodinville,98072,2101922242,030772061305,"Bounty Select-a-Size Paper Towels, 12 Double Rolls, White",Bounty,Home Page/Household Essentials/Paper & Plastic/Paper Towels/All Paper Towels,1115193_1073264_1149383,,34.99,38.6,9.35,4.7,27660.0,True,Available,https://goto.walmart.com/c/|PUBID|/568844/9383?veh=aff&sourceid=imp_000011112222333344&u=http%3A%2F%2Faffil.walmart.com%2Fcart%2FaddToCart%3Fitems%3D2101922242,
2026-03-01,paper_towel,paper towels bulk pack,Woodinville,98072,17749858974,,Kitchen Household Clean Up Paper Towels Bulk 12 Double Rolls = 24 Regular Rolls,PET KARE,Home Page/Household Essentials/Paper & Plastic/Paper Towels/All Paper Towels,1115193_1073264_1149383,,61.92,,,,,True,Available,https://goto.walmart.com/c/|PUBID|/568844/9383?veh=aff&sourceid=imp_000011112222333344&u=http%3A%2F%2Faffil.walmart.com%2Fcart%2FaddToCart%3Fitems%3D17749858974,
2026-03-01,paper_towel,paper towels bulk pack,Woodinville,98072,17231006873,762537417019,An item of Rags in a Box 300-Sheet Paper Towel Roll- Bulk DiscountF,Rags in a Box,Home Page/Household Essentials/Paper & Plastic/Paper Towels/All Paper Towels,1115193_1073264_1149383,,38.99,,,,,True,Available,https://goto.walmart.com/c/|PUBID|/568844/9383?veh=aff&sourceid=imp_000011112222333344&u=http%3A%2F%2Faffil.walmart.com%2Fcart%2FaddToCart%3Fitems%3D17231006873,
2026-03-01,paper_towel,paper towels bulk pack,Woodinville,98072,17290954480,394941612447,"Windsoft Paper Towels, Bulk Pack of 30 Rolls, 85 Sheets Per Roll, Individually Wrapped, 2-Ply White Kitchen Towels, Embossed and For Enhanced Absorbency",HaoMin,Home Page/Household Essentials/Paper & Plastic/Paper Towels/All Paper Towels,1115193_1073264_1149383,,55.35,59.99,7.73,,,True,Available,https://goto.walmart.com/c/|PUBID|/568844/9383?veh=aff&sourceid=imp_000011112222333344&u=http%3A%2F%2Faffil.walmart.com%2Fcart%2FaddToCart%3Fitems%3D17290954480,
2026-03-01,paper_towel,paper towels bulk pack,Woodinville,98072,1465937055,723497917155,"Sparkle® Pick-A-Size® Paper Towels, 24 Double Rolls = 48 Regular Rolls",Sparkle,Home Page/Household Essentials/Paper & Plastic/Paper Towels/All Paper Towels,1115193_1073264_1149383,,44.99,,,4.3,11.0,True,Available,https://goto.walmart.com/c/|PUBID|/568844/9383?veh=aff&sourceid=imp_000011112222333344&u=http%3A%2F%2Faffil.walmart.com%2Fcart%2FaddToCart%3Fitems%3D1465937055,
2026-03-01,paper_towel,paper towels bulk pack,Woodinville,98072,16352265,036000018042,"Scott Professional Universal Multifold Paper Towels, Bulk (01804), Absorbency Pockets, White, 9.2""x9.4"" Towel, Compressed (250 Sheets/Pack, 16 Packs/Case, 4,000 Sheet Total)",Scott,Home Page/Industrial & Scientific/Janitorial & Sanitation Supplies/Janitorial Disposables/Commercial Paper Towels,6197502_5702707_7272148,,38.34,108.0,64.5,4.8,32.0,True,Available,https://goto.walmart.com/c/|PUBID|/568844/9383?veh=aff&sourceid=imp_000011112222333344&u=http%3A%2F%2Faffil.walmart.com%2Fcart%2FaddToCart%3Fitems%3D16352265,
2026-03-01,paper_towel,paper towels bulk pack,Woodinville,98072,16352268,036000018400,"Scott Professional Universal Multifold Paper Towels, Bulk (01840), Absorbency Pockets, White, 9.2""x9.4"" Towel, Compressed, Compact Case (250 Sheets/Pack, 16 Packs/Case, 4,000 Sheet Total)",Scott,Home Page/Industrial & Scientific/Janitorial & Sanitation Supplies/Janitorial Disposables/Commercial Paper Towels,6197502_5702707_7272148,,35.7,45.03,20.72,4.5,210.0,True,Available,https://goto.walmart.com/c/|PUBID|/568844/9383?veh=aff&sourceid=imp_000011112222333344&u=http%3A%2F%2Faffil.walmart.com%2Fcart%2FaddToCart%3Fitems%3D16352268,
2026-03-01,paper_towel,paper towels bulk pack,Woodinville,98072,19245559,035255211000,"Genuine Joe GJO21100 Multifold Towels, 250 Sheets per Pack, 16 Pack",Genuine Joe Solutions,Home Page/Household Essentials/Paper & Plastic/Paper Towels/All Paper Towels,1115193_1073264_1149383,,37.99,52.1,27.08,4.7,1099.0,True,Available,https://goto.walmart.com/c/|PUBID|/568844/9383?veh=aff&sourceid=imp_000011112222333344&u=http%3A%2F%2Faffil.walmart.com%2Fcart%2FaddToCart%3Fitems%3D19245559,
2026-03-01,paper_towel,paper towels bulk pack,Woodinville,98072,16352262,036000015003,"Kleenex Professional Universal C-Fold Folded Paper Towels, Bulk (01500), Absorbent, White (150 Sheets/Pack, 16 Packs/Case, 2,400 Sheet Total)",Kleenex,Home Page/Industrial & Scientific/Janitorial & Sanitation Supplies/Janitorial Disposables/Commercial Paper Towels,6197502_5702707_7272148,,49.97,73.22,31.75,4.6,66.0,True,Available,https://goto.walmart.com/c/|PUBID|/568844/9383?veh=aff&sourceid=imp_000011112222333344&u=http%3A%2F%2Faffil.walmart.com%2Fcart%2FaddToCart%3Fitems%3D16352262,
2026-03-01,paper_towel,paper towels bulk pack,Woodinville,98072,16352277,036000020465,"Kleenex Professional Universal Multifold Paper Towels, Bulk (02046), Absorbency Pockets, 9.2"" x 9.4"" Towel, White (150 Sheets/Pack, 8 Packs/Case, 1,200 Sheet Total)",Kleenex,Home Page/Industrial & Scientific/Janitorial & Sanitation Supplies/Janitorial Disposables/Commercial Paper Towels,6197502_5702707_7272148,,21.78,45.73,52.37,4.6,152.0,True,Available,https://goto.walmart.com/c/|PUBID|/568844/9383?veh=aff&sourceid=imp_000011112222333344&u=http%3A%2F%2Faffil.walmart.com%2Fcart%2FaddToCart%3Fitems%3D16352277,
2026-03-01,paper_towel,paper towels bulk pack,Woodinville,98072,18326000230,,"FHBVT 14 Rolls 4-Layer Toilet Paper, Soft Strong Absorbent Bulk Bathroom Tissue Pack, Multipurpose Household Hand Towels Kitchen Paper Eco-Friendly Option for Family Home Office Hotel Bathroom Use",FHBVT,Home Page/Household Essentials/Paper & Plastic/Paper Towels/All Paper Towels,1115193_1073264_1149383,,10.77,12.52,13.98,,,True,Available,https://goto.walmart.com/c/|PUBID|/568844/9383?veh=aff&sourceid=imp_000011112222333344&u=http%3A%2F%2Faffil.walmart.com%2Fcart%2FaddToCart%3Fitems%3D18326000230,
2026-03-01,paper_towel,paper towels bulk pack,Woodinville,98072,17870603883,574368451595,"Windsoft Paper Towels, Bulk Pack of 30 Rolls, 85 Sheets Per Roll, Individually Wrapped, 2-Ply White Kitchen Towels, Embossed and For Enhanced Absorbency",XianFeng,Home Page/Household Essentials/Paper & Plastic/Paper Towels/All Paper Towels,1115193_1073264_1149383,,53.99,,,,,True,Available,https://goto.walmart.com/c/|PUBID|/568844/9383?veh=aff&sourceid=imp_000011112222333344&u=http%3A%2F%2Faffil.walmart.com%2Fcart%2FaddToCart%3Fitems%3D17870603883,
2026-03-01,paper_towel,paper towels bulk pack,Woodinville,98072,36777314,749507627203,"Boardwalk Kitchen Roll Towel, 2-Ply, 11 x 9, White, 85 Sheets/Roll, 30 Rolls/Carton -BWK6272",Boardwalk,Home Page/Industrial & Scientific/Janitorial & Sanitation Supplies/Janitorial Disposables/Commercial Paper Towels,6197502_5702707_7272148,,37.69,56.3,33.06,4.3,708.0,True,Available,https://goto.walmart.com/c/|PUBID|/568844/9383?veh=aff&sourceid=imp_000011112222333344&u=http%3A%2F%2Faffil.walmart.com%2Fcart%2FaddToCart%3Fitems%3D36777314,
2026-03-01,paper_towel,paper towels bulk pack,Woodinville,98072,19602609848,361249221435,"Paper Towels, Bulk Pack of 30 Rolls, 85 Sheets Per Roll, Individually Wrapped, 2-Ply White Kitchen Towels, Embossed and For Enhanced Absorbency--",hipuloseilanya,Home Page/Household Essentials/Paper & Plastic/Paper Towels/All Paper Towels,1115193_1073264_1149383,,56.49,,,,,True,Available,https://goto.walmart.com/c/|PUBID|/568844/9383?veh=aff&sourceid=imp_000011112222333344&u=http%3A%2F%2Faffil.walmart.com%2Fcart%2FaddToCart%3Fitems%3D19602609848,
2026-03-01,paper_towel,paper towels bulk pack,Woodinville,98072,16352269,036000018905,"Kleenex Professional Universal Multifold Paper Towels, Bulk (01890), Absorbency Pockets, 9.2"" x 9.4"" Towel, White (150 Sheets/Pack, 16 Packs/Case, 2,400 Sheet Total)",Kleenex,Home Page/Industrial & Scientific/Janitorial & Sanitation Supplies/Janitorial Disposables/Commercial Paper Towels,6197502_5702707_7272148,,39.97,92.42,56.75,4.6,226.0,True,Available,https://goto.walmart.com/c/|PUBID|/568844/9383?veh=aff&sourceid=imp_000011112222333344&u=http%3A%2F%2Faffil.walmart.com%2Fcart%2FaddToCart%3Fitems%3D16352269,
2026-03-01,paper_towel,paper towels bulk pack,Woodinville,98072,47655736,136000018407,"Kimberly-Clark Scott Multifold Paper Towels, Bulk, 9.2"" x 9.4"" sheets, White, 250 Sheets/Pack, 16 Packs/Case",Kimberly-Clark,Home Page/Industrial & Scientific/Janitorial & Sanitation Supplies/Janitorial Disposables/Commercial Paper Towels,6197502_5702707_7272148,,53.11,100.61,47.21,,,True,Available,https://goto.walmart.com/c/|PUBID|/568844/9383?veh=aff&sourceid=imp_000011112222333344&u=http%3A%2F%2Faffil.walmart.com%2Fcart%2FaddToCart%3Fitems%3D47655736,
2026-03-01,paper_towel,paper towels bulk pack,Woodinville,98072,17328221416,,"Niriyo Bulk Kitchen Paper Towels, High-Absorbency Bathroom Tissue 140-Sheet Pack",Niriyo,Home Page/Household Essentials/Paper & Plastic/Paper Towels/All Paper Towels,1115193_1073264_1149383,,17.19,14.74,-16.62,,,True,Available,https://goto.walmart.com/c/|PUBID|/568844/9383?veh=aff&sourceid=imp_000011112222333344&u=http%3A%2F%2Faffil.walmart.com%2Fcart%2FaddToCart%3Fitems%3D17328221416,
2026-03-01,paper_towel,paper towels bulk pack,Woodinville,98072,5295279377,030400223532,"Sparkle Tear-a-Square Paper Towels, 8 Double Rolls",Sparkle Towels,Home Page/Household Essentials/Paper & Plastic/Paper Towels/All Paper Towels,1115193_1073264_1149383,,13.97,,,4.6,11117.0,True,Available,https://goto.walmart.com/c/|PUBID|/568844/9383?veh=aff&sourceid=imp_000011112222333344&u=http%3A%2F%2Faffil.walmart.com%2Fcart%2FaddToCart%3Fitems%3D5295279377,
2026-03-01,paper_towel,paper towels bulk pack,Woodinville,98072,18751219739,891410960127,"Sparkle Tear-a-Square Paper Towels, 6 Double Rolls",Sparkle Towels,Home Page/Household Essentials/Paper & Plastic/Paper Towels/All Paper Towels,1115193_1073264_1149383,,28.02,89.99,68.86,5.0,1.0,True,Available,https://goto.walmart.com/c/|PUBID|/568844/9383?veh=aff&sourceid=imp_000011112222333344&u=http%3A%2F%2Faffil.walmart.com%2Fcart%2FaddToCart%3Fitems%3D18751219739,
2026-03-01,paper_towel,paper towels bulk pack,Woodinville,98072,17383165367,,"WEUVEB 2-Pack Soft and Absorbent Paper Towels for Home and Business Use, Bulk Hand Drying Towels, and Strong",WEUVEB,Home Page/Household Essentials/Paper & Plastic/Paper Towels/All Paper Towels,1115193_1073264_1149383,,27.52,,,,,True,Available,https://goto.walmart.com/c/|PUBID|/568844/9383?veh=aff&sourceid=imp_000011112222333344&u=http%3A%2F%2Faffil.walmart.com%2Fcart%2FaddToCart%3Fitems%3D17383165367,
2026-03-01,paper_towel,paper towels bulk pack,Woodinville,98072,5152062063,054000554162,"Scott Choose-a-Sheet Paper Towels, 12 Double Rolls",Scott,Home Page/Household Essentials/Paper & Plastic/Paper Towels/All Paper Towels,1115193_1073264_1149383,,17.62,47.67,63.04,4.4,7160.0,True,Available,https://goto.walmart.com/c/|PUBID|/568844/9383?veh=aff&sourceid=imp_000011112222333344&u=http%3A%2F%2Faffil.walmart.com%2Fcart%2FaddToCart%3Fitems%3D5152062063,
2026-03-01,paper_towel,paper towels bulk pack,Woodinville,98072,773386602,696464229189,"Product of Scott C-Fold Paper Towels, 2,400 ct.",Scott,Home Page/Household Essentials/Paper & Plastic/Paper Towels/All Paper Towels,1115193_1073264_1149383,,37.95,42.95,11.64,5.0,1.0,True,Available,https://goto.walmart.com/c/|PUBID|/568844/9383?veh=aff&sourceid=imp_000011112222333344&u=http%3A%2F%2Faffil.walmart.com%2Fcart%2FaddToCart%3Fitems%3D773386602,
2026-03-01,paper_towel,paper towels bulk pack,Woodinville,98072,17214807905,,"Premiere Kitchen Roll Towels, White, 70 Sheet Rolls - Bulk Case of 24 - Highly Absorbent Paper Towels for Kitchen, Home, and Office Use",Premiere,Home Page/Household Essentials/Paper & Plastic/Paper Towels/All Paper Towels,1115193_1073264_1149383,,122.99,,,,,True,Available,https://goto.walmart.com/c/|PUBID|/568844/9383?veh=aff&sourceid=imp_000011112222333344&u=http%3A%2F%2Faffil.walmart.com%2Fcart%2FaddToCart%3Fitems%3D17214807905,
2026-03-01,paper_towel,paper towels bulk pack,Woodinville,98072,19645707938,851943865627,"Sparkle Tear-a-Square Paper Towels, 6 Double Rolls",Sparkle Towels,Home Page/Household Essentials/Paper & Plastic/Paper Towels/All Paper Towels,1115193_1073264_1149383,,86.7,,,0.0,0.0,True,Available,https://goto.walmart.com/c/|PUBID|/568844/9383?veh=aff&sourceid=imp_000011112222333344&u=http%3A%2F%2Faffil.walmart.com%2Fcart%2FaddToCart%3Fitems%3D19645707938,
2026-03-01,paper_towel,paper towels bulk pack,Woodinville,98072,492040077,054000530678,"Scott Choose-a-Sheet Paper Towels, 12 Double Rolls",Scott,Home Page/Household Essentials/Paper & Plastic/Paper Towels/All Paper Towels,1115193_1073264_1149383,,27.49,10.98,-150.36,4.5,12734.0,True,Available,https://goto.walmart.com/c/|PUBID|/568844/9383?veh=aff&sourceid=imp_000011112222333344&u=http%3A%2F%2Faffil.walmart.com%2Fcart%2FaddToCart%3Fitems%3D492040077,
2026-03-01,paper_towel,paper towels bulk pack,Kirkland,98033,17425052048,763436113576,"Windsoft Paper Towels, Bulk Pack of 30 Rolls, 85 Sheets Per Roll, Individually Wrapped, 2-Ply White Kitchen Towels, Embossed and For Enhanced Absorbency",Windsoft,Home Page/Household Essentials/Paper & Plastic/Paper Towels/All Paper Towels,1115193_1073264_1149383,,52.48,52.48,0.0,,,True,Available,https://goto.walmart.com/c/|PUBID|/568844/9383?veh=aff&sourceid=imp_000011112222333344&u=http%3A%2F%2Faffil.walmart.com%2Fcart%2FaddToCart%3Fitems%3D17425052048,
2026-03-01,paper_towel,paper towels bulk pack,Kirkland,98033,577558781,749507986652,"Boardwalk Kitchen Roll Towel, 30 Rolls/Carton, 85 Sheets/Roll, 2-ply, 11 x 9, White",Boardwalk,Home Page/Industrial & Scientific/Janitorial & Sanitation Supplies/Janitorial Disposables/Commercial Paper Towels,6197502_5702707_7272148,,46.31,51.88,10.74,3.9,708.0,True,Available,https://goto.walmart.com/c/|PUBID|/568844/9383?veh=aff&sourceid=imp_000011112222333344&u=http%3A%2F%2Faffil.walmart.com%2Fcart%2FaddToCart%3Fitems%3D577558781,
2026-03-01,paper_towel,paper towels bulk pack,Kirkland,98033,17206516166,781595675506,"(Pack of 2) Scott Universal Multifold Paper Towels, Bulk (01840), Absorbency Pockets, 16 Packs of 250 Sheets",Scott,Home Page/Household Essentials/Paper & Plastic/Paper Towels/All Paper Towels,1115193_1073264_1149383,,180.0,,,,,True,Available,https://goto.walmart.com/c/|PUBID|/568844/9383?veh=aff&sourceid=imp_000011112222333344&u=http%3A%2F%2Faffil.walmart.com%2Fcart%2FaddToCart%3Fitems%3D17206516166,
2026-03-01,paper_towel,paper towels bulk pack,Kirkland,98033,19113721257,,"Professional Tri-Fold Paper Towels - White, Eco-Friendly, 250 Sheets per Pack, Bulk 16 Packs, Recycled Hand Towels for Dispensers",NOBRAND,Home Page/Household Essentials/Paper & Plastic/Paper Towels/All Paper Towels,1115193_1073264_1149383,,40.0,40.29,0.72,,,True,Available,https://goto.walmart.com/c/|PUBID|/568844/9383?veh=aff&sourceid=imp_000011112222333344&u=http%3A%2F%2Faffil.walmart.com%2Fcart%2FaddToCart%3Fitems%3D19113721257,
2026-03-01,paper_towel,paper towels bulk pack,Kirkland,98033,17772913415,,"Scott Professional Essential Single-Fold Paper Towels, Bulk (01700), White (250 Sheets/Pack, 16 Packs/Case, 4,000 Sheet Total) CA2",Scott,Home Page/Household Essentials/Paper & Plastic/Paper Towels/All Paper Towels,1115193_1073264_1149383,,80.71,,,,,True,Available,https://goto.walmart.com/c/|PUBID|/568844/9383?veh=aff&sourceid=imp_000011112222333344&u=http%3A%2F%2Faffil.walmart.com%2Fcart%2FaddToCart%3Fitems%3D17772913415,
2026-03-01,paper_towel,paper towels bulk pack,Kirkland,98033,2101922242,030772061305,"Bounty Select-a-Size Paper Towels, 12 Double Rolls, White",Bounty,Home Page/Household Essentials/Paper & Plastic/Paper Towels/All Paper Towels,1115193_1073264_1149383,,34.99,38.6,9.35,4.7,27660.0,True,Available,https://goto.walmart.com/c/|PUBID|/568844/9383?veh=aff&sourceid=imp_000011112222333344&u=http%3A%2F%2Faffil.walmart.com%2Fcart%2FaddToCart%3Fitems%3D2101922242,
2026-03-01,paper_towel,paper towels bulk pack,Kirkland,98033,17749858974,,Kitchen Household Clean Up Paper Towels Bulk 12 Double Rolls = 24 Regular Rolls,PET KARE,Home Page/Household Essentials/Paper & Plastic/Paper Towels/All Paper Towels,1115193_1073264_1149383,,61.92,,,,,True,Available,https://goto.walmart.com/c/|PUBID|/568844/9383?veh=aff&sourceid=imp_000011112222333344&u=http%3A%2F%2Faffil.walmart.com%2Fcart%2FaddToCart%3Fitems%3D17749858974,
2026-03-01,paper_towel,paper towels bulk pack,Kirkland,98033,17231006873,762537417019,An item of Rags in a Box 300-Sheet Paper Towel Roll- Bulk DiscountF,Rags in a Box,Home Page/Household Essentials/Paper & Plastic/Paper Towels/All Paper Towels,1115193_1073264_1149383,,38.99,,,,,True,Available,https://goto.walmart.com/c/|PUBID|/568844/9383?veh=aff&sourceid=imp_000011112222333344&u=http%3A%2F%2Faffil.walmart.com%2Fcart%2FaddToCart%3Fitems%3D17231006873,
2026-03-01,paper_towel,paper towels bulk pack,Kirkland,98033,17290954480,394941612447,"Windsoft Paper Towels, Bulk Pack of 30 Rolls, 85 Sheets Per Roll, Individually Wrapped, 2-Ply White Kitchen Towels, Embossed and For Enhanced Absorbency",HaoMin,Home Page/Household Essentials/Paper & Plastic/Paper Towels/All Paper Towels,1115193_1073264_1149383,,55.35,59.99,7.73,,,True,Available,https://goto.walmart.com/c/|PUBID|/568844/9383?veh=aff&sourceid=imp_000011112222333344&u=http%3A%2F%2Faffil.walmart.com%2Fcart%2FaddToCart%3Fitems%3D17290954480,
2026-03-01,paper_towel,paper towels bulk pack,Kirkland,98033,1465937055,723497917155,"Sparkle® Pick-A-Size® Paper Towels, 24 Double Rolls = 48 Regular Rolls",Sparkle,Home Page/Household Essentials/Paper & Plastic/Paper Towels/All Paper Towels,1115193_1073264_1149383,,44.99,,,4.3,11.0,True,Available,https://goto.walmart.com/c/|PUBID|/568844/9383?veh=aff&sourceid=imp_000011112222333344&u=http%3A%2F%2Faffil.walmart.com%2Fcart%2FaddToCart%3Fitems%3D1465937055,
2026-03-01,paper_towel,paper towels bulk pack,Kirkland,98033,16352265,036000018042,"Scott Professional Universal Multifold Paper Towels, Bulk (01804), Absorbency Pockets, White, 9.2""x9.4"" Towel, Compressed (250 Sheets/Pack, 16 Packs/Case, 4,000 Sheet Total)",Scott,Home Page/Industrial & Scientific/Janitorial & Sanitation Supplies/Janitorial Disposables/Commercial Paper Towels,6197502_5702707_7272148,,38.34,108.0,64.5,4.8,32.0,True,Available,https://goto.walmart.com/c/|PUBID|/568844/9383?veh=aff&sourceid=imp_000011112222333344&u=http%3A%2F%2Faffil.walmart.com%2Fcart%2FaddToCart%3Fitems%3D16352265,
2026-03-01,paper_towel,paper towels bulk pack,Kirkland,98033,16352268,036000018400,"Scott Professional Universal Multifold Paper Towels, Bulk (01840), Absorbency Pockets, White, 9.2""x9.4"" Towel, Compressed, Compact Case (250 Sheets/Pack, 16 Packs/Case, 4,000 Sheet Total)",Scott,Home Page/Industrial & Scientific/Janitorial & Sanitation Supplies/Janitorial Disposables/Commercial Paper Towels,6197502_5702707_7272148,,35.7,45.03,20.72,4.5,210.0,True,Available,https://goto.walmart.com/c/|PUBID|/568844/9383?veh=aff&sourceid=imp_000011112222333344&u=http%3A%2F%2Faffil.walmart.com%2Fcart%2FaddToCart%3Fitems%3D16352268,
2026-03-01,paper_towel,paper towels bulk pack,Kirkland,98033,19245559,035255211000,"Genuine Joe GJO21100 Multifold Towels, 250 Sheets per Pack, 16 Pack",Genuine Joe Solutions,Home Page/Household Essentials/Paper & Plastic/Paper Towels/All Paper Towels,1115193_1073264_1149383,,37.99,52.1,27.08,4.7,1099.0,True,Available,https://goto.walmart.com/c/|PUBID|/568844/9383?veh=aff&sourceid=imp_000011112222333344&u=http%3A%2F%2Faffil.walmart.com%2Fcart%2FaddToCart%3Fitems%3D19245559,
2026-03-01,paper_towel,paper towels bulk pack,Kirkland,98033,16352262,036000015003,"Kleenex Professional Universal C-Fold Folded Paper Towels, Bulk (01500), Absorbent, White (150 Sheets/Pack, 16 Packs/Case, 2,400 Sheet Total)",Kleenex,Home Page/Industrial & Scientific/Janitorial & Sanitation Supplies/Janitorial Disposables/Commercial Paper Towels,6197502_5702707_7272148,,49.97,73.22,31.75,4.6,66.0,True,Available,https://goto.walmart.com/c/|PUBID|/568844/9383?veh=aff&sourceid=imp_000011112222333344&u=http%3A%2F%2Faffil.walmart.com%2Fcart%2FaddToCart%3Fitems%3D16352262,
2026-03-01,paper_towel,paper towels bulk pack,Kirkland,98033,16352277,036000020465,"Kleenex Professional Universal Multifold Paper Towels, Bulk (02046), Absorbency Pockets, 9.2"" x 9.4"" Towel, White (150 Sheets/Pack, 8 Packs/Case, 1,200 Sheet Total)",Kleenex,Home Page/Industrial & Scientific/Janitorial & Sanitation Supplies/Janitorial Disposables/Commercial Paper Towels,6197502_5702707_7272148,,21.78,45.73,52.37,4.6,152.0,True,Available,https://goto.walmart.com/c/|PUBID|/568844/9383?veh=aff&sourceid=imp_000011112222333344&u=http%3A%2F%2Faffil.walmart.com%2Fcart%2FaddToCart%3Fitems%3D16352277,
2026-03-01,paper_towel,paper towels bulk pack,Kirkland,98033,18326000230,,"FHBVT 14 Rolls 4-Layer Toilet Paper, Soft Strong Absorbent Bulk Bathroom Tissue Pack, Multipurpose Household Hand Towels Kitchen Paper Eco-Friendly Option for Family Home Office Hotel Bathroom Use",FHBVT,Home Page/Household Essentials/Paper & Plastic/Paper Towels/All Paper Towels,1115193_1073264_1149383,,10.77,12.52,13.98,,,True,Available,https://goto.walmart.com/c/|PUBID|/568844/9383?veh=aff&sourceid=imp_000011112222333344&u=http%3A%2F%2Faffil.walmart.com%2Fcart%2FaddToCart%3Fitems%3D18326000230,
2026-03-01,paper_towel,paper towels bulk pack,Kirkland,98033,17870603883,574368451595,"Windsoft Paper Towels, Bulk Pack of 30 Rolls, 85 Sheets Per Roll, Individually Wrapped, 2-Ply White Kitchen Towels, Embossed and For Enhanced Absorbency",XianFeng,Home Page/Household Essentials/Paper & Plastic/Paper Towels/All Paper Towels,1115193_1073264_1149383,,53.99,,,,,True,Available,https://goto.walmart.com/c/|PUBID|/568844/9383?veh=aff&sourceid=imp_000011112222333344&u=http%3A%2F%2Faffil.walmart.com%2Fcart%2FaddToCart%3Fitems%3D17870603883,
2026-03-01,paper_towel,paper towels bulk pack,Kirkland,98033,36777314,749507627203,"Boardwalk Kitchen Roll Towel, 2-Ply, 11 x 9, White, 85 Sheets/Roll, 30 Rolls/Carton -BWK6272",Boardwalk,Home Page/Industrial & Scientific/Janitorial & Sanitation Supplies/Janitorial Disposables/Commercial Paper Towels,6197502_5702707_7272148,,37.69,56.3,33.06,4.3,708.0,True,Available,https://goto.walmart.com/c/|PUBID|/568844/9383?veh=aff&sourceid=imp_000011112222333344&u=http%3A%2F%2Faffil.walmart.com%2Fcart%2FaddToCart%3Fitems%3D36777314,
2026-03-01,paper_towel,paper towels bulk pack,Kirkland,98033,19602609848,361249221435,"Paper Towels, Bulk Pack of 30 Rolls, 85 Sheets Per Roll, Individually Wrapped, 2-Ply White Kitchen Towels, Embossed and For Enhanced Absorbency--",hipuloseilanya,Home Page/Household Essentials/Paper & Plastic/Paper Towels/All Paper Towels,1115193_1073264_1149383,,56.49,,,,,True,Available,https://goto.walmart.com/c/|PUBID|/568844/9383?veh=aff&sourceid=imp_000011112222333344&u=http%3A%2F%2Faffil.walmart.com%2Fcart%2FaddToCart%3Fitems%3D19602609848,
2026-03-01,paper_towel,paper towels bulk pack,Kirkland,98033,16352269,036000018905,"Kleenex Professional Universal Multifold Paper Towels, Bulk (01890), Absorbency Pockets, 9.2"" x 9.4"" Towel, White (150 Sheets/Pack, 16 Packs/Case, 2,400 Sheet Total)",Kleenex,Home Page/Industrial & Scientific/Janitorial & Sanitation Supplies/Janitorial Disposables/Commercial Paper Towels,6197502_5702707_7272148,,39.97,92.42,56.75,4.6,226.0,True,Available,https://goto.walmart.com/c/|PUBID|/568844/9383?veh=aff&sourceid=imp_000011112222333344&u=http%3A%2F%2Faffil.walmart.com%2Fcart%2FaddToCart%3Fitems%3D16352269,
2026-03-01,paper_towel,paper towels bulk pack,Kirkland,98033,47655736,136000018407,"Kimberly-Clark Scott Multifold Paper Towels, Bulk, 9.2"" x 9.4"" sheets, White, 250 Sheets/Pack, 16 Packs/Case",Kimberly-Clark,Home Page/Industrial & Scientific/Janitorial & Sanitation Supplies/Janitorial Disposables/Commercial Paper Towels,6197502_5702707_7272148,,53.11,100.61,47.21,,,True,Available,https://goto.walmart.com/c/|PUBID|/568844/9383?veh=aff&sourceid=imp_000011112222333344&u=http%3A%2F%2Faffil.walmart.com%2Fcart%2FaddToCart%3Fitems%3D47655736,
2026-03-01,paper_towel,paper towels bulk pack,Kirkland,98033,17328221416,,"Niriyo Bulk Kitchen Paper Towels, High-Absorbency Bathroom Tissue 140-Sheet Pack",Niriyo,Home Page/Household Essentials/Paper & Plastic/Paper Towels/All Paper Towels,1115193_1073264_1149383,,17.19,14.74,-16.62,,,True,Available,https://goto.walmart.com/c/|PUBID|/568844/9383?veh=aff&sourceid=imp_000011112222333344&u=http%3A%2F%2Faffil.walmart.com%2Fcart%2FaddToCart%3Fitems%3D17328221416,
2026-03-01,paper_towel,paper towels bulk pack,Kirkland,98033,5295279377,030400223532,"Sparkle Tear-a-Square Paper Towels, 8 Double Rolls",Sparkle Towels,Home Page/Household Essentials/Paper & Plastic/Paper Towels/All Paper Towels,1115193_1073264_1149383,,13.97,,,4.6,11117.0,True,Available,https://goto.walmart.com/c/|PUBID|/568844/9383?veh=aff&sourceid=imp_000011112222333344&u=http%3A%2F%2Faffil.walmart.com%2Fcart%2FaddToCart%3Fitems%3D5295279377,
2026-03-01,paper_towel,paper towels bulk pack,Kirkland,98033,18751219739,891410960127,"Sparkle Tear-a-Square Paper Towels, 6 Double Rolls",Sparkle Towels,Home Page/Household Essentials/Paper & Plastic/Paper Towels/All Paper Towels,1115193_1073264_1149383,,28.02,89.99,68.86,5.0,1.0,True,Available,https://goto.walmart.com/c/|PUBID|/568844/9383?veh=aff&sourceid=imp_000011112222333344&u=http%3A%2F%2Faffil.walmart.com%2Fcart%2FaddToCart%3Fitems%3D18751219739,
2026-03-01,paper_towel,paper towels bulk pack,Kirkland,98033,17383165367,,"WEUVEB 2-Pack Soft and Absorbent Paper Towels for Home and Business Use, Bulk Hand Drying Towels, and Strong",WEUVEB,Home Page/Household Essentials/Paper & Plastic/Paper Towels/All Paper Towels,1115193_1073264_1149383,,27.52,,,,,True,Available,https://goto.walmart.com/c/|PUBID|/568844/9383?veh=aff&sourceid=imp_000011112222333344&u=http%3A%2F%2Faffil.walmart.com%2Fcart%2FaddToCart%3Fitems%3D17383165367,
2026-03-01,paper_towel,paper towels bulk pack,Kirkland,98033,5152062063,054000554162,"Scott Choose-a-Sheet Paper Towels, 12 Double Rolls",Scott,Home Page/Household Essentials/Paper & Plastic/Paper Towels/All Paper Towels,1115193_1073264_1149383,,17.62,47.67,63.04,4.4,7160.0,True,Available,https://goto.walmart.com/c/|PUBID|/568844/9383?veh=aff&sourceid=imp_000011112222333344&u=http%3A%2F%2Faffil.walmart.com%2Fcart%2FaddToCart%3Fitems%3D5152062063,
2026-03-01,paper_towel,paper towels bulk pack,Kirkland,98033,773386602,696464229189,"Product of Scott C-Fold Paper Towels, 2,400 ct.",Scott,Home Page/Household Essentials/Paper & Plastic/Paper Towels/All Paper Towels,1115193_1073264_1149383,,37.95,42.95,11.64,5.0,1.0,True,Available,https://goto.walmart.com/c/|PUBID|/568844/9383?veh=aff&sourceid=imp_000011112222333344&u=http%3A%2F%2Faffil.walmart.com%2Fcart%2FaddToCart%3Fitems%3D773386602,
2026-03-01,paper_towel,paper towels bulk pack,Kirkland,98033,17214807905,,"Premiere Kitchen Roll Towels, White, 70 Sheet Rolls - Bulk Case of 24 - Highly Absorbent Paper Towels for Kitchen, Home, and Office Use",Premiere,Home Page/Household Essentials/Paper & Plastic/Paper Towels/All Paper Towels,1115193_1073264_1149383,,122.99,,,,,True,Available,https://goto.walmart.com/c/|PUBID|/568844/9383?veh=aff&sourceid=imp_000011112222333344&u=http%3A%2F%2Faffil.walmart.com%2Fcart%2FaddToCart%3Fitems%3D17214807905,
2026-03-01,paper_towel,paper towels bulk pack,Kirkland,98033,19645707938,851943865627,"Sparkle Tear-a-Square Paper Towels, 6 Double Rolls",Sparkle Towels,Home Page/Household Essentials/Paper & Plastic/Paper Towels/All Paper Towels,1115193_1073264_1149383,,86.7,,,0.0,0.0,True,Available,https://goto.walmart.com/c/|PUBID|/568844/9383?veh=aff&sourceid=imp_000011112222333344&u=http%3A%2F%2Faffil.walmart.com%2Fcart%2FaddToCart%3Fitems%3D19645707938,
2026-03-01,paper_towel,paper towels bulk pack,Kirkland,98033,492040077,054000530678,"Scott Choose-a-Sheet Paper Towels, 12 Double Rolls",Scott,Home Page/Household Essentials/Paper & Plastic/Paper Towels/All Paper Towels,1115193_1073264_1149383,,27.49,10.98,-150.36,4.5,12734.0,True,Available,https://goto.walmart.com/c/|PUBID|/568844/9383?veh=aff&sourceid=imp_000011112222333344&u=http%3A%2F%2Faffil.walmart.com%2Fcart%2FaddToCart%3Fitems%3D492040077,
2026-03-01,paper_towel,paper towels bulk pack,Covington WA,98042,17425052048,763436113576,"Windsoft Paper Towels, Bulk Pack of 30 Rolls, 85 Sheets Per Roll, Individually Wrapped, 2-Ply White Kitchen Towels, Embossed and For Enhanced Absorbency",Windsoft,Home Page/Household Essentials/Paper & Plastic/Paper Towels/All Paper Towels,1115193_1073264_1149383,,52.48,52.48,0.0,,,True,Available,https://goto.walmart.com/c/|PUBID|/568844/9383?veh=aff&sourceid=imp_000011112222333344&u=http%3A%2F%2Faffil.walmart.com%2Fcart%2FaddToCart%3Fitems%3D17425052048,
2026-03-01,paper_towel,paper towels bulk pack,Covington WA,98042,577558781,749507986652,"Boardwalk Kitchen Roll Towel, 30 Rolls/Carton, 85 Sheets/Roll, 2-ply, 11 x 9, White",Boardwalk,Home Page/Industrial & Scientific/Janitorial & Sanitation Supplies/Janitorial Disposables/Commercial Paper Towels,6197502_5702707_7272148,,38.0,51.88,26.75,3.9,708.0,True,Available,https://goto.walmart.com/c/|PUBID|/568844/9383?veh=aff&sourceid=imp_000011112222333344&u=http%3A%2F%2Faffil.walmart.com%2Fcart%2FaddToCart%3Fitems%3D577558781,
2026-03-01,paper_towel,paper towels bulk pack,Covington WA,98042,17206516166,781595675506,"(Pack of 2) Scott Universal Multifold Paper Towels, Bulk (01840), Absorbency Pockets, 16 Packs of 250 Sheets",Scott,Home Page/Household Essentials/Paper & Plastic/Paper Towels/All Paper Towels,1115193_1073264_1149383,,180.0,,,,,True,Available,https://goto.walmart.com/c/|PUBID|/568844/9383?veh=aff&sourceid=imp_000011112222333344&u=http%3A%2F%2Faffil.walmart.com%2Fcart%2FaddToCart%3Fitems%3D17206516166,
2026-03-01,paper_towel,paper towels bulk pack,Covington WA,98042,19113721257,,"Professional Tri-Fold Paper Towels - White, Eco-Friendly, 250 Sheets per Pack, Bulk 16 Packs, Recycled Hand Towels for Dispensers",NOBRAND,Home Page/Household Essentials/Paper & Plastic/Paper Towels/All Paper Towels,1115193_1073264_1149383,,40.0,40.29,0.72,,,True,Available,https://goto.walmart.com/c/|PUBID|/568844/9383?veh=aff&sourceid=imp_000011112222333344&u=http%3A%2F%2Faffil.walmart.com%2Fcart%2FaddToCart%3Fitems%3D19113721257,
2026-03-01,paper_towel,paper towels bulk pack,Covington WA,98042,17772913415,,"Scott Professional Essential Single-Fold Paper Towels, Bulk (01700), White (250 Sheets/Pack, 16 Packs/Case, 4,000 Sheet Total) CA2",Scott,Home Page/Household Essentials/Paper & Plastic/Paper Towels/All Paper Towels,1115193_1073264_1149383,,80.71,,,,,True,Available,https://goto.walmart.com/c/|PUBID|/568844/9383?veh=aff&sourceid=imp_000011112222333344&u=http%3A%2F%2Faffil.walmart.com%2Fcart%2FaddToCart%3Fitems%3D17772913415,
2026-03-01,paper_towel,paper towels bulk pack,Covington WA,98042,2101922242,030772061305,"Bounty Select-a-Size Paper Towels, 12 Double Rolls, White",Bounty,Home Page/Household Essentials/Paper & Plastic/Paper Towels/All Paper Towels,1115193_1073264_1149383,,34.99,38.6,9.35,4.7,27660.0,True,Available,https://goto.walmart.com/c/|PUBID|/568844/9383?veh=aff&sourceid=imp_000011112222333344&u=http%3A%2F%2Faffil.walmart.com%2Fcart%2FaddToCart%3Fitems%3D2101922242,
2026-03-01,paper_towel,paper towels bulk pack,Covington WA,98042,17749858974,,Kitchen Household Clean Up Paper Towels Bulk 12 Double Rolls = 24 Regular Rolls,PET KARE,Home Page/Household Essentials/Paper & Plastic/Paper Towels/All Paper Towels,1115193_1073264_1149383,,61.92,,,,,True,Available,https://goto.walmart.com/c/|PUBID|/568844/9383?veh=aff&sourceid=imp_000011112222333344&u=http%3A%2F%2Faffil.walmart.com%2Fcart%2FaddToCart%3Fitems%3D17749858974,
2026-03-01,paper_towel,paper towels bulk pack,Covington WA,98042,17231006873,762537417019,An item of Rags in a Box 300-Sheet Paper Towel Roll- Bulk DiscountF,Rags in a Box,Home Page/Household Essentials/Paper & Plastic/Paper Towels/All Paper Towels,1115193_1073264_1149383,,38.99,,,,,True,Available,https://goto.walmart.com/c/|PUBID|/568844/9383?veh=aff&sourceid=imp_000011112222333344&u=http%3A%2F%2Faffil.walmart.com%2Fcart%2FaddToCart%3Fitems%3D17231006873,
2026-03-01,paper_towel,paper towels bulk pack,Covington WA,98042,17290954480,394941612447,"Windsoft Paper Towels, Bulk Pack of 30 Rolls, 85 Sheets Per Roll, Individually Wrapped, 2-Ply White Kitchen Towels, Embossed and For Enhanced Absorbency",HaoMin,Home Page/Household Essentials/Paper & Plastic/Paper Towels/All Paper Towels,1115193_1073264_1149383,,55.35,59.99,7.73,,,True,Available,https://goto.walmart.com/c/|PUBID|/568844/9383?veh=aff&sourceid=imp_000011112222333344&u=http%3A%2F%2Faffil.walmart.com%2Fcart%2FaddToCart%3Fitems%3D17290954480,
2026-03-01,paper_towel,paper towels bulk pack,Covington WA,98042,1465937055,723497917155,"Sparkle® Pick-A-Size® Paper Towels, 24 Double Rolls = 48 Regular Rolls",Sparkle,Home Page/Household Essentials/Paper & Plastic/Paper Towels/All Paper Towels,1115193_1073264_1149383,,44.99,,,4.3,11.0,True,Available,https://goto.walmart.com/c/|PUBID|/568844/9383?veh=aff&sourceid=imp_000011112222333344&u=http%3A%2F%2Faffil.walmart.com%2Fcart%2FaddToCart%3Fitems%3D1465937055,
2026-03-01,paper_towel,paper towels bulk pack,Covington WA,98042,16352265,036000018042,"Scott Professional Universal Multifold Paper Towels, Bulk (01804), Absorbency Pockets, White, 9.2""x9.4"" Towel, Compressed (250 Sheets/Pack, 16 Packs/Case, 4,000 Sheet Total)",Scott,Home Page/Industrial & Scientific/Janitorial & Sanitation Supplies/Janitorial Disposables/Commercial Paper Towels,6197502_5702707_7272148,,38.34,108.0,64.5,4.8,32.0,True,Available,https://goto.walmart.com/c/|PUBID|/568844/9383?veh=aff&sourceid=imp_000011112222333344&u=http%3A%2F%2Faffil.walmart.com%2Fcart%2FaddToCart%3Fitems%3D16352265,
2026-03-01,paper_towel,paper towels bulk pack,Covington WA,98042,16352268,036000018400,"Scott Professional Universal Multifold Paper Towels, Bulk (01840), Absorbency Pockets, White, 9.2""x9.4"" Towel, Compressed, Compact Case (250 Sheets/Pack, 16 Packs/Case, 4,000 Sheet Total)",Scott,Home Page/Industrial & Scientific/Janitorial & Sanitation Supplies/Janitorial Disposables/Commercial Paper Towels,6197502_5702707_7272148,,35.7,45.03,20.72,4.5,210.0,True,Available,https://goto.walmart.com/c/|PUBID|/568844/9383?veh=aff&sourceid=imp_000011112222333344&u=http%3A%2F%2Faffil.walmart.com%2Fcart%2FaddToCart%3Fitems%3D16352268,
2026-03-01,paper_towel,paper towels bulk pack,Covington WA,98042,19245559,035255211000,"Genuine Joe GJO21100 Multifold Towels, 250 Sheets per Pack, 16 Pack",Genuine Joe Solutions,Home Page/Household Essentials/Paper & Plastic/Paper Towels/All Paper Towels,1115193_1073264_1149383,,37.99,52.1,27.08,4.7,1099.0,True,Available,https://goto.walmart.com/c/|PUBID|/568844/9383?veh=aff&sourceid=imp_000011112222333344&u=http%3A%2F%2Faffil.walmart.com%2Fcart%2FaddToCart%3Fitems%3D19245559,
2026-03-01,paper_towel,paper towels bulk pack,Covington WA,98042,16352262,036000015003,"Kleenex Professional Universal C-Fold Folded Paper Towels, Bulk (01500), Absorbent, White (150 Sheets/Pack, 16 Packs/Case, 2,400 Sheet Total)",Kleenex,Home Page/Industrial & Scientific/Janitorial & Sanitation Supplies/Janitorial Disposables/Commercial Paper Towels,6197502_5702707_7272148,,49.97,73.22,31.75,4.6,66.0,True,Available,https://goto.walmart.com/c/|PUBID|/568844/9383?veh=aff&sourceid=imp_000011112222333344&u=http%3A%2F%2Faffil.walmart.com%2Fcart%2FaddToCart%3Fitems%3D16352262,
2026-03-01,paper_towel,paper towels bulk pack,Covington WA,98042,16352277,036000020465,"Kleenex Professional Universal Multifold Paper Towels, Bulk (02046), Absorbency Pockets, 9.2"" x 9.4"" Towel, White (150 Sheets/Pack, 8 Packs/Case, 1,200 Sheet Total)",Kleenex,Home Page/Industrial & Scientific/Janitorial & Sanitation Supplies/Janitorial Disposables/Commercial Paper Towels,6197502_5702707_7272148,,21.78,45.73,52.37,4.6,152.0,True,Available,https://goto.walmart.com/c/|PUBID|/568844/9383?veh=aff&sourceid=imp_000011112222333344&u=http%3A%2F%2Faffil.walmart.com%2Fcart%2FaddToCart%3Fitems%3D16352277,
2026-03-01,paper_towel,paper towels bulk pack,Covington WA,98042,18326000230,,"FHBVT 14 Rolls 4-Layer Toilet Paper, Soft Strong Absorbent Bulk Bathroom Tissue Pack, Multipurpose Household Hand Towels Kitchen Paper Eco-Friendly Option for Family Home Office Hotel Bathroom Use",FHBVT,Home Page/Household Essentials/Paper & Plastic/Paper Towels/All Paper Towels,1115193_1073264_1149383,,10.77,12.52,13.98,,,True,Available,https://goto.walmart.com/c/|PUBID|/568844/9383?veh=aff&sourceid=imp_000011112222333344&u=http%3A%2F%2Faffil.walmart.com%2Fcart%2FaddToCart%3Fitems%3D18326000230,
2026-03-01,paper_towel,paper towels bulk pack,Covington WA,98042,17870603883,574368451595,"Windsoft Paper Towels, Bulk Pack of 30 Rolls, 85 Sheets Per Roll, Individually Wrapped, 2-Ply White Kitchen Towels, Embossed and For Enhanced Absorbency",XianFeng,Home Page/Household Essentials/Paper & Plastic/Paper Towels/All Paper Towels,1115193_1073264_1149383,,53.99,,,,,True,Available,https://goto.walmart.com/c/|PUBID|/568844/9383?veh=aff&sourceid=imp_000011112222333344&u=http%3A%2F%2Faffil.walmart.com%2Fcart%2FaddToCart%3Fitems%3D17870603883,
2026-03-01,paper_towel,paper towels bulk pack,Covington WA,98042,36777314,749507627203,"Boardwalk Kitchen Roll Towel, 2-Ply, 11 x 9, White, 85 Sheets/Roll, 30 Rolls/Carton -BWK6272",Boardwalk,Home Page/Industrial & Scientific/Janitorial & Sanitation Supplies/Janitorial Disposables/Commercial Paper Towels,6197502_5702707_7272148,,37.69,56.3,33.06,4.3,708.0,True,Available,https://goto.walmart.com/c/|PUBID|/568844/9383?veh=aff&sourceid=imp_000011112222333344&u=http%3A%2F%2Faffil.walmart.com%2Fcart%2FaddToCart%3Fitems%3D36777314,
2026-03-01,paper_towel,paper towels bulk pack,Covington WA,98042,19602609848,361249221435,"Paper Towels, Bulk Pack of 30 Rolls, 85 Sheets Per Roll, Individually Wrapped, 2-Ply White Kitchen Towels, Embossed and For Enhanced Absorbency--",hipuloseilanya,Home Page/Household Essentials/Paper & Plastic/Paper Towels/All Paper Towels,1115193_1073264_1149383,,56.49,,,,,True,Available,https://goto.walmart.com/c/|PUBID|/568844/9383?veh=aff&sourceid=imp_000011112222333344&u=http%3A%2F%2Faffil.walmart.com%2Fcart%2FaddToCart%3Fitems%3D19602609848,
2026-03-01,paper_towel,paper towels bulk pack,Covington WA,98042,16352269,036000018905,"Kleenex Professional Universal Multifold Paper Towels, Bulk (01890), Absorbency Pockets, 9.2"" x 9.4"" Towel, White (150 Sheets/Pack, 16 Packs/Case, 2,400 Sheet Total)",Kleenex,Home Page/Industrial & Scientific/Janitorial & Sanitation Supplies/Janitorial Disposables/Commercial Paper Towels,6197502_5702707_7272148,,39.97,92.42,56.75,4.6,226.0,True,Available,https://goto.walmart.com/c/|PUBID|/568844/9383?veh=aff&sourceid=imp_000011112222333344&u=http%3A%2F%2Faffil.walmart.com%2Fcart%2FaddToCart%3Fitems%3D16352269,
2026-03-01,paper_towel,paper towels bulk pack,Covington WA,98042,47655736,136000018407,"Kimberly-Clark Scott Multifold Paper Towels, Bulk, 9.2"" x 9.4"" sheets, White, 250 Sheets/Pack, 16 Packs/Case",Kimberly-Clark,Home Page/Industrial & Scientific/Janitorial & Sanitation Supplies/Janitorial Disposables/Commercial Paper Towels,6197502_5702707_7272148,,53.11,100.61,47.21,,,True,Available,https://goto.walmart.com/c/|PUBID|/568844/9383?veh=aff&sourceid=imp_000011112222333344&u=http%3A%2F%2Faffil.walmart.com%2Fcart%2FaddToCart%3Fitems%3D47655736,
2026-03-01,paper_towel,paper towels bulk pack,Covington WA,98042,17328221416,,"Niriyo Bulk Kitchen Paper Towels, High-Absorbency Bathroom Tissue 140-Sheet Pack",Niriyo,Home Page/Household Essentials/Paper & Plastic/Paper Towels/All Paper Towels,1115193_1073264_1149383,,17.19,14.74,-16.62,,,True,Available,https://goto.walmart.com/c/|PUBID|/568844/9383?veh=aff&sourceid=imp_000011112222333344&u=http%3A%2F%2Faffil.walmart.com%2Fcart%2FaddToCart%3Fitems%3D17328221416,
2026-03-01,paper_towel,paper towels bulk pack,Covington WA,98042,5295279377,030400223532,"Sparkle Tear-a-Square Paper Towels, 8 Double Rolls",Sparkle Towels,Home Page/Household Essentials/Paper & Plastic/Paper Towels/All Paper Towels,1115193_1073264_1149383,,13.97,,,4.6,11117.0,True,Available,https://goto.walmart.com/c/|PUBID|/568844/9383?veh=aff&sourceid=imp_000011112222333344&u=http%3A%2F%2Faffil.walmart.com%2Fcart%2FaddToCart%3Fitems%3D5295279377,
2026-03-01,paper_towel,paper towels bulk pack,Covington WA,98042,18751219739,891410960127,"Sparkle Tear-a-Square Paper Towels, 6 Double Rolls",Sparkle Towels,Home Page/Household Essentials/Paper & Plastic/Paper Towels/All Paper Towels,1115193_1073264_1149383,,28.02,89.99,68.86,5.0,1.0,True,Available,https://goto.walmart.com/c/|PUBID|/568844/9383?veh=aff&sourceid=imp_000011112222333344&u=http%3A%2F%2Faffil.walmart.com%2Fcart%2FaddToCart%3Fitems%3D18751219739,
2026-03-01,paper_towel,paper towels bulk pack,Covington WA,98042,17383165367,,"WEUVEB 2-Pack Soft and Absorbent Paper Towels for Home and Business Use, Bulk Hand Drying Towels, and Strong",WEUVEB,Home Page/Household Essentials/Paper & Plastic/Paper Towels/All Paper Towels,1115193_1073264_1149383,,27.52,,,,,True,Available,https://goto.walmart.com/c/|PUBID|/568844/9383?veh=aff&sourceid=imp_000011112222333344&u=http%3A%2F%2Faffil.walmart.com%2Fcart%2FaddToCart%3Fitems%3D17383165367,
2026-03-01,paper_towel,paper towels bulk pack,Covington WA,98042,5152062063,054000554162,"Scott Choose-a-Sheet Paper Towels, 12 Double Rolls",Scott,Home Page/Household Essentials/Paper & Plastic/Paper Towels/All Paper Towels,1115193_1073264_1149383,,17.62,47.67,63.04,4.4,7160.0,True,Available,https://goto.walmart.com/c/|PUBID|/568844/9383?veh=aff&sourceid=imp_000011112222333344&u=http%3A%2F%2Faffil.walmart.com%2Fcart%2FaddToCart%3Fitems%3D5152062063,
2026-03-01,paper_towel,paper towels bulk pack,Covington WA,98042,773386602,696464229189,"Product of Scott C-Fold Paper Towels, 2,400 ct.",Scott,Home Page/Household Essentials/Paper & Plastic/Paper Towels/All Paper Towels,1115193_1073264_1149383,,37.95,42.95,11.64,5.0,1.0,True,Available,https://goto.walmart.com/c/|PUBID|/568844/9383?veh=aff&sourceid=imp_000011112222333344&u=http%3A%2F%2Faffil.walmart.com%2Fcart%2FaddToCart%3Fitems%3D773386602,
2026-03-01,paper_towel,paper towels bulk pack,Covington WA,98042,17214807905,,"Premiere Kitchen Roll Towels, White, 70 Sheet Rolls - Bulk Case of 24 - Highly Absorbent Paper Towels for Kitchen, Home, and Office Use",Premiere,Home Page/Household Essentials/Paper & Plastic/Paper Towels/All Paper Towels,1115193_1073264_1149383,,122.99,,,,,True,Available,https://goto.walmart.com/c/|PUBID|/568844/9383?veh=aff&sourceid=imp_000011112222333344&u=http%3A%2F%2Faffil.walmart.com%2Fcart%2FaddToCart%3Fitems%3D17214807905,
2026-03-01,paper_towel,paper towels bulk pack,Covington WA,98042,19645707938,851943865627,"Sparkle Tear-a-Square Paper Towels, 6 Double Rolls",Sparkle Towels,Home Page/Household Essentials/Paper & Plastic/Paper Towels/All Paper Towels,1115193_1073264_1149383,,86.7,,,0.0,0.0,True,Available,https://goto.walmart.com/c/|PUBID|/568844/9383?veh=aff&sourceid=imp_000011112222333344&u=http%3A%2F%2Faffil.walmart.com%2Fcart%2FaddToCart%3Fitems%3D19645707938,
2026-03-01,paper_towel,paper towels bulk pack,Covington WA,98042,492040077,054000530678,"Scott Choose-a-Sheet Paper Towels, 12 Double Rolls",Scott,Home Page/Household Essentials/Paper & Plastic/Paper Towels/All Paper Towels,1115193_1073264_1149383,,27.49,10.98,-150.36,4.5,12734.0,True,Available,https://goto.walmart.com/c/|PUBID|/568844/9383?veh=aff&sourceid=imp_000011112222333344&u=http%3A%2F%2Faffil.walmart.com%2Fcart%2FaddToCart%3Fitems%3D492040077,
2026-03-01,paper_towel,paper towels bulk pack,Lynnwood,98036,17425052048,763436113576,"Windsoft Paper Towels, Bulk Pack of 30 Rolls, 85 Sheets Per Roll, Individually Wrapped, 2-Ply White Kitchen Towels, Embossed and For Enhanced Absorbency",Windsoft,Home Page/Household Essentials/Paper & Plastic/Paper Towels/All Paper Towels,1115193_1073264_1149383,,52.48,52.48,0.0,,,True,Available,https://goto.walmart.com/c/|PUBID|/568844/9383?veh=aff&sourceid=imp_000011112222333344&u=http%3A%2F%2Faffil.walmart.com%2Fcart%2FaddToCart%3Fitems%3D17425052048,
2026-03-01,paper_towel,paper towels bulk pack,Lynnwood,98036,577558781,749507986652,"Boardwalk Kitchen Roll Towel, 30 Rolls/Carton, 85 Sheets/Roll, 2-ply, 11 x 9, White",Boardwalk,Home Page/Industrial & Scientific/Janitorial & Sanitation Supplies/Janitorial Disposables/Commercial Paper Towels,6197502_5702707_7272148,,46.31,51.88,10.74,3.9,708.0,True,Available,https://goto.walmart.com/c/|PUBID|/568844/9383?veh=aff&sourceid=imp_000011112222333344&u=http%3A%2F%2Faffil.walmart.com%2Fcart%2FaddToCart%3Fitems%3D577558781,
2026-03-01,paper_towel,paper towels bulk pack,Lynnwood,98036,17206516166,781595675506,"(Pack of 2) Scott Universal Multifold Paper Towels, Bulk (01840), Absorbency Pockets, 16 Packs of 250 Sheets",Scott,Home Page/Household Essentials/Paper & Plastic/Paper Towels/All Paper Towels,1115193_1073264_1149383,,180.0,,,,,True,Available,https://goto.walmart.com/c/|PUBID|/568844/9383?veh=aff&sourceid=imp_000011112222333344&u=http%3A%2F%2Faffil.walmart.com%2Fcart%2FaddToCart%3Fitems%3D17206516166,
2026-03-01,paper_towel,paper towels bulk pack,Lynnwood,98036,19113721257,,"Professional Tri-Fold Paper Towels - White, Eco-Friendly, 250 Sheets per Pack, Bulk 16 Packs, Recycled Hand Towels for Dispensers",NOBRAND,Home Page/Household Essentials/Paper & Plastic/Paper Towels/All Paper Towels,1115193_1073264_1149383,,40.0,40.29,0.72,,,True,Available,https://goto.walmart.com/c/|PUBID|/568844/9383?veh=aff&sourceid=imp_000011112222333344&u=http%3A%2F%2Faffil.walmart.com%2Fcart%2FaddToCart%3Fitems%3D19113721257,
2026-03-01,paper_towel,paper towels bulk pack,Lynnwood,98036,17772913415,,"Scott Professional Essential Single-Fold Paper Towels, Bulk (01700), White (250 Sheets/Pack, 16 Packs/Case, 4,000 Sheet Total) CA2",Scott,Home Page/Household Essentials/Paper & Plastic/Paper Towels/All Paper Towels,1115193_1073264_1149383,,80.71,,,,,True,Available,https://goto.walmart.com/c/|PUBID|/568844/9383?veh=aff&sourceid=imp_000011112222333344&u=http%3A%2F%2Faffil.walmart.com%2Fcart%2FaddToCart%3Fitems%3D17772913415,
2026-03-01,paper_towel,paper towels bulk pack,Lynnwood,98036,2101922242,030772061305,"Bounty Select-a-Size Paper Towels, 12 Double Rolls, White",Bounty,Home Page/Household Essentials/Paper & Plastic/Paper Towels/All Paper Towels,1115193_1073264_1149383,,34.99,38.6,9.35,4.7,27660.0,True,Available,https://goto.walmart.com/c/|PUBID|/568844/9383?veh=aff&sourceid=imp_000011112222333344&u=http%3A%2F%2Faffil.walmart.com%2Fcart%2FaddToCart%3Fitems%3D2101922242,
2026-03-01,paper_towel,paper towels bulk pack,Lynnwood,98036,17749858974,,Kitchen Household Clean Up Paper Towels Bulk 12 Double Rolls = 24 Regular Rolls,PET KARE,Home Page/Household Essentials/Paper & Plastic/Paper Towels/All Paper Towels,1115193_1073264_1149383,,61.92,,,,,True,Available,https://goto.walmart.com/c/|PUBID|/568844/9383?veh=aff&sourceid=imp_000011112222333344&u=http%3A%2F%2Faffil.walmart.com%2Fcart%2FaddToCart%3Fitems%3D17749858974,
2026-03-01,paper_towel,paper towels bulk pack,Lynnwood,98036,17231006873,762537417019,An item of Rags in a Box 300-Sheet Paper Towel Roll- Bulk DiscountF,Rags in a Box,Home Page/Household Essentials/Paper & Plastic/Paper Towels/All Paper Towels,1115193_1073264_1149383,,38.99,,,,,True,Available,https://goto.walmart.com/c/|PUBID|/568844/9383?veh=aff&sourceid=imp_000011112222333344&u=http%3A%2F%2Faffil.walmart.com%2Fcart%2FaddToCart%3Fitems%3D17231006873,
2026-03-01,paper_towel,paper towels bulk pack,Lynnwood,98036,17290954480,394941612447,"Windsoft Paper Towels, Bulk Pack of 30 Rolls, 85 Sheets Per Roll, Individually Wrapped, 2-Ply White Kitchen Towels, Embossed and For Enhanced Absorbency",HaoMin,Home Page/Household Essentials/Paper & Plastic/Paper Towels/All Paper Towels,1115193_1073264_1149383,,55.35,59.99,7.73,,,True,Available,https://goto.walmart.com/c/|PUBID|/568844/9383?veh=aff&sourceid=imp_000011112222333344&u=http%3A%2F%2Faffil.walmart.com%2Fcart%2FaddToCart%3Fitems%3D17290954480,
2026-03-01,paper_towel,paper towels bulk pack,Lynnwood,98036,1465937055,723497917155,"Sparkle® Pick-A-Size® Paper Towels, 24 Double Rolls = 48 Regular Rolls",Sparkle,Home Page/Household Essentials/Paper & Plastic/Paper Towels/All Paper Towels,1115193_1073264_1149383,,44.99,,,4.3,11.0,True,Available,https://goto.walmart.com/c/|PUBID|/568844/9383?veh=aff&sourceid=imp_000011112222333344&u=http%3A%2F%2Faffil.walmart.com%2Fcart%2FaddToCart%3Fitems%3D1465937055,
2026-03-01,paper_towel,paper towels bulk pack,Lynnwood,98036,16352265,036000018042,"Scott Professional Universal Multifold Paper Towels, Bulk (01804), Absorbency Pockets, White, 9.2""x9.4"" Towel, Compressed (250 Sheets/Pack, 16 Packs/Case, 4,000 Sheet Total)",Scott,Home Page/Industrial & Scientific/Janitorial & Sanitation Supplies/Janitorial Disposables/Commercial Paper Towels,6197502_5702707_7272148,,38.34,108.0,64.5,4.8,32.0,True,Available,https://goto.walmart.com/c/|PUBID|/568844/9383?veh=aff&sourceid=imp_000011112222333344&u=http%3A%2F%2Faffil.walmart.com%2Fcart%2FaddToCart%3Fitems%3D16352265,
2026-03-01,paper_towel,paper towels bulk pack,Lynnwood,98036,16352268,036000018400,"Scott Professional Universal Multifold Paper Towels, Bulk (01840), Absorbency Pockets, White, 9.2""x9.4"" Towel, Compressed, Compact Case (250 Sheets/Pack, 16 Packs/Case, 4,000 Sheet Total)",Scott,Home Page/Industrial & Scientific/Janitorial & Sanitation Supplies/Janitorial Disposables/Commercial Paper Towels,6197502_5702707_7272148,,35.7,45.03,20.72,4.5,210.0,True,Available,https://goto.walmart.com/c/|PUBID|/568844/9383?veh=aff&sourceid=imp_000011112222333344&u=http%3A%2F%2Faffil.walmart.com%2Fcart%2FaddToCart%3Fitems%3D16352268,
2026-03-01,paper_towel,paper towels bulk pack,Lynnwood,98036,19245559,035255211000,"Genuine Joe GJO21100 Multifold Towels, 250 Sheets per Pack, 16 Pack",Genuine Joe Solutions,Home Page/Household Essentials/Paper & Plastic/Paper Towels/All Paper Towels,1115193_1073264_1149383,,37.99,52.1,27.08,4.7,1099.0,True,Available,https://goto.walmart.com/c/|PUBID|/568844/9383?veh=aff&sourceid=imp_000011112222333344&u=http%3A%2F%2Faffil.walmart.com%2Fcart%2FaddToCart%3Fitems%3D19245559,
2026-03-01,paper_towel,paper towels bulk pack,Lynnwood,98036,16352262,036000015003,"Kleenex Professional Universal C-Fold Folded Paper Towels, Bulk (01500), Absorbent, White (150 Sheets/Pack, 16 Packs/Case, 2,400 Sheet Total)",Kleenex,Home Page/Industrial & Scientific/Janitorial & Sanitation Supplies/Janitorial Disposables/Commercial Paper Towels,6197502_5702707_7272148,,49.97,73.22,31.75,4.6,66.0,True,Available,https://goto.walmart.com/c/|PUBID|/568844/9383?veh=aff&sourceid=imp_000011112222333344&u=http%3A%2F%2Faffil.walmart.com%2Fcart%2FaddToCart%3Fitems%3D16352262,
2026-03-01,paper_towel,paper towels bulk pack,Lynnwood,98036,16352277,036000020465,"Kleenex Professional Universal Multifold Paper Towels, Bulk (02046), Absorbency Pockets, 9.2"" x 9.4"" Towel, White (150 Sheets/Pack, 8 Packs/Case, 1,200 Sheet Total)",Kleenex,Home Page/Industrial & Scientific/Janitorial & Sanitation Supplies/Janitorial Disposables/Commercial Paper Towels,6197502_5702707_7272148,,21.78,45.73,52.37,4.6,152.0,True,Available,https://goto.walmart.com/c/|PUBID|/568844/9383?veh=aff&sourceid=imp_000011112222333344&u=http%3A%2F%2Faffil.walmart.com%2Fcart%2FaddToCart%3Fitems%3D16352277,
2026-03-01,paper_towel,paper towels bulk pack,Lynnwood,98036,18326000230,,"FHBVT 14 Rolls 4-Layer Toilet Paper, Soft Strong Absorbent Bulk Bathroom Tissue Pack, Multipurpose Household Hand Towels Kitchen Paper Eco-Friendly Option for Family Home Office Hotel Bathroom Use",FHBVT,Home Page/Household Essentials/Paper & Plastic/Paper Towels/All Paper Towels,1115193_1073264_1149383,,10.77,12.52,13.98,,,True,Available,https://goto.walmart.com/c/|PUBID|/568844/9383?veh=aff&sourceid=imp_000011112222333344&u=http%3A%2F%2Faffil.walmart.com%2Fcart%2FaddToCart%3Fitems%3D18326000230,
2026-03-01,paper_towel,paper towels bulk pack,Lynnwood,98036,17870603883,574368451595,"Windsoft Paper Towels, Bulk Pack of 30 Rolls, 85 Sheets Per Roll, Individually Wrapped, 2-Ply White Kitchen Towels, Embossed and For Enhanced Absorbency",XianFeng,Home Page/Household Essentials/Paper & Plastic/Paper Towels/All Paper Towels,1115193_1073264_1149383,,53.99,,,,,True,Available,https://goto.walmart.com/c/|PUBID|/568844/9383?veh=aff&sourceid=imp_000011112222333344&u=http%3A%2F%2Faffil.walmart.com%2Fcart%2FaddToCart%3Fitems%3D17870603883,
2026-03-01,paper_towel,paper towels bulk pack,Lynnwood,98036,36777314,749507627203,"Boardwalk Kitchen Roll Towel, 2-Ply, 11 x 9, White, 85 Sheets/Roll, 30 Rolls/Carton -BWK6272",Boardwalk,Home Page/Industrial & Scientific/Janitorial & Sanitation Supplies/Janitorial Disposables/Commercial Paper Towels,6197502_5702707_7272148,,37.69,56.3,33.06,4.3,708.0,True,Available,https://goto.walmart.com/c/|PUBID|/568844/9383?veh=aff&sourceid=imp_000011112222333344&u=http%3A%2F%2Faffil.walmart.com%2Fcart%2FaddToCart%3Fitems%3D36777314,
2026-03-01,paper_towel,paper towels bulk pack,Lynnwood,98036,19602609848,361249221435,"Paper Towels, Bulk Pack of 30 Rolls, 85 Sheets Per Roll, Individually Wrapped, 2-Ply White Kitchen Towels, Embossed and For Enhanced Absorbency--",hipuloseilanya,Home Page/Household Essentials/Paper & Plastic/Paper Towels/All Paper Towels,1115193_1073264_1149383,,56.49,,,,,True,Available,https://goto.walmart.com/c/|PUBID|/568844/9383?veh=aff&sourceid=imp_000011112222333344&u=http%3A%2F%2Faffil.walmart.com%2Fcart%2FaddToCart%3Fitems%3D19602609848,
2026-03-01,paper_towel,paper towels bulk pack,Lynnwood,98036,16352269,036000018905,"Kleenex Professional Universal Multifold Paper Towels, Bulk (01890), Absorbency Pockets, 9.2"" x 9.4"" Towel, White (150 Sheets/Pack, 16 Packs/Case, 2,400 Sheet Total)",Kleenex,Home Page/Industrial & Scientific/Janitorial & Sanitation Supplies/Janitorial Disposables/Commercial Paper Towels,6197502_5702707_7272148,,39.97,92.42,56.75,4.6,226.0,True,Available,https://goto.walmart.com/c/|PUBID|/568844/9383?veh=aff&sourceid=imp_000011112222333344&u=http%3A%2F%2Faffil.walmart.com%2Fcart%2FaddToCart%3Fitems%3D16352269,
2026-03-01,paper_towel,paper towels bulk pack,Lynnwood,98036,47655736,136000018407,"Kimberly-Clark Scott Multifold Paper Towels, Bulk, 9.2"" x 9.4"" sheets, White, 250 Sheets/Pack, 16 Packs/Case",Kimberly-Clark,Home Page/Industrial & Scientific/Janitorial & Sanitation Supplies/Janitorial Disposables/Commercial Paper Towels,6197502_5702707_7272148,,53.11,100.61,47.21,,,True,Available,https://goto.walmart.com/c/|PUBID|/568844/9383?veh=aff&sourceid=imp_000011112222333344&u=http%3A%2F%2Faffil.walmart.com%2Fcart%2FaddToCart%3Fitems%3D47655736,
2026-03-01,paper_towel,paper towels bulk pack,Lynnwood,98036,17328221416,,"Niriyo Bulk Kitchen Paper Towels, High-Absorbency Bathroom Tissue 140-Sheet Pack",Niriyo,Home Page/Household Essentials/Paper & Plastic/Paper Towels/All Paper Towels,1115193_1073264_1149383,,17.19,14.74,-16.62,,,True,Available,https://goto.walmart.com/c/|PUBID|/568844/9383?veh=aff&sourceid=imp_000011112222333344&u=http%3A%2F%2Faffil.walmart.com%2Fcart%2FaddToCart%3Fitems%3D17328221416,
2026-03-01,paper_towel,paper towels bulk pack,Lynnwood,98036,5295279377,030400223532,"Sparkle Tear-a-Square Paper Towels, 8 Double Rolls",Sparkle Towels,Home Page/Household Essentials/Paper & Plastic/Paper Towels/All Paper Towels,1115193_1073264_1149383,,13.97,,,4.6,11117.0,True,Available,https://goto.walmart.com/c/|PUBID|/568844/9383?veh=aff&sourceid=imp_000011112222333344&u=http%3A%2F%2Faffil.walmart.com%2Fcart%2FaddToCart%3Fitems%3D5295279377,
2026-03-01,paper_towel,paper towels bulk pack,Lynnwood,98036,18751219739,891410960127,"Sparkle Tear-a-Square Paper Towels, 6 Double Rolls",Sparkle Towels,Home Page/Household Essentials/Paper & Plastic/Paper Towels/All Paper Towels,1115193_1073264_1149383,,28.02,89.99,68.86,5.0,1.0,True,Available,https://goto.walmart.com/c/|PUBID|/568844/9383?veh=aff&sourceid=imp_000011112222333344&u=http%3A%2F%2Faffil.walmart.com%2Fcart%2FaddToCart%3Fitems%3D18751219739,
2026-03-01,paper_towel,paper towels bulk pack,Lynnwood,98036,17383165367,,"WEUVEB 2-Pack Soft and Absorbent Paper Towels for Home and Business Use, Bulk Hand Drying Towels, and Strong",WEUVEB,Home Page/Household Essentials/Paper & Plastic/Paper Towels/All Paper Towels,1115193_1073264_1149383,,27.52,,,,,True,Available,https://goto.walmart.com/c/|PUBID|/568844/9383?veh=aff&sourceid=imp_000011112222333344&u=http%3A%2F%2Faffil.walmart.com%2Fcart%2FaddToCart%3Fitems%3D17383165367,
2026-03-01,paper_towel,paper towels bulk pack,Lynnwood,98036,5152062063,054000554162,"Scott Choose-a-Sheet Paper Towels, 12 Double Rolls",Scott,Home Page/Household Essentials/Paper & Plastic/Paper Towels/All Paper Towels,1115193_1073264_1149383,,17.62,47.67,63.04,4.4,7160.0,True,Available,https://goto.walmart.com/c/|PUBID|/568844/9383?veh=aff&sourceid=imp_000011112222333344&u=http%3A%2F%2Faffil.walmart.com%2Fcart%2FaddToCart%3Fitems%3D5152062063,
2026-03-01,paper_towel,paper towels bulk pack,Lynnwood,98036,773386602,696464229189,"Product of Scott C-Fold Paper Towels, 2,400 ct.",Scott,Home Page/Household Essentials/Paper & Plastic/Paper Towels/All Paper Towels,1115193_1073264_1149383,,37.95,42.95,11.64,5.0,1.0,True,Available,https://goto.walmart.com/c/|PUBID|/568844/9383?veh=aff&sourceid=imp_000011112222333344&u=http%3A%2F%2Faffil.walmart.com%2Fcart%2FaddToCart%3Fitems%3D773386602,
2026-03-01,paper_towel,paper towels bulk pack,Lynnwood,98036,17214807905,,"Premiere Kitchen Roll Towels, White, 70 Sheet Rolls - Bulk Case of 24 - Highly Absorbent Paper Towels for Kitchen, Home, and Office Use",Premiere,Home Page/Household Essentials/Paper & Plastic/Paper Towels/All Paper Towels,1115193_1073264_1149383,,122.99,,,,,True,Available,https://goto.walmart.com/c/|PUBID|/568844/9383?veh=aff&sourceid=imp_000011112222333344&u=http%3A%2F%2Faffil.walmart.com%2Fcart%2FaddToCart%3Fitems%3D17214807905,
2026-03-01,paper_towel,paper towels bulk pack,Lynnwood,98036,19645707938,851943865627,"Sparkle Tear-a-Square Paper Towels, 6 Double Rolls",Sparkle Towels,Home Page/Household Essentials/Paper & Plastic/Paper Towels/All Paper Towels,1115193_1073264_1149383,,86.7,,,0.0,0.0,True,Available,https://goto.walmart.com/c/|PUBID|/568844/9383?veh=aff&sourceid=imp_000011112222333344&u=http%3A%2F%2Faffil.walmart.com%2Fcart%2FaddToCart%3Fitems%3D19645707938,
2026-03-01,paper_towel,paper towels bulk pack,Lynnwood,98036,492040077,054000530678,"Scott Choose-a-Sheet Paper Towels, 12 Double Rolls",Scott,Home Page/Household Essentials/Paper & Plastic/Paper Towels/All Paper Towels,1115193_1073264_1149383,,27.49,10.98,-150.36,4.5,12734.0,True,Available,https://goto.walmart.com/c/|PUBID|/568844/9383?veh=aff&sourceid=imp_000011112222333344&u=http%3A%2F%2Faffil.walmart.com%2Fcart%2FaddToCart%3Fitems%3D492040077,
2026-03-01,paper_towel,paper towels bulk pack,LynnwoodBctr,98087,17425052048,763436113576,"Windsoft Paper Towels, Bulk Pack of 30 Rolls, 85 Sheets Per Roll, Individually Wrapped, 2-Ply White Kitchen Towels, Embossed and For Enhanced Absorbency",Windsoft,Home Page/Household Essentials/Paper & Plastic/Paper Towels/All Paper Towels,1115193_1073264_1149383,,52.48,52.48,0.0,,,True,Available,https://goto.walmart.com/c/|PUBID|/568844/9383?veh=aff&sourceid=imp_000011112222333344&u=http%3A%2F%2Faffil.walmart.com%2Fcart%2FaddToCart%3Fitems%3D17425052048,
2026-03-01,paper_towel,paper towels bulk pack,LynnwoodBctr,98087,577558781,749507986652,"Boardwalk Kitchen Roll Towel, 30 Rolls/Carton, 85 Sheets/Roll, 2-ply, 11 x 9, White",Boardwalk,Home Page/Industrial & Scientific/Janitorial & Sanitation Supplies/Janitorial Disposables/Commercial Paper Towels,6197502_5702707_7272148,,46.31,51.88,10.74,3.9,708.0,True,Available,https://goto.walmart.com/c/|PUBID|/568844/9383?veh=aff&sourceid=imp_000011112222333344&u=http%3A%2F%2Faffil.walmart.com%2Fcart%2FaddToCart%3Fitems%3D577558781,
2026-03-01,paper_towel,paper towels bulk pack,LynnwoodBctr,98087,17206516166,781595675506,"(Pack of 2) Scott Universal Multifold Paper Towels, Bulk (01840), Absorbency Pockets, 16 Packs of 250 Sheets",Scott,Home Page/Household Essentials/Paper & Plastic/Paper Towels/All Paper Towels,1115193_1073264_1149383,,180.0,,,,,True,Available,https://goto.walmart.com/c/|PUBID|/568844/9383?veh=aff&sourceid=imp_000011112222333344&u=http%3A%2F%2Faffil.walmart.com%2Fcart%2FaddToCart%3Fitems%3D17206516166,
2026-03-01,paper_towel,paper towels bulk pack,LynnwoodBctr,98087,19113721257,,"Professional Tri-Fold Paper Towels - White, Eco-Friendly, 250 Sheets per Pack, Bulk 16 Packs, Recycled Hand Towels for Dispensers",NOBRAND,Home Page/Household Essentials/Paper & Plastic/Paper Towels/All Paper Towels,1115193_1073264_1149383,,40.0,40.29,0.72,,,True,Available,https://goto.walmart.com/c/|PUBID|/568844/9383?veh=aff&sourceid=imp_000011112222333344&u=http%3A%2F%2Faffil.walmart.com%2Fcart%2FaddToCart%3Fitems%3D19113721257,
2026-03-01,paper_towel,paper towels bulk pack,LynnwoodBctr,98087,17772913415,,"Scott Professional Essential Single-Fold Paper Towels, Bulk (01700), White (250 Sheets/Pack, 16 Packs/Case, 4,000 Sheet Total) CA2",Scott,Home Page/Household Essentials/Paper & Plastic/Paper Towels/All Paper Towels,1115193_1073264_1149383,,80.71,,,,,True,Available,https://goto.walmart.com/c/|PUBID|/568844/9383?veh=aff&sourceid=imp_000011112222333344&u=http%3A%2F%2Faffil.walmart.com%2Fcart%2FaddToCart%3Fitems%3D17772913415,
2026-03-01,paper_towel,paper towels bulk pack,LynnwoodBctr,98087,2101922242,030772061305,"Bounty Select-a-Size Paper Towels, 12 Double Rolls, White",Bounty,Home Page/Household Essentials/Paper & Plastic/Paper Towels/All Paper Towels,1115193_1073264_1149383,,34.99,38.6,9.35,4.7,27660.0,True,Available,https://goto.walmart.com/c/|PUBID|/568844/9383?veh=aff&sourceid=imp_000011112222333344&u=http%3A%2F%2Faffil.walmart.com%2Fcart%2FaddToCart%3Fitems%3D2101922242,
2026-03-01,paper_towel,paper towels bulk pack,LynnwoodBctr,98087,17749858974,,Kitchen Household Clean Up Paper Towels Bulk 12 Double Rolls = 24 Regular Rolls,PET KARE,Home Page/Household Essentials/Paper & Plastic/Paper Towels/All Paper Towels,1115193_1073264_1149383,,61.92,,,,,True,Available,https://goto.walmart.com/c/|PUBID|/568844/9383?veh=aff&sourceid=imp_000011112222333344&u=http%3A%2F%2Faffil.walmart.com%2Fcart%2FaddToCart%3Fitems%3D17749858974,
2026-03-01,paper_towel,paper towels bulk pack,LynnwoodBctr,98087,17231006873,762537417019,An item of Rags in a Box 300-Sheet Paper Towel Roll- Bulk DiscountF,Rags in a Box,Home Page/Household Essentials/Paper & Plastic/Paper Towels/All Paper Towels,1115193_1073264_1149383,,38.99,,,,,True,Available,https://goto.walmart.com/c/|PUBID|/568844/9383?veh=aff&sourceid=imp_000011112222333344&u=http%3A%2F%2Faffil.walmart.com%2Fcart%2FaddToCart%3Fitems%3D17231006873,
2026-03-01,paper_towel,paper towels bulk pack,LynnwoodBctr,98087,17290954480,394941612447,"Windsoft Paper Towels, Bulk Pack of 30 Rolls, 85 Sheets Per Roll, Individually Wrapped, 2-Ply White Kitchen Towels, Embossed and For Enhanced Absorbency",HaoMin,Home Page/Household Essentials/Paper & Plastic/Paper Towels/All Paper Towels,1115193_1073264_1149383,,55.35,59.99,7.73,,,True,Available,https://goto.walmart.com/c/|PUBID|/568844/9383?veh=aff&sourceid=imp_000011112222333344&u=http%3A%2F%2Faffil.walmart.com%2Fcart%2FaddToCart%3Fitems%3D17290954480,
2026-03-01,paper_towel,paper towels bulk pack,LynnwoodBctr,98087,1465937055,723497917155,"Sparkle® Pick-A-Size® Paper Towels, 24 Double Rolls = 48 Regular Rolls",Sparkle,Home Page/Household Essentials/Paper & Plastic/Paper Towels/All Paper Towels,1115193_1073264_1149383,,44.99,,,4.3,11.0,True,Available,https://goto.walmart.com/c/|PUBID|/568844/9383?veh=aff&sourceid=imp_000011112222333344&u=http%3A%2F%2Faffil.walmart.com%2Fcart%2FaddToCart%3Fitems%3D1465937055,
2026-03-01,paper_towel,paper towels bulk pack,LynnwoodBctr,98087,16352265,036000018042,"Scott Professional Universal Multifold Paper Towels, Bulk (01804), Absorbency Pockets, White, 9.2""x9.4"" Towel, Compressed (250 Sheets/Pack, 16 Packs/Case, 4,000 Sheet Total)",Scott,Home Page/Industrial & Scientific/Janitorial & Sanitation Supplies/Janitorial Disposables/Commercial Paper Towels,6197502_5702707_7272148,,38.34,108.0,64.5,4.8,32.0,True,Available,https://goto.walmart.com/c/|PUBID|/568844/9383?veh=aff&sourceid=imp_000011112222333344&u=http%3A%2F%2Faffil.walmart.com%2Fcart%2FaddToCart%3Fitems%3D16352265,
2026-03-01,paper_towel,paper towels bulk pack,LynnwoodBctr,98087,16352268,036000018400,"Scott Professional Universal Multifold Paper Towels, Bulk (01840), Absorbency Pockets, White, 9.2""x9.4"" Towel, Compressed, Compact Case (250 Sheets/Pack, 16 Packs/Case, 4,000 Sheet Total)",Scott,Home Page/Industrial & Scientific/Janitorial & Sanitation Supplies/Janitorial Disposables/Commercial Paper Towels,6197502_5702707_7272148,,35.7,45.03,20.72,4.5,210.0,True,Available,https://goto.walmart.com/c/|PUBID|/568844/9383?veh=aff&sourceid=imp_000011112222333344&u=http%3A%2F%2Faffil.walmart.com%2Fcart%2FaddToCart%3Fitems%3D16352268,
2026-03-01,paper_towel,paper towels bulk pack,LynnwoodBctr,98087,19245559,035255211000,"Genuine Joe GJO21100 Multifold Towels, 250 Sheets per Pack, 16 Pack",Genuine Joe Solutions,Home Page/Household Essentials/Paper & Plastic/Paper Towels/All Paper Towels,1115193_1073264_1149383,,37.99,52.1,27.08,4.7,1099.0,True,Available,https://goto.walmart.com/c/|PUBID|/568844/9383?veh=aff&sourceid=imp_000011112222333344&u=http%3A%2F%2Faffil.walmart.com%2Fcart%2FaddToCart%3Fitems%3D19245559,
2026-03-01,paper_towel,paper towels bulk pack,LynnwoodBctr,98087,16352262,036000015003,"Kleenex Professional Universal C-Fold Folded Paper Towels, Bulk (01500), Absorbent, White (150 Sheets/Pack, 16 Packs/Case, 2,400 Sheet Total)",Kleenex,Home Page/Industrial & Scientific/Janitorial & Sanitation Supplies/Janitorial Disposables/Commercial Paper Towels,6197502_5702707_7272148,,49.97,73.22,31.75,4.6,66.0,True,Available,https://goto.walmart.com/c/|PUBID|/568844/9383?veh=aff&sourceid=imp_000011112222333344&u=http%3A%2F%2Faffil.walmart.com%2Fcart%2FaddToCart%3Fitems%3D16352262,
2026-03-01,paper_towel,paper towels bulk pack,LynnwoodBctr,98087,16352277,036000020465,"Kleenex Professional Universal Multifold Paper Towels, Bulk (02046), Absorbency Pockets, 9.2"" x 9.4"" Towel, White (150 Sheets/Pack, 8 Packs/Case, 1,200 Sheet Total)",Kleenex,Home Page/Industrial & Scientific/Janitorial & Sanitation Supplies/Janitorial Disposables/Commercial Paper Towels,6197502_5702707_7272148,,21.78,45.73,52.37,4.6,152.0,True,Available,https://goto.walmart.com/c/|PUBID|/568844/9383?veh=aff&sourceid=imp_000011112222333344&u=http%3A%2F%2Faffil.walmart.com%2Fcart%2FaddToCart%3Fitems%3D16352277,
2026-03-01,paper_towel,paper towels bulk pack,LynnwoodBctr,98087,18326000230,,"FHBVT 14 Rolls 4-Layer Toilet Paper, Soft Strong Absorbent Bulk Bathroom Tissue Pack, Multipurpose Household Hand Towels Kitchen Paper Eco-Friendly Option for Family Home Office Hotel Bathroom Use",FHBVT,Home Page/Household Essentials/Paper & Plastic/Paper Towels/All Paper Towels,1115193_1073264_1149383,,10.77,12.52,13.98,,,True,Available,https://goto.walmart.com/c/|PUBID|/568844/9383?veh=aff&sourceid=imp_000011112222333344&u=http%3A%2F%2Faffil.walmart.com%2Fcart%2FaddToCart%3Fitems%3D18326000230,
2026-03-01,paper_towel,paper towels bulk pack,LynnwoodBctr,98087,17870603883,574368451595,"Windsoft Paper Towels, Bulk Pack of 30 Rolls, 85 Sheets Per Roll, Individually Wrapped, 2-Ply White Kitchen Towels, Embossed and For Enhanced Absorbency",XianFeng,Home Page/Household Essentials/Paper & Plastic/Paper Towels/All Paper Towels,1115193_1073264_1149383,,53.99,,,,,True,Available,https://goto.walmart.com/c/|PUBID|/568844/9383?veh=aff&sourceid=imp_000011112222333344&u=http%3A%2F%2Faffil.walmart.com%2Fcart%2FaddToCart%3Fitems%3D17870603883,
2026-03-01,paper_towel,paper towels bulk pack,LynnwoodBctr,98087,36777314,749507627203,"Boardwalk Kitchen Roll Towel, 2-Ply, 11 x 9, White, 85 Sheets/Roll, 30 Rolls/Carton -BWK6272",Boardwalk,Home Page/Industrial & Scientific/Janitorial & Sanitation Supplies/Janitorial Disposables/Commercial Paper Towels,6197502_5702707_7272148,,37.69,56.3,33.06,4.3,708.0,True,Available,https://goto.walmart.com/c/|PUBID|/568844/9383?veh=aff&sourceid=imp_000011112222333344&u=http%3A%2F%2Faffil.walmart.com%2Fcart%2FaddToCart%3Fitems%3D36777314,
2026-03-01,paper_towel,paper towels bulk pack,LynnwoodBctr,98087,19602609848,361249221435,"Paper Towels, Bulk Pack of 30 Rolls, 85 Sheets Per Roll, Individually Wrapped, 2-Ply White Kitchen Towels, Embossed and For Enhanced Absorbency--",hipuloseilanya,Home Page/Household Essentials/Paper & Plastic/Paper Towels/All Paper Towels,1115193_1073264_1149383,,56.49,,,,,True,Available,https://goto.walmart.com/c/|PUBID|/568844/9383?veh=aff&sourceid=imp_000011112222333344&u=http%3A%2F%2Faffil.walmart.com%2Fcart%2FaddToCart%3Fitems%3D19602609848,
2026-03-01,paper_towel,paper towels bulk pack,LynnwoodBctr,98087,16352269,036000018905,"Kleenex Professional Universal Multifold Paper Towels, Bulk (01890), Absorbency Pockets, 9.2"" x 9.4"" Towel, White (150 Sheets/Pack, 16 Packs/Case, 2,400 Sheet Total)",Kleenex,Home Page/Industrial & Scientific/Janitorial & Sanitation Supplies/Janitorial Disposables/Commercial Paper Towels,6197502_5702707_7272148,,39.97,92.42,56.75,4.6,226.0,True,Available,https://goto.walmart.com/c/|PUBID|/568844/9383?veh=aff&sourceid=imp_000011112222333344&u=http%3A%2F%2Faffil.walmart.com%2Fcart%2FaddToCart%3Fitems%3D16352269,
2026-03-01,paper_towel,paper towels bulk pack,LynnwoodBctr,98087,47655736,136000018407,"Kimberly-Clark Scott Multifold Paper Towels, Bulk, 9.2"" x 9.4"" sheets, White, 250 Sheets/Pack, 16 Packs/Case",Kimberly-Clark,Home Page/Industrial & Scientific/Janitorial & Sanitation Supplies/Janitorial Disposables/Commercial Paper Towels,6197502_5702707_7272148,,53.11,100.61,47.21,,,True,Available,https://goto.walmart.com/c/|PUBID|/568844/9383?veh=aff&sourceid=imp_000011112222333344&u=http%3A%2F%2Faffil.walmart.com%2Fcart%2FaddToCart%3Fitems%3D47655736,
2026-03-01,paper_towel,paper towels bulk pack,LynnwoodBctr,98087,17328221416,,"Niriyo Bulk Kitchen Paper Towels, High-Absorbency Bathroom Tissue 140-Sheet Pack",Niriyo,Home Page/Household Essentials/Paper & Plastic/Paper Towels/All Paper Towels,1115193_1073264_1149383,,17.19,14.74,-16.62,,,True,Available,https://goto.walmart.com/c/|PUBID|/568844/9383?veh=aff&sourceid=imp_000011112222333344&u=http%3A%2F%2Faffil.walmart.com%2Fcart%2FaddToCart%3Fitems%3D17328221416,
2026-03-01,paper_towel,paper towels bulk pack,LynnwoodBctr,98087,5295279377,030400223532,"Sparkle Tear-a-Square Paper Towels, 8 Double Rolls",Sparkle Towels,Home Page/Household Essentials/Paper & Plastic/Paper Towels/All Paper Towels,1115193_1073264_1149383,,13.97,,,4.6,11117.0,True,Available,https://goto.walmart.com/c/|PUBID|/568844/9383?veh=aff&sourceid=imp_000011112222333344&u=http%3A%2F%2Faffil.walmart.com%2Fcart%2FaddToCart%3Fitems%3D5295279377,
2026-03-01,paper_towel,paper towels bulk pack,LynnwoodBctr,98087,18751219739,891410960127,"Sparkle Tear-a-Square Paper Towels, 6 Double Rolls",Sparkle Towels,Home Page/Household Essentials/Paper & Plastic/Paper Towels/All Paper Towels,1115193_1073264_1149383,,28.02,89.99,68.86,5.0,1.0,True,Available,https://goto.walmart.com/c/|PUBID|/568844/9383?veh=aff&sourceid=imp_000011112222333344&u=http%3A%2F%2Faffil.walmart.com%2Fcart%2FaddToCart%3Fitems%3D18751219739,
2026-03-01,paper_towel,paper towels bulk pack,LynnwoodBctr,98087,17383165367,,"WEUVEB 2-Pack Soft and Absorbent Paper Towels for Home and Business Use, Bulk Hand Drying Towels, and Strong",WEUVEB,Home Page/Household Essentials/Paper & Plastic/Paper Towels/All Paper Towels,1115193_1073264_1149383,,27.52,,,,,True,Available,https://goto.walmart.com/c/|PUBID|/568844/9383?veh=aff&sourceid=imp_000011112222333344&u=http%3A%2F%2Faffil.walmart.com%2Fcart%2FaddToCart%3Fitems%3D17383165367,
2026-03-01,paper_towel,paper towels bulk pack,LynnwoodBctr,98087,5152062063,054000554162,"Scott Choose-a-Sheet Paper Towels, 12 Double Rolls",Scott,Home Page/Household Essentials/Paper & Plastic/Paper Towels/All Paper Towels,1115193_1073264_1149383,,17.62,47.67,63.04,4.4,7160.0,True,Available,https://goto.walmart.com/c/|PUBID|/568844/9383?veh=aff&sourceid=imp_000011112222333344&u=http%3A%2F%2Faffil.walmart.com%2Fcart%2FaddToCart%3Fitems%3D5152062063,
2026-03-01,paper_towel,paper towels bulk pack,LynnwoodBctr,98087,773386602,696464229189,"Product of Scott C-Fold Paper Towels, 2,400 ct.",Scott,Home Page/Household Essentials/Paper & Plastic/Paper Towels/All Paper Towels,1115193_1073264_1149383,,37.95,42.95,11.64,5.0,1.0,True,Available,https://goto.walmart.com/c/|PUBID|/568844/9383?veh=aff&sourceid=imp_000011112222333344&u=http%3A%2F%2Faffil.walmart.com%2Fcart%2FaddToCart%3Fitems%3D773386602,
2026-03-01,paper_towel,paper towels bulk pack,LynnwoodBctr,98087,17214807905,,"Premiere Kitchen Roll Towels, White, 70 Sheet Rolls - Bulk Case of 24 - Highly Absorbent Paper Towels for Kitchen, Home, and Office Use",Premiere,Home Page/Household Essentials/Paper & Plastic/Paper Towels/All Paper Towels,1115193_1073264_1149383,,122.99,,,,,True,Available,https://goto.walmart.com/c/|PUBID|/568844/9383?veh=aff&sourceid=imp_000011112222333344&u=http%3A%2F%2Faffil.walmart.com%2Fcart%2FaddToCart%3Fitems%3D17214807905,
2026-03-01,paper_towel,paper towels bulk pack,LynnwoodBctr,98087,19645707938,851943865627,"Sparkle Tear-a-Square Paper Towels, 6 Double Rolls",Sparkle Towels,Home Page/Household Essentials/Paper & Plastic/Paper Towels/All Paper Towels,1115193_1073264_1149383,,86.7,,,0.0,0.0,True,Available,https://goto.walmart.com/c/|PUBID|/568844/9383?veh=aff&sourceid=imp_000011112222333344&u=http%3A%2F%2Faffil.walmart.com%2Fcart%2FaddToCart%3Fitems%3D19645707938,
2026-03-01,paper_towel,paper towels bulk pack,LynnwoodBctr,98087,492040077,054000530678,"Scott Choose-a-Sheet Paper Towels, 12 Double Rolls",Scott,Home Page/Household Essentials/Paper & Plastic/Paper Towels/All Paper Towels,1115193_1073264_1149383,,27.49,10.98,-150.36,4.5,12734.0,True,Available,https://goto.walmart.com/c/|PUBID|/568844/9383?veh=aff&sourceid=imp_000011112222333344&u=http%3A%2F%2Faffil.walmart.com%2Fcart%2FaddToCart%3Fitems%3D492040077,
2026-03-01,paper_towel,paper towels bulk pack,Aurora Village,98133,17425052048,763436113576,"Windsoft Paper Towels, Bulk Pack of 30 Rolls, 85 Sheets Per Roll, Individually Wrapped, 2-Ply White Kitchen Towels, Embossed and For Enhanced Absorbency",Windsoft,Home Page/Household Essentials/Paper & Plastic/Paper Towels/All Paper Towels,1115193_1073264_1149383,,52.48,52.48,0.0,,,True,Available,https://goto.walmart.com/c/|PUBID|/568844/9383?veh=aff&sourceid=imp_000011112222333344&u=http%3A%2F%2Faffil.walmart.com%2Fcart%2FaddToCart%3Fitems%3D17425052048,
2026-03-01,paper_towel,paper towels bulk pack,Aurora Village,98133,577558781,749507986652,"Boardwalk Kitchen Roll Towel, 30 Rolls/Carton, 85 Sheets/Roll, 2-ply, 11 x 9, White",Boardwalk,Home Page/Industrial & Scientific/Janitorial & Sanitation Supplies/Janitorial Disposables/Commercial Paper Towels,6197502_5702707_7272148,,38.0,51.88,26.75,3.9,708.0,True,Available,https://goto.walmart.com/c/|PUBID|/568844/9383?veh=aff&sourceid=imp_000011112222333344&u=http%3A%2F%2Faffil.walmart.com%2Fcart%2FaddToCart%3Fitems%3D577558781,
2026-03-01,paper_towel,paper towels bulk pack,Aurora Village,98133,17206516166,781595675506,"(Pack of 2) Scott Universal Multifold Paper Towels, Bulk (01840), Absorbency Pockets, 16 Packs of 250 Sheets",Scott,Home Page/Household Essentials/Paper & Plastic/Paper Towels/All Paper Towels,1115193_1073264_1149383,,180.0,,,,,True,Available,https://goto.walmart.com/c/|PUBID|/568844/9383?veh=aff&sourceid=imp_000011112222333344&u=http%3A%2F%2Faffil.walmart.com%2Fcart%2FaddToCart%3Fitems%3D17206516166,
2026-03-01,paper_towel,paper towels bulk pack,Aurora Village,98133,19113721257,,"Professional Tri-Fold Paper Towels - White, Eco-Friendly, 250 Sheets per Pack, Bulk 16 Packs, Recycled Hand Towels for Dispensers",NOBRAND,Home Page/Household Essentials/Paper & Plastic/Paper Towels/All Paper Towels,1115193_1073264_1149383,,40.0,40.29,0.72,,,True,Available,https://goto.walmart.com/c/|PUBID|/568844/9383?veh=aff&sourceid=imp_000011112222333344&u=http%3A%2F%2Faffil.walmart.com%2Fcart%2FaddToCart%3Fitems%3D19113721257,
2026-03-01,paper_towel,paper towels bulk pack,Aurora Village,98133,17772913415,,"Scott Professional Essential Single-Fold Paper Towels, Bulk (01700), White (250 Sheets/Pack, 16 Packs/Case, 4,000 Sheet Total) CA2",Scott,Home Page/Household Essentials/Paper & Plastic/Paper Towels/All Paper Towels,1115193_1073264_1149383,,80.71,,,,,True,Available,https://goto.walmart.com/c/|PUBID|/568844/9383?veh=aff&sourceid=imp_000011112222333344&u=http%3A%2F%2Faffil.walmart.com%2Fcart%2FaddToCart%3Fitems%3D17772913415,
2026-03-01,paper_towel,paper towels bulk pack,Aurora Village,98133,2101922242,030772061305,"Bounty Select-a-Size Paper Towels, 12 Double Rolls, White",Bounty,Home Page/Household Essentials/Paper & Plastic/Paper Towels/All Paper Towels,1115193_1073264_1149383,,34.99,38.6,9.35,4.7,27660.0,True,Available,https://goto.walmart.com/c/|PUBID|/568844/9383?veh=aff&sourceid=imp_000011112222333344&u=http%3A%2F%2Faffil.walmart.com%2Fcart%2FaddToCart%3Fitems%3D2101922242,
2026-03-01,paper_towel,paper towels bulk pack,Aurora Village,98133,17749858974,,Kitchen Household Clean Up Paper Towels Bulk 12 Double Rolls = 24 Regular Rolls,PET KARE,Home Page/Household Essentials/Paper & Plastic/Paper Towels/All Paper Towels,1115193_1073264_1149383,,61.92,,,,,True,Available,https://goto.walmart.com/c/|PUBID|/568844/9383?veh=aff&sourceid=imp_000011112222333344&u=http%3A%2F%2Faffil.walmart.com%2Fcart%2FaddToCart%3Fitems%3D17749858974,
2026-03-01,paper_towel,paper towels bulk pack,Aurora Village,98133,17231006873,762537417019,An item of Rags in a Box 300-Sheet Paper Towel Roll- Bulk DiscountF,Rags in a Box,Home Page/Household Essentials/Paper & Plastic/Paper Towels/All Paper Towels,1115193_1073264_1149383,,38.99,,,,,True,Available,https://goto.walmart.com/c/|PUBID|/568844/9383?veh=aff&sourceid=imp_000011112222333344&u=http%3A%2F%2Faffil.walmart.com%2Fcart%2FaddToCart%3Fitems%3D17231006873,
2026-03-01,paper_towel,paper towels bulk pack,Aurora Village,98133,17290954480,394941612447,"Windsoft Paper Towels, Bulk Pack of 30 Rolls, 85 Sheets Per Roll, Individually Wrapped, 2-Ply White Kitchen Towels, Embossed and For Enhanced Absorbency",HaoMin,Home Page/Household Essentials/Paper & Plastic/Paper Towels/All Paper Towels,1115193_1073264_1149383,,55.35,59.99,7.73,,,True,Available,https://goto.walmart.com/c/|PUBID|/568844/9383?veh=aff&sourceid=imp_000011112222333344&u=http%3A%2F%2Faffil.walmart.com%2Fcart%2FaddToCart%3Fitems%3D17290954480,
2026-03-01,paper_towel,paper towels bulk pack,Aurora Village,98133,1465937055,723497917155,"Sparkle® Pick-A-Size® Paper Towels, 24 Double Rolls = 48 Regular Rolls",Sparkle,Home Page/Household Essentials/Paper & Plastic/Paper Towels/All Paper Towels,1115193_1073264_1149383,,44.99,,,4.3,11.0,True,Available,https://goto.walmart.com/c/|PUBID|/568844/9383?veh=aff&sourceid=imp_000011112222333344&u=http%3A%2F%2Faffil.walmart.com%2Fcart%2FaddToCart%3Fitems%3D1465937055,
2026-03-01,paper_towel,paper towels bulk pack,Aurora Village,98133,16352265,036000018042,"Scott Professional Universal Multifold Paper Towels, Bulk (01804), Absorbency Pockets, White, 9.2""x9.4"" Towel, Compressed (250 Sheets/Pack, 16 Packs/Case, 4,000 Sheet Total)",Scott,Home Page/Industrial & Scientific/Janitorial & Sanitation Supplies/Janitorial Disposables/Commercial Paper Towels,6197502_5702707_7272148,,38.34,108.0,64.5,4.8,32.0,True,Available,https://goto.walmart.com/c/|PUBID|/568844/9383?veh=aff&sourceid=imp_000011112222333344&u=http%3A%2F%2Faffil.walmart.com%2Fcart%2FaddToCart%3Fitems%3D16352265,
2026-03-01,paper_towel,paper towels bulk pack,Aurora Village,98133,16352268,036000018400,"Scott Professional Universal Multifold Paper Towels, Bulk (01840), Absorbency Pockets, White, 9.2""x9.4"" Towel, Compressed, Compact Case (250 Sheets/Pack, 16 Packs/Case, 4,000 Sheet Total)",Scott,Home Page/Industrial & Scientific/Janitorial & Sanitation Supplies/Janitorial Disposables/Commercial Paper Towels,6197502_5702707_7272148,,35.7,45.03,20.72,4.5,210.0,True,Available,https://goto.walmart.com/c/|PUBID|/568844/9383?veh=aff&sourceid=imp_000011112222333344&u=http%3A%2F%2Faffil.walmart.com%2Fcart%2FaddToCart%3Fitems%3D16352268,
2026-03-01,paper_towel,paper towels bulk pack,Aurora Village,98133,19245559,035255211000,"Genuine Joe GJO21100 Multifold Towels, 250 Sheets per Pack, 16 Pack",Genuine Joe Solutions,Home Page/Household Essentials/Paper & Plastic/Paper Towels/All Paper Towels,1115193_1073264_1149383,,37.99,52.1,27.08,4.7,1099.0,True,Available,https://goto.walmart.com/c/|PUBID|/568844/9383?veh=aff&sourceid=imp_000011112222333344&u=http%3A%2F%2Faffil.walmart.com%2Fcart%2FaddToCart%3Fitems%3D19245559,
2026-03-01,paper_towel,paper towels bulk pack,Aurora Village,98133,16352262,036000015003,"Kleenex Professional Universal C-Fold Folded Paper Towels, Bulk (01500), Absorbent, White (150 Sheets/Pack, 16 Packs/Case, 2,400 Sheet Total)",Kleenex,Home Page/Industrial & Scientific/Janitorial & Sanitation Supplies/Janitorial Disposables/Commercial Paper Towels,6197502_5702707_7272148,,49.97,73.22,31.75,4.6,66.0,True,Available,https://goto.walmart.com/c/|PUBID|/568844/9383?veh=aff&sourceid=imp_000011112222333344&u=http%3A%2F%2Faffil.walmart.com%2Fcart%2FaddToCart%3Fitems%3D16352262,
2026-03-01,paper_towel,paper towels bulk pack,Aurora Village,98133,16352277,036000020465,"Kleenex Professional Universal Multifold Paper Towels, Bulk (02046), Absorbency Pockets, 9.2"" x 9.4"" Towel, White (150 Sheets/Pack, 8 Packs/Case, 1,200 Sheet Total)",Kleenex,Home Page/Industrial & Scientific/Janitorial & Sanitation Supplies/Janitorial Disposables/Commercial Paper Towels,6197502_5702707_7272148,,21.78,45.73,52.37,4.6,152.0,True,Available,https://goto.walmart.com/c/|PUBID|/568844/9383?veh=aff&sourceid=imp_000011112222333344&u=http%3A%2F%2Faffil.walmart.com%2Fcart%2FaddToCart%3Fitems%3D16352277,
2026-03-01,paper_towel,paper towels bulk pack,Aurora Village,98133,18326000230,,"FHBVT 14 Rolls 4-Layer Toilet Paper, Soft Strong Absorbent Bulk Bathroom Tissue Pack, Multipurpose Household Hand Towels Kitchen Paper Eco-Friendly Option for Family Home Office Hotel Bathroom Use",FHBVT,Home Page/Household Essentials/Paper & Plastic/Paper Towels/All Paper Towels,1115193_1073264_1149383,,10.77,12.52,13.98,,,True,Available,https://goto.walmart.com/c/|PUBID|/568844/9383?veh=aff&sourceid=imp_000011112222333344&u=http%3A%2F%2Faffil.walmart.com%2Fcart%2FaddToCart%3Fitems%3D18326000230,
2026-03-01,paper_towel,paper towels bulk pack,Aurora Village,98133,17870603883,574368451595,"Windsoft Paper Towels, Bulk Pack of 30 Rolls, 85 Sheets Per Roll, Individually Wrapped, 2-Ply White Kitchen Towels, Embossed and For Enhanced Absorbency",XianFeng,Home Page/Household Essentials/Paper & Plastic/Paper Towels/All Paper Towels,1115193_1073264_1149383,,53.99,,,,,True,Available,https://goto.walmart.com/c/|PUBID|/568844/9383?veh=aff&sourceid=imp_000011112222333344&u=http%3A%2F%2Faffil.walmart.com%2Fcart%2FaddToCart%3Fitems%3D17870603883,
2026-03-01,paper_towel,paper towels bulk pack,Aurora Village,98133,36777314,749507627203,"Boardwalk Kitchen Roll Towel, 2-Ply, 11 x 9, White, 85 Sheets/Roll, 30 Rolls/Carton -BWK6272",Boardwalk,Home Page/Industrial & Scientific/Janitorial & Sanitation Supplies/Janitorial Disposables/Commercial Paper Towels,6197502_5702707_7272148,,37.69,56.3,33.06,4.3,708.0,True,Available,https://goto.walmart.com/c/|PUBID|/568844/9383?veh=aff&sourceid=imp_000011112222333344&u=http%3A%2F%2Faffil.walmart.com%2Fcart%2FaddToCart%3Fitems%3D36777314,
2026-03-01,paper_towel,paper towels bulk pack,Aurora Village,98133,19602609848,361249221435,"Paper Towels, Bulk Pack of 30 Rolls, 85 Sheets Per Roll, Individually Wrapped, 2-Ply White Kitchen Towels, Embossed and For Enhanced Absorbency--",hipuloseilanya,Home Page/Household Essentials/Paper & Plastic/Paper Towels/All Paper Towels,1115193_1073264_1149383,,56.49,,,,,True,Available,https://goto.walmart.com/c/|PUBID|/568844/9383?veh=aff&sourceid=imp_000011112222333344&u=http%3A%2F%2Faffil.walmart.com%2Fcart%2FaddToCart%3Fitems%3D19602609848,
2026-03-01,paper_towel,paper towels bulk pack,Aurora Village,98133,16352269,036000018905,"Kleenex Professional Universal Multifold Paper Towels, Bulk (01890), Absorbency Pockets, 9.2"" x 9.4"" Towel, White (150 Sheets/Pack, 16 Packs/Case, 2,400 Sheet Total)",Kleenex,Home Page/Industrial & Scientific/Janitorial & Sanitation Supplies/Janitorial Disposables/Commercial Paper Towels,6197502_5702707_7272148,,39.97,92.42,56.75,4.6,226.0,True,Available,https://goto.walmart.com/c/|PUBID|/568844/9383?veh=aff&sourceid=imp_000011112222333344&u=http%3A%2F%2Faffil.walmart.com%2Fcart%2FaddToCart%3Fitems%3D16352269,
2026-03-01,paper_towel,paper towels bulk pack,Aurora Village,98133,47655736,136000018407,"Kimberly-Clark Scott Multifold Paper Towels, Bulk, 9.2"" x 9.4"" sheets, White, 250 Sheets/Pack, 16 Packs/Case",Kimberly-Clark,Home Page/Industrial & Scientific/Janitorial & Sanitation Supplies/Janitorial Disposables/Commercial Paper Towels,6197502_5702707_7272148,,53.11,100.61,47.21,,,True,Available,https://goto.walmart.com/c/|PUBID|/568844/9383?veh=aff&sourceid=imp_000011112222333344&u=http%3A%2F%2Faffil.walmart.com%2Fcart%2FaddToCart%3Fitems%3D47655736,
2026-03-01,paper_towel,paper towels bulk pack,Aurora Village,98133,17328221416,,"Niriyo Bulk Kitchen Paper Towels, High-Absorbency Bathroom Tissue 140-Sheet Pack",Niriyo,Home Page/Household Essentials/Paper & Plastic/Paper Towels/All Paper Towels,1115193_1073264_1149383,,17.19,14.74,-16.62,,,True,Available,https://goto.walmart.com/c/|PUBID|/568844/9383?veh=aff&sourceid=imp_000011112222333344&u=http%3A%2F%2Faffil.walmart.com%2Fcart%2FaddToCart%3Fitems%3D17328221416,
2026-03-01,paper_towel,paper towels bulk pack,Aurora Village,98133,5295279377,030400223532,"Sparkle Tear-a-Square Paper Towels, 8 Double Rolls",Sparkle Towels,Home Page/Household Essentials/Paper & Plastic/Paper Towels/All Paper Towels,1115193_1073264_1149383,,13.97,,,4.6,11117.0,True,Available,https://goto.walmart.com/c/|PUBID|/568844/9383?veh=aff&sourceid=imp_000011112222333344&u=http%3A%2F%2Faffil.walmart.com%2Fcart%2FaddToCart%3Fitems%3D5295279377,
2026-03-01,paper_towel,paper towels bulk pack,Aurora Village,98133,18751219739,891410960127,"Sparkle Tear-a-Square Paper Towels, 6 Double Rolls",Sparkle Towels,Home Page/Household Essentials/Paper & Plastic/Paper Towels/All Paper Towels,1115193_1073264_1149383,,28.02,89.99,68.86,5.0,1.0,True,Available,https://goto.walmart.com/c/|PUBID|/568844/9383?veh=aff&sourceid=imp_000011112222333344&u=http%3A%2F%2Faffil.walmart.com%2Fcart%2FaddToCart%3Fitems%3D18751219739,
2026-03-01,paper_towel,paper towels bulk pack,Aurora Village,98133,17383165367,,"WEUVEB 2-Pack Soft and Absorbent Paper Towels for Home and Business Use, Bulk Hand Drying Towels, and Strong",WEUVEB,Home Page/Household Essentials/Paper & Plastic/Paper Towels/All Paper Towels,1115193_1073264_1149383,,27.52,,,,,True,Available,https://goto.walmart.com/c/|PUBID|/568844/9383?veh=aff&sourceid=imp_000011112222333344&u=http%3A%2F%2Faffil.walmart.com%2Fcart%2FaddToCart%3Fitems%3D17383165367,
2026-03-01,paper_towel,paper towels bulk pack,Aurora Village,98133,5152062063,054000554162,"Scott Choose-a-Sheet Paper Towels, 12 Double Rolls",Scott,Home Page/Household Essentials/Paper & Plastic/Paper Towels/All Paper Towels,1115193_1073264_1149383,,17.62,47.67,63.04,4.4,7160.0,True,Available,https://goto.walmart.com/c/|PUBID|/568844/9383?veh=aff&sourceid=imp_000011112222333344&u=http%3A%2F%2Faffil.walmart.com%2Fcart%2FaddToCart%3Fitems%3D5152062063,
2026-03-01,paper_towel,paper towels bulk pack,Aurora Village,98133,773386602,696464229189,"Product of Scott C-Fold Paper Towels, 2,400 ct.",Scott,Home Page/Household Essentials/Paper & Plastic/Paper Towels/All Paper Towels,1115193_1073264_1149383,,37.95,42.95,11.64,5.0,1.0,True,Available,https://goto.walmart.com/c/|PUBID|/568844/9383?veh=aff&sourceid=imp_000011112222333344&u=http%3A%2F%2Faffil.walmart.com%2Fcart%2FaddToCart%3Fitems%3D773386602,
2026-03-01,paper_towel,paper towels bulk pack,Aurora Village,98133,17214807905,,"Premiere Kitchen Roll Towels, White, 70 Sheet Rolls - Bulk Case of 24 - Highly Absorbent Paper Towels for Kitchen, Home, and Office Use",Premiere,Home Page/Household Essentials/Paper & Plastic/Paper Towels/All Paper Towels,1115193_1073264_1149383,,122.99,,,,,True,Available,https://goto.walmart.com/c/|PUBID|/568844/9383?veh=aff&sourceid=imp_000011112222333344&u=http%3A%2F%2Faffil.walmart.com%2Fcart%2FaddToCart%3Fitems%3D17214807905,
2026-03-01,paper_towel,paper towels bulk pack,Aurora Village,98133,19645707938,851943865627,"Sparkle Tear-a-Square Paper Towels, 6 Double Rolls",Sparkle Towels,Home Page/Household Essentials/Paper & Plastic/Paper Towels/All Paper Towels,1115193_1073264_1149383,,86.7,,,0.0,0.0,True,Available,https://goto.walmart.com/c/|PUBID|/568844/9383?veh=aff&sourceid=imp_000011112222333344&u=http%3A%2F%2Faffil.walmart.com%2Fcart%2FaddToCart%3Fitems%3D19645707938,
2026-03-01,paper_towel,paper towels bulk pack,Aurora Village,98133,492040077,054000530678,"Scott Choose-a-Sheet Paper Towels, 12 Double Rolls",Scott,Home Page/Household Essentials/Paper & Plastic/Paper Towels/All Paper Towels,1115193_1073264_1149383,,27.49,10.98,-150.36,4.5,12734.0,True,Available,https://goto.walmart.com/c/|PUBID|/568844/9383?veh=aff&sourceid=imp_000011112222333344&u=http%3A%2F%2Faffil.walmart.com%2Fcart%2FaddToCart%3Fitems%3D492040077,
2026-03-01,paper_towel,paper towels bulk pack,Redmond,98052,17425052048,763436113576,"Windsoft Paper Towels, Bulk Pack of 30 Rolls, 85 Sheets Per Roll, Individually Wrapped, 2-Ply White Kitchen Towels, Embossed and For Enhanced Absorbency",Windsoft,Home Page/Household Essentials/Paper & Plastic/Paper Towels/All Paper Towels,1115193_1073264_1149383,,52.48,52.48,0.0,,,True,Available,https://goto.walmart.com/c/|PUBID|/568844/9383?veh=aff&sourceid=imp_000011112222333344&u=http%3A%2F%2Faffil.walmart.com%2Fcart%2FaddToCart%3Fitems%3D17425052048,
2026-03-01,paper_towel,paper towels bulk pack,Redmond,98052,577558781,749507986652,"Boardwalk Kitchen Roll Towel, 30 Rolls/Carton, 85 Sheets/Roll, 2-ply, 11 x 9, White",Boardwalk,Home Page/Industrial & Scientific/Janitorial & Sanitation Supplies/Janitorial Disposables/Commercial Paper Towels,6197502_5702707_7272148,,46.31,51.88,10.74,3.9,708.0,True,Available,https://goto.walmart.com/c/|PUBID|/568844/9383?veh=aff&sourceid=imp_000011112222333344&u=http%3A%2F%2Faffil.walmart.com%2Fcart%2FaddToCart%3Fitems%3D577558781,
2026-03-01,paper_towel,paper towels bulk pack,Redmond,98052,17206516166,781595675506,"(Pack of 2) Scott Universal Multifold Paper Towels, Bulk (01840), Absorbency Pockets, 16 Packs of 250 Sheets",Scott,Home Page/Household Essentials/Paper & Plastic/Paper Towels/All Paper Towels,1115193_1073264_1149383,,180.0,,,,,True,Available,https://goto.walmart.com/c/|PUBID|/568844/9383?veh=aff&sourceid=imp_000011112222333344&u=http%3A%2F%2Faffil.walmart.com%2Fcart%2FaddToCart%3Fitems%3D17206516166,
2026-03-01,paper_towel,paper towels bulk pack,Redmond,98052,19113721257,,"Professional Tri-Fold Paper Towels - White, Eco-Friendly, 250 Sheets per Pack, Bulk 16 Packs, Recycled Hand Towels for Dispensers",NOBRAND,Home Page/Household Essentials/Paper & Plastic/Paper Towels/All Paper Towels,1115193_1073264_1149383,,40.0,40.29,0.72,,,True,Available,https://goto.walmart.com/c/|PUBID|/568844/9383?veh=aff&sourceid=imp_000011112222333344&u=http%3A%2F%2Faffil.walmart.com%2Fcart%2FaddToCart%3Fitems%3D19113721257,
2026-03-01,paper_towel,paper towels bulk pack,Redmond,98052,17772913415,,"Scott Professional Essential Single-Fold Paper Towels, Bulk (01700), White (250 Sheets/Pack, 16 Packs/Case, 4,000 Sheet Total) CA2",Scott,Home Page/Household Essentials/Paper & Plastic/Paper Towels/All Paper Towels,1115193_1073264_1149383,,80.71,,,,,True,Available,https://goto.walmart.com/c/|PUBID|/568844/9383?veh=aff&sourceid=imp_000011112222333344&u=http%3A%2F%2Faffil.walmart.com%2Fcart%2FaddToCart%3Fitems%3D17772913415,
2026-03-01,paper_towel,paper towels bulk pack,Redmond,98052,2101922242,030772061305,"Bounty Select-a-Size Paper Towels, 12 Double Rolls, White",Bounty,Home Page/Household Essentials/Paper & Plastic/Paper Towels/All Paper Towels,1115193_1073264_1149383,,34.99,38.6,9.35,4.7,27660.0,True,Available,https://goto.walmart.com/c/|PUBID|/568844/9383?veh=aff&sourceid=imp_000011112222333344&u=http%3A%2F%2Faffil.walmart.com%2Fcart%2FaddToCart%3Fitems%3D2101922242,
2026-03-01,paper_towel,paper towels bulk pack,Redmond,98052,17749858974,,Kitchen Household Clean Up Paper Towels Bulk 12 Double Rolls = 24 Regular Rolls,PET KARE,Home Page/Household Essentials/Paper & Plastic/Paper Towels/All Paper Towels,1115193_1073264_1149383,,61.92,,,,,True,Available,https://goto.walmart.com/c/|PUBID|/568844/9383?veh=aff&sourceid=imp_000011112222333344&u=http%3A%2F%2Faffil.walmart.com%2Fcart%2FaddToCart%3Fitems%3D17749858974,
2026-03-01,paper_towel,paper towels bulk pack,Redmond,98052,17231006873,762537417019,An item of Rags in a Box 300-Sheet Paper Towel Roll- Bulk DiscountF,Rags in a Box,Home Page/Household Essentials/Paper & Plastic/Paper Towels/All Paper Towels,1115193_1073264_1149383,,38.99,,,,,True,Available,https://goto.walmart.com/c/|PUBID|/568844/9383?veh=aff&sourceid=imp_000011112222333344&u=http%3A%2F%2Faffil.walmart.com%2Fcart%2FaddToCart%3Fitems%3D17231006873,
2026-03-01,paper_towel,paper towels bulk pack,Redmond,98052,17290954480,394941612447,"Windsoft Paper Towels, Bulk Pack of 30 Rolls, 85 Sheets Per Roll, Individually Wrapped, 2-Ply White Kitchen Towels, Embossed and For Enhanced Absorbency",HaoMin,Home Page/Household Essentials/Paper & Plastic/Paper Towels/All Paper Towels,1115193_1073264_1149383,,55.35,59.99,7.73,,,True,Available,https://goto.walmart.com/c/|PUBID|/568844/9383?veh=aff&sourceid=imp_000011112222333344&u=http%3A%2F%2Faffil.walmart.com%2Fcart%2FaddToCart%3Fitems%3D17290954480,
2026-03-01,paper_towel,paper towels bulk pack,Redmond,98052,1465937055,723497917155,"Sparkle® Pick-A-Size® Paper Towels, 24 Double Rolls = 48 Regular Rolls",Sparkle,Home Page/Household Essentials/Paper & Plastic/Paper Towels/All Paper Towels,1115193_1073264_1149383,,44.99,,,4.3,11.0,True,Available,https://goto.walmart.com/c/|PUBID|/568844/9383?veh=aff&sourceid=imp_000011112222333344&u=http%3A%2F%2Faffil.walmart.com%2Fcart%2FaddToCart%3Fitems%3D1465937055,
2026-03-01,paper_towel,paper towels bulk pack,Redmond,98052,16352265,036000018042,"Scott Professional Universal Multifold Paper Towels, Bulk (01804), Absorbency Pockets, White, 9.2""x9.4"" Towel, Compressed (250 Sheets/Pack, 16 Packs/Case, 4,000 Sheet Total)",Scott,Home Page/Industrial & Scientific/Janitorial & Sanitation Supplies/Janitorial Disposables/Commercial Paper Towels,6197502_5702707_7272148,,38.34,108.0,64.5,4.8,32.0,True,Available,https://goto.walmart.com/c/|PUBID|/568844/9383?veh=aff&sourceid=imp_000011112222333344&u=http%3A%2F%2Faffil.walmart.com%2Fcart%2FaddToCart%3Fitems%3D16352265,
2026-03-01,paper_towel,paper towels bulk pack,Redmond,98052,16352268,036000018400,"Scott Professional Universal Multifold Paper Towels, Bulk (01840), Absorbency Pockets, White, 9.2""x9.4"" Towel, Compressed, Compact Case (250 Sheets/Pack, 16 Packs/Case, 4,000 Sheet Total)",Scott,Home Page/Industrial & Scientific/Janitorial & Sanitation Supplies/Janitorial Disposables/Commercial Paper Towels,6197502_5702707_7272148,,35.7,45.03,20.72,4.5,210.0,True,Available,https://goto.walmart.com/c/|PUBID|/568844/9383?veh=aff&sourceid=imp_000011112222333344&u=http%3A%2F%2Faffil.walmart.com%2Fcart%2FaddToCart%3Fitems%3D16352268,
2026-03-01,paper_towel,paper towels bulk pack,Redmond,98052,19245559,035255211000,"Genuine Joe GJO21100 Multifold Towels, 250 Sheets per Pack, 16 Pack",Genuine Joe Solutions,Home Page/Household Essentials/Paper & Plastic/Paper Towels/All Paper Towels,1115193_1073264_1149383,,37.99,52.1,27.08,4.7,1099.0,True,Available,https://goto.walmart.com/c/|PUBID|/568844/9383?veh=aff&sourceid=imp_000011112222333344&u=http%3A%2F%2Faffil.walmart.com%2Fcart%2FaddToCart%3Fitems%3D19245559,
2026-03-01,paper_towel,paper towels bulk pack,Redmond,98052,16352262,036000015003,"Kleenex Professional Universal C-Fold Folded Paper Towels, Bulk (01500), Absorbent, White (150 Sheets/Pack, 16 Packs/Case, 2,400 Sheet Total)",Kleenex,Home Page/Industrial & Scientific/Janitorial & Sanitation Supplies/Janitorial Disposables/Commercial Paper Towels,6197502_5702707_7272148,,49.97,73.22,31.75,4.6,66.0,True,Available,https://goto.walmart.com/c/|PUBID|/568844/9383?veh=aff&sourceid=imp_000011112222333344&u=http%3A%2F%2Faffil.walmart.com%2Fcart%2FaddToCart%3Fitems%3D16352262,
2026-03-01,paper_towel,paper towels bulk pack,Redmond,98052,16352277,036000020465,"Kleenex Professional Universal Multifold Paper Towels, Bulk (02046), Absorbency Pockets, 9.2"" x 9.4"" Towel, White (150 Sheets/Pack, 8 Packs/Case, 1,200 Sheet Total)",Kleenex,Home Page/Industrial & Scientific/Janitorial & Sanitation Supplies/Janitorial Disposables/Commercial Paper Towels,6197502_5702707_7272148,,21.78,45.73,52.37,4.6,152.0,True,Available,https://goto.walmart.com/c/|PUBID|/568844/9383?veh=aff&sourceid=imp_000011112222333344&u=http%3A%2F%2Faffil.walmart.com%2Fcart%2FaddToCart%3Fitems%3D16352277,
2026-03-01,paper_towel,paper towels bulk pack,Redmond,98052,18326000230,,"FHBVT 14 Rolls 4-Layer Toilet Paper, Soft Strong Absorbent Bulk Bathroom Tissue Pack, Multipurpose Household Hand Towels Kitchen Paper Eco-Friendly Option for Family Home Office Hotel Bathroom Use",FHBVT,Home Page/Household Essentials/Paper & Plastic/Paper Towels/All Paper Towels,1115193_1073264_1149383,,10.77,12.52,13.98,,,True,Available,https://goto.walmart.com/c/|PUBID|/568844/9383?veh=aff&sourceid=imp_000011112222333344&u=http%3A%2F%2Faffil.walmart.com%2Fcart%2FaddToCart%3Fitems%3D18326000230,
2026-03-01,paper_towel,paper towels bulk pack,Redmond,98052,17870603883,574368451595,"Windsoft Paper Towels, Bulk Pack of 30 Rolls, 85 Sheets Per Roll, Individually Wrapped, 2-Ply White Kitchen Towels, Embossed and For Enhanced Absorbency",XianFeng,Home Page/Household Essentials/Paper & Plastic/Paper Towels/All Paper Towels,1115193_1073264_1149383,,53.99,,,,,True,Available,https://goto.walmart.com/c/|PUBID|/568844/9383?veh=aff&sourceid=imp_000011112222333344&u=http%3A%2F%2Faffil.walmart.com%2Fcart%2FaddToCart%3Fitems%3D17870603883,
2026-03-01,paper_towel,paper towels bulk pack,Redmond,98052,36777314,749507627203,"Boardwalk Kitchen Roll Towel, 2-Ply, 11 x 9, White, 85 Sheets/Roll, 30 Rolls/Carton -BWK6272",Boardwalk,Home Page/Industrial & Scientific/Janitorial & Sanitation Supplies/Janitorial Disposables/Commercial Paper Towels,6197502_5702707_7272148,,37.69,56.3,33.06,4.3,708.0,True,Available,https://goto.walmart.com/c/|PUBID|/568844/9383?veh=aff&sourceid=imp_000011112222333344&u=http%3A%2F%2Faffil.walmart.com%2Fcart%2FaddToCart%3Fitems%3D36777314,
2026-03-01,paper_towel,paper towels bulk pack,Redmond,98052,19602609848,361249221435,"Paper Towels, Bulk Pack of 30 Rolls, 85 Sheets Per Roll, Individually Wrapped, 2-Ply White Kitchen Towels, Embossed and For Enhanced Absorbency--",hipuloseilanya,Home Page/Household Essentials/Paper & Plastic/Paper Towels/All Paper Towels,1115193_1073264_1149383,,56.49,,,,,True,Available,https://goto.walmart.com/c/|PUBID|/568844/9383?veh=aff&sourceid=imp_000011112222333344&u=http%3A%2F%2Faffil.walmart.com%2Fcart%2FaddToCart%3Fitems%3D19602609848,
2026-03-01,paper_towel,paper towels bulk pack,Redmond,98052,16352269,036000018905,"Kleenex Professional Universal Multifold Paper Towels, Bulk (01890), Absorbency Pockets, 9.2"" x 9.4"" Towel, White (150 Sheets/Pack, 16 Packs/Case, 2,400 Sheet Total)",Kleenex,Home Page/Industrial & Scientific/Janitorial & Sanitation Supplies/Janitorial Disposables/Commercial Paper Towels,6197502_5702707_7272148,,39.97,92.42,56.75,4.6,226.0,True,Available,https://goto.walmart.com/c/|PUBID|/568844/9383?veh=aff&sourceid=imp_000011112222333344&u=http%3A%2F%2Faffil.walmart.com%2Fcart%2FaddToCart%3Fitems%3D16352269,
2026-03-01,paper_towel,paper towels bulk pack,Redmond,98052,47655736,136000018407,"Kimberly-Clark Scott Multifold Paper Towels, Bulk, 9.2"" x 9.4"" sheets, White, 250 Sheets/Pack, 16 Packs/Case",Kimberly-Clark,Home Page/Industrial & Scientific/Janitorial & Sanitation Supplies/Janitorial Disposables/Commercial Paper Towels,6197502_5702707_7272148,,53.11,100.61,47.21,,,True,Available,https://goto.walmart.com/c/|PUBID|/568844/9383?veh=aff&sourceid=imp_000011112222333344&u=http%3A%2F%2Faffil.walmart.com%2Fcart%2FaddToCart%3Fitems%3D47655736,
2026-03-01,paper_towel,paper towels bulk pack,Redmond,98052,17328221416,,"Niriyo Bulk Kitchen Paper Towels, High-Absorbency Bathroom Tissue 140-Sheet Pack",Niriyo,Home Page/Household Essentials/Paper & Plastic/Paper Towels/All Paper Towels,1115193_1073264_1149383,,17.19,14.74,-16.62,,,True,Available,https://goto.walmart.com/c/|PUBID|/568844/9383?veh=aff&sourceid=imp_000011112222333344&u=http%3A%2F%2Faffil.walmart.com%2Fcart%2FaddToCart%3Fitems%3D17328221416,
2026-03-01,paper_towel,paper towels bulk pack,Redmond,98052,5295279377,030400223532,"Sparkle Tear-a-Square Paper Towels, 8 Double Rolls",Sparkle Towels,Home Page/Household Essentials/Paper & Plastic/Paper Towels/All Paper Towels,1115193_1073264_1149383,,13.97,,,4.6,11117.0,True,Available,https://goto.walmart.com/c/|PUBID|/568844/9383?veh=aff&sourceid=imp_000011112222333344&u=http%3A%2F%2Faffil.walmart.com%2Fcart%2FaddToCart%3Fitems%3D5295279377,
2026-03-01,paper_towel,paper towels bulk pack,Redmond,98052,18751219739,891410960127,"Sparkle Tear-a-Square Paper Towels, 6 Double Rolls",Sparkle Towels,Home Page/Household Essentials/Paper & Plastic/Paper Towels/All Paper Towels,1115193_1073264_1149383,,28.02,89.99,68.86,5.0,1.0,True,Available,https://goto.walmart.com/c/|PUBID|/568844/9383?veh=aff&sourceid=imp_000011112222333344&u=http%3A%2F%2Faffil.walmart.com%2Fcart%2FaddToCart%3Fitems%3D18751219739,
2026-03-01,paper_towel,paper towels bulk pack,Redmond,98052,17383165367,,"WEUVEB 2-Pack Soft and Absorbent Paper Towels for Home and Business Use, Bulk Hand Drying Towels, and Strong",WEUVEB,Home Page/Household Essentials/Paper & Plastic/Paper Towels/All Paper Towels,1115193_1073264_1149383,,27.52,,,,,True,Available,https://goto.walmart.com/c/|PUBID|/568844/9383?veh=aff&sourceid=imp_000011112222333344&u=http%3A%2F%2Faffil.walmart.com%2Fcart%2FaddToCart%3Fitems%3D17383165367,
2026-03-01,paper_towel,paper towels bulk pack,Redmond,98052,5152062063,054000554162,"Scott Choose-a-Sheet Paper Towels, 12 Double Rolls",Scott,Home Page/Household Essentials/Paper & Plastic/Paper Towels/All Paper Towels,1115193_1073264_1149383,,17.62,47.67,63.04,4.4,7160.0,True,Available,https://goto.walmart.com/c/|PUBID|/568844/9383?veh=aff&sourceid=imp_000011112222333344&u=http%3A%2F%2Faffil.walmart.com%2Fcart%2FaddToCart%3Fitems%3D5152062063,
2026-03-01,paper_towel,paper towels bulk pack,Redmond,98052,773386602,696464229189,"Product of Scott C-Fold Paper Towels, 2,400 ct.",Scott,Home Page/Household Essentials/Paper & Plastic/Paper Towels/All Paper Towels,1115193_1073264_1149383,,37.95,42.95,11.64,5.0,1.0,True,Available,https://goto.walmart.com/c/|PUBID|/568844/9383?veh=aff&sourceid=imp_000011112222333344&u=http%3A%2F%2Faffil.walmart.com%2Fcart%2FaddToCart%3Fitems%3D773386602,
2026-03-01,paper_towel,paper towels bulk pack,Redmond,98052,17214807905,,"Premiere Kitchen Roll Towels, White, 70 Sheet Rolls - Bulk Case of 24 - Highly Absorbent Paper Towels for Kitchen, Home, and Office Use",Premiere,Home Page/Household Essentials/Paper & Plastic/Paper Towels/All Paper Towels,1115193_1073264_1149383,,122.99,,,,,True,Available,https://goto.walmart.com/c/|PUBID|/568844/9383?veh=aff&sourceid=imp_000011112222333344&u=http%3A%2F%2Faffil.walmart.com%2Fcart%2FaddToCart%3Fitems%3D17214807905,
2026-03-01,paper_towel,paper towels bulk pack,Redmond,98052,19645707938,851943865627,"Sparkle Tear-a-Square Paper Towels, 6 Double Rolls",Sparkle Towels,Home Page/Household Essentials/Paper & Plastic/Paper Towels/All Paper Towels,1115193_1073264_1149383,,86.7,,,0.0,0.0,True,Available,https://goto.walmart.com/c/|PUBID|/568844/9383?veh=aff&sourceid=imp_000011112222333344&u=http%3A%2F%2Faffil.walmart.com%2Fcart%2FaddToCart%3Fitems%3D19645707938,
2026-03-01,paper_towel,paper towels bulk pack,Redmond,98052,492040077,054000530678,"Scott Choose-a-Sheet Paper Towels, 12 Double Rolls",Scott,Home Page/Household Essentials/Paper & Plastic/Paper Towels/All Paper Towels,1115193_1073264_1149383,,27.49,10.98,-150.36,4.5,12734.0,True,Available,https://goto.walmart.com/c/|PUBID|/568844/9383?veh=aff&sourceid=imp_000011112222333344&u=http%3A%2F%2Faffil.walmart.com%2Fcart%2FaddToCart%3Fitems%3D492040077,
